ARM GAS  /var/folders/65/xyhbx3_n6nd_hs7j3p9nfwv80000gn/T//ccFweXAW.s 			page 1


   1              		.cpu cortex-m7
   2              		.eabi_attribute 27, 1	@ Tag_ABI_HardFP_use
   3              		.eabi_attribute 28, 1	@ Tag_ABI_VFP_args
   4              		.eabi_attribute 20, 1	@ Tag_ABI_FP_denormal
   5              		.eabi_attribute 21, 1	@ Tag_ABI_FP_exceptions
   6              		.eabi_attribute 23, 3	@ Tag_ABI_FP_number_model
   7              		.eabi_attribute 24, 1	@ Tag_ABI_align8_needed
   8              		.eabi_attribute 25, 1	@ Tag_ABI_align8_preserved
   9              		.eabi_attribute 26, 1	@ Tag_ABI_enum_size
  10              		.eabi_attribute 30, 2	@ Tag_ABI_optimization_goals
  11              		.eabi_attribute 34, 1	@ Tag_CPU_unaligned_access
  12              		.eabi_attribute 18, 4	@ Tag_ABI_PCS_wchar_t
  13              		.file	"jsboolean.c"
  14              	@ GNU C17 (GNU Tools for Arm Embedded Processors 9-2019-q4-major) version 9.2.1 20191025 (release) 
  15              	@	compiled by GNU C version 4.2.1 Compatible Apple LLVM 9.0.0 (clang-900.0.39.2), GMP version 6.1.0
  16              	
  17              	@ GGC heuristics: --param ggc-min-expand=100 --param ggc-min-heapsize=131072
  18              	@ options passed:  -I . -I .
  19              	@ -I /Users/bwandrych/Developer/PlaydateSDK/C_API -I Source -I Source/core
  20              	@ -I Source/util -I Source/html -I Source/render -I Source/render/decoders
  21              	@ -I Source/ui -I Source/keyboard -imultilib thumb/v7e-m+fp/hard
  22              	@ -iprefix /usr/local/playdate/gcc-arm-none-eabi-9-2019-q4-major/bin/../lib/gcc/arm-none-eabi/9.2.1
  23              	@ -isysroot /usr/local/playdate/gcc-arm-none-eabi-9-2019-q4-major/bin/../arm-none-eabi
  24              	@ -MD build/Source/js/jsboolean.d -MF build/dep/jsboolean.o.d -MP
  25              	@ -MQ build/Source/js/jsboolean.o -D__USES_INITFINI__ -D __FPU_USED=1
  26              	@ -D TARGET_PLAYDATE=1 -D TARGET_EXTENSION=1 Source/js/jsboolean.c -mthumb
  27              	@ -mcpu=cortex-m7 -mfloat-abi=hard -mfpu=fpv5-sp-d16 -mword-relocations
  28              	@ -march=armv7e-m+fpv5 -auxbase-strip build/Source/js/jsboolean.o -g3
  29              	@ -gdwarf-2 -O2 -Wall -Wno-unused -Wstrict-prototypes -Wno-unknown-pragmas
  30              	@ -Wdouble-promotion -Wstack-usage=8192 -Walloca-larger-than=8192
  31              	@ -falign-functions=16 -fomit-frame-pointer -fverbose-asm -fno-common
  32              	@ -ffunction-sections -fdata-sections -fstack-usage
  33              	@ options enabled:  -faggressive-loop-optimizations -falign-functions
  34              	@ -falign-jumps -falign-labels -falign-loops -fassume-phsa -fauto-inc-dec
  35              	@ -fbranch-count-reg -fcaller-saves -fcombine-stack-adjustments
  36              	@ -fcompare-elim -fcprop-registers -fcrossjumping -fcse-follow-jumps
  37              	@ -fdata-sections -fdefer-pop -fdelete-null-pointer-checks -fdevirtualize
  38              	@ -fdevirtualize-speculatively -fdwarf2-cfi-asm -fearly-inlining
  39              	@ -feliminate-unused-debug-types -fexpensive-optimizations
  40              	@ -fforward-propagate -ffp-int-builtin-inexact -ffunction-cse
  41              	@ -ffunction-sections -fgcse -fgcse-lm -fgnu-runtime -fgnu-unique
  42              	@ -fguess-branch-probability -fhoist-adjacent-loads -fident -fif-conversion
  43              	@ -fif-conversion2 -findirect-inlining -finline -finline-atomics
  44              	@ -finline-functions-called-once -finline-small-functions -fipa-bit-cp
  45              	@ -fipa-cp -fipa-icf -fipa-icf-functions -fipa-icf-variables -fipa-profile
  46              	@ -fipa-pure-const -fipa-ra -fipa-reference -fipa-reference-addressable
  47              	@ -fipa-sra -fipa-stack-alignment -fipa-vrp -fira-hoist-pressure
  48              	@ -fira-share-save-slots -fira-share-spill-slots
  49              	@ -fisolate-erroneous-paths-dereference -fivopts -fkeep-static-consts
  50              	@ -fleading-underscore -flifetime-dse -flra-remat -flto-odr-type-merging
  51              	@ -fmath-errno -fmerge-constants -fmerge-debug-strings
  52              	@ -fmove-loop-invariants -fomit-frame-pointer -foptimize-sibling-calls
  53              	@ -foptimize-strlen -fpartial-inlining -fpeephole -fpeephole2 -fplt
  54              	@ -fprefetch-loop-arrays -freg-struct-return -freorder-blocks
  55              	@ -freorder-functions -frerun-cse-after-loop
  56              	@ -fsched-critical-path-heuristic -fsched-dep-count-heuristic
  57              	@ -fsched-group-heuristic -fsched-interblock -fsched-last-insn-heuristic
ARM GAS  /var/folders/65/xyhbx3_n6nd_hs7j3p9nfwv80000gn/T//ccFweXAW.s 			page 2


  58              	@ -fsched-pressure -fsched-rank-heuristic -fsched-spec
  59              	@ -fsched-spec-insn-heuristic -fsched-stalled-insns-dep -fschedule-insns
  60              	@ -fschedule-insns2 -fsection-anchors -fsemantic-interposition
  61              	@ -fshow-column -fshrink-wrap -fshrink-wrap-separate -fsigned-zeros
  62              	@ -fsplit-ivs-in-unroller -fsplit-wide-types -fssa-backprop -fssa-phiopt
  63              	@ -fstdarg-opt -fstore-merging -fstrict-aliasing
  64              	@ -fstrict-volatile-bitfields -fsync-libcalls -fthread-jumps
  65              	@ -ftoplevel-reorder -ftrapping-math -ftree-bit-ccp -ftree-builtin-call-dce
  66              	@ -ftree-ccp -ftree-ch -ftree-coalesce-vars -ftree-copy-prop -ftree-cselim
  67              	@ -ftree-dce -ftree-dominator-opts -ftree-dse -ftree-forwprop -ftree-fre
  68              	@ -ftree-loop-if-convert -ftree-loop-im -ftree-loop-ivcanon
  69              	@ -ftree-loop-optimize -ftree-parallelize-loops= -ftree-phiprop -ftree-pre
  70              	@ -ftree-pta -ftree-reassoc -ftree-scev-cprop -ftree-sink -ftree-slsr
  71              	@ -ftree-sra -ftree-switch-conversion -ftree-tail-merge -ftree-ter
  72              	@ -ftree-vrp -funit-at-a-time -fvar-tracking -fvar-tracking-assignments
  73              	@ -fverbose-asm -fzero-initialized-in-bss -masm-syntax-unified -mbe32
  74              	@ -mlittle-endian -mpic-data-is-text-relative -msched-prolog -mthumb
  75              	@ -munaligned-access -mvectorize-with-neon-quad -mword-relocations
  76              	
  77              		.text
  78              	.Ltext0:
  79              		.cfi_sections	.debug_frame
  80              		.section	.text.jsB_new_Boolean,"ax",%progbits
  81              		.align	1
  82              		.p2align 4,,15
  83              		.arch armv7e-m
  84              		.syntax unified
  85              		.thumb
  86              		.thumb_func
  87              		.fpu fpv5-sp-d16
  88              		.type	jsB_new_Boolean, %function
  89              	jsB_new_Boolean:
  90              	.LVL0:
  91              	.LFB3:
  92              		.file 1 "Source/js/jsboolean.c"
   1:Source/js/jsboolean.c **** #include "jsi.h"
   2:Source/js/jsboolean.c **** 
   3:Source/js/jsboolean.c **** static void jsB_new_Boolean(js_State *J)
   4:Source/js/jsboolean.c **** {
  93              		.loc 1 4 1 view -0
  94              		.cfi_startproc
  95              		@ args = 0, pretend = 0, frame = 0
  96              		@ frame_needed = 0, uses_anonymous_args = 0
   5:Source/js/jsboolean.c **** 	js_newboolean(J, js_toboolean(J, 1));
  97              		.loc 1 5 2 view .LVU1
  98              	@ Source/js/jsboolean.c:4: {
   4:Source/js/jsboolean.c **** 	js_newboolean(J, js_toboolean(J, 1));
  99              		.loc 1 4 1 is_stmt 0 view .LVU2
 100 0000 10B5     		push	{r4, lr}	@
 101              	.LCFI0:
 102              		.cfi_def_cfa_offset 8
 103              		.cfi_offset 4, -8
 104              		.cfi_offset 14, -4
 105              	@ Source/js/jsboolean.c:4: {
   4:Source/js/jsboolean.c **** 	js_newboolean(J, js_toboolean(J, 1));
 106              		.loc 1 4 1 view .LVU3
 107 0002 0446     		mov	r4, r0	@ J, tmp112
ARM GAS  /var/folders/65/xyhbx3_n6nd_hs7j3p9nfwv80000gn/T//ccFweXAW.s 			page 3


 108              	@ Source/js/jsboolean.c:5: 	js_newboolean(J, js_toboolean(J, 1));
 109              		.loc 1 5 2 view .LVU4
 110 0004 0121     		movs	r1, #1	@,
 111 0006 FFF7FEFF 		bl	js_toboolean		@
 112              	.LVL1:
 113              		.loc 1 5 2 view .LVU5
 114 000a 0146     		mov	r1, r0	@ tmp113,
 115 000c 2046     		mov	r0, r4	@, J
 116              	@ Source/js/jsboolean.c:6: }
   6:Source/js/jsboolean.c **** }
 117              		.loc 1 6 1 view .LVU6
 118 000e BDE81040 		pop	{r4, lr}	@
 119              	.LCFI1:
 120              		.cfi_restore 14
 121              		.cfi_restore 4
 122              		.cfi_def_cfa_offset 0
 123              	.LVL2:
 124              	@ Source/js/jsboolean.c:5: 	js_newboolean(J, js_toboolean(J, 1));
   5:Source/js/jsboolean.c **** 	js_newboolean(J, js_toboolean(J, 1));
 125              		.loc 1 5 2 view .LVU7
 126 0012 FFF7FEBF 		b	js_newboolean		@
 127              	.LVL3:
   5:Source/js/jsboolean.c **** 	js_newboolean(J, js_toboolean(J, 1));
 128              		.loc 1 5 2 view .LVU8
 129              		.cfi_endproc
 130              	.LFE3:
 131              		.size	jsB_new_Boolean, .-jsB_new_Boolean
 132 0016 00BF     		.section	.text.jsB_Boolean,"ax",%progbits
 133              		.align	1
 134              		.p2align 4,,15
 135              		.syntax unified
 136              		.thumb
 137              		.thumb_func
 138              		.fpu fpv5-sp-d16
 139              		.type	jsB_Boolean, %function
 140              	jsB_Boolean:
 141              	.LVL4:
 142              	.LFB4:
   7:Source/js/jsboolean.c **** 
   8:Source/js/jsboolean.c **** static void jsB_Boolean(js_State *J)
   9:Source/js/jsboolean.c **** {
 143              		.loc 1 9 1 is_stmt 1 view -0
 144              		.cfi_startproc
 145              		@ args = 0, pretend = 0, frame = 0
 146              		@ frame_needed = 0, uses_anonymous_args = 0
  10:Source/js/jsboolean.c **** 	js_pushboolean(J, js_toboolean(J, 1));
 147              		.loc 1 10 2 view .LVU10
 148              	@ Source/js/jsboolean.c:9: {
   9:Source/js/jsboolean.c **** 	js_pushboolean(J, js_toboolean(J, 1));
 149              		.loc 1 9 1 is_stmt 0 view .LVU11
 150 0000 10B5     		push	{r4, lr}	@
 151              	.LCFI2:
 152              		.cfi_def_cfa_offset 8
 153              		.cfi_offset 4, -8
 154              		.cfi_offset 14, -4
 155              	@ Source/js/jsboolean.c:9: {
   9:Source/js/jsboolean.c **** 	js_pushboolean(J, js_toboolean(J, 1));
ARM GAS  /var/folders/65/xyhbx3_n6nd_hs7j3p9nfwv80000gn/T//ccFweXAW.s 			page 4


 156              		.loc 1 9 1 view .LVU12
 157 0002 0446     		mov	r4, r0	@ J, tmp112
 158              	@ Source/js/jsboolean.c:10: 	js_pushboolean(J, js_toboolean(J, 1));
 159              		.loc 1 10 2 view .LVU13
 160 0004 0121     		movs	r1, #1	@,
 161 0006 FFF7FEFF 		bl	js_toboolean		@
 162              	.LVL5:
 163              		.loc 1 10 2 view .LVU14
 164 000a 0146     		mov	r1, r0	@ tmp113,
 165 000c 2046     		mov	r0, r4	@, J
 166              	@ Source/js/jsboolean.c:11: }
  11:Source/js/jsboolean.c **** }
 167              		.loc 1 11 1 view .LVU15
 168 000e BDE81040 		pop	{r4, lr}	@
 169              	.LCFI3:
 170              		.cfi_restore 14
 171              		.cfi_restore 4
 172              		.cfi_def_cfa_offset 0
 173              	.LVL6:
 174              	@ Source/js/jsboolean.c:10: 	js_pushboolean(J, js_toboolean(J, 1));
  10:Source/js/jsboolean.c **** 	js_pushboolean(J, js_toboolean(J, 1));
 175              		.loc 1 10 2 view .LVU16
 176 0012 FFF7FEBF 		b	js_pushboolean		@
 177              	.LVL7:
  10:Source/js/jsboolean.c **** 	js_pushboolean(J, js_toboolean(J, 1));
 178              		.loc 1 10 2 view .LVU17
 179              		.cfi_endproc
 180              	.LFE4:
 181              		.size	jsB_Boolean, .-jsB_Boolean
 182 0016 00BF     		.section	.rodata.Bp_valueOf.str1.4,"aMS",%progbits,1
 183              		.align	2
 184              	.LC0:
 185 0000 6E6F7420 		.ascii	"not a boolean\000"
 185      6120626F 
 185      6F6C6561 
 185      6E00
 186              		.section	.text.Bp_valueOf,"ax",%progbits
 187              		.align	1
 188              		.p2align 4,,15
 189              		.syntax unified
 190              		.thumb
 191              		.thumb_func
 192              		.fpu fpv5-sp-d16
 193              		.type	Bp_valueOf, %function
 194              	Bp_valueOf:
 195              	.LVL8:
 196              	.LFB6:
  12:Source/js/jsboolean.c **** 
  13:Source/js/jsboolean.c **** static void Bp_toString(js_State *J)
  14:Source/js/jsboolean.c **** {
  15:Source/js/jsboolean.c **** 	js_Object *self = js_toobject(J, 0);
  16:Source/js/jsboolean.c **** 	if (self->type != JS_CBOOLEAN) js_typeerror(J, "not a boolean");
  17:Source/js/jsboolean.c **** 	js_pushliteral(J, self->u.boolean ? "true" : "false");
  18:Source/js/jsboolean.c **** }
  19:Source/js/jsboolean.c **** 
  20:Source/js/jsboolean.c **** static void Bp_valueOf(js_State *J)
  21:Source/js/jsboolean.c **** {
ARM GAS  /var/folders/65/xyhbx3_n6nd_hs7j3p9nfwv80000gn/T//ccFweXAW.s 			page 5


 197              		.loc 1 21 1 is_stmt 1 view -0
 198              		.cfi_startproc
 199              		@ args = 0, pretend = 0, frame = 0
 200              		@ frame_needed = 0, uses_anonymous_args = 0
  22:Source/js/jsboolean.c **** 	js_Object *self = js_toobject(J, 0);
 201              		.loc 1 22 2 view .LVU19
 202              	@ Source/js/jsboolean.c:21: {
  21:Source/js/jsboolean.c **** 	js_Object *self = js_toobject(J, 0);
 203              		.loc 1 21 1 is_stmt 0 view .LVU20
 204 0000 10B5     		push	{r4, lr}	@
 205              	.LCFI4:
 206              		.cfi_def_cfa_offset 8
 207              		.cfi_offset 4, -8
 208              		.cfi_offset 14, -4
 209              	@ Source/js/jsboolean.c:22: 	js_Object *self = js_toobject(J, 0);
 210              		.loc 1 22 20 view .LVU21
 211 0002 0021     		movs	r1, #0	@,
 212              	@ Source/js/jsboolean.c:21: {
  21:Source/js/jsboolean.c **** 	js_Object *self = js_toobject(J, 0);
 213              		.loc 1 21 1 view .LVU22
 214 0004 0446     		mov	r4, r0	@ J, tmp117
 215              	@ Source/js/jsboolean.c:22: 	js_Object *self = js_toobject(J, 0);
 216              		.loc 1 22 20 view .LVU23
 217 0006 FFF7FEFF 		bl	js_toobject		@
 218              	.LVL9:
  23:Source/js/jsboolean.c **** 	if (self->type != JS_CBOOLEAN) js_typeerror(J, "not a boolean");
 219              		.loc 1 23 2 is_stmt 1 view .LVU24
 220              	@ Source/js/jsboolean.c:23: 	if (self->type != JS_CBOOLEAN) js_typeerror(J, "not a boolean");
 221              		.loc 1 23 5 is_stmt 0 view .LVU25
 222 000a 0378     		ldrb	r3, [r0]	@ zero_extendqisi2	@ self_6->type, self_6->type
 223 000c 062B     		cmp	r3, #6	@ self_6->type,
 224 000e 05D1     		bne	.L9		@,
  24:Source/js/jsboolean.c **** 	js_pushboolean(J, self->u.boolean);
 225              		.loc 1 24 2 is_stmt 1 view .LVU26
 226 0010 8169     		ldr	r1, [r0, #24]	@, self_6->u.boolean
 227 0012 2046     		mov	r0, r4	@, J
 228              	.LVL10:
 229              	@ Source/js/jsboolean.c:25: }
  25:Source/js/jsboolean.c **** }
 230              		.loc 1 25 1 is_stmt 0 view .LVU27
 231 0014 BDE81040 		pop	{r4, lr}	@
 232              	.LCFI5:
 233              		.cfi_remember_state
 234              		.cfi_restore 14
 235              		.cfi_restore 4
 236              		.cfi_def_cfa_offset 0
 237              	.LVL11:
 238              	@ Source/js/jsboolean.c:24: 	js_pushboolean(J, self->u.boolean);
  24:Source/js/jsboolean.c **** 	js_pushboolean(J, self->u.boolean);
 239              		.loc 1 24 2 view .LVU28
 240 0018 FFF7FEBF 		b	js_pushboolean		@
 241              	.LVL12:
 242              	.L9:
 243              	.LCFI6:
 244              		.cfi_restore_state
  23:Source/js/jsboolean.c **** 	if (self->type != JS_CBOOLEAN) js_typeerror(J, "not a boolean");
 245              		.loc 1 23 33 is_stmt 1 discriminator 1 view .LVU29
ARM GAS  /var/folders/65/xyhbx3_n6nd_hs7j3p9nfwv80000gn/T//ccFweXAW.s 			page 6


 246 001c 2046     		mov	r0, r4	@, J
 247              	.LVL13:
  23:Source/js/jsboolean.c **** 	if (self->type != JS_CBOOLEAN) js_typeerror(J, "not a boolean");
 248              		.loc 1 23 33 is_stmt 0 discriminator 1 view .LVU30
 249 001e 0149     		ldr	r1, .L10	@,
 250 0020 FFF7FEFF 		bl	js_typeerror		@
 251              	.LVL14:
 252              	.L11:
 253              		.align	2
 254              	.L10:
 255 0024 00000000 		.word	.LC0
 256              		.cfi_endproc
 257              	.LFE6:
 258              		.size	Bp_valueOf, .-Bp_valueOf
 259              		.section	.rodata.Bp_toString.str1.4,"aMS",%progbits,1
 260              		.align	2
 261              	.LC1:
 262 0000 74727565 		.ascii	"true\000"
 262      00
 263 0005 000000   		.align	2
 264              	.LC2:
 265 0008 66616C73 		.ascii	"false\000"
 265      6500
 266              		.section	.text.Bp_toString,"ax",%progbits
 267              		.align	1
 268              		.p2align 4,,15
 269              		.syntax unified
 270              		.thumb
 271              		.thumb_func
 272              		.fpu fpv5-sp-d16
 273              		.type	Bp_toString, %function
 274              	Bp_toString:
 275              	.LVL15:
 276              	.LFB5:
  14:Source/js/jsboolean.c **** 	js_Object *self = js_toobject(J, 0);
 277              		.loc 1 14 1 is_stmt 1 view -0
 278              		.cfi_startproc
 279              		@ args = 0, pretend = 0, frame = 0
 280              		@ frame_needed = 0, uses_anonymous_args = 0
  15:Source/js/jsboolean.c **** 	if (self->type != JS_CBOOLEAN) js_typeerror(J, "not a boolean");
 281              		.loc 1 15 2 view .LVU32
 282              	@ Source/js/jsboolean.c:14: {
  14:Source/js/jsboolean.c **** 	js_Object *self = js_toobject(J, 0);
 283              		.loc 1 14 1 is_stmt 0 view .LVU33
 284 0000 10B5     		push	{r4, lr}	@
 285              	.LCFI7:
 286              		.cfi_def_cfa_offset 8
 287              		.cfi_offset 4, -8
 288              		.cfi_offset 14, -4
 289              	@ Source/js/jsboolean.c:15: 	js_Object *self = js_toobject(J, 0);
  15:Source/js/jsboolean.c **** 	if (self->type != JS_CBOOLEAN) js_typeerror(J, "not a boolean");
 290              		.loc 1 15 20 view .LVU34
 291 0002 0021     		movs	r1, #0	@,
 292              	@ Source/js/jsboolean.c:14: {
  14:Source/js/jsboolean.c **** 	js_Object *self = js_toobject(J, 0);
 293              		.loc 1 14 1 view .LVU35
 294 0004 0446     		mov	r4, r0	@ J, tmp122
ARM GAS  /var/folders/65/xyhbx3_n6nd_hs7j3p9nfwv80000gn/T//ccFweXAW.s 			page 7


 295              	@ Source/js/jsboolean.c:15: 	js_Object *self = js_toobject(J, 0);
  15:Source/js/jsboolean.c **** 	if (self->type != JS_CBOOLEAN) js_typeerror(J, "not a boolean");
 296              		.loc 1 15 20 view .LVU36
 297 0006 FFF7FEFF 		bl	js_toobject		@
 298              	.LVL16:
  16:Source/js/jsboolean.c **** 	js_pushliteral(J, self->u.boolean ? "true" : "false");
 299              		.loc 1 16 2 is_stmt 1 view .LVU37
 300              	@ Source/js/jsboolean.c:16: 	if (self->type != JS_CBOOLEAN) js_typeerror(J, "not a boolean");
  16:Source/js/jsboolean.c **** 	js_pushliteral(J, self->u.boolean ? "true" : "false");
 301              		.loc 1 16 5 is_stmt 0 view .LVU38
 302 000a 0378     		ldrb	r3, [r0]	@ zero_extendqisi2	@ self_7->type, self_7->type
 303 000c 062B     		cmp	r3, #6	@ self_7->type,
 304 000e 0BD1     		bne	.L17		@,
  17:Source/js/jsboolean.c **** }
 305              		.loc 1 17 2 is_stmt 1 view .LVU39
 306 0010 8169     		ldr	r1, [r0, #24]	@ self_7->u.boolean, self_7->u.boolean
 307 0012 2046     		mov	r0, r4	@, J
 308              	.LVL17:
  17:Source/js/jsboolean.c **** }
 309              		.loc 1 17 2 is_stmt 0 view .LVU40
 310 0014 064A     		ldr	r2, .L18	@ tmp120,
 311 0016 074B     		ldr	r3, .L18+4	@ tmp121,
 312              	@ Source/js/jsboolean.c:18: }
  18:Source/js/jsboolean.c **** 
 313              		.loc 1 18 1 view .LVU41
 314 0018 BDE81040 		pop	{r4, lr}	@
 315              	.LCFI8:
 316              		.cfi_remember_state
 317              		.cfi_restore 14
 318              		.cfi_restore 4
 319              		.cfi_def_cfa_offset 0
 320              	.LVL18:
 321              	@ Source/js/jsboolean.c:17: 	js_pushliteral(J, self->u.boolean ? "true" : "false");
  17:Source/js/jsboolean.c **** }
 322              		.loc 1 17 2 view .LVU42
 323 001c 0029     		cmp	r1, #0	@ self_7->u.boolean,
 324 001e 14BF     		ite	ne		@
 325 0020 1146     		movne	r1, r2	@,, tmp120
 326 0022 1946     		moveq	r1, r3	@,, tmp121
 327 0024 FFF7FEBF 		b	js_pushliteral		@
 328              	.LVL19:
 329              	.L17:
 330              	.LCFI9:
 331              		.cfi_restore_state
  16:Source/js/jsboolean.c **** 	js_pushliteral(J, self->u.boolean ? "true" : "false");
 332              		.loc 1 16 33 is_stmt 1 discriminator 1 view .LVU43
 333 0028 2046     		mov	r0, r4	@, J
 334              	.LVL20:
  16:Source/js/jsboolean.c **** 	js_pushliteral(J, self->u.boolean ? "true" : "false");
 335              		.loc 1 16 33 is_stmt 0 discriminator 1 view .LVU44
 336 002a 0349     		ldr	r1, .L18+8	@,
 337 002c FFF7FEFF 		bl	js_typeerror		@
 338              	.LVL21:
 339              	.L19:
 340              		.align	2
 341              	.L18:
 342 0030 00000000 		.word	.LC1
ARM GAS  /var/folders/65/xyhbx3_n6nd_hs7j3p9nfwv80000gn/T//ccFweXAW.s 			page 8


 343 0034 08000000 		.word	.LC2
 344 0038 00000000 		.word	.LC0
 345              		.cfi_endproc
 346              	.LFE5:
 347              		.size	Bp_toString, .-Bp_toString
 348              		.section	.rodata.jsB_initboolean.str1.4,"aMS",%progbits,1
 349              		.align	2
 350              	.LC3:
 351 0000 426F6F6C 		.ascii	"Boolean.prototype.toString\000"
 351      65616E2E 
 351      70726F74 
 351      6F747970 
 351      652E746F 
 352 001b 00       		.align	2
 353              	.LC4:
 354 001c 426F6F6C 		.ascii	"Boolean.prototype.valueOf\000"
 354      65616E2E 
 354      70726F74 
 354      6F747970 
 354      652E7661 
 355 0036 0000     		.align	2
 356              	.LC5:
 357 0038 426F6F6C 		.ascii	"Boolean\000"
 357      65616E00 
 358              		.section	.text.jsB_initboolean,"ax",%progbits
 359              		.align	1
 360              		.p2align 4,,15
 361              		.global	jsB_initboolean
 362              		.syntax unified
 363              		.thumb
 364              		.thumb_func
 365              		.fpu fpv5-sp-d16
 366              		.type	jsB_initboolean, %function
 367              	jsB_initboolean:
 368              	.LVL22:
 369              	.LFB7:
  26:Source/js/jsboolean.c **** 
  27:Source/js/jsboolean.c **** void jsB_initboolean(js_State *J)
  28:Source/js/jsboolean.c **** {
 370              		.loc 1 28 1 is_stmt 1 view -0
 371              		.cfi_startproc
 372              		@ args = 0, pretend = 0, frame = 0
 373              		@ frame_needed = 0, uses_anonymous_args = 0
  29:Source/js/jsboolean.c **** 	J->Boolean_prototype->u.boolean = 0;
 374              		.loc 1 29 2 view .LVU46
  30:Source/js/jsboolean.c **** 
  31:Source/js/jsboolean.c **** 	js_pushobject(J, J->Boolean_prototype);
 375              		.loc 1 31 2 view .LVU47
 376              	@ Source/js/jsboolean.c:29: 	J->Boolean_prototype->u.boolean = 0;
  29:Source/js/jsboolean.c **** 	J->Boolean_prototype->u.boolean = 0;
 377              		.loc 1 29 3 is_stmt 0 view .LVU48
 378 0000 016F     		ldr	r1, [r0, #112]	@ _1, J_3(D)->Boolean_prototype
 379              	@ Source/js/jsboolean.c:29: 	J->Boolean_prototype->u.boolean = 0;
  29:Source/js/jsboolean.c **** 	J->Boolean_prototype->u.boolean = 0;
 380              		.loc 1 29 34 view .LVU49
 381 0002 0023     		movs	r3, #0	@ tmp112,
 382              	@ Source/js/jsboolean.c:28: {
ARM GAS  /var/folders/65/xyhbx3_n6nd_hs7j3p9nfwv80000gn/T//ccFweXAW.s 			page 9


  28:Source/js/jsboolean.c **** 	J->Boolean_prototype->u.boolean = 0;
 383              		.loc 1 28 1 view .LVU50
 384 0004 30B5     		push	{r4, r5, lr}	@
 385              	.LCFI10:
 386              		.cfi_def_cfa_offset 12
 387              		.cfi_offset 4, -12
 388              		.cfi_offset 5, -8
 389              		.cfi_offset 14, -4
 390 0006 0446     		mov	r4, r0	@ J, tmp122
 391 0008 83B0     		sub	sp, sp, #12	@,,
 392              	.LCFI11:
 393              		.cfi_def_cfa_offset 24
 394              	@ Source/js/jsboolean.c:29: 	J->Boolean_prototype->u.boolean = 0;
  29:Source/js/jsboolean.c **** 	J->Boolean_prototype->u.boolean = 0;
 395              		.loc 1 29 34 view .LVU51
 396 000a 8B61     		str	r3, [r1, #24]	@ tmp112, _1->u.boolean
 397              	@ Source/js/jsboolean.c:31: 	js_pushobject(J, J->Boolean_prototype);
 398              		.loc 1 31 2 view .LVU52
 399 000c FFF7FEFF 		bl	js_pushobject		@
 400              	.LVL23:
  32:Source/js/jsboolean.c **** 	{
  33:Source/js/jsboolean.c **** 		jsB_propf(J, "Boolean.prototype.toString", Bp_toString, 0);
 401              		.loc 1 33 3 is_stmt 1 view .LVU53
 402 0010 2046     		mov	r0, r4	@, J
 403 0012 0023     		movs	r3, #0	@ tmp112,
 404 0014 0D4A     		ldr	r2, .L22	@,
 405 0016 0E49     		ldr	r1, .L22+4	@,
 406 0018 FFF7FEFF 		bl	jsB_propf		@
 407              	.LVL24:
  34:Source/js/jsboolean.c **** 		jsB_propf(J, "Boolean.prototype.valueOf", Bp_valueOf, 0);
 408              		.loc 1 34 3 view .LVU54
 409 001c 2046     		mov	r0, r4	@, J
 410 001e 0023     		movs	r3, #0	@ tmp112,
 411 0020 0C4A     		ldr	r2, .L22+8	@,
 412 0022 0D49     		ldr	r1, .L22+12	@,
 413 0024 FFF7FEFF 		bl	jsB_propf		@
 414              	.LVL25:
  35:Source/js/jsboolean.c **** 	}
  36:Source/js/jsboolean.c **** 	js_newcconstructor(J, jsB_Boolean, jsB_new_Boolean, "Boolean", 1);
 415              		.loc 1 36 2 view .LVU55
 416 0028 0C4D     		ldr	r5, .L22+16	@ tmp117,
 417 002a 0122     		movs	r2, #1	@ tmp120,
 418 002c 2046     		mov	r0, r4	@, J
 419 002e 2B46     		mov	r3, r5	@, tmp117
 420 0030 0B49     		ldr	r1, .L22+20	@,
 421 0032 0092     		str	r2, [sp]	@ tmp120,
 422 0034 0B4A     		ldr	r2, .L22+24	@,
 423 0036 FFF7FEFF 		bl	js_newcconstructor		@
 424              	.LVL26:
  37:Source/js/jsboolean.c **** 	js_defglobal(J, "Boolean", JS_DONTENUM);
 425              		.loc 1 37 2 view .LVU56
 426 003a 2046     		mov	r0, r4	@, J
 427 003c 2946     		mov	r1, r5	@, tmp117
 428 003e 0222     		movs	r2, #2	@,
 429              	@ Source/js/jsboolean.c:38: }
  38:Source/js/jsboolean.c **** }
 430              		.loc 1 38 1 is_stmt 0 view .LVU57
ARM GAS  /var/folders/65/xyhbx3_n6nd_hs7j3p9nfwv80000gn/T//ccFweXAW.s 			page 10


 431 0040 03B0     		add	sp, sp, #12	@,,
 432              	.LCFI12:
 433              		.cfi_def_cfa_offset 12
 434              		@ sp needed	@
 435 0042 BDE83040 		pop	{r4, r5, lr}	@
 436              	.LCFI13:
 437              		.cfi_restore 14
 438              		.cfi_restore 5
 439              		.cfi_restore 4
 440              		.cfi_def_cfa_offset 0
 441              	.LVL27:
 442              	@ Source/js/jsboolean.c:37: 	js_defglobal(J, "Boolean", JS_DONTENUM);
  37:Source/js/jsboolean.c **** 	js_defglobal(J, "Boolean", JS_DONTENUM);
 443              		.loc 1 37 2 view .LVU58
 444 0046 FFF7FEBF 		b	js_defglobal		@
 445              	.LVL28:
 446              	.L23:
  37:Source/js/jsboolean.c **** 	js_defglobal(J, "Boolean", JS_DONTENUM);
 447              		.loc 1 37 2 view .LVU59
 448 004a 00BF     		.align	2
 449              	.L22:
 450 004c 00000000 		.word	Bp_toString
 451 0050 00000000 		.word	.LC3
 452 0054 00000000 		.word	Bp_valueOf
 453 0058 1C000000 		.word	.LC4
 454 005c 38000000 		.word	.LC5
 455 0060 00000000 		.word	jsB_Boolean
 456 0064 00000000 		.word	jsB_new_Boolean
 457              		.cfi_endproc
 458              	.LFE7:
 459              		.size	jsB_initboolean, .-jsB_initboolean
 460              		.text
 461              	.Letext0:
 462              		.file 2 "/usr/local/playdate/gcc-arm-none-eabi-9-2019-q4-major/arm-none-eabi/include/machine/setjm
 463              		.file 3 "Source/js/mujs.h"
 464              		.file 4 "Source/js/jsi.h"
 465              		.file 5 "/usr/local/playdate/gcc-arm-none-eabi-9-2019-q4-major/arm-none-eabi/include/sys/lock.h"
 466              		.file 6 "/usr/local/playdate/gcc-arm-none-eabi-9-2019-q4-major/arm-none-eabi/include/sys/_types.h"
 467              		.file 7 "/usr/local/playdate/gcc-arm-none-eabi-9-2019-q4-major/lib/gcc/arm-none-eabi/9.2.1/include
 468              		.file 8 "/usr/local/playdate/gcc-arm-none-eabi-9-2019-q4-major/arm-none-eabi/include/sys/reent.h"
 469              		.file 9 "/usr/local/playdate/gcc-arm-none-eabi-9-2019-q4-major/arm-none-eabi/include/stdlib.h"
 470              		.file 10 "/usr/local/playdate/gcc-arm-none-eabi-9-2019-q4-major/arm-none-eabi/include/math.h"
 471              		.section	.debug_info,"",%progbits
 472              	.Ldebug_info0:
 473 0000 5C1F0000 		.4byte	0x1f5c
 474 0004 0200     		.2byte	0x2
 475 0006 00000000 		.4byte	.Ldebug_abbrev0
 476 000a 04       		.byte	0x4
 477 000b 01       		.uleb128 0x1
 478 000c BD030000 		.4byte	.LASF1630
 479 0010 0C       		.byte	0xc
 480 0011 4F250000 		.4byte	.LASF1631
 481 0015 2D080000 		.4byte	.LASF1632
 482 0019 00000000 		.4byte	.Ldebug_ranges0+0
 483 001d 00000000 		.4byte	0
 484 0021 00000000 		.4byte	0
 485 0025 00000000 		.4byte	.Ldebug_line0
ARM GAS  /var/folders/65/xyhbx3_n6nd_hs7j3p9nfwv80000gn/T//ccFweXAW.s 			page 11


 486 0029 00000000 		.4byte	.Ldebug_macro0
 487 002d 02       		.uleb128 0x2
 488 002e 152E0000 		.4byte	.LASF1232
 489 0032 02       		.byte	0x2
 490 0033 7801     		.2byte	0x178
 491 0035 0D       		.byte	0xd
 492 0036 3A000000 		.4byte	0x3a
 493 003a 03       		.uleb128 0x3
 494 003b 51000000 		.4byte	0x51
 495 003f 4A000000 		.4byte	0x4a
 496 0043 04       		.uleb128 0x4
 497 0044 4A000000 		.4byte	0x4a
 498 0048 16       		.byte	0x16
 499 0049 00       		.byte	0
 500 004a 05       		.uleb128 0x5
 501 004b 04       		.byte	0x4
 502 004c 07       		.byte	0x7
 503 004d 50930000 		.4byte	.LASF1231
 504 0051 06       		.uleb128 0x6
 505 0052 04       		.byte	0x4
 506 0053 05       		.byte	0x5
 507 0054 696E7400 		.ascii	"int\000"
 508 0058 07       		.uleb128 0x7
 509 0059 A2020000 		.4byte	.LASF1233
 510 005d 03       		.byte	0x3
 511 005e 28       		.byte	0x28
 512 005f 19       		.byte	0x19
 513 0060 64000000 		.4byte	0x64
 514 0064 08       		.uleb128 0x8
 515 0065 A2020000 		.4byte	.LASF1233
 516 0069 086F     		.2byte	0x6f08
 517 006b 04       		.byte	0x4
 518 006c C8       		.byte	0xc8
 519 006d 08       		.byte	0x8
 520 006e 48040000 		.4byte	0x448
 521 0072 09       		.uleb128 0x9
 522 0073 CB530000 		.4byte	.LASF1234
 523 0077 04       		.byte	0x4
 524 0078 CA       		.byte	0xca
 525 0079 08       		.byte	0x8
 526 007a 74040000 		.4byte	0x474
 527 007e 02       		.byte	0x2
 528 007f 23       		.byte	0x23
 529 0080 00       		.uleb128 0
 530 0081 09       		.uleb128 0x9
 531 0082 87620000 		.4byte	.LASF1235
 532 0086 04       		.byte	0x4
 533 0087 CB       		.byte	0xcb
 534 0088 08       		.byte	0x8
 535 0089 74040000 		.4byte	0x474
 536 008d 02       		.byte	0x2
 537 008e 23       		.byte	0x23
 538 008f 04       		.uleb128 0x4
 539 0090 09       		.uleb128 0x9
 540 0091 F9610000 		.4byte	.LASF1236
 541 0095 04       		.byte	0x4
 542 0096 CC       		.byte	0xcc
ARM GAS  /var/folders/65/xyhbx3_n6nd_hs7j3p9nfwv80000gn/T//ccFweXAW.s 			page 12


 543 0097 0B       		.byte	0xb
 544 0098 48040000 		.4byte	0x448
 545 009c 02       		.byte	0x2
 546 009d 23       		.byte	0x23
 547 009e 08       		.uleb128 0x8
 548 009f 09       		.uleb128 0x9
 549 00a0 024A0000 		.4byte	.LASF1237
 550 00a4 04       		.byte	0x4
 551 00a5 CD       		.byte	0xcd
 552 00a6 0C       		.byte	0xc
 553 00a7 1F050000 		.4byte	0x51f
 554 00ab 02       		.byte	0x2
 555 00ac 23       		.byte	0x23
 556 00ad 0C       		.uleb128 0xc
 557 00ae 09       		.uleb128 0x9
 558 00af 5F100000 		.4byte	.LASF1238
 559 00b3 04       		.byte	0x4
 560 00b4 CE       		.byte	0xce
 561 00b5 0B       		.byte	0xb
 562 00b6 76040000 		.4byte	0x476
 563 00ba 02       		.byte	0x2
 564 00bb 23       		.byte	0x23
 565 00bc 10       		.uleb128 0x10
 566 00bd 09       		.uleb128 0x9
 567 00be 7B7E0000 		.4byte	.LASF1239
 568 00c2 04       		.byte	0x4
 569 00c3 D0       		.byte	0xd0
 570 00c4 11       		.byte	0x11
 571 00c5 B4140000 		.4byte	0x14b4
 572 00c9 02       		.byte	0x2
 573 00ca 23       		.byte	0x23
 574 00cb 14       		.uleb128 0x14
 575 00cc 09       		.uleb128 0x9
 576 00cd 70200000 		.4byte	.LASF1240
 577 00d1 04       		.byte	0x4
 578 00d2 D2       		.byte	0xd2
 579 00d3 06       		.byte	0x6
 580 00d4 51000000 		.4byte	0x51
 581 00d8 02       		.byte	0x2
 582 00d9 23       		.byte	0x23
 583 00da 18       		.uleb128 0x18
 584 00db 09       		.uleb128 0x9
 585 00dc C33B0000 		.4byte	.LASF1241
 586 00e0 04       		.byte	0x4
 587 00e1 D3       		.byte	0xd3
 588 00e2 06       		.byte	0x6
 589 00e3 51000000 		.4byte	0x51
 590 00e7 02       		.byte	0x2
 591 00e8 23       		.byte	0x23
 592 00e9 1C       		.uleb128 0x1c
 593 00ea 09       		.uleb128 0x9
 594 00eb ED770000 		.4byte	.LASF1242
 595 00ef 04       		.byte	0x4
 596 00f0 D6       		.byte	0xd6
 597 00f1 0E       		.byte	0xe
 598 00f2 F5040000 		.4byte	0x4f5
 599 00f6 02       		.byte	0x2
ARM GAS  /var/folders/65/xyhbx3_n6nd_hs7j3p9nfwv80000gn/T//ccFweXAW.s 			page 13


 600 00f7 23       		.byte	0x23
 601 00f8 20       		.uleb128 0x20
 602 00f9 09       		.uleb128 0x9
 603 00fa C7140000 		.4byte	.LASF1243
 604 00fe 04       		.byte	0x4
 605 00ff D7       		.byte	0xd7
 606 0100 0E       		.byte	0xe
 607 0101 F5040000 		.4byte	0x4f5
 608 0105 02       		.byte	0x2
 609 0106 23       		.byte	0x23
 610 0107 24       		.uleb128 0x24
 611 0108 09       		.uleb128 0x9
 612 0109 B0310000 		.4byte	.LASF1244
 613 010d 04       		.byte	0x4
 614 010e D8       		.byte	0xd8
 615 010f 06       		.byte	0x6
 616 0110 51000000 		.4byte	0x51
 617 0114 02       		.byte	0x2
 618 0115 23       		.byte	0x23
 619 0116 28       		.uleb128 0x28
 620 0117 09       		.uleb128 0x9
 621 0118 C2420000 		.4byte	.LASF1245
 622 011c 04       		.byte	0x4
 623 011d DB       		.byte	0xdb
 624 011e 27       		.byte	0x27
 625 011f 7D140000 		.4byte	0x147d
 626 0123 02       		.byte	0x2
 627 0124 23       		.byte	0x23
 628 0125 2C       		.uleb128 0x2c
 629 0126 09       		.uleb128 0x9
 630 0127 0C5A0000 		.4byte	.LASF1246
 631 012b 04       		.byte	0x4
 632 012c DC       		.byte	0xdc
 633 012d 06       		.byte	0x6
 634 012e 51000000 		.4byte	0x51
 635 0132 02       		.byte	0x2
 636 0133 23       		.byte	0x23
 637 0134 38       		.uleb128 0x38
 638 0135 09       		.uleb128 0x9
 639 0136 50210000 		.4byte	.LASF1247
 640 013a 04       		.byte	0x4
 641 013b DD       		.byte	0xdd
 642 013c 06       		.byte	0x6
 643 013d 51000000 		.4byte	0x51
 644 0141 02       		.byte	0x2
 645 0142 23       		.byte	0x23
 646 0143 3C       		.uleb128 0x3c
 647 0144 09       		.uleb128 0x9
 648 0145 9D750000 		.4byte	.LASF1248
 649 0149 04       		.byte	0x4
 650 014a DE       		.byte	0xde
 651 014b 06       		.byte	0x6
 652 014c 51000000 		.4byte	0x51
 653 0150 02       		.byte	0x2
 654 0151 23       		.byte	0x23
 655 0152 40       		.uleb128 0x40
 656 0153 09       		.uleb128 0x9
ARM GAS  /var/folders/65/xyhbx3_n6nd_hs7j3p9nfwv80000gn/T//ccFweXAW.s 			page 14


 657 0154 DF420000 		.4byte	.LASF1249
 658 0158 04       		.byte	0x4
 659 0159 DF       		.byte	0xdf
 660 015a 06       		.byte	0x6
 661 015b 51000000 		.4byte	0x51
 662 015f 02       		.byte	0x2
 663 0160 23       		.byte	0x23
 664 0161 44       		.uleb128 0x44
 665 0162 09       		.uleb128 0x9
 666 0163 826A0000 		.4byte	.LASF1250
 667 0167 04       		.byte	0x4
 668 0168 E2       		.byte	0xe2
 669 0169 06       		.byte	0x6
 670 016a 51000000 		.4byte	0x51
 671 016e 02       		.byte	0x2
 672 016f 23       		.byte	0x23
 673 0170 48       		.uleb128 0x48
 674 0171 09       		.uleb128 0x9
 675 0172 4C2B0000 		.4byte	.LASF1251
 676 0176 04       		.byte	0x4
 677 0177 E3       		.byte	0xe3
 678 0178 06       		.byte	0x6
 679 0179 51000000 		.4byte	0x51
 680 017d 02       		.byte	0x2
 681 017e 23       		.byte	0x23
 682 017f 4C       		.uleb128 0x4c
 683 0180 09       		.uleb128 0x9
 684 0181 673D0000 		.4byte	.LASF1252
 685 0185 04       		.byte	0x4
 686 0186 E4       		.byte	0xe4
 687 0187 0E       		.byte	0xe
 688 0188 F5040000 		.4byte	0x4f5
 689 018c 02       		.byte	0x2
 690 018d 23       		.byte	0x23
 691 018e 50       		.uleb128 0x50
 692 018f 09       		.uleb128 0x9
 693 0190 8B280000 		.4byte	.LASF1253
 694 0194 04       		.byte	0x4
 695 0195 E5       		.byte	0xe5
 696 0196 09       		.byte	0x9
 697 0197 250F0000 		.4byte	0xf25
 698 019b 02       		.byte	0x2
 699 019c 23       		.byte	0x23
 700 019d 58       		.uleb128 0x58
 701 019e 09       		.uleb128 0x9
 702 019f 19180000 		.4byte	.LASF1254
 703 01a3 04       		.byte	0x4
 704 01a4 E6       		.byte	0xe6
 705 01a5 0A       		.byte	0xa
 706 01a6 BA140000 		.4byte	0x14ba
 707 01aa 02       		.byte	0x2
 708 01ab 23       		.byte	0x23
 709 01ac 60       		.uleb128 0x60
 710 01ad 09       		.uleb128 0x9
 711 01ae 13420000 		.4byte	.LASF1255
 712 01b2 04       		.byte	0x4
 713 01b3 E9       		.byte	0xe9
ARM GAS  /var/folders/65/xyhbx3_n6nd_hs7j3p9nfwv80000gn/T//ccFweXAW.s 			page 15


 714 01b4 0D       		.byte	0xd
 715 01b5 C0140000 		.4byte	0x14c0
 716 01b9 02       		.byte	0x2
 717 01ba 23       		.byte	0x23
 718 01bb 64       		.uleb128 0x64
 719 01bc 09       		.uleb128 0x9
 720 01bd AB4B0000 		.4byte	.LASF1256
 721 01c1 04       		.byte	0x4
 722 01c2 EA       		.byte	0xea
 723 01c3 0D       		.byte	0xd
 724 01c4 C0140000 		.4byte	0x14c0
 725 01c8 02       		.byte	0x2
 726 01c9 23       		.byte	0x23
 727 01ca 68       		.uleb128 0x68
 728 01cb 09       		.uleb128 0x9
 729 01cc F16C0000 		.4byte	.LASF1257
 730 01d0 04       		.byte	0x4
 731 01d1 EB       		.byte	0xeb
 732 01d2 0D       		.byte	0xd
 733 01d3 C0140000 		.4byte	0x14c0
 734 01d7 02       		.byte	0x2
 735 01d8 23       		.byte	0x23
 736 01d9 6C       		.uleb128 0x6c
 737 01da 09       		.uleb128 0x9
 738 01db 2C530000 		.4byte	.LASF1258
 739 01df 04       		.byte	0x4
 740 01e0 EC       		.byte	0xec
 741 01e1 0D       		.byte	0xd
 742 01e2 C0140000 		.4byte	0x14c0
 743 01e6 02       		.byte	0x2
 744 01e7 23       		.byte	0x23
 745 01e8 70       		.uleb128 0x70
 746 01e9 09       		.uleb128 0x9
 747 01ea 4C8C0000 		.4byte	.LASF1259
 748 01ee 04       		.byte	0x4
 749 01ef ED       		.byte	0xed
 750 01f0 0D       		.byte	0xd
 751 01f1 C0140000 		.4byte	0x14c0
 752 01f5 02       		.byte	0x2
 753 01f6 23       		.byte	0x23
 754 01f7 74       		.uleb128 0x74
 755 01f8 09       		.uleb128 0x9
 756 01f9 E1890000 		.4byte	.LASF1260
 757 01fd 04       		.byte	0x4
 758 01fe EE       		.byte	0xee
 759 01ff 0D       		.byte	0xd
 760 0200 C0140000 		.4byte	0x14c0
 761 0204 02       		.byte	0x2
 762 0205 23       		.byte	0x23
 763 0206 78       		.uleb128 0x78
 764 0207 09       		.uleb128 0x9
 765 0208 E1090000 		.4byte	.LASF1261
 766 020c 04       		.byte	0x4
 767 020d EF       		.byte	0xef
 768 020e 0D       		.byte	0xd
 769 020f C0140000 		.4byte	0x14c0
 770 0213 02       		.byte	0x2
ARM GAS  /var/folders/65/xyhbx3_n6nd_hs7j3p9nfwv80000gn/T//ccFweXAW.s 			page 16


 771 0214 23       		.byte	0x23
 772 0215 7C       		.uleb128 0x7c
 773 0216 09       		.uleb128 0x9
 774 0217 EF320000 		.4byte	.LASF1262
 775 021b 04       		.byte	0x4
 776 021c F0       		.byte	0xf0
 777 021d 0D       		.byte	0xd
 778 021e C0140000 		.4byte	0x14c0
 779 0222 03       		.byte	0x3
 780 0223 23       		.byte	0x23
 781 0224 8001     		.uleb128 0x80
 782 0226 09       		.uleb128 0x9
 783 0227 A4370000 		.4byte	.LASF1263
 784 022b 04       		.byte	0x4
 785 022c F2       		.byte	0xf2
 786 022d 0D       		.byte	0xd
 787 022e C0140000 		.4byte	0x14c0
 788 0232 03       		.byte	0x3
 789 0233 23       		.byte	0x23
 790 0234 8401     		.uleb128 0x84
 791 0236 09       		.uleb128 0x9
 792 0237 6B500000 		.4byte	.LASF1264
 793 023b 04       		.byte	0x4
 794 023c F3       		.byte	0xf3
 795 023d 0D       		.byte	0xd
 796 023e C0140000 		.4byte	0x14c0
 797 0242 03       		.byte	0x3
 798 0243 23       		.byte	0x23
 799 0244 8801     		.uleb128 0x88
 800 0246 09       		.uleb128 0x9
 801 0247 E9160000 		.4byte	.LASF1265
 802 024b 04       		.byte	0x4
 803 024c F4       		.byte	0xf4
 804 024d 0D       		.byte	0xd
 805 024e C0140000 		.4byte	0x14c0
 806 0252 03       		.byte	0x3
 807 0253 23       		.byte	0x23
 808 0254 8C01     		.uleb128 0x8c
 809 0256 09       		.uleb128 0x9
 810 0257 66960000 		.4byte	.LASF1266
 811 025b 04       		.byte	0x4
 812 025c F5       		.byte	0xf5
 813 025d 0D       		.byte	0xd
 814 025e C0140000 		.4byte	0x14c0
 815 0262 03       		.byte	0x3
 816 0263 23       		.byte	0x23
 817 0264 9001     		.uleb128 0x90
 818 0266 09       		.uleb128 0x9
 819 0267 56010000 		.4byte	.LASF1267
 820 026b 04       		.byte	0x4
 821 026c F6       		.byte	0xf6
 822 026d 0D       		.byte	0xd
 823 026e C0140000 		.4byte	0x14c0
 824 0272 03       		.byte	0x3
 825 0273 23       		.byte	0x23
 826 0274 9401     		.uleb128 0x94
 827 0276 09       		.uleb128 0x9
ARM GAS  /var/folders/65/xyhbx3_n6nd_hs7j3p9nfwv80000gn/T//ccFweXAW.s 			page 17


 828 0277 B0460000 		.4byte	.LASF1268
 829 027b 04       		.byte	0x4
 830 027c F7       		.byte	0xf7
 831 027d 0D       		.byte	0xd
 832 027e C0140000 		.4byte	0x14c0
 833 0282 03       		.byte	0x3
 834 0283 23       		.byte	0x23
 835 0284 9801     		.uleb128 0x98
 836 0286 09       		.uleb128 0x9
 837 0287 AF8A0000 		.4byte	.LASF1269
 838 028b 04       		.byte	0x4
 839 028c F8       		.byte	0xf8
 840 028d 0D       		.byte	0xd
 841 028e C0140000 		.4byte	0x14c0
 842 0292 03       		.byte	0x3
 843 0293 23       		.byte	0x23
 844 0294 9C01     		.uleb128 0x9c
 845 0296 09       		.uleb128 0x9
 846 0297 F35E0000 		.4byte	.LASF1270
 847 029b 04       		.byte	0x4
 848 029c FA       		.byte	0xfa
 849 029d 0F       		.byte	0xf
 850 029e 4A000000 		.4byte	0x4a
 851 02a2 03       		.byte	0x3
 852 02a3 23       		.byte	0x23
 853 02a4 A001     		.uleb128 0xa0
 854 02a6 09       		.uleb128 0x9
 855 02a7 CD0E0000 		.4byte	.LASF1271
 856 02ab 04       		.byte	0x4
 857 02ac FC       		.byte	0xfc
 858 02ad 07       		.byte	0x7
 859 02ae C6140000 		.4byte	0x14c6
 860 02b2 03       		.byte	0x3
 861 02b3 23       		.byte	0x23
 862 02b4 A401     		.uleb128 0xa4
 863 02b6 09       		.uleb128 0x9
 864 02b7 3D310000 		.4byte	.LASF1272
 865 02bb 04       		.byte	0x4
 866 02bc FE       		.byte	0xfe
 867 02bd 06       		.byte	0x6
 868 02be 51000000 		.4byte	0x51
 869 02c2 03       		.byte	0x3
 870 02c3 23       		.byte	0x23
 871 02c4 B001     		.uleb128 0xb0
 872 02c6 0A       		.uleb128 0xa
 873 02c7 5200     		.ascii	"R\000"
 874 02c9 04       		.byte	0x4
 875 02ca FF       		.byte	0xff
 876 02cb 0D       		.byte	0xd
 877 02cc C0140000 		.4byte	0x14c0
 878 02d0 03       		.byte	0x3
 879 02d1 23       		.byte	0x23
 880 02d2 B401     		.uleb128 0xb4
 881 02d4 0B       		.uleb128 0xb
 882 02d5 4700     		.ascii	"G\000"
 883 02d7 04       		.byte	0x4
 884 02d8 0001     		.2byte	0x100
ARM GAS  /var/folders/65/xyhbx3_n6nd_hs7j3p9nfwv80000gn/T//ccFweXAW.s 			page 18


 885 02da 0D       		.byte	0xd
 886 02db C0140000 		.4byte	0x14c0
 887 02df 03       		.byte	0x3
 888 02e0 23       		.byte	0x23
 889 02e1 B801     		.uleb128 0xb8
 890 02e3 0B       		.uleb128 0xb
 891 02e4 4500     		.ascii	"E\000"
 892 02e6 04       		.byte	0x4
 893 02e7 0101     		.2byte	0x101
 894 02e9 12       		.byte	0x12
 895 02ea 71140000 		.4byte	0x1471
 896 02ee 03       		.byte	0x3
 897 02ef 23       		.byte	0x23
 898 02f0 BC01     		.uleb128 0xbc
 899 02f2 0B       		.uleb128 0xb
 900 02f3 474500   		.ascii	"GE\000"
 901 02f6 04       		.byte	0x4
 902 02f7 0201     		.2byte	0x102
 903 02f9 12       		.byte	0x12
 904 02fa 71140000 		.4byte	0x1471
 905 02fe 03       		.byte	0x3
 906 02ff 23       		.byte	0x23
 907 0300 C001     		.uleb128 0xc0
 908 0302 0B       		.uleb128 0xb
 909 0303 746F7000 		.ascii	"top\000"
 910 0307 04       		.byte	0x4
 911 0308 0501     		.2byte	0x105
 912 030a 06       		.byte	0x6
 913 030b 51000000 		.4byte	0x51
 914 030f 03       		.byte	0x3
 915 0310 23       		.byte	0x23
 916 0311 C401     		.uleb128 0xc4
 917 0313 0B       		.uleb128 0xb
 918 0314 626F7400 		.ascii	"bot\000"
 919 0318 04       		.byte	0x4
 920 0319 0501     		.2byte	0x105
 921 031b 0B       		.byte	0xb
 922 031c 51000000 		.4byte	0x51
 923 0320 03       		.byte	0x3
 924 0321 23       		.byte	0x23
 925 0322 C801     		.uleb128 0xc8
 926 0324 0C       		.uleb128 0xc
 927 0325 A32A0000 		.4byte	.LASF1273
 928 0329 04       		.byte	0x4
 929 032a 0601     		.2byte	0x106
 930 032c 0C       		.byte	0xc
 931 032d D6140000 		.4byte	0x14d6
 932 0331 03       		.byte	0x3
 933 0332 23       		.byte	0x23
 934 0333 CC01     		.uleb128 0xcc
 935 0335 0C       		.uleb128 0xc
 936 0336 31550000 		.4byte	.LASF1274
 937 033a 04       		.byte	0x4
 938 033b 0901     		.2byte	0x109
 939 033d 06       		.byte	0x6
 940 033e 51000000 		.4byte	0x51
 941 0342 03       		.byte	0x3
ARM GAS  /var/folders/65/xyhbx3_n6nd_hs7j3p9nfwv80000gn/T//ccFweXAW.s 			page 19


 942 0343 23       		.byte	0x23
 943 0344 D001     		.uleb128 0xd0
 944 0346 0C       		.uleb128 0xc
 945 0347 96820000 		.4byte	.LASF1275
 946 034b 04       		.byte	0x4
 947 034c 0A01     		.2byte	0x10a
 948 034e 0F       		.byte	0xf
 949 034f 4A000000 		.4byte	0x4a
 950 0353 03       		.byte	0x3
 951 0354 23       		.byte	0x23
 952 0355 D401     		.uleb128 0xd4
 953 0357 0C       		.uleb128 0xc
 954 0358 FD3F0000 		.4byte	.LASF1276
 955 035c 04       		.byte	0x4
 956 035d 0A01     		.2byte	0x10a
 957 035f 1A       		.byte	0x1a
 958 0360 4A000000 		.4byte	0x4a
 959 0364 03       		.byte	0x3
 960 0365 23       		.byte	0x23
 961 0366 D801     		.uleb128 0xd8
 962 0368 0C       		.uleb128 0xc
 963 0369 9A240000 		.4byte	.LASF1277
 964 036d 04       		.byte	0x4
 965 036e 0B01     		.2byte	0x10b
 966 0370 12       		.byte	0x12
 967 0371 71140000 		.4byte	0x1471
 968 0375 03       		.byte	0x3
 969 0376 23       		.byte	0x23
 970 0377 DC01     		.uleb128 0xdc
 971 0379 0C       		.uleb128 0xc
 972 037a B26A0000 		.4byte	.LASF1278
 973 037e 04       		.byte	0x4
 974 037f 0C01     		.2byte	0x10c
 975 0381 0F       		.byte	0xf
 976 0382 DC140000 		.4byte	0x14dc
 977 0386 03       		.byte	0x3
 978 0387 23       		.byte	0x23
 979 0388 E001     		.uleb128 0xe0
 980 038a 0C       		.uleb128 0xc
 981 038b 3A220000 		.4byte	.LASF1279
 982 038f 04       		.byte	0x4
 983 0390 0D01     		.2byte	0x10d
 984 0392 0D       		.byte	0xd
 985 0393 C0140000 		.4byte	0x14c0
 986 0397 03       		.byte	0x3
 987 0398 23       		.byte	0x23
 988 0399 E401     		.uleb128 0xe4
 989 039b 0C       		.uleb128 0xc
 990 039c E28C0000 		.4byte	.LASF1280
 991 03a0 04       		.byte	0x4
 992 03a1 0E01     		.2byte	0x10e
 993 03a3 0D       		.byte	0xd
 994 03a4 E2140000 		.4byte	0x14e2
 995 03a8 03       		.byte	0x3
 996 03a9 23       		.byte	0x23
 997 03aa E801     		.uleb128 0xe8
 998 03ac 0C       		.uleb128 0xc
ARM GAS  /var/folders/65/xyhbx3_n6nd_hs7j3p9nfwv80000gn/T//ccFweXAW.s 			page 20


 999 03ad 55260000 		.4byte	.LASF1281
 1000 03b1 04       		.byte	0x4
 1001 03b2 1001     		.2byte	0x110
 1002 03b4 0D       		.byte	0xd
 1003 03b5 C0140000 		.4byte	0x14c0
 1004 03b9 03       		.byte	0x3
 1005 03ba 23       		.byte	0x23
 1006 03bb EC01     		.uleb128 0xec
 1007 03bd 0C       		.uleb128 0xc
 1008 03be 49530000 		.4byte	.LASF1282
 1009 03c2 04       		.byte	0x4
 1010 03c3 1201     		.2byte	0x112
 1011 03c5 06       		.byte	0x6
 1012 03c6 51000000 		.4byte	0x51
 1013 03ca 03       		.byte	0x3
 1014 03cb 23       		.byte	0x23
 1015 03cc F001     		.uleb128 0xf0
 1016 03ce 0C       		.uleb128 0xc
 1017 03cf 14170000 		.4byte	.LASF1283
 1018 03d3 04       		.byte	0x4
 1019 03d4 1301     		.2byte	0x113
 1020 03d6 06       		.byte	0x6
 1021 03d7 51000000 		.4byte	0x51
 1022 03db 03       		.byte	0x3
 1023 03dc 23       		.byte	0x23
 1024 03dd F401     		.uleb128 0xf4
 1025 03df 0C       		.uleb128 0xc
 1026 03e0 4C160000 		.4byte	.LASF1284
 1027 03e4 04       		.byte	0x4
 1028 03e5 1601     		.2byte	0x116
 1029 03e7 06       		.byte	0x6
 1030 03e8 51000000 		.4byte	0x51
 1031 03ec 03       		.byte	0x3
 1032 03ed 23       		.byte	0x23
 1033 03ee F801     		.uleb128 0xf8
 1034 03f0 0C       		.uleb128 0xc
 1035 03f1 D1850000 		.4byte	.LASF1285
 1036 03f5 04       		.byte	0x4
 1037 03f6 1701     		.2byte	0x117
 1038 03f8 12       		.byte	0x12
 1039 03f9 E8140000 		.4byte	0x14e8
 1040 03fd 03       		.byte	0x3
 1041 03fe 23       		.byte	0x23
 1042 03ff FC01     		.uleb128 0xfc
 1043 0401 0C       		.uleb128 0xc
 1044 0402 5E400000 		.4byte	.LASF1286
 1045 0406 04       		.byte	0x4
 1046 0407 1A01     		.2byte	0x11a
 1047 0409 06       		.byte	0x6
 1048 040a 51000000 		.4byte	0x51
 1049 040e 03       		.byte	0x3
 1050 040f 23       		.byte	0x23
 1051 0410 FC21     		.uleb128 0x10fc
 1052 0412 0C       		.uleb128 0xc
 1053 0413 6E650000 		.4byte	.LASF1287
 1054 0417 04       		.byte	0x4
 1055 0418 1B01     		.2byte	0x11b
ARM GAS  /var/folders/65/xyhbx3_n6nd_hs7j3p9nfwv80000gn/T//ccFweXAW.s 			page 21


 1056 041a 10       		.byte	0x10
 1057 041b F9140000 		.4byte	0x14f9
 1058 041f 03       		.byte	0x3
 1059 0420 23       		.byte	0x23
 1060 0421 8022     		.uleb128 0x1100
 1061 0423 0C       		.uleb128 0xc
 1062 0424 F93A0000 		.4byte	.LASF1288
 1063 0428 04       		.byte	0x4
 1064 0429 1E01     		.2byte	0x11e
 1065 042b 06       		.byte	0x6
 1066 042c 51000000 		.4byte	0x51
 1067 0430 04       		.byte	0x4
 1068 0431 23       		.byte	0x23
 1069 0432 80A201   		.uleb128 0x5100
 1070 0435 0C       		.uleb128 0xc
 1071 0436 4B910000 		.4byte	.LASF1289
 1072 043a 04       		.byte	0x4
 1073 043b 1F01     		.2byte	0x11f
 1074 043d 0D       		.byte	0xd
 1075 043e 0A150000 		.4byte	0x150a
 1076 0442 04       		.byte	0x4
 1077 0443 23       		.byte	0x23
 1078 0444 84A201   		.uleb128 0x5104
 1079 0447 00       		.byte	0
 1080 0448 07       		.uleb128 0x7
 1081 0449 274E0000 		.4byte	.LASF1290
 1082 044d 03       		.byte	0x3
 1083 044e 2A       		.byte	0x2a
 1084 044f 11       		.byte	0x11
 1085 0450 54040000 		.4byte	0x454
 1086 0454 0D       		.uleb128 0xd
 1087 0455 04       		.byte	0x4
 1088 0456 5A040000 		.4byte	0x45a
 1089 045a 0E       		.uleb128 0xe
 1090 045b 01       		.byte	0x1
 1091 045c 74040000 		.4byte	0x474
 1092 0460 74040000 		.4byte	0x474
 1093 0464 0F       		.uleb128 0xf
 1094 0465 74040000 		.4byte	0x474
 1095 0469 0F       		.uleb128 0xf
 1096 046a 74040000 		.4byte	0x474
 1097 046e 0F       		.uleb128 0xf
 1098 046f 51000000 		.4byte	0x51
 1099 0473 00       		.byte	0
 1100 0474 10       		.uleb128 0x10
 1101 0475 04       		.byte	0x4
 1102 0476 07       		.uleb128 0x7
 1103 0477 42960000 		.4byte	.LASF1291
 1104 047b 03       		.byte	0x3
 1105 047c 2B       		.byte	0x2b
 1106 047d 10       		.byte	0x10
 1107 047e 82040000 		.4byte	0x482
 1108 0482 0D       		.uleb128 0xd
 1109 0483 04       		.byte	0x4
 1110 0484 88040000 		.4byte	0x488
 1111 0488 11       		.uleb128 0x11
 1112 0489 01       		.byte	0x1
ARM GAS  /var/folders/65/xyhbx3_n6nd_hs7j3p9nfwv80000gn/T//ccFweXAW.s 			page 22


 1113 048a 94040000 		.4byte	0x494
 1114 048e 0F       		.uleb128 0xf
 1115 048f 94040000 		.4byte	0x494
 1116 0493 00       		.byte	0
 1117 0494 0D       		.uleb128 0xd
 1118 0495 04       		.byte	0x4
 1119 0496 58000000 		.4byte	0x58
 1120 049a 07       		.uleb128 0x7
 1121 049b 97930000 		.4byte	.LASF1292
 1122 049f 03       		.byte	0x3
 1123 04a0 2C       		.byte	0x2c
 1124 04a1 10       		.byte	0x10
 1125 04a2 82040000 		.4byte	0x482
 1126 04a6 07       		.uleb128 0x7
 1127 04a7 335F0000 		.4byte	.LASF1293
 1128 04ab 03       		.byte	0x3
 1129 04ac 2D       		.byte	0x2d
 1130 04ad 10       		.byte	0x10
 1131 04ae B2040000 		.4byte	0x4b2
 1132 04b2 0D       		.uleb128 0xd
 1133 04b3 04       		.byte	0x4
 1134 04b4 B8040000 		.4byte	0x4b8
 1135 04b8 11       		.uleb128 0x11
 1136 04b9 01       		.byte	0x1
 1137 04ba C9040000 		.4byte	0x4c9
 1138 04be 0F       		.uleb128 0xf
 1139 04bf 94040000 		.4byte	0x494
 1140 04c3 0F       		.uleb128 0xf
 1141 04c4 74040000 		.4byte	0x474
 1142 04c8 00       		.byte	0
 1143 04c9 07       		.uleb128 0x7
 1144 04ca FB2B0000 		.4byte	.LASF1294
 1145 04ce 03       		.byte	0x3
 1146 04cf 2E       		.byte	0x2e
 1147 04d0 0F       		.byte	0xf
 1148 04d1 D5040000 		.4byte	0x4d5
 1149 04d5 0D       		.uleb128 0xd
 1150 04d6 04       		.byte	0x4
 1151 04d7 DB040000 		.4byte	0x4db
 1152 04db 0E       		.uleb128 0xe
 1153 04dc 01       		.byte	0x1
 1154 04dd 51000000 		.4byte	0x51
 1155 04e1 F5040000 		.4byte	0x4f5
 1156 04e5 0F       		.uleb128 0xf
 1157 04e6 94040000 		.4byte	0x494
 1158 04ea 0F       		.uleb128 0xf
 1159 04eb 74040000 		.4byte	0x474
 1160 04ef 0F       		.uleb128 0xf
 1161 04f0 F5040000 		.4byte	0x4f5
 1162 04f4 00       		.byte	0
 1163 04f5 0D       		.uleb128 0xd
 1164 04f6 04       		.byte	0x4
 1165 04f7 02050000 		.4byte	0x502
 1166 04fb 05       		.uleb128 0x5
 1167 04fc 01       		.byte	0x1
 1168 04fd 08       		.byte	0x8
 1169 04fe 9C6A0000 		.4byte	.LASF1295
ARM GAS  /var/folders/65/xyhbx3_n6nd_hs7j3p9nfwv80000gn/T//ccFweXAW.s 			page 23


 1170 0502 12       		.uleb128 0x12
 1171 0503 FB040000 		.4byte	0x4fb
 1172 0507 07       		.uleb128 0x7
 1173 0508 3F600000 		.4byte	.LASF1296
 1174 050c 03       		.byte	0x3
 1175 050d 2F       		.byte	0x2f
 1176 050e 0F       		.byte	0xf
 1177 050f D5040000 		.4byte	0x4d5
 1178 0513 07       		.uleb128 0x7
 1179 0514 A1580000 		.4byte	.LASF1297
 1180 0518 03       		.byte	0x3
 1181 0519 30       		.byte	0x30
 1182 051a 0F       		.byte	0xf
 1183 051b D5040000 		.4byte	0x4d5
 1184 051f 07       		.uleb128 0x7
 1185 0520 B8400000 		.4byte	.LASF1298
 1186 0524 03       		.byte	0x3
 1187 0525 31       		.byte	0x31
 1188 0526 10       		.byte	0x10
 1189 0527 2B050000 		.4byte	0x52b
 1190 052b 0D       		.uleb128 0xd
 1191 052c 04       		.byte	0x4
 1192 052d 31050000 		.4byte	0x531
 1193 0531 11       		.uleb128 0x11
 1194 0532 01       		.byte	0x1
 1195 0533 42050000 		.4byte	0x542
 1196 0537 0F       		.uleb128 0xf
 1197 0538 94040000 		.4byte	0x494
 1198 053c 0F       		.uleb128 0xf
 1199 053d F5040000 		.4byte	0x4f5
 1200 0541 00       		.byte	0
 1201 0542 05       		.uleb128 0x5
 1202 0543 01       		.byte	0x1
 1203 0544 08       		.byte	0x8
 1204 0545 A4220000 		.4byte	.LASF1299
 1205 0549 13       		.uleb128 0x13
 1206 054a 07       		.byte	0x7
 1207 054b 01       		.byte	0x1
 1208 054c 42050000 		.4byte	0x542
 1209 0550 03       		.byte	0x3
 1210 0551 5A       		.byte	0x5a
 1211 0552 06       		.byte	0x6
 1212 0553 6A050000 		.4byte	0x56a
 1213 0557 14       		.uleb128 0x14
 1214 0558 67050000 		.4byte	.LASF1300
 1215 055c 01       		.byte	0x1
 1216 055d 14       		.uleb128 0x14
 1217 055e 0B710000 		.4byte	.LASF1301
 1218 0562 02       		.byte	0x2
 1219 0563 14       		.uleb128 0x14
 1220 0564 4D730000 		.4byte	.LASF1302
 1221 0568 04       		.byte	0x4
 1222 0569 00       		.byte	0
 1223 056a 05       		.uleb128 0x5
 1224 056b 01       		.byte	0x1
 1225 056c 06       		.byte	0x6
 1226 056d E5470000 		.4byte	.LASF1303
ARM GAS  /var/folders/65/xyhbx3_n6nd_hs7j3p9nfwv80000gn/T//ccFweXAW.s 			page 24


 1227 0571 05       		.uleb128 0x5
 1228 0572 02       		.byte	0x2
 1229 0573 05       		.byte	0x5
 1230 0574 97940000 		.4byte	.LASF1304
 1231 0578 05       		.uleb128 0x5
 1232 0579 02       		.byte	0x2
 1233 057a 07       		.byte	0x7
 1234 057b 19530000 		.4byte	.LASF1305
 1235 057f 05       		.uleb128 0x5
 1236 0580 04       		.byte	0x4
 1237 0581 05       		.byte	0x5
 1238 0582 52600000 		.4byte	.LASF1306
 1239 0586 05       		.uleb128 0x5
 1240 0587 04       		.byte	0x4
 1241 0588 07       		.byte	0x7
 1242 0589 FC8E0000 		.4byte	.LASF1307
 1243 058d 05       		.uleb128 0x5
 1244 058e 08       		.byte	0x8
 1245 058f 05       		.byte	0x5
 1246 0590 A18A0000 		.4byte	.LASF1308
 1247 0594 05       		.uleb128 0x5
 1248 0595 08       		.byte	0x8
 1249 0596 07       		.byte	0x7
 1250 0597 8C800000 		.4byte	.LASF1309
 1251 059b 05       		.uleb128 0x5
 1252 059c 08       		.byte	0x8
 1253 059d 04       		.byte	0x4
 1254 059e AE660000 		.4byte	.LASF1310
 1255 05a2 07       		.uleb128 0x7
 1256 05a3 8B1D0000 		.4byte	.LASF1311
 1257 05a7 05       		.byte	0x5
 1258 05a8 22       		.byte	0x22
 1259 05a9 19       		.byte	0x19
 1260 05aa AE050000 		.4byte	0x5ae
 1261 05ae 0D       		.uleb128 0xd
 1262 05af 04       		.byte	0x4
 1263 05b0 B4050000 		.4byte	0x5b4
 1264 05b4 15       		.uleb128 0x15
 1265 05b5 F4170000 		.4byte	.LASF1417
 1266 05b9 01       		.byte	0x1
 1267 05ba 07       		.uleb128 0x7
 1268 05bb DE350000 		.4byte	.LASF1312
 1269 05bf 06       		.byte	0x6
 1270 05c0 2C       		.byte	0x2c
 1271 05c1 0E       		.byte	0xe
 1272 05c2 7F050000 		.4byte	0x57f
 1273 05c6 07       		.uleb128 0x7
 1274 05c7 9E420000 		.4byte	.LASF1313
 1275 05cb 06       		.byte	0x6
 1276 05cc 72       		.byte	0x72
 1277 05cd 0E       		.byte	0xe
 1278 05ce 7F050000 		.4byte	0x57f
 1279 05d2 02       		.uleb128 0x2
 1280 05d3 433C0000 		.4byte	.LASF1314
 1281 05d7 07       		.byte	0x7
 1282 05d8 5E01     		.2byte	0x15e
 1283 05da 17       		.byte	0x17
ARM GAS  /var/folders/65/xyhbx3_n6nd_hs7j3p9nfwv80000gn/T//ccFweXAW.s 			page 25


 1284 05db 4A000000 		.4byte	0x4a
 1285 05df 16       		.uleb128 0x16
 1286 05e0 04       		.byte	0x4
 1287 05e1 06       		.byte	0x6
 1288 05e2 A6       		.byte	0xa6
 1289 05e3 03       		.byte	0x3
 1290 05e4 01060000 		.4byte	0x601
 1291 05e8 17       		.uleb128 0x17
 1292 05e9 BD5D0000 		.4byte	.LASF1315
 1293 05ed 06       		.byte	0x6
 1294 05ee A8       		.byte	0xa8
 1295 05ef 0C       		.byte	0xc
 1296 05f0 D2050000 		.4byte	0x5d2
 1297 05f4 17       		.uleb128 0x17
 1298 05f5 2A3B0000 		.4byte	.LASF1316
 1299 05f9 06       		.byte	0x6
 1300 05fa A9       		.byte	0xa9
 1301 05fb 13       		.byte	0x13
 1302 05fc 01060000 		.4byte	0x601
 1303 0600 00       		.byte	0
 1304 0601 03       		.uleb128 0x3
 1305 0602 42050000 		.4byte	0x542
 1306 0606 11060000 		.4byte	0x611
 1307 060a 04       		.uleb128 0x4
 1308 060b 4A000000 		.4byte	0x4a
 1309 060f 03       		.byte	0x3
 1310 0610 00       		.byte	0
 1311 0611 18       		.uleb128 0x18
 1312 0612 08       		.byte	0x8
 1313 0613 06       		.byte	0x6
 1314 0614 A3       		.byte	0xa3
 1315 0615 09       		.byte	0x9
 1316 0616 39060000 		.4byte	0x639
 1317 061a 09       		.uleb128 0x9
 1318 061b 63370000 		.4byte	.LASF1317
 1319 061f 06       		.byte	0x6
 1320 0620 A5       		.byte	0xa5
 1321 0621 07       		.byte	0x7
 1322 0622 51000000 		.4byte	0x51
 1323 0626 02       		.byte	0x2
 1324 0627 23       		.byte	0x23
 1325 0628 00       		.uleb128 0
 1326 0629 09       		.uleb128 0x9
 1327 062a 227A0000 		.4byte	.LASF1318
 1328 062e 06       		.byte	0x6
 1329 062f AA       		.byte	0xaa
 1330 0630 05       		.byte	0x5
 1331 0631 DF050000 		.4byte	0x5df
 1332 0635 02       		.byte	0x2
 1333 0636 23       		.byte	0x23
 1334 0637 04       		.uleb128 0x4
 1335 0638 00       		.byte	0
 1336 0639 07       		.uleb128 0x7
 1337 063a 140E0000 		.4byte	.LASF1319
 1338 063e 06       		.byte	0x6
 1339 063f AB       		.byte	0xab
 1340 0640 03       		.byte	0x3
ARM GAS  /var/folders/65/xyhbx3_n6nd_hs7j3p9nfwv80000gn/T//ccFweXAW.s 			page 26


 1341 0641 11060000 		.4byte	0x611
 1342 0645 07       		.uleb128 0x7
 1343 0646 AB7A0000 		.4byte	.LASF1320
 1344 064a 06       		.byte	0x6
 1345 064b AF       		.byte	0xaf
 1346 064c 1B       		.byte	0x1b
 1347 064d A2050000 		.4byte	0x5a2
 1348 0651 07       		.uleb128 0x7
 1349 0652 7A4E0000 		.4byte	.LASF1321
 1350 0656 08       		.byte	0x8
 1351 0657 16       		.byte	0x16
 1352 0658 19       		.byte	0x19
 1353 0659 86050000 		.4byte	0x586
 1354 065d 19       		.uleb128 0x19
 1355 065e E96C0000 		.4byte	.LASF1322
 1356 0662 18       		.byte	0x18
 1357 0663 08       		.byte	0x8
 1358 0664 2F       		.byte	0x2f
 1359 0665 08       		.byte	0x8
 1360 0666 C3060000 		.4byte	0x6c3
 1361 066a 09       		.uleb128 0x9
 1362 066b 7E430000 		.4byte	.LASF1323
 1363 066f 08       		.byte	0x8
 1364 0670 31       		.byte	0x31
 1365 0671 13       		.byte	0x13
 1366 0672 C3060000 		.4byte	0x6c3
 1367 0676 02       		.byte	0x2
 1368 0677 23       		.byte	0x23
 1369 0678 00       		.uleb128 0
 1370 0679 0A       		.uleb128 0xa
 1371 067a 5F6B00   		.ascii	"_k\000"
 1372 067d 08       		.byte	0x8
 1373 067e 32       		.byte	0x32
 1374 067f 07       		.byte	0x7
 1375 0680 51000000 		.4byte	0x51
 1376 0684 02       		.byte	0x2
 1377 0685 23       		.byte	0x23
 1378 0686 04       		.uleb128 0x4
 1379 0687 09       		.uleb128 0x9
 1380 0688 A0230000 		.4byte	.LASF1324
 1381 068c 08       		.byte	0x8
 1382 068d 32       		.byte	0x32
 1383 068e 0B       		.byte	0xb
 1384 068f 51000000 		.4byte	0x51
 1385 0693 02       		.byte	0x2
 1386 0694 23       		.byte	0x23
 1387 0695 08       		.uleb128 0x8
 1388 0696 09       		.uleb128 0x9
 1389 0697 EF900000 		.4byte	.LASF1325
 1390 069b 08       		.byte	0x8
 1391 069c 32       		.byte	0x32
 1392 069d 14       		.byte	0x14
 1393 069e 51000000 		.4byte	0x51
 1394 06a2 02       		.byte	0x2
 1395 06a3 23       		.byte	0x23
 1396 06a4 0C       		.uleb128 0xc
 1397 06a5 09       		.uleb128 0x9
ARM GAS  /var/folders/65/xyhbx3_n6nd_hs7j3p9nfwv80000gn/T//ccFweXAW.s 			page 27


 1398 06a6 A8230000 		.4byte	.LASF1326
 1399 06aa 08       		.byte	0x8
 1400 06ab 32       		.byte	0x32
 1401 06ac 1B       		.byte	0x1b
 1402 06ad 51000000 		.4byte	0x51
 1403 06b1 02       		.byte	0x2
 1404 06b2 23       		.byte	0x23
 1405 06b3 10       		.uleb128 0x10
 1406 06b4 0A       		.uleb128 0xa
 1407 06b5 5F7800   		.ascii	"_x\000"
 1408 06b8 08       		.byte	0x8
 1409 06b9 33       		.byte	0x33
 1410 06ba 0B       		.byte	0xb
 1411 06bb C9060000 		.4byte	0x6c9
 1412 06bf 02       		.byte	0x2
 1413 06c0 23       		.byte	0x23
 1414 06c1 14       		.uleb128 0x14
 1415 06c2 00       		.byte	0
 1416 06c3 0D       		.uleb128 0xd
 1417 06c4 04       		.byte	0x4
 1418 06c5 5D060000 		.4byte	0x65d
 1419 06c9 03       		.uleb128 0x3
 1420 06ca 51060000 		.4byte	0x651
 1421 06ce D9060000 		.4byte	0x6d9
 1422 06d2 04       		.uleb128 0x4
 1423 06d3 4A000000 		.4byte	0x4a
 1424 06d7 00       		.byte	0
 1425 06d8 00       		.byte	0
 1426 06d9 19       		.uleb128 0x19
 1427 06da 561B0000 		.4byte	.LASF1327
 1428 06de 24       		.byte	0x24
 1429 06df 08       		.byte	0x8
 1430 06e0 37       		.byte	0x37
 1431 06e1 08       		.byte	0x8
 1432 06e2 6E070000 		.4byte	0x76e
 1433 06e6 09       		.uleb128 0x9
 1434 06e7 57480000 		.4byte	.LASF1328
 1435 06eb 08       		.byte	0x8
 1436 06ec 39       		.byte	0x39
 1437 06ed 09       		.byte	0x9
 1438 06ee 51000000 		.4byte	0x51
 1439 06f2 02       		.byte	0x2
 1440 06f3 23       		.byte	0x23
 1441 06f4 00       		.uleb128 0
 1442 06f5 09       		.uleb128 0x9
 1443 06f6 9B290000 		.4byte	.LASF1329
 1444 06fa 08       		.byte	0x8
 1445 06fb 3A       		.byte	0x3a
 1446 06fc 09       		.byte	0x9
 1447 06fd 51000000 		.4byte	0x51
 1448 0701 02       		.byte	0x2
 1449 0702 23       		.byte	0x23
 1450 0703 04       		.uleb128 0x4
 1451 0704 09       		.uleb128 0x9
 1452 0705 6B3B0000 		.4byte	.LASF1330
 1453 0709 08       		.byte	0x8
 1454 070a 3B       		.byte	0x3b
ARM GAS  /var/folders/65/xyhbx3_n6nd_hs7j3p9nfwv80000gn/T//ccFweXAW.s 			page 28


 1455 070b 09       		.byte	0x9
 1456 070c 51000000 		.4byte	0x51
 1457 0710 02       		.byte	0x2
 1458 0711 23       		.byte	0x23
 1459 0712 08       		.uleb128 0x8
 1460 0713 09       		.uleb128 0x9
 1461 0714 67400000 		.4byte	.LASF1331
 1462 0718 08       		.byte	0x8
 1463 0719 3C       		.byte	0x3c
 1464 071a 09       		.byte	0x9
 1465 071b 51000000 		.4byte	0x51
 1466 071f 02       		.byte	0x2
 1467 0720 23       		.byte	0x23
 1468 0721 0C       		.uleb128 0xc
 1469 0722 09       		.uleb128 0x9
 1470 0723 C7080000 		.4byte	.LASF1332
 1471 0727 08       		.byte	0x8
 1472 0728 3D       		.byte	0x3d
 1473 0729 09       		.byte	0x9
 1474 072a 51000000 		.4byte	0x51
 1475 072e 02       		.byte	0x2
 1476 072f 23       		.byte	0x23
 1477 0730 10       		.uleb128 0x10
 1478 0731 09       		.uleb128 0x9
 1479 0732 582A0000 		.4byte	.LASF1333
 1480 0736 08       		.byte	0x8
 1481 0737 3E       		.byte	0x3e
 1482 0738 09       		.byte	0x9
 1483 0739 51000000 		.4byte	0x51
 1484 073d 02       		.byte	0x2
 1485 073e 23       		.byte	0x23
 1486 073f 14       		.uleb128 0x14
 1487 0740 09       		.uleb128 0x9
 1488 0741 8F210000 		.4byte	.LASF1334
 1489 0745 08       		.byte	0x8
 1490 0746 3F       		.byte	0x3f
 1491 0747 09       		.byte	0x9
 1492 0748 51000000 		.4byte	0x51
 1493 074c 02       		.byte	0x2
 1494 074d 23       		.byte	0x23
 1495 074e 18       		.uleb128 0x18
 1496 074f 09       		.uleb128 0x9
 1497 0750 E01C0000 		.4byte	.LASF1335
 1498 0754 08       		.byte	0x8
 1499 0755 40       		.byte	0x40
 1500 0756 09       		.byte	0x9
 1501 0757 51000000 		.4byte	0x51
 1502 075b 02       		.byte	0x2
 1503 075c 23       		.byte	0x23
 1504 075d 1C       		.uleb128 0x1c
 1505 075e 09       		.uleb128 0x9
 1506 075f B6210000 		.4byte	.LASF1336
 1507 0763 08       		.byte	0x8
 1508 0764 41       		.byte	0x41
 1509 0765 09       		.byte	0x9
 1510 0766 51000000 		.4byte	0x51
 1511 076a 02       		.byte	0x2
ARM GAS  /var/folders/65/xyhbx3_n6nd_hs7j3p9nfwv80000gn/T//ccFweXAW.s 			page 29


 1512 076b 23       		.byte	0x23
 1513 076c 20       		.uleb128 0x20
 1514 076d 00       		.byte	0
 1515 076e 08       		.uleb128 0x8
 1516 076f D4480000 		.4byte	.LASF1337
 1517 0773 0801     		.2byte	0x108
 1518 0775 08       		.byte	0x8
 1519 0776 4A       		.byte	0x4a
 1520 0777 08       		.byte	0x8
 1521 0778 BC070000 		.4byte	0x7bc
 1522 077c 09       		.uleb128 0x9
 1523 077d 56410000 		.4byte	.LASF1338
 1524 0781 08       		.byte	0x8
 1525 0782 4B       		.byte	0x4b
 1526 0783 0A       		.byte	0xa
 1527 0784 BC070000 		.4byte	0x7bc
 1528 0788 02       		.byte	0x2
 1529 0789 23       		.byte	0x23
 1530 078a 00       		.uleb128 0
 1531 078b 09       		.uleb128 0x9
 1532 078c 9A200000 		.4byte	.LASF1339
 1533 0790 08       		.byte	0x8
 1534 0791 4C       		.byte	0x4c
 1535 0792 09       		.byte	0x9
 1536 0793 BC070000 		.4byte	0x7bc
 1537 0797 03       		.byte	0x3
 1538 0798 23       		.byte	0x23
 1539 0799 8001     		.uleb128 0x80
 1540 079b 09       		.uleb128 0x9
 1541 079c E1080000 		.4byte	.LASF1340
 1542 07a0 08       		.byte	0x8
 1543 07a1 4E       		.byte	0x4e
 1544 07a2 0A       		.byte	0xa
 1545 07a3 51060000 		.4byte	0x651
 1546 07a7 03       		.byte	0x3
 1547 07a8 23       		.byte	0x23
 1548 07a9 8002     		.uleb128 0x100
 1549 07ab 09       		.uleb128 0x9
 1550 07ac C5370000 		.4byte	.LASF1341
 1551 07b0 08       		.byte	0x8
 1552 07b1 51       		.byte	0x51
 1553 07b2 0A       		.byte	0xa
 1554 07b3 51060000 		.4byte	0x651
 1555 07b7 03       		.byte	0x3
 1556 07b8 23       		.byte	0x23
 1557 07b9 8402     		.uleb128 0x104
 1558 07bb 00       		.byte	0
 1559 07bc 03       		.uleb128 0x3
 1560 07bd 74040000 		.4byte	0x474
 1561 07c1 CC070000 		.4byte	0x7cc
 1562 07c5 04       		.uleb128 0x4
 1563 07c6 4A000000 		.4byte	0x4a
 1564 07ca 1F       		.byte	0x1f
 1565 07cb 00       		.byte	0
 1566 07cc 08       		.uleb128 0x8
 1567 07cd 938F0000 		.4byte	.LASF1342
 1568 07d1 9001     		.2byte	0x190
ARM GAS  /var/folders/65/xyhbx3_n6nd_hs7j3p9nfwv80000gn/T//ccFweXAW.s 			page 30


 1569 07d3 08       		.byte	0x8
 1570 07d4 5D       		.byte	0x5d
 1571 07d5 08       		.byte	0x8
 1572 07d6 18080000 		.4byte	0x818
 1573 07da 09       		.uleb128 0x9
 1574 07db 7E430000 		.4byte	.LASF1323
 1575 07df 08       		.byte	0x8
 1576 07e0 5E       		.byte	0x5e
 1577 07e1 12       		.byte	0x12
 1578 07e2 18080000 		.4byte	0x818
 1579 07e6 02       		.byte	0x2
 1580 07e7 23       		.byte	0x23
 1581 07e8 00       		.uleb128 0
 1582 07e9 09       		.uleb128 0x9
 1583 07ea 20090000 		.4byte	.LASF1343
 1584 07ee 08       		.byte	0x8
 1585 07ef 5F       		.byte	0x5f
 1586 07f0 06       		.byte	0x6
 1587 07f1 51000000 		.4byte	0x51
 1588 07f5 02       		.byte	0x2
 1589 07f6 23       		.byte	0x23
 1590 07f7 04       		.uleb128 0x4
 1591 07f8 09       		.uleb128 0x9
 1592 07f9 90750000 		.4byte	.LASF1344
 1593 07fd 08       		.byte	0x8
 1594 07fe 61       		.byte	0x61
 1595 07ff 09       		.byte	0x9
 1596 0800 1E080000 		.4byte	0x81e
 1597 0804 02       		.byte	0x2
 1598 0805 23       		.byte	0x23
 1599 0806 08       		.uleb128 0x8
 1600 0807 09       		.uleb128 0x9
 1601 0808 D4480000 		.4byte	.LASF1337
 1602 080c 08       		.byte	0x8
 1603 080d 62       		.byte	0x62
 1604 080e 1E       		.byte	0x1e
 1605 080f 6E070000 		.4byte	0x76e
 1606 0813 03       		.byte	0x3
 1607 0814 23       		.byte	0x23
 1608 0815 8801     		.uleb128 0x88
 1609 0817 00       		.byte	0
 1610 0818 0D       		.uleb128 0xd
 1611 0819 04       		.byte	0x4
 1612 081a CC070000 		.4byte	0x7cc
 1613 081e 03       		.uleb128 0x3
 1614 081f 2E080000 		.4byte	0x82e
 1615 0823 2E080000 		.4byte	0x82e
 1616 0827 04       		.uleb128 0x4
 1617 0828 4A000000 		.4byte	0x4a
 1618 082c 1F       		.byte	0x1f
 1619 082d 00       		.byte	0
 1620 082e 0D       		.uleb128 0xd
 1621 082f 04       		.byte	0x4
 1622 0830 34080000 		.4byte	0x834
 1623 0834 1A       		.uleb128 0x1a
 1624 0835 01       		.byte	0x1
 1625 0836 19       		.uleb128 0x19
ARM GAS  /var/folders/65/xyhbx3_n6nd_hs7j3p9nfwv80000gn/T//ccFweXAW.s 			page 31


 1626 0837 3D5A0000 		.4byte	.LASF1345
 1627 083b 08       		.byte	0x8
 1628 083c 08       		.byte	0x8
 1629 083d 75       		.byte	0x75
 1630 083e 08       		.byte	0x8
 1631 083f 62080000 		.4byte	0x862
 1632 0843 09       		.uleb128 0x9
 1633 0844 30190000 		.4byte	.LASF1346
 1634 0848 08       		.byte	0x8
 1635 0849 76       		.byte	0x76
 1636 084a 11       		.byte	0x11
 1637 084b 62080000 		.4byte	0x862
 1638 084f 02       		.byte	0x2
 1639 0850 23       		.byte	0x23
 1640 0851 00       		.uleb128 0
 1641 0852 09       		.uleb128 0x9
 1642 0853 65250000 		.4byte	.LASF1347
 1643 0857 08       		.byte	0x8
 1644 0858 77       		.byte	0x77
 1645 0859 06       		.byte	0x6
 1646 085a 51000000 		.4byte	0x51
 1647 085e 02       		.byte	0x2
 1648 085f 23       		.byte	0x23
 1649 0860 04       		.uleb128 0x4
 1650 0861 00       		.byte	0
 1651 0862 0D       		.uleb128 0xd
 1652 0863 04       		.byte	0x4
 1653 0864 42050000 		.4byte	0x542
 1654 0868 19       		.uleb128 0x19
 1655 0869 5D750000 		.4byte	.LASF1348
 1656 086d 68       		.byte	0x68
 1657 086e 08       		.byte	0x8
 1658 086f B5       		.byte	0xb5
 1659 0870 08       		.byte	0x8
 1660 0871 DB090000 		.4byte	0x9db
 1661 0875 0A       		.uleb128 0xa
 1662 0876 5F7000   		.ascii	"_p\000"
 1663 0879 08       		.byte	0x8
 1664 087a B6       		.byte	0xb6
 1665 087b 12       		.byte	0x12
 1666 087c 62080000 		.4byte	0x862
 1667 0880 02       		.byte	0x2
 1668 0881 23       		.byte	0x23
 1669 0882 00       		.uleb128 0
 1670 0883 0A       		.uleb128 0xa
 1671 0884 5F7200   		.ascii	"_r\000"
 1672 0887 08       		.byte	0x8
 1673 0888 B7       		.byte	0xb7
 1674 0889 07       		.byte	0x7
 1675 088a 51000000 		.4byte	0x51
 1676 088e 02       		.byte	0x2
 1677 088f 23       		.byte	0x23
 1678 0890 04       		.uleb128 0x4
 1679 0891 0A       		.uleb128 0xa
 1680 0892 5F7700   		.ascii	"_w\000"
 1681 0895 08       		.byte	0x8
 1682 0896 B8       		.byte	0xb8
ARM GAS  /var/folders/65/xyhbx3_n6nd_hs7j3p9nfwv80000gn/T//ccFweXAW.s 			page 32


 1683 0897 07       		.byte	0x7
 1684 0898 51000000 		.4byte	0x51
 1685 089c 02       		.byte	0x2
 1686 089d 23       		.byte	0x23
 1687 089e 08       		.uleb128 0x8
 1688 089f 09       		.uleb128 0x9
 1689 08a0 9A740000 		.4byte	.LASF1349
 1690 08a4 08       		.byte	0x8
 1691 08a5 B9       		.byte	0xb9
 1692 08a6 09       		.byte	0x9
 1693 08a7 71050000 		.4byte	0x571
 1694 08ab 02       		.byte	0x2
 1695 08ac 23       		.byte	0x23
 1696 08ad 0C       		.uleb128 0xc
 1697 08ae 09       		.uleb128 0x9
 1698 08af 94740000 		.4byte	.LASF1350
 1699 08b3 08       		.byte	0x8
 1700 08b4 BA       		.byte	0xba
 1701 08b5 09       		.byte	0x9
 1702 08b6 71050000 		.4byte	0x571
 1703 08ba 02       		.byte	0x2
 1704 08bb 23       		.byte	0x23
 1705 08bc 0E       		.uleb128 0xe
 1706 08bd 0A       		.uleb128 0xa
 1707 08be 5F626600 		.ascii	"_bf\000"
 1708 08c2 08       		.byte	0x8
 1709 08c3 BB       		.byte	0xbb
 1710 08c4 11       		.byte	0x11
 1711 08c5 36080000 		.4byte	0x836
 1712 08c9 02       		.byte	0x2
 1713 08ca 23       		.byte	0x23
 1714 08cb 10       		.uleb128 0x10
 1715 08cc 09       		.uleb128 0x9
 1716 08cd 3D810000 		.4byte	.LASF1351
 1717 08d1 08       		.byte	0x8
 1718 08d2 BC       		.byte	0xbc
 1719 08d3 07       		.byte	0x7
 1720 08d4 51000000 		.4byte	0x51
 1721 08d8 02       		.byte	0x2
 1722 08d9 23       		.byte	0x23
 1723 08da 18       		.uleb128 0x18
 1724 08db 09       		.uleb128 0x9
 1725 08dc 30440000 		.4byte	.LASF1352
 1726 08e0 08       		.byte	0x8
 1727 08e1 C3       		.byte	0xc3
 1728 08e2 0A       		.byte	0xa
 1729 08e3 74040000 		.4byte	0x474
 1730 08e7 02       		.byte	0x2
 1731 08e8 23       		.byte	0x23
 1732 08e9 1C       		.uleb128 0x1c
 1733 08ea 09       		.uleb128 0x9
 1734 08eb 0F950000 		.4byte	.LASF1353
 1735 08ef 08       		.byte	0x8
 1736 08f0 C5       		.byte	0xc5
 1737 08f1 1D       		.byte	0x1d
 1738 08f2 800B0000 		.4byte	0xb80
 1739 08f6 02       		.byte	0x2
ARM GAS  /var/folders/65/xyhbx3_n6nd_hs7j3p9nfwv80000gn/T//ccFweXAW.s 			page 33


 1740 08f7 23       		.byte	0x23
 1741 08f8 20       		.uleb128 0x20
 1742 08f9 09       		.uleb128 0x9
 1743 08fa 91260000 		.4byte	.LASF1354
 1744 08fe 08       		.byte	0x8
 1745 08ff C7       		.byte	0xc7
 1746 0900 1D       		.byte	0x1d
 1747 0901 A50B0000 		.4byte	0xba5
 1748 0905 02       		.byte	0x2
 1749 0906 23       		.byte	0x23
 1750 0907 24       		.uleb128 0x24
 1751 0908 09       		.uleb128 0x9
 1752 0909 207B0000 		.4byte	.LASF1355
 1753 090d 08       		.byte	0x8
 1754 090e CA       		.byte	0xca
 1755 090f 0D       		.byte	0xd
 1756 0910 CA0B0000 		.4byte	0xbca
 1757 0914 02       		.byte	0x2
 1758 0915 23       		.byte	0x23
 1759 0916 28       		.uleb128 0x28
 1760 0917 09       		.uleb128 0x9
 1761 0918 7B6A0000 		.4byte	.LASF1356
 1762 091c 08       		.byte	0x8
 1763 091d CB       		.byte	0xcb
 1764 091e 09       		.byte	0x9
 1765 091f E50B0000 		.4byte	0xbe5
 1766 0923 02       		.byte	0x2
 1767 0924 23       		.byte	0x23
 1768 0925 2C       		.uleb128 0x2c
 1769 0926 0A       		.uleb128 0xa
 1770 0927 5F756200 		.ascii	"_ub\000"
 1771 092b 08       		.byte	0x8
 1772 092c CE       		.byte	0xce
 1773 092d 11       		.byte	0x11
 1774 092e 36080000 		.4byte	0x836
 1775 0932 02       		.byte	0x2
 1776 0933 23       		.byte	0x23
 1777 0934 30       		.uleb128 0x30
 1778 0935 0A       		.uleb128 0xa
 1779 0936 5F757000 		.ascii	"_up\000"
 1780 093a 08       		.byte	0x8
 1781 093b CF       		.byte	0xcf
 1782 093c 12       		.byte	0x12
 1783 093d 62080000 		.4byte	0x862
 1784 0941 02       		.byte	0x2
 1785 0942 23       		.byte	0x23
 1786 0943 38       		.uleb128 0x38
 1787 0944 0A       		.uleb128 0xa
 1788 0945 5F757200 		.ascii	"_ur\000"
 1789 0949 08       		.byte	0x8
 1790 094a D0       		.byte	0xd0
 1791 094b 07       		.byte	0x7
 1792 094c 51000000 		.4byte	0x51
 1793 0950 02       		.byte	0x2
 1794 0951 23       		.byte	0x23
 1795 0952 3C       		.uleb128 0x3c
 1796 0953 09       		.uleb128 0x9
ARM GAS  /var/folders/65/xyhbx3_n6nd_hs7j3p9nfwv80000gn/T//ccFweXAW.s 			page 34


 1797 0954 9F030000 		.4byte	.LASF1357
 1798 0958 08       		.byte	0x8
 1799 0959 D3       		.byte	0xd3
 1800 095a 11       		.byte	0x11
 1801 095b EB0B0000 		.4byte	0xbeb
 1802 095f 02       		.byte	0x2
 1803 0960 23       		.byte	0x23
 1804 0961 40       		.uleb128 0x40
 1805 0962 09       		.uleb128 0x9
 1806 0963 5B0D0000 		.4byte	.LASF1358
 1807 0967 08       		.byte	0x8
 1808 0968 D4       		.byte	0xd4
 1809 0969 11       		.byte	0x11
 1810 096a FB0B0000 		.4byte	0xbfb
 1811 096e 02       		.byte	0x2
 1812 096f 23       		.byte	0x23
 1813 0970 43       		.uleb128 0x43
 1814 0971 0A       		.uleb128 0xa
 1815 0972 5F6C6200 		.ascii	"_lb\000"
 1816 0976 08       		.byte	0x8
 1817 0977 D7       		.byte	0xd7
 1818 0978 11       		.byte	0x11
 1819 0979 36080000 		.4byte	0x836
 1820 097d 02       		.byte	0x2
 1821 097e 23       		.byte	0x23
 1822 097f 44       		.uleb128 0x44
 1823 0980 09       		.uleb128 0x9
 1824 0981 DA710000 		.4byte	.LASF1359
 1825 0985 08       		.byte	0x8
 1826 0986 DA       		.byte	0xda
 1827 0987 07       		.byte	0x7
 1828 0988 51000000 		.4byte	0x51
 1829 098c 02       		.byte	0x2
 1830 098d 23       		.byte	0x23
 1831 098e 4C       		.uleb128 0x4c
 1832 098f 09       		.uleb128 0x9
 1833 0990 28590000 		.4byte	.LASF1360
 1834 0994 08       		.byte	0x8
 1835 0995 DB       		.byte	0xdb
 1836 0996 0A       		.byte	0xa
 1837 0997 BA050000 		.4byte	0x5ba
 1838 099b 02       		.byte	0x2
 1839 099c 23       		.byte	0x23
 1840 099d 50       		.uleb128 0x50
 1841 099e 09       		.uleb128 0x9
 1842 099f 46160000 		.4byte	.LASF1361
 1843 09a3 08       		.byte	0x8
 1844 09a4 DE       		.byte	0xde
 1845 09a5 12       		.byte	0x12
 1846 09a6 FA090000 		.4byte	0x9fa
 1847 09aa 02       		.byte	0x2
 1848 09ab 23       		.byte	0x23
 1849 09ac 54       		.uleb128 0x54
 1850 09ad 09       		.uleb128 0x9
 1851 09ae 550D0000 		.4byte	.LASF1362
 1852 09b2 08       		.byte	0x8
 1853 09b3 E2       		.byte	0xe2
ARM GAS  /var/folders/65/xyhbx3_n6nd_hs7j3p9nfwv80000gn/T//ccFweXAW.s 			page 35


 1854 09b4 0C       		.byte	0xc
 1855 09b5 45060000 		.4byte	0x645
 1856 09b9 02       		.byte	0x2
 1857 09ba 23       		.byte	0x23
 1858 09bb 58       		.uleb128 0x58
 1859 09bc 09       		.uleb128 0x9
 1860 09bd A94D0000 		.4byte	.LASF1363
 1861 09c1 08       		.byte	0x8
 1862 09c2 E4       		.byte	0xe4
 1863 09c3 0E       		.byte	0xe
 1864 09c4 39060000 		.4byte	0x639
 1865 09c8 02       		.byte	0x2
 1866 09c9 23       		.byte	0x23
 1867 09ca 5C       		.uleb128 0x5c
 1868 09cb 09       		.uleb128 0x9
 1869 09cc F58A0000 		.4byte	.LASF1364
 1870 09d0 08       		.byte	0x8
 1871 09d1 E5       		.byte	0xe5
 1872 09d2 09       		.byte	0x9
 1873 09d3 51000000 		.4byte	0x51
 1874 09d7 02       		.byte	0x2
 1875 09d8 23       		.byte	0x23
 1876 09d9 64       		.uleb128 0x64
 1877 09da 00       		.byte	0
 1878 09db 0E       		.uleb128 0xe
 1879 09dc 01       		.byte	0x1
 1880 09dd 51000000 		.4byte	0x51
 1881 09e1 FA090000 		.4byte	0x9fa
 1882 09e5 0F       		.uleb128 0xf
 1883 09e6 FA090000 		.4byte	0x9fa
 1884 09ea 0F       		.uleb128 0xf
 1885 09eb 74040000 		.4byte	0x474
 1886 09ef 0F       		.uleb128 0xf
 1887 09f0 7A0B0000 		.4byte	0xb7a
 1888 09f4 0F       		.uleb128 0xf
 1889 09f5 51000000 		.4byte	0x51
 1890 09f9 00       		.byte	0
 1891 09fa 0D       		.uleb128 0xd
 1892 09fb 04       		.byte	0x4
 1893 09fc 050A0000 		.4byte	0xa05
 1894 0a00 12       		.uleb128 0x12
 1895 0a01 FA090000 		.4byte	0x9fa
 1896 0a05 1B       		.uleb128 0x1b
 1897 0a06 52910000 		.4byte	.LASF1365
 1898 0a0a 2804     		.2byte	0x428
 1899 0a0c 08       		.byte	0x8
 1900 0a0d 6002     		.2byte	0x260
 1901 0a0f 08       		.byte	0x8
 1902 0a10 7A0B0000 		.4byte	0xb7a
 1903 0a14 0C       		.uleb128 0xc
 1904 0a15 F63F0000 		.4byte	.LASF1366
 1905 0a19 08       		.byte	0x8
 1906 0a1a 6202     		.2byte	0x262
 1907 0a1c 07       		.byte	0x7
 1908 0a1d 51000000 		.4byte	0x51
 1909 0a21 02       		.byte	0x2
 1910 0a22 23       		.byte	0x23
ARM GAS  /var/folders/65/xyhbx3_n6nd_hs7j3p9nfwv80000gn/T//ccFweXAW.s 			page 36


 1911 0a23 00       		.uleb128 0
 1912 0a24 0C       		.uleb128 0xc
 1913 0a25 FA300000 		.4byte	.LASF1367
 1914 0a29 08       		.byte	0x8
 1915 0a2a 6702     		.2byte	0x267
 1916 0a2c 0B       		.byte	0xb
 1917 0a2d 5D0C0000 		.4byte	0xc5d
 1918 0a31 02       		.byte	0x2
 1919 0a32 23       		.byte	0x23
 1920 0a33 04       		.uleb128 0x4
 1921 0a34 0C       		.uleb128 0xc
 1922 0a35 657B0000 		.4byte	.LASF1368
 1923 0a39 08       		.byte	0x8
 1924 0a3a 6702     		.2byte	0x267
 1925 0a3c 14       		.byte	0x14
 1926 0a3d 5D0C0000 		.4byte	0xc5d
 1927 0a41 02       		.byte	0x2
 1928 0a42 23       		.byte	0x23
 1929 0a43 08       		.uleb128 0x8
 1930 0a44 0C       		.uleb128 0xc
 1931 0a45 68200000 		.4byte	.LASF1369
 1932 0a49 08       		.byte	0x8
 1933 0a4a 6702     		.2byte	0x267
 1934 0a4c 1E       		.byte	0x1e
 1935 0a4d 5D0C0000 		.4byte	0xc5d
 1936 0a51 02       		.byte	0x2
 1937 0a52 23       		.byte	0x23
 1938 0a53 0C       		.uleb128 0xc
 1939 0a54 0C       		.uleb128 0xc
 1940 0a55 1B090000 		.4byte	.LASF1370
 1941 0a59 08       		.byte	0x8
 1942 0a5a 6902     		.2byte	0x269
 1943 0a5c 08       		.byte	0x8
 1944 0a5d 51000000 		.4byte	0x51
 1945 0a61 02       		.byte	0x2
 1946 0a62 23       		.byte	0x23
 1947 0a63 10       		.uleb128 0x10
 1948 0a64 0C       		.uleb128 0xc
 1949 0a65 27630000 		.4byte	.LASF1371
 1950 0a69 08       		.byte	0x8
 1951 0a6a 6A02     		.2byte	0x26a
 1952 0a6c 08       		.byte	0x8
 1953 0a6d 960E0000 		.4byte	0xe96
 1954 0a71 02       		.byte	0x2
 1955 0a72 23       		.byte	0x23
 1956 0a73 14       		.uleb128 0x14
 1957 0a74 0C       		.uleb128 0xc
 1958 0a75 63840000 		.4byte	.LASF1372
 1959 0a79 08       		.byte	0x8
 1960 0a7a 6D02     		.2byte	0x26d
 1961 0a7c 07       		.byte	0x7
 1962 0a7d 51000000 		.4byte	0x51
 1963 0a81 02       		.byte	0x2
 1964 0a82 23       		.byte	0x23
 1965 0a83 30       		.uleb128 0x30
 1966 0a84 0C       		.uleb128 0xc
 1967 0a85 298C0000 		.4byte	.LASF1373
ARM GAS  /var/folders/65/xyhbx3_n6nd_hs7j3p9nfwv80000gn/T//ccFweXAW.s 			page 37


 1968 0a89 08       		.byte	0x8
 1969 0a8a 6E02     		.2byte	0x26e
 1970 0a8c 16       		.byte	0x16
 1971 0a8d AC0E0000 		.4byte	0xeac
 1972 0a91 02       		.byte	0x2
 1973 0a92 23       		.byte	0x23
 1974 0a93 34       		.uleb128 0x34
 1975 0a94 0C       		.uleb128 0xc
 1976 0a95 C6850000 		.4byte	.LASF1374
 1977 0a99 08       		.byte	0x8
 1978 0a9a 7002     		.2byte	0x270
 1979 0a9c 07       		.byte	0x7
 1980 0a9d 51000000 		.4byte	0x51
 1981 0aa1 02       		.byte	0x2
 1982 0aa2 23       		.byte	0x23
 1983 0aa3 38       		.uleb128 0x38
 1984 0aa4 0C       		.uleb128 0xc
 1985 0aa5 FF720000 		.4byte	.LASF1375
 1986 0aa9 08       		.byte	0x8
 1987 0aaa 7202     		.2byte	0x272
 1988 0aac 0A       		.byte	0xa
 1989 0aad BE0E0000 		.4byte	0xebe
 1990 0ab1 02       		.byte	0x2
 1991 0ab2 23       		.byte	0x23
 1992 0ab3 3C       		.uleb128 0x3c
 1993 0ab4 0C       		.uleb128 0xc
 1994 0ab5 7F200000 		.4byte	.LASF1376
 1995 0ab9 08       		.byte	0x8
 1996 0aba 7502     		.2byte	0x275
 1997 0abc 13       		.byte	0x13
 1998 0abd C3060000 		.4byte	0x6c3
 1999 0ac1 02       		.byte	0x2
 2000 0ac2 23       		.byte	0x23
 2001 0ac3 40       		.uleb128 0x40
 2002 0ac4 0C       		.uleb128 0xc
 2003 0ac5 44200000 		.4byte	.LASF1377
 2004 0ac9 08       		.byte	0x8
 2005 0aca 7602     		.2byte	0x276
 2006 0acc 07       		.byte	0x7
 2007 0acd 51000000 		.4byte	0x51
 2008 0ad1 02       		.byte	0x2
 2009 0ad2 23       		.byte	0x23
 2010 0ad3 44       		.uleb128 0x44
 2011 0ad4 0C       		.uleb128 0xc
 2012 0ad5 F87A0000 		.4byte	.LASF1378
 2013 0ad9 08       		.byte	0x8
 2014 0ada 7702     		.2byte	0x277
 2015 0adc 13       		.byte	0x13
 2016 0add C3060000 		.4byte	0x6c3
 2017 0ae1 02       		.byte	0x2
 2018 0ae2 23       		.byte	0x23
 2019 0ae3 48       		.uleb128 0x48
 2020 0ae4 0C       		.uleb128 0xc
 2021 0ae5 D6570000 		.4byte	.LASF1379
 2022 0ae9 08       		.byte	0x8
 2023 0aea 7802     		.2byte	0x278
 2024 0aec 14       		.byte	0x14
ARM GAS  /var/folders/65/xyhbx3_n6nd_hs7j3p9nfwv80000gn/T//ccFweXAW.s 			page 38


 2025 0aed C40E0000 		.4byte	0xec4
 2026 0af1 02       		.byte	0x2
 2027 0af2 23       		.byte	0x23
 2028 0af3 4C       		.uleb128 0x4c
 2029 0af4 0C       		.uleb128 0xc
 2030 0af5 830B0000 		.4byte	.LASF1380
 2031 0af9 08       		.byte	0x8
 2032 0afa 7B02     		.2byte	0x27b
 2033 0afc 07       		.byte	0x7
 2034 0afd 51000000 		.4byte	0x51
 2035 0b01 02       		.byte	0x2
 2036 0b02 23       		.byte	0x23
 2037 0b03 50       		.uleb128 0x50
 2038 0b04 0C       		.uleb128 0xc
 2039 0b05 2A390000 		.4byte	.LASF1381
 2040 0b09 08       		.byte	0x8
 2041 0b0a 7C02     		.2byte	0x27c
 2042 0b0c 09       		.byte	0x9
 2043 0b0d 7A0B0000 		.4byte	0xb7a
 2044 0b11 02       		.byte	0x2
 2045 0b12 23       		.byte	0x23
 2046 0b13 54       		.uleb128 0x54
 2047 0b14 0C       		.uleb128 0xc
 2048 0b15 813C0000 		.4byte	.LASF1382
 2049 0b19 08       		.byte	0x8
 2050 0b1a 9F02     		.2byte	0x29f
 2051 0b1c 07       		.byte	0x7
 2052 0b1d 710E0000 		.4byte	0xe71
 2053 0b21 02       		.byte	0x2
 2054 0b22 23       		.byte	0x23
 2055 0b23 58       		.uleb128 0x58
 2056 0b24 0C       		.uleb128 0xc
 2057 0b25 938F0000 		.4byte	.LASF1342
 2058 0b29 08       		.byte	0x8
 2059 0b2a A302     		.2byte	0x2a3
 2060 0b2c 13       		.byte	0x13
 2061 0b2d 18080000 		.4byte	0x818
 2062 0b31 03       		.byte	0x3
 2063 0b32 23       		.byte	0x23
 2064 0b33 C802     		.uleb128 0x148
 2065 0b35 0C       		.uleb128 0xc
 2066 0b36 F56D0000 		.4byte	.LASF1383
 2067 0b3a 08       		.byte	0x8
 2068 0b3b A402     		.2byte	0x2a4
 2069 0b3d 12       		.byte	0x12
 2070 0b3e CC070000 		.4byte	0x7cc
 2071 0b42 03       		.byte	0x3
 2072 0b43 23       		.byte	0x23
 2073 0b44 CC02     		.uleb128 0x14c
 2074 0b46 0C       		.uleb128 0xc
 2075 0b47 AE0B0000 		.4byte	.LASF1384
 2076 0b4b 08       		.byte	0x8
 2077 0b4c A802     		.2byte	0x2a8
 2078 0b4e 0C       		.byte	0xc
 2079 0b4f D60E0000 		.4byte	0xed6
 2080 0b53 03       		.byte	0x3
 2081 0b54 23       		.byte	0x23
ARM GAS  /var/folders/65/xyhbx3_n6nd_hs7j3p9nfwv80000gn/T//ccFweXAW.s 			page 39


 2082 0b55 DC05     		.uleb128 0x2dc
 2083 0b57 0C       		.uleb128 0xc
 2084 0b58 D9720000 		.4byte	.LASF1385
 2085 0b5c 08       		.byte	0x8
 2086 0b5d AD02     		.2byte	0x2ad
 2087 0b5f 10       		.byte	0x10
 2088 0b60 180C0000 		.4byte	0xc18
 2089 0b64 03       		.byte	0x3
 2090 0b65 23       		.byte	0x23
 2091 0b66 E005     		.uleb128 0x2e0
 2092 0b68 0C       		.uleb128 0xc
 2093 0b69 F6180000 		.4byte	.LASF1386
 2094 0b6d 08       		.byte	0x8
 2095 0b6e AF02     		.2byte	0x2af
 2096 0b70 0A       		.byte	0xa
 2097 0b71 E20E0000 		.4byte	0xee2
 2098 0b75 03       		.byte	0x3
 2099 0b76 23       		.byte	0x23
 2100 0b77 EC05     		.uleb128 0x2ec
 2101 0b79 00       		.byte	0
 2102 0b7a 0D       		.uleb128 0xd
 2103 0b7b 04       		.byte	0x4
 2104 0b7c FB040000 		.4byte	0x4fb
 2105 0b80 0D       		.uleb128 0xd
 2106 0b81 04       		.byte	0x4
 2107 0b82 DB090000 		.4byte	0x9db
 2108 0b86 0E       		.uleb128 0xe
 2109 0b87 01       		.byte	0x1
 2110 0b88 51000000 		.4byte	0x51
 2111 0b8c A50B0000 		.4byte	0xba5
 2112 0b90 0F       		.uleb128 0xf
 2113 0b91 FA090000 		.4byte	0x9fa
 2114 0b95 0F       		.uleb128 0xf
 2115 0b96 74040000 		.4byte	0x474
 2116 0b9a 0F       		.uleb128 0xf
 2117 0b9b F5040000 		.4byte	0x4f5
 2118 0b9f 0F       		.uleb128 0xf
 2119 0ba0 51000000 		.4byte	0x51
 2120 0ba4 00       		.byte	0
 2121 0ba5 0D       		.uleb128 0xd
 2122 0ba6 04       		.byte	0x4
 2123 0ba7 860B0000 		.4byte	0xb86
 2124 0bab 0E       		.uleb128 0xe
 2125 0bac 01       		.byte	0x1
 2126 0bad C6050000 		.4byte	0x5c6
 2127 0bb1 CA0B0000 		.4byte	0xbca
 2128 0bb5 0F       		.uleb128 0xf
 2129 0bb6 FA090000 		.4byte	0x9fa
 2130 0bba 0F       		.uleb128 0xf
 2131 0bbb 74040000 		.4byte	0x474
 2132 0bbf 0F       		.uleb128 0xf
 2133 0bc0 C6050000 		.4byte	0x5c6
 2134 0bc4 0F       		.uleb128 0xf
 2135 0bc5 51000000 		.4byte	0x51
 2136 0bc9 00       		.byte	0
 2137 0bca 0D       		.uleb128 0xd
 2138 0bcb 04       		.byte	0x4
ARM GAS  /var/folders/65/xyhbx3_n6nd_hs7j3p9nfwv80000gn/T//ccFweXAW.s 			page 40


 2139 0bcc AB0B0000 		.4byte	0xbab
 2140 0bd0 0E       		.uleb128 0xe
 2141 0bd1 01       		.byte	0x1
 2142 0bd2 51000000 		.4byte	0x51
 2143 0bd6 E50B0000 		.4byte	0xbe5
 2144 0bda 0F       		.uleb128 0xf
 2145 0bdb FA090000 		.4byte	0x9fa
 2146 0bdf 0F       		.uleb128 0xf
 2147 0be0 74040000 		.4byte	0x474
 2148 0be4 00       		.byte	0
 2149 0be5 0D       		.uleb128 0xd
 2150 0be6 04       		.byte	0x4
 2151 0be7 D00B0000 		.4byte	0xbd0
 2152 0beb 03       		.uleb128 0x3
 2153 0bec 42050000 		.4byte	0x542
 2154 0bf0 FB0B0000 		.4byte	0xbfb
 2155 0bf4 04       		.uleb128 0x4
 2156 0bf5 4A000000 		.4byte	0x4a
 2157 0bf9 02       		.byte	0x2
 2158 0bfa 00       		.byte	0
 2159 0bfb 03       		.uleb128 0x3
 2160 0bfc 42050000 		.4byte	0x542
 2161 0c00 0B0C0000 		.4byte	0xc0b
 2162 0c04 04       		.uleb128 0x4
 2163 0c05 4A000000 		.4byte	0x4a
 2164 0c09 00       		.byte	0
 2165 0c0a 00       		.byte	0
 2166 0c0b 02       		.uleb128 0x2
 2167 0c0c 24760000 		.4byte	.LASF1387
 2168 0c10 08       		.byte	0x8
 2169 0c11 1F01     		.2byte	0x11f
 2170 0c13 1A       		.byte	0x1a
 2171 0c14 68080000 		.4byte	0x868
 2172 0c18 1C       		.uleb128 0x1c
 2173 0c19 156B0000 		.4byte	.LASF1388
 2174 0c1d 0C       		.byte	0xc
 2175 0c1e 08       		.byte	0x8
 2176 0c1f 2301     		.2byte	0x123
 2177 0c21 08       		.byte	0x8
 2178 0c22 570C0000 		.4byte	0xc57
 2179 0c26 0C       		.uleb128 0xc
 2180 0c27 7E430000 		.4byte	.LASF1323
 2181 0c2b 08       		.byte	0x8
 2182 0c2c 2501     		.2byte	0x125
 2183 0c2e 11       		.byte	0x11
 2184 0c2f 570C0000 		.4byte	0xc57
 2185 0c33 02       		.byte	0x2
 2186 0c34 23       		.byte	0x23
 2187 0c35 00       		.uleb128 0
 2188 0c36 0C       		.uleb128 0xc
 2189 0c37 4A3D0000 		.4byte	.LASF1389
 2190 0c3b 08       		.byte	0x8
 2191 0c3c 2601     		.2byte	0x126
 2192 0c3e 07       		.byte	0x7
 2193 0c3f 51000000 		.4byte	0x51
 2194 0c43 02       		.byte	0x2
 2195 0c44 23       		.byte	0x23
ARM GAS  /var/folders/65/xyhbx3_n6nd_hs7j3p9nfwv80000gn/T//ccFweXAW.s 			page 41


 2196 0c45 04       		.uleb128 0x4
 2197 0c46 0C       		.uleb128 0xc
 2198 0c47 21630000 		.4byte	.LASF1390
 2199 0c4b 08       		.byte	0x8
 2200 0c4c 2701     		.2byte	0x127
 2201 0c4e 0B       		.byte	0xb
 2202 0c4f 5D0C0000 		.4byte	0xc5d
 2203 0c53 02       		.byte	0x2
 2204 0c54 23       		.byte	0x23
 2205 0c55 08       		.uleb128 0x8
 2206 0c56 00       		.byte	0
 2207 0c57 0D       		.uleb128 0xd
 2208 0c58 04       		.byte	0x4
 2209 0c59 180C0000 		.4byte	0xc18
 2210 0c5d 0D       		.uleb128 0xd
 2211 0c5e 04       		.byte	0x4
 2212 0c5f 0B0C0000 		.4byte	0xc0b
 2213 0c63 1C       		.uleb128 0x1c
 2214 0c64 68950000 		.4byte	.LASF1391
 2215 0c68 0E       		.byte	0xe
 2216 0c69 08       		.byte	0x8
 2217 0c6a 3F01     		.2byte	0x13f
 2218 0c6c 08       		.byte	0x8
 2219 0c6d A20C0000 		.4byte	0xca2
 2220 0c71 0C       		.uleb128 0xc
 2221 0c72 4A520000 		.4byte	.LASF1392
 2222 0c76 08       		.byte	0x8
 2223 0c77 4001     		.2byte	0x140
 2224 0c79 12       		.byte	0x12
 2225 0c7a A20C0000 		.4byte	0xca2
 2226 0c7e 02       		.byte	0x2
 2227 0c7f 23       		.byte	0x23
 2228 0c80 00       		.uleb128 0
 2229 0c81 0C       		.uleb128 0xc
 2230 0c82 FC2C0000 		.4byte	.LASF1393
 2231 0c86 08       		.byte	0x8
 2232 0c87 4101     		.2byte	0x141
 2233 0c89 12       		.byte	0x12
 2234 0c8a A20C0000 		.4byte	0xca2
 2235 0c8e 02       		.byte	0x2
 2236 0c8f 23       		.byte	0x23
 2237 0c90 06       		.uleb128 0x6
 2238 0c91 0C       		.uleb128 0xc
 2239 0c92 87080000 		.4byte	.LASF1394
 2240 0c96 08       		.byte	0x8
 2241 0c97 4201     		.2byte	0x142
 2242 0c99 12       		.byte	0x12
 2243 0c9a 78050000 		.4byte	0x578
 2244 0c9e 02       		.byte	0x2
 2245 0c9f 23       		.byte	0x23
 2246 0ca0 0C       		.uleb128 0xc
 2247 0ca1 00       		.byte	0
 2248 0ca2 03       		.uleb128 0x3
 2249 0ca3 78050000 		.4byte	0x578
 2250 0ca7 B20C0000 		.4byte	0xcb2
 2251 0cab 04       		.uleb128 0x4
 2252 0cac 4A000000 		.4byte	0x4a
ARM GAS  /var/folders/65/xyhbx3_n6nd_hs7j3p9nfwv80000gn/T//ccFweXAW.s 			page 42


 2253 0cb0 02       		.byte	0x2
 2254 0cb1 00       		.byte	0
 2255 0cb2 1D       		.uleb128 0x1d
 2256 0cb3 D0       		.byte	0xd0
 2257 0cb4 08       		.byte	0x8
 2258 0cb5 8002     		.2byte	0x280
 2259 0cb7 07       		.byte	0x7
 2260 0cb8 F60D0000 		.4byte	0xdf6
 2261 0cbc 0C       		.uleb128 0xc
 2262 0cbd C41E0000 		.4byte	.LASF1395
 2263 0cc1 08       		.byte	0x8
 2264 0cc2 8202     		.2byte	0x282
 2265 0cc4 18       		.byte	0x18
 2266 0cc5 4A000000 		.4byte	0x4a
 2267 0cc9 02       		.byte	0x2
 2268 0cca 23       		.byte	0x23
 2269 0ccb 00       		.uleb128 0
 2270 0ccc 0C       		.uleb128 0xc
 2271 0ccd 7E510000 		.4byte	.LASF1396
 2272 0cd1 08       		.byte	0x8
 2273 0cd2 8302     		.2byte	0x283
 2274 0cd4 12       		.byte	0x12
 2275 0cd5 7A0B0000 		.4byte	0xb7a
 2276 0cd9 02       		.byte	0x2
 2277 0cda 23       		.byte	0x23
 2278 0cdb 04       		.uleb128 0x4
 2279 0cdc 0C       		.uleb128 0xc
 2280 0cdd 895D0000 		.4byte	.LASF1397
 2281 0ce1 08       		.byte	0x8
 2282 0ce2 8402     		.2byte	0x284
 2283 0ce4 10       		.byte	0x10
 2284 0ce5 F60D0000 		.4byte	0xdf6
 2285 0ce9 02       		.byte	0x2
 2286 0cea 23       		.byte	0x23
 2287 0ceb 08       		.uleb128 0x8
 2288 0cec 0C       		.uleb128 0xc
 2289 0ced FA360000 		.4byte	.LASF1398
 2290 0cf1 08       		.byte	0x8
 2291 0cf2 8502     		.2byte	0x285
 2292 0cf4 17       		.byte	0x17
 2293 0cf5 D9060000 		.4byte	0x6d9
 2294 0cf9 02       		.byte	0x2
 2295 0cfa 23       		.byte	0x23
 2296 0cfb 24       		.uleb128 0x24
 2297 0cfc 0C       		.uleb128 0xc
 2298 0cfd 46810000 		.4byte	.LASF1399
 2299 0d01 08       		.byte	0x8
 2300 0d02 8602     		.2byte	0x286
 2301 0d04 0F       		.byte	0xf
 2302 0d05 51000000 		.4byte	0x51
 2303 0d09 02       		.byte	0x2
 2304 0d0a 23       		.byte	0x23
 2305 0d0b 48       		.uleb128 0x48
 2306 0d0c 0C       		.uleb128 0xc
 2307 0d0d 08640000 		.4byte	.LASF1400
 2308 0d11 08       		.byte	0x8
 2309 0d12 8702     		.2byte	0x287
ARM GAS  /var/folders/65/xyhbx3_n6nd_hs7j3p9nfwv80000gn/T//ccFweXAW.s 			page 43


 2310 0d14 2C       		.byte	0x2c
 2311 0d15 94050000 		.4byte	0x594
 2312 0d19 02       		.byte	0x2
 2313 0d1a 23       		.byte	0x23
 2314 0d1b 50       		.uleb128 0x50
 2315 0d1c 0C       		.uleb128 0xc
 2316 0d1d 6A930000 		.4byte	.LASF1401
 2317 0d21 08       		.byte	0x8
 2318 0d22 8802     		.2byte	0x288
 2319 0d24 1A       		.byte	0x1a
 2320 0d25 630C0000 		.4byte	0xc63
 2321 0d29 02       		.byte	0x2
 2322 0d2a 23       		.byte	0x23
 2323 0d2b 58       		.uleb128 0x58
 2324 0d2c 0C       		.uleb128 0xc
 2325 0d2d CC720000 		.4byte	.LASF1402
 2326 0d31 08       		.byte	0x8
 2327 0d32 8902     		.2byte	0x289
 2328 0d34 16       		.byte	0x16
 2329 0d35 39060000 		.4byte	0x639
 2330 0d39 02       		.byte	0x2
 2331 0d3a 23       		.byte	0x23
 2332 0d3b 68       		.uleb128 0x68
 2333 0d3c 0C       		.uleb128 0xc
 2334 0d3d DB190000 		.4byte	.LASF1403
 2335 0d41 08       		.byte	0x8
 2336 0d42 8A02     		.2byte	0x28a
 2337 0d44 16       		.byte	0x16
 2338 0d45 39060000 		.4byte	0x639
 2339 0d49 02       		.byte	0x2
 2340 0d4a 23       		.byte	0x23
 2341 0d4b 70       		.uleb128 0x70
 2342 0d4c 0C       		.uleb128 0xc
 2343 0d4d 5A610000 		.4byte	.LASF1404
 2344 0d51 08       		.byte	0x8
 2345 0d52 8B02     		.2byte	0x28b
 2346 0d54 16       		.byte	0x16
 2347 0d55 39060000 		.4byte	0x639
 2348 0d59 02       		.byte	0x2
 2349 0d5a 23       		.byte	0x23
 2350 0d5b 78       		.uleb128 0x78
 2351 0d5c 0C       		.uleb128 0xc
 2352 0d5d 545A0000 		.4byte	.LASF1405
 2353 0d61 08       		.byte	0x8
 2354 0d62 8C02     		.2byte	0x28c
 2355 0d64 10       		.byte	0x10
 2356 0d65 060E0000 		.4byte	0xe06
 2357 0d69 03       		.byte	0x3
 2358 0d6a 23       		.byte	0x23
 2359 0d6b 8001     		.uleb128 0x80
 2360 0d6d 0C       		.uleb128 0xc
 2361 0d6e FB430000 		.4byte	.LASF1406
 2362 0d72 08       		.byte	0x8
 2363 0d73 8D02     		.2byte	0x28d
 2364 0d75 10       		.byte	0x10
 2365 0d76 160E0000 		.4byte	0xe16
 2366 0d7a 03       		.byte	0x3
ARM GAS  /var/folders/65/xyhbx3_n6nd_hs7j3p9nfwv80000gn/T//ccFweXAW.s 			page 44


 2367 0d7b 23       		.byte	0x23
 2368 0d7c 8801     		.uleb128 0x88
 2369 0d7e 0C       		.uleb128 0xc
 2370 0d7f E26E0000 		.4byte	.LASF1407
 2371 0d83 08       		.byte	0x8
 2372 0d84 8E02     		.2byte	0x28e
 2373 0d86 0F       		.byte	0xf
 2374 0d87 51000000 		.4byte	0x51
 2375 0d8b 03       		.byte	0x3
 2376 0d8c 23       		.byte	0x23
 2377 0d8d A001     		.uleb128 0xa0
 2378 0d8f 0C       		.uleb128 0xc
 2379 0d90 072E0000 		.4byte	.LASF1408
 2380 0d94 08       		.byte	0x8
 2381 0d95 8F02     		.2byte	0x28f
 2382 0d97 16       		.byte	0x16
 2383 0d98 39060000 		.4byte	0x639
 2384 0d9c 03       		.byte	0x3
 2385 0d9d 23       		.byte	0x23
 2386 0d9e A401     		.uleb128 0xa4
 2387 0da0 0C       		.uleb128 0xc
 2388 0da1 9C000000 		.4byte	.LASF1409
 2389 0da5 08       		.byte	0x8
 2390 0da6 9002     		.2byte	0x290
 2391 0da8 16       		.byte	0x16
 2392 0da9 39060000 		.4byte	0x639
 2393 0dad 03       		.byte	0x3
 2394 0dae 23       		.byte	0x23
 2395 0daf AC01     		.uleb128 0xac
 2396 0db1 0C       		.uleb128 0xc
 2397 0db2 8F230000 		.4byte	.LASF1410
 2398 0db6 08       		.byte	0x8
 2399 0db7 9102     		.2byte	0x291
 2400 0db9 16       		.byte	0x16
 2401 0dba 39060000 		.4byte	0x639
 2402 0dbe 03       		.byte	0x3
 2403 0dbf 23       		.byte	0x23
 2404 0dc0 B401     		.uleb128 0xb4
 2405 0dc2 0C       		.uleb128 0xc
 2406 0dc3 3B4A0000 		.4byte	.LASF1411
 2407 0dc7 08       		.byte	0x8
 2408 0dc8 9202     		.2byte	0x292
 2409 0dca 16       		.byte	0x16
 2410 0dcb 39060000 		.4byte	0x639
 2411 0dcf 03       		.byte	0x3
 2412 0dd0 23       		.byte	0x23
 2413 0dd1 BC01     		.uleb128 0xbc
 2414 0dd3 0C       		.uleb128 0xc
 2415 0dd4 675E0000 		.4byte	.LASF1412
 2416 0dd8 08       		.byte	0x8
 2417 0dd9 9302     		.2byte	0x293
 2418 0ddb 16       		.byte	0x16
 2419 0ddc 39060000 		.4byte	0x639
 2420 0de0 03       		.byte	0x3
 2421 0de1 23       		.byte	0x23
 2422 0de2 C401     		.uleb128 0xc4
 2423 0de4 0C       		.uleb128 0xc
ARM GAS  /var/folders/65/xyhbx3_n6nd_hs7j3p9nfwv80000gn/T//ccFweXAW.s 			page 45


 2424 0de5 2B760000 		.4byte	.LASF1413
 2425 0de9 08       		.byte	0x8
 2426 0dea 9402     		.2byte	0x294
 2427 0dec 08       		.byte	0x8
 2428 0ded 51000000 		.4byte	0x51
 2429 0df1 03       		.byte	0x3
 2430 0df2 23       		.byte	0x23
 2431 0df3 CC01     		.uleb128 0xcc
 2432 0df5 00       		.byte	0
 2433 0df6 03       		.uleb128 0x3
 2434 0df7 FB040000 		.4byte	0x4fb
 2435 0dfb 060E0000 		.4byte	0xe06
 2436 0dff 04       		.uleb128 0x4
 2437 0e00 4A000000 		.4byte	0x4a
 2438 0e04 19       		.byte	0x19
 2439 0e05 00       		.byte	0
 2440 0e06 03       		.uleb128 0x3
 2441 0e07 FB040000 		.4byte	0x4fb
 2442 0e0b 160E0000 		.4byte	0xe16
 2443 0e0f 04       		.uleb128 0x4
 2444 0e10 4A000000 		.4byte	0x4a
 2445 0e14 07       		.byte	0x7
 2446 0e15 00       		.byte	0
 2447 0e16 03       		.uleb128 0x3
 2448 0e17 FB040000 		.4byte	0x4fb
 2449 0e1b 260E0000 		.4byte	0xe26
 2450 0e1f 04       		.uleb128 0x4
 2451 0e20 4A000000 		.4byte	0x4a
 2452 0e24 17       		.byte	0x17
 2453 0e25 00       		.byte	0
 2454 0e26 1D       		.uleb128 0x1d
 2455 0e27 F0       		.byte	0xf0
 2456 0e28 08       		.byte	0x8
 2457 0e29 9902     		.2byte	0x299
 2458 0e2b 07       		.byte	0x7
 2459 0e2c 510E0000 		.4byte	0xe51
 2460 0e30 0C       		.uleb128 0xc
 2461 0e31 F2630000 		.4byte	.LASF1414
 2462 0e35 08       		.byte	0x8
 2463 0e36 9C02     		.2byte	0x29c
 2464 0e38 1B       		.byte	0x1b
 2465 0e39 510E0000 		.4byte	0xe51
 2466 0e3d 02       		.byte	0x2
 2467 0e3e 23       		.byte	0x23
 2468 0e3f 00       		.uleb128 0
 2469 0e40 0C       		.uleb128 0xc
 2470 0e41 45310000 		.4byte	.LASF1415
 2471 0e45 08       		.byte	0x8
 2472 0e46 9D02     		.2byte	0x29d
 2473 0e48 18       		.byte	0x18
 2474 0e49 610E0000 		.4byte	0xe61
 2475 0e4d 02       		.byte	0x2
 2476 0e4e 23       		.byte	0x23
 2477 0e4f 78       		.uleb128 0x78
 2478 0e50 00       		.byte	0
 2479 0e51 03       		.uleb128 0x3
 2480 0e52 62080000 		.4byte	0x862
ARM GAS  /var/folders/65/xyhbx3_n6nd_hs7j3p9nfwv80000gn/T//ccFweXAW.s 			page 46


 2481 0e56 610E0000 		.4byte	0xe61
 2482 0e5a 04       		.uleb128 0x4
 2483 0e5b 4A000000 		.4byte	0x4a
 2484 0e5f 1D       		.byte	0x1d
 2485 0e60 00       		.byte	0
 2486 0e61 03       		.uleb128 0x3
 2487 0e62 4A000000 		.4byte	0x4a
 2488 0e66 710E0000 		.4byte	0xe71
 2489 0e6a 04       		.uleb128 0x4
 2490 0e6b 4A000000 		.4byte	0x4a
 2491 0e6f 1D       		.byte	0x1d
 2492 0e70 00       		.byte	0
 2493 0e71 1E       		.uleb128 0x1e
 2494 0e72 F0       		.byte	0xf0
 2495 0e73 08       		.byte	0x8
 2496 0e74 7E02     		.2byte	0x27e
 2497 0e76 03       		.byte	0x3
 2498 0e77 960E0000 		.4byte	0xe96
 2499 0e7b 1F       		.uleb128 0x1f
 2500 0e7c 52910000 		.4byte	.LASF1365
 2501 0e80 08       		.byte	0x8
 2502 0e81 9502     		.2byte	0x295
 2503 0e83 0B       		.byte	0xb
 2504 0e84 B20C0000 		.4byte	0xcb2
 2505 0e88 1F       		.uleb128 0x1f
 2506 0e89 7A0D0000 		.4byte	.LASF1416
 2507 0e8d 08       		.byte	0x8
 2508 0e8e 9E02     		.2byte	0x29e
 2509 0e90 0B       		.byte	0xb
 2510 0e91 260E0000 		.4byte	0xe26
 2511 0e95 00       		.byte	0
 2512 0e96 03       		.uleb128 0x3
 2513 0e97 FB040000 		.4byte	0x4fb
 2514 0e9b A60E0000 		.4byte	0xea6
 2515 0e9f 04       		.uleb128 0x4
 2516 0ea0 4A000000 		.4byte	0x4a
 2517 0ea4 18       		.byte	0x18
 2518 0ea5 00       		.byte	0
 2519 0ea6 15       		.uleb128 0x15
 2520 0ea7 E1720000 		.4byte	.LASF1418
 2521 0eab 01       		.byte	0x1
 2522 0eac 0D       		.uleb128 0xd
 2523 0ead 04       		.byte	0x4
 2524 0eae A60E0000 		.4byte	0xea6
 2525 0eb2 11       		.uleb128 0x11
 2526 0eb3 01       		.byte	0x1
 2527 0eb4 BE0E0000 		.4byte	0xebe
 2528 0eb8 0F       		.uleb128 0xf
 2529 0eb9 FA090000 		.4byte	0x9fa
 2530 0ebd 00       		.byte	0
 2531 0ebe 0D       		.uleb128 0xd
 2532 0ebf 04       		.byte	0x4
 2533 0ec0 B20E0000 		.4byte	0xeb2
 2534 0ec4 0D       		.uleb128 0xd
 2535 0ec5 04       		.byte	0x4
 2536 0ec6 C3060000 		.4byte	0x6c3
 2537 0eca 11       		.uleb128 0x11
ARM GAS  /var/folders/65/xyhbx3_n6nd_hs7j3p9nfwv80000gn/T//ccFweXAW.s 			page 47


 2538 0ecb 01       		.byte	0x1
 2539 0ecc D60E0000 		.4byte	0xed6
 2540 0ed0 0F       		.uleb128 0xf
 2541 0ed1 51000000 		.4byte	0x51
 2542 0ed5 00       		.byte	0
 2543 0ed6 0D       		.uleb128 0xd
 2544 0ed7 04       		.byte	0x4
 2545 0ed8 DC0E0000 		.4byte	0xedc
 2546 0edc 0D       		.uleb128 0xd
 2547 0edd 04       		.byte	0x4
 2548 0ede CA0E0000 		.4byte	0xeca
 2549 0ee2 03       		.uleb128 0x3
 2550 0ee3 0B0C0000 		.4byte	0xc0b
 2551 0ee7 F20E0000 		.4byte	0xef2
 2552 0eeb 04       		.uleb128 0x4
 2553 0eec 4A000000 		.4byte	0x4a
 2554 0ef0 02       		.byte	0x2
 2555 0ef1 00       		.byte	0
 2556 0ef2 20       		.uleb128 0x20
 2557 0ef3 55710000 		.4byte	.LASF1419
 2558 0ef7 08       		.byte	0x8
 2559 0ef8 2E03     		.2byte	0x32e
 2560 0efa 17       		.byte	0x17
 2561 0efb FA090000 		.4byte	0x9fa
 2562 0eff 01       		.byte	0x1
 2563 0f00 01       		.byte	0x1
 2564 0f01 20       		.uleb128 0x20
 2565 0f02 50840000 		.4byte	.LASF1420
 2566 0f06 08       		.byte	0x8
 2567 0f07 2F03     		.2byte	0x32f
 2568 0f09 1D       		.byte	0x1d
 2569 0f0a 000A0000 		.4byte	0xa00
 2570 0f0e 01       		.byte	0x1
 2571 0f0f 01       		.byte	0x1
 2572 0f10 21       		.uleb128 0x21
 2573 0f11 D5660000 		.4byte	.LASF1421
 2574 0f15 09       		.byte	0x9
 2575 0f16 64       		.byte	0x64
 2576 0f17 0E       		.byte	0xe
 2577 0f18 7A0B0000 		.4byte	0xb7a
 2578 0f1c 01       		.byte	0x1
 2579 0f1d 01       		.byte	0x1
 2580 0f1e 05       		.uleb128 0x5
 2581 0f1f 04       		.byte	0x4
 2582 0f20 04       		.byte	0x4
 2583 0f21 E6230000 		.4byte	.LASF1422
 2584 0f25 05       		.uleb128 0x5
 2585 0f26 08       		.byte	0x8
 2586 0f27 04       		.byte	0x4
 2587 0f28 89750000 		.4byte	.LASF1423
 2588 0f2c 22       		.uleb128 0x22
 2589 0f2d F85E0000 		.4byte	.LASF1481
 2590 0f31 05       		.byte	0x5
 2591 0f32 01       		.byte	0x1
 2592 0f33 6A050000 		.4byte	0x56a
 2593 0f37 0A       		.byte	0xa
 2594 0f38 8202     		.2byte	0x282
ARM GAS  /var/folders/65/xyhbx3_n6nd_hs7j3p9nfwv80000gn/T//ccFweXAW.s 			page 48


 2595 0f3a 06       		.byte	0x6
 2596 0f3b 580F0000 		.4byte	0xf58
 2597 0f3f 23       		.uleb128 0x23
 2598 0f40 83540000 		.4byte	.LASF1424
 2599 0f44 7F       		.sleb128 -1
 2600 0f45 14       		.uleb128 0x14
 2601 0f46 A00B0000 		.4byte	.LASF1425
 2602 0f4a 00       		.byte	0
 2603 0f4b 14       		.uleb128 0x14
 2604 0f4c F9040000 		.4byte	.LASF1426
 2605 0f50 01       		.byte	0x1
 2606 0f51 14       		.uleb128 0x14
 2607 0f52 965D0000 		.4byte	.LASF1427
 2608 0f56 02       		.byte	0x2
 2609 0f57 00       		.byte	0
 2610 0f58 20       		.uleb128 0x20
 2611 0f59 C1210000 		.4byte	.LASF1428
 2612 0f5d 0A       		.byte	0xa
 2613 0f5e 8D02     		.2byte	0x28d
 2614 0f60 23       		.byte	0x23
 2615 0f61 2C0F0000 		.4byte	0xf2c
 2616 0f65 01       		.byte	0x1
 2617 0f66 01       		.byte	0x1
 2618 0f67 07       		.uleb128 0x7
 2619 0f68 42850000 		.4byte	.LASF1429
 2620 0f6c 04       		.byte	0x4
 2621 0f6d 43       		.byte	0x43
 2622 0f6e 18       		.byte	0x18
 2623 0f6f 730F0000 		.4byte	0xf73
 2624 0f73 24       		.uleb128 0x24
 2625 0f74 42850000 		.4byte	.LASF1429
 2626 0f78 10       		.byte	0x10
 2627 0f79 04       		.byte	0x4
 2628 0f7a 5301     		.2byte	0x153
 2629 0f7c 07       		.byte	0x7
 2630 0f7d 980F0000 		.4byte	0xf98
 2631 0f81 25       		.uleb128 0x25
 2632 0f82 7400     		.ascii	"t\000"
 2633 0f84 04       		.byte	0x4
 2634 0f85 5801     		.2byte	0x158
 2635 0f87 04       		.byte	0x4
 2636 0f88 66160000 		.4byte	0x1666
 2637 0f8c 25       		.uleb128 0x25
 2638 0f8d 7500     		.ascii	"u\000"
 2639 0f8f 04       		.byte	0x4
 2640 0f90 6001     		.2byte	0x160
 2641 0f92 04       		.byte	0x4
 2642 0f93 A1160000 		.4byte	0x16a1
 2643 0f97 00       		.byte	0
 2644 0f98 07       		.uleb128 0x7
 2645 0f99 681D0000 		.4byte	.LASF1430
 2646 0f9d 04       		.byte	0x4
 2647 0f9e 44       		.byte	0x44
 2648 0f9f 1A       		.byte	0x1a
 2649 0fa0 A40F0000 		.4byte	0xfa4
 2650 0fa4 1C       		.uleb128 0x1c
 2651 0fa5 681D0000 		.4byte	.LASF1430
ARM GAS  /var/folders/65/xyhbx3_n6nd_hs7j3p9nfwv80000gn/T//ccFweXAW.s 			page 49


 2652 0fa9 0C       		.byte	0xc
 2653 0faa 04       		.byte	0x4
 2654 0fab 6A01     		.2byte	0x16a
 2655 0fad 08       		.byte	0x8
 2656 0fae F30F0000 		.4byte	0xff3
 2657 0fb2 0C       		.uleb128 0xc
 2658 0fb3 F5140000 		.4byte	.LASF1431
 2659 0fb7 04       		.byte	0x4
 2660 0fb8 6C01     		.2byte	0x16c
 2661 0fba 08       		.byte	0x8
 2662 0fbb 74040000 		.4byte	0x474
 2663 0fbf 02       		.byte	0x2
 2664 0fc0 23       		.byte	0x23
 2665 0fc1 00       		.uleb128 0
 2666 0fc2 0C       		.uleb128 0xc
 2667 0fc3 C7140000 		.4byte	.LASF1243
 2668 0fc7 04       		.byte	0x4
 2669 0fc8 6D01     		.2byte	0x16d
 2670 0fca 08       		.byte	0x8
 2671 0fcb 7A0B0000 		.4byte	0xb7a
 2672 0fcf 02       		.byte	0x2
 2673 0fd0 23       		.byte	0x23
 2674 0fd1 04       		.uleb128 0x4
 2675 0fd2 0C       		.uleb128 0xc
 2676 0fd3 CC960000 		.4byte	.LASF1432
 2677 0fd7 04       		.byte	0x4
 2678 0fd8 6E01     		.2byte	0x16e
 2679 0fda 11       		.byte	0x11
 2680 0fdb 78050000 		.4byte	0x578
 2681 0fdf 02       		.byte	0x2
 2682 0fe0 23       		.byte	0x23
 2683 0fe1 08       		.uleb128 0x8
 2684 0fe2 0C       		.uleb128 0xc
 2685 0fe3 8B640000 		.4byte	.LASF1433
 2686 0fe7 04       		.byte	0x4
 2687 0fe8 6F01     		.2byte	0x16f
 2688 0fea 11       		.byte	0x11
 2689 0feb 78050000 		.4byte	0x578
 2690 0fef 02       		.byte	0x2
 2691 0ff0 23       		.byte	0x23
 2692 0ff1 0A       		.uleb128 0xa
 2693 0ff2 00       		.byte	0
 2694 0ff3 07       		.uleb128 0x7
 2695 0ff4 D6930000 		.4byte	.LASF1434
 2696 0ff8 04       		.byte	0x4
 2697 0ff9 45       		.byte	0x45
 2698 0ffa 1A       		.byte	0x1a
 2699 0ffb FF0F0000 		.4byte	0xfff
 2700 0fff 1C       		.uleb128 0x1c
 2701 1000 D6930000 		.4byte	.LASF1434
 2702 1004 40       		.byte	0x40
 2703 1005 04       		.byte	0x4
 2704 1006 7201     		.2byte	0x172
 2705 1008 08       		.byte	0x8
 2706 1009 9C100000 		.4byte	0x109c
 2707 100d 0C       		.uleb128 0xc
 2708 100e 631D0000 		.4byte	.LASF1435
ARM GAS  /var/folders/65/xyhbx3_n6nd_hs7j3p9nfwv80000gn/T//ccFweXAW.s 			page 50


 2709 1012 04       		.byte	0x4
 2710 1013 7401     		.2byte	0x174
 2711 1015 10       		.byte	0x10
 2712 1016 F2150000 		.4byte	0x15f2
 2713 101a 02       		.byte	0x2
 2714 101b 23       		.byte	0x23
 2715 101c 00       		.uleb128 0
 2716 101d 0C       		.uleb128 0xc
 2717 101e 4B1E0000 		.4byte	.LASF1436
 2718 1022 04       		.byte	0x4
 2719 1023 7501     		.2byte	0x175
 2720 1025 06       		.byte	0x6
 2721 1026 51000000 		.4byte	0x51
 2722 102a 02       		.byte	0x2
 2723 102b 23       		.byte	0x23
 2724 102c 04       		.uleb128 0x4
 2725 102d 0C       		.uleb128 0xc
 2726 102e 50770000 		.4byte	.LASF1437
 2727 1032 04       		.byte	0x4
 2728 1033 7601     		.2byte	0x176
 2729 1035 0F       		.byte	0xf
 2730 1036 84190000 		.4byte	0x1984
 2731 103a 02       		.byte	0x2
 2732 103b 23       		.byte	0x23
 2733 103c 08       		.uleb128 0x8
 2734 103d 0C       		.uleb128 0xc
 2735 103e 82550000 		.4byte	.LASF1438
 2736 1042 04       		.byte	0x4
 2737 1043 7701     		.2byte	0x177
 2738 1045 06       		.byte	0x6
 2739 1046 51000000 		.4byte	0x51
 2740 104a 02       		.byte	0x2
 2741 104b 23       		.byte	0x23
 2742 104c 0C       		.uleb128 0xc
 2743 104d 0C       		.uleb128 0xc
 2744 104e 23130000 		.4byte	.LASF1439
 2745 1052 04       		.byte	0x4
 2746 1053 7801     		.2byte	0x178
 2747 1055 0D       		.byte	0xd
 2748 1056 C0140000 		.4byte	0x14c0
 2749 105a 02       		.byte	0x2
 2750 105b 23       		.byte	0x23
 2751 105c 10       		.uleb128 0x10
 2752 105d 0B       		.uleb128 0xb
 2753 105e 7500     		.ascii	"u\000"
 2754 1060 04       		.byte	0x4
 2755 1061 A201     		.2byte	0x1a2
 2756 1063 04       		.byte	0x4
 2757 1064 0E190000 		.4byte	0x190e
 2758 1068 02       		.byte	0x2
 2759 1069 23       		.byte	0x23
 2760 106a 18       		.uleb128 0x18
 2761 106b 0C       		.uleb128 0xc
 2762 106c 3C510000 		.4byte	.LASF1440
 2763 1070 04       		.byte	0x4
 2764 1071 A301     		.2byte	0x1a3
 2765 1073 0D       		.byte	0xd
ARM GAS  /var/folders/65/xyhbx3_n6nd_hs7j3p9nfwv80000gn/T//ccFweXAW.s 			page 51


 2766 1074 C0140000 		.4byte	0x14c0
 2767 1078 02       		.byte	0x2
 2768 1079 23       		.byte	0x23
 2769 107a 30       		.uleb128 0x30
 2770 107b 0C       		.uleb128 0xc
 2771 107c 55260000 		.4byte	.LASF1281
 2772 1080 04       		.byte	0x4
 2773 1081 A401     		.2byte	0x1a4
 2774 1083 0D       		.byte	0xd
 2775 1084 C0140000 		.4byte	0x14c0
 2776 1088 02       		.byte	0x2
 2777 1089 23       		.byte	0x23
 2778 108a 34       		.uleb128 0x34
 2779 108b 0C       		.uleb128 0xc
 2780 108c 31550000 		.4byte	.LASF1274
 2781 1090 04       		.byte	0x4
 2782 1091 A501     		.2byte	0x1a5
 2783 1093 06       		.byte	0x6
 2784 1094 51000000 		.4byte	0x51
 2785 1098 02       		.byte	0x2
 2786 1099 23       		.byte	0x23
 2787 109a 38       		.uleb128 0x38
 2788 109b 00       		.byte	0
 2789 109c 07       		.uleb128 0x7
 2790 109d 8C400000 		.4byte	.LASF1441
 2791 10a1 04       		.byte	0x4
 2792 10a2 46       		.byte	0x46
 2793 10a3 1A       		.byte	0x1a
 2794 10a4 A8100000 		.4byte	0x10a8
 2795 10a8 1C       		.uleb128 0x1c
 2796 10a9 8C400000 		.4byte	.LASF1441
 2797 10ad 08       		.byte	0x8
 2798 10ae 04       		.byte	0x4
 2799 10af 6301     		.2byte	0x163
 2800 10b1 08       		.byte	0x8
 2801 10b2 E5100000 		.4byte	0x10e5
 2802 10b6 0C       		.uleb128 0xc
 2803 10b7 3C510000 		.4byte	.LASF1440
 2804 10bb 04       		.byte	0x4
 2805 10bc 6501     		.2byte	0x165
 2806 10be 0D       		.byte	0xd
 2807 10bf E2140000 		.4byte	0x14e2
 2808 10c3 02       		.byte	0x2
 2809 10c4 23       		.byte	0x23
 2810 10c5 00       		.uleb128 0
 2811 10c6 0C       		.uleb128 0xc
 2812 10c7 31550000 		.4byte	.LASF1274
 2813 10cb 04       		.byte	0x4
 2814 10cc 6601     		.2byte	0x166
 2815 10ce 07       		.byte	0x7
 2816 10cf FB040000 		.4byte	0x4fb
 2817 10d3 02       		.byte	0x2
 2818 10d4 23       		.byte	0x23
 2819 10d5 04       		.uleb128 0x4
 2820 10d6 0B       		.uleb128 0xb
 2821 10d7 7000     		.ascii	"p\000"
 2822 10d9 04       		.byte	0x4
ARM GAS  /var/folders/65/xyhbx3_n6nd_hs7j3p9nfwv80000gn/T//ccFweXAW.s 			page 52


 2823 10da 6701     		.2byte	0x167
 2824 10dc 07       		.byte	0x7
 2825 10dd 0A170000 		.4byte	0x170a
 2826 10e1 02       		.byte	0x2
 2827 10e2 23       		.byte	0x23
 2828 10e3 05       		.uleb128 0x5
 2829 10e4 00       		.byte	0
 2830 10e5 07       		.uleb128 0x7
 2831 10e6 EA120000 		.4byte	.LASF1442
 2832 10ea 04       		.byte	0x4
 2833 10eb 47       		.byte	0x47
 2834 10ec 17       		.byte	0x17
 2835 10ed F1100000 		.4byte	0x10f1
 2836 10f1 1C       		.uleb128 0x1c
 2837 10f2 EA120000 		.4byte	.LASF1442
 2838 10f6 38       		.byte	0x38
 2839 10f7 04       		.byte	0x4
 2840 10f8 BA02     		.2byte	0x2ba
 2841 10fa 08       		.byte	0x8
 2842 10fb B8110000 		.4byte	0x11b8
 2843 10ff 0C       		.uleb128 0xc
 2844 1100 631D0000 		.4byte	.LASF1435
 2845 1104 04       		.byte	0x4
 2846 1105 BC02     		.2byte	0x2bc
 2847 1107 12       		.byte	0x12
 2848 1108 8A190000 		.4byte	0x198a
 2849 110c 02       		.byte	0x2
 2850 110d 23       		.byte	0x23
 2851 110e 00       		.uleb128 0
 2852 110f 0C       		.uleb128 0xc
 2853 1110 B0310000 		.4byte	.LASF1244
 2854 1114 04       		.byte	0x4
 2855 1115 BD02     		.2byte	0x2bd
 2856 1117 06       		.byte	0x6
 2857 1118 51000000 		.4byte	0x51
 2858 111c 02       		.byte	0x2
 2859 111d 23       		.byte	0x23
 2860 111e 04       		.uleb128 0x4
 2861 111f 0C       		.uleb128 0xc
 2862 1120 B0800000 		.4byte	.LASF1443
 2863 1124 04       		.byte	0x4
 2864 1125 BE02     		.2byte	0x2be
 2865 1127 0A       		.byte	0xa
 2866 1128 BA140000 		.4byte	0x14ba
 2867 112c 02       		.byte	0x2
 2868 112d 23       		.byte	0x23
 2869 112e 08       		.uleb128 0x8
 2870 112f 0B       		.uleb128 0xb
 2871 1130 6100     		.ascii	"a\000"
 2872 1132 04       		.byte	0x4
 2873 1133 BE02     		.2byte	0x2be
 2874 1135 13       		.byte	0x13
 2875 1136 BA140000 		.4byte	0x14ba
 2876 113a 02       		.byte	0x2
 2877 113b 23       		.byte	0x23
 2878 113c 0C       		.uleb128 0xc
 2879 113d 0B       		.uleb128 0xb
ARM GAS  /var/folders/65/xyhbx3_n6nd_hs7j3p9nfwv80000gn/T//ccFweXAW.s 			page 53


 2880 113e 6200     		.ascii	"b\000"
 2881 1140 04       		.byte	0x4
 2882 1141 BE02     		.2byte	0x2be
 2883 1143 17       		.byte	0x17
 2884 1144 BA140000 		.4byte	0x14ba
 2885 1148 02       		.byte	0x2
 2886 1149 23       		.byte	0x23
 2887 114a 10       		.uleb128 0x10
 2888 114b 0B       		.uleb128 0xb
 2889 114c 6300     		.ascii	"c\000"
 2890 114e 04       		.byte	0x4
 2891 114f BE02     		.2byte	0x2be
 2892 1151 1B       		.byte	0x1b
 2893 1152 BA140000 		.4byte	0x14ba
 2894 1156 02       		.byte	0x2
 2895 1157 23       		.byte	0x23
 2896 1158 14       		.uleb128 0x14
 2897 1159 0B       		.uleb128 0xb
 2898 115a 6400     		.ascii	"d\000"
 2899 115c 04       		.byte	0x4
 2900 115d BE02     		.2byte	0x2be
 2901 115f 1F       		.byte	0x1f
 2902 1160 BA140000 		.4byte	0x14ba
 2903 1164 02       		.byte	0x2
 2904 1165 23       		.byte	0x23
 2905 1166 18       		.uleb128 0x18
 2906 1167 0C       		.uleb128 0xc
 2907 1168 8B280000 		.4byte	.LASF1253
 2908 116c 04       		.byte	0x4
 2909 116d BF02     		.2byte	0x2bf
 2910 116f 09       		.byte	0x9
 2911 1170 250F0000 		.4byte	0xf25
 2912 1174 02       		.byte	0x2
 2913 1175 23       		.byte	0x23
 2914 1176 20       		.uleb128 0x20
 2915 1177 0C       		.uleb128 0xc
 2916 1178 30590000 		.4byte	.LASF1444
 2917 117c 04       		.byte	0x4
 2918 117d C002     		.2byte	0x2c0
 2919 117f 0E       		.byte	0xe
 2920 1180 F5040000 		.4byte	0x4f5
 2921 1184 02       		.byte	0x2
 2922 1185 23       		.byte	0x23
 2923 1186 28       		.uleb128 0x28
 2924 1187 0C       		.uleb128 0xc
 2925 1188 420D0000 		.4byte	.LASF1445
 2926 118c 04       		.byte	0x4
 2927 118d C102     		.2byte	0x2c1
 2928 118f 0F       		.byte	0xf
 2929 1190 121C0000 		.4byte	0x1c12
 2930 1194 02       		.byte	0x2
 2931 1195 23       		.byte	0x23
 2932 1196 2C       		.uleb128 0x2c
 2933 1197 0C       		.uleb128 0xc
 2934 1198 B3120000 		.4byte	.LASF1446
 2935 119c 04       		.byte	0x4
 2936 119d C202     		.2byte	0x2c2
ARM GAS  /var/folders/65/xyhbx3_n6nd_hs7j3p9nfwv80000gn/T//ccFweXAW.s 			page 54


 2937 119f 06       		.byte	0x6
 2938 11a0 51000000 		.4byte	0x51
 2939 11a4 02       		.byte	0x2
 2940 11a5 23       		.byte	0x23
 2941 11a6 30       		.uleb128 0x30
 2942 11a7 0C       		.uleb128 0xc
 2943 11a8 3C510000 		.4byte	.LASF1440
 2944 11ac 04       		.byte	0x4
 2945 11ad C302     		.2byte	0x2c3
 2946 11af 0A       		.byte	0xa
 2947 11b0 BA140000 		.4byte	0x14ba
 2948 11b4 02       		.byte	0x2
 2949 11b5 23       		.byte	0x23
 2950 11b6 34       		.uleb128 0x34
 2951 11b7 00       		.byte	0
 2952 11b8 07       		.uleb128 0x7
 2953 11b9 FA1A0000 		.4byte	.LASF1447
 2954 11bd 04       		.byte	0x4
 2955 11be 48       		.byte	0x48
 2956 11bf 1C       		.byte	0x1c
 2957 11c0 C4110000 		.4byte	0x11c4
 2958 11c4 1C       		.uleb128 0x1c
 2959 11c5 FA1A0000 		.4byte	.LASF1447
 2960 11c9 50       		.byte	0x50
 2961 11ca 04       		.byte	0x4
 2962 11cb 3803     		.2byte	0x338
 2963 11cd 08       		.byte	0x8
 2964 11ce 13130000 		.4byte	0x1313
 2965 11d2 0C       		.uleb128 0xc
 2966 11d3 B24D0000 		.4byte	.LASF1448
 2967 11d7 04       		.byte	0x4
 2968 11d8 3A03     		.2byte	0x33a
 2969 11da 0E       		.byte	0xe
 2970 11db F5040000 		.4byte	0x4f5
 2971 11df 02       		.byte	0x2
 2972 11e0 23       		.byte	0x23
 2973 11e1 00       		.uleb128 0
 2974 11e2 0C       		.uleb128 0xc
 2975 11e3 EC270000 		.4byte	.LASF1449
 2976 11e7 04       		.byte	0x4
 2977 11e8 3B03     		.2byte	0x33b
 2978 11ea 06       		.byte	0x6
 2979 11eb 51000000 		.4byte	0x51
 2980 11ef 02       		.byte	0x2
 2981 11f0 23       		.byte	0x23
 2982 11f1 04       		.uleb128 0x4
 2983 11f2 0C       		.uleb128 0xc
 2984 11f3 0D900000 		.4byte	.LASF1450
 2985 11f7 04       		.byte	0x4
 2986 11f8 3C03     		.2byte	0x33c
 2987 11fa 06       		.byte	0x6
 2988 11fb 51000000 		.4byte	0x51
 2989 11ff 02       		.byte	0x2
 2990 1200 23       		.byte	0x23
 2991 1201 08       		.uleb128 0x8
 2992 1202 0C       		.uleb128 0xc
 2993 1203 C33B0000 		.4byte	.LASF1241
ARM GAS  /var/folders/65/xyhbx3_n6nd_hs7j3p9nfwv80000gn/T//ccFweXAW.s 			page 55


 2994 1207 04       		.byte	0x4
 2995 1208 3D03     		.2byte	0x33d
 2996 120a 06       		.byte	0x6
 2997 120b 51000000 		.4byte	0x51
 2998 120f 02       		.byte	0x2
 2999 1210 23       		.byte	0x23
 3000 1211 0C       		.uleb128 0xc
 3001 1212 0C       		.uleb128 0xc
 3002 1213 534F0000 		.4byte	.LASF1451
 3003 1217 04       		.byte	0x4
 3004 1218 3E03     		.2byte	0x33e
 3005 121a 06       		.byte	0x6
 3006 121b 51000000 		.4byte	0x51
 3007 121f 02       		.byte	0x2
 3008 1220 23       		.byte	0x23
 3009 1221 10       		.uleb128 0x10
 3010 1222 0C       		.uleb128 0xc
 3011 1223 1D690000 		.4byte	.LASF1452
 3012 1227 04       		.byte	0x4
 3013 1228 3F03     		.2byte	0x33f
 3014 122a 06       		.byte	0x6
 3015 122b 51000000 		.4byte	0x51
 3016 122f 02       		.byte	0x2
 3017 1230 23       		.byte	0x23
 3018 1231 14       		.uleb128 0x14
 3019 1232 0C       		.uleb128 0xc
 3020 1233 6C3D0000 		.4byte	.LASF1453
 3021 1237 04       		.byte	0x4
 3022 1238 4103     		.2byte	0x341
 3023 123a 12       		.byte	0x12
 3024 123b 77140000 		.4byte	0x1477
 3025 123f 02       		.byte	0x2
 3026 1240 23       		.byte	0x23
 3027 1241 18       		.uleb128 0x18
 3028 1242 0C       		.uleb128 0xc
 3029 1243 AB6C0000 		.4byte	.LASF1454
 3030 1247 04       		.byte	0x4
 3031 1248 4203     		.2byte	0x342
 3032 124a 06       		.byte	0x6
 3033 124b 51000000 		.4byte	0x51
 3034 124f 02       		.byte	0x2
 3035 1250 23       		.byte	0x23
 3036 1251 1C       		.uleb128 0x1c
 3037 1252 0C       		.uleb128 0xc
 3038 1253 C8630000 		.4byte	.LASF1455
 3039 1257 04       		.byte	0x4
 3040 1258 4203     		.2byte	0x342
 3041 125a 0F       		.byte	0xf
 3042 125b 51000000 		.4byte	0x51
 3043 125f 02       		.byte	0x2
 3044 1260 23       		.byte	0x23
 3045 1261 20       		.uleb128 0x20
 3046 1262 0C       		.uleb128 0xc
 3047 1263 9D220000 		.4byte	.LASF1456
 3048 1267 04       		.byte	0x4
 3049 1268 4403     		.2byte	0x344
 3050 126a 10       		.byte	0x10
ARM GAS  /var/folders/65/xyhbx3_n6nd_hs7j3p9nfwv80000gn/T//ccFweXAW.s 			page 56


 3051 126b 181C0000 		.4byte	0x1c18
 3052 126f 02       		.byte	0x2
 3053 1270 23       		.byte	0x23
 3054 1271 24       		.uleb128 0x24
 3055 1272 0C       		.uleb128 0xc
 3056 1273 B25E0000 		.4byte	.LASF1457
 3057 1277 04       		.byte	0x4
 3058 1278 4503     		.2byte	0x345
 3059 127a 06       		.byte	0x6
 3060 127b 51000000 		.4byte	0x51
 3061 127f 02       		.byte	0x2
 3062 1280 23       		.byte	0x23
 3063 1281 28       		.uleb128 0x28
 3064 1282 0C       		.uleb128 0xc
 3065 1283 BB520000 		.4byte	.LASF1458
 3066 1287 04       		.byte	0x4
 3067 1288 4503     		.2byte	0x345
 3068 128a 0E       		.byte	0xe
 3069 128b 51000000 		.4byte	0x51
 3070 128f 02       		.byte	0x2
 3071 1290 23       		.byte	0x23
 3072 1291 2C       		.uleb128 0x2c
 3073 1292 0C       		.uleb128 0xc
 3074 1293 93240000 		.4byte	.LASF1459
 3075 1297 04       		.byte	0x4
 3076 1298 4703     		.2byte	0x347
 3077 129a 0F       		.byte	0xf
 3078 129b 1E1C0000 		.4byte	0x1c1e
 3079 129f 02       		.byte	0x2
 3080 12a0 23       		.byte	0x23
 3081 12a1 30       		.uleb128 0x30
 3082 12a2 0C       		.uleb128 0xc
 3083 12a3 B81F0000 		.4byte	.LASF1460
 3084 12a7 04       		.byte	0x4
 3085 12a8 4803     		.2byte	0x348
 3086 12aa 06       		.byte	0x6
 3087 12ab 51000000 		.4byte	0x51
 3088 12af 02       		.byte	0x2
 3089 12b0 23       		.byte	0x23
 3090 12b1 34       		.uleb128 0x34
 3091 12b2 0C       		.uleb128 0xc
 3092 12b3 1B110000 		.4byte	.LASF1461
 3093 12b7 04       		.byte	0x4
 3094 12b8 4803     		.2byte	0x348
 3095 12ba 0E       		.byte	0xe
 3096 12bb 51000000 		.4byte	0x51
 3097 12bf 02       		.byte	0x2
 3098 12c0 23       		.byte	0x23
 3099 12c1 38       		.uleb128 0x38
 3100 12c2 0C       		.uleb128 0xc
 3101 12c3 ED770000 		.4byte	.LASF1242
 3102 12c7 04       		.byte	0x4
 3103 12c8 4A03     		.2byte	0x34a
 3104 12ca 0E       		.byte	0xe
 3105 12cb F5040000 		.4byte	0x4f5
 3106 12cf 02       		.byte	0x2
 3107 12d0 23       		.byte	0x23
ARM GAS  /var/folders/65/xyhbx3_n6nd_hs7j3p9nfwv80000gn/T//ccFweXAW.s 			page 57


 3108 12d1 3C       		.uleb128 0x3c
 3109 12d2 0C       		.uleb128 0xc
 3110 12d3 B0310000 		.4byte	.LASF1244
 3111 12d7 04       		.byte	0x4
 3112 12d8 4B03     		.2byte	0x34b
 3113 12da 06       		.byte	0x6
 3114 12db 51000000 		.4byte	0x51
 3115 12df 02       		.byte	0x2
 3116 12e0 23       		.byte	0x23
 3117 12e1 40       		.uleb128 0x40
 3118 12e2 0C       		.uleb128 0xc
 3119 12e3 846E0000 		.4byte	.LASF1462
 3120 12e7 04       		.byte	0x4
 3121 12e8 4B03     		.2byte	0x34b
 3122 12ea 0C       		.byte	0xc
 3123 12eb 51000000 		.4byte	0x51
 3124 12ef 02       		.byte	0x2
 3125 12f0 23       		.byte	0x23
 3126 12f1 44       		.uleb128 0x44
 3127 12f2 0C       		.uleb128 0xc
 3128 12f3 3C510000 		.4byte	.LASF1440
 3129 12f7 04       		.byte	0x4
 3130 12f8 4D03     		.2byte	0x34d
 3131 12fa 0F       		.byte	0xf
 3132 12fb DC140000 		.4byte	0x14dc
 3133 12ff 02       		.byte	0x2
 3134 1300 23       		.byte	0x23
 3135 1301 48       		.uleb128 0x48
 3136 1302 0C       		.uleb128 0xc
 3137 1303 31550000 		.4byte	.LASF1274
 3138 1307 04       		.byte	0x4
 3139 1308 4E03     		.2byte	0x34e
 3140 130a 06       		.byte	0x6
 3141 130b 51000000 		.4byte	0x51
 3142 130f 02       		.byte	0x2
 3143 1310 23       		.byte	0x23
 3144 1311 4C       		.uleb128 0x4c
 3145 1312 00       		.byte	0
 3146 1313 07       		.uleb128 0x7
 3147 1314 BA1C0000 		.4byte	.LASF1463
 3148 1318 04       		.byte	0x4
 3149 1319 49       		.byte	0x49
 3150 131a 1F       		.byte	0x1f
 3151 131b 1F130000 		.4byte	0x131f
 3152 131f 1C       		.uleb128 0x1c
 3153 1320 BA1C0000 		.4byte	.LASF1463
 3154 1324 10       		.byte	0x10
 3155 1325 04       		.byte	0x4
 3156 1326 B901     		.2byte	0x1b9
 3157 1328 08       		.byte	0x8
 3158 1329 6E130000 		.4byte	0x136e
 3159 132d 0C       		.uleb128 0xc
 3160 132e 9D920000 		.4byte	.LASF1464
 3161 1332 04       		.byte	0x4
 3162 1333 BB01     		.2byte	0x1bb
 3163 1335 12       		.byte	0x12
 3164 1336 71140000 		.4byte	0x1471
ARM GAS  /var/folders/65/xyhbx3_n6nd_hs7j3p9nfwv80000gn/T//ccFweXAW.s 			page 58


 3165 133a 02       		.byte	0x2
 3166 133b 23       		.byte	0x23
 3167 133c 00       		.uleb128 0
 3168 133d 0C       		.uleb128 0xc
 3169 133e 97840000 		.4byte	.LASF1465
 3170 1342 04       		.byte	0x4
 3171 1343 BC01     		.2byte	0x1bc
 3172 1345 0D       		.byte	0xd
 3173 1346 C0140000 		.4byte	0x14c0
 3174 134a 02       		.byte	0x2
 3175 134b 23       		.byte	0x23
 3176 134c 04       		.uleb128 0x4
 3177 134d 0C       		.uleb128 0xc
 3178 134e 3C510000 		.4byte	.LASF1440
 3179 1352 04       		.byte	0x4
 3180 1353 BE01     		.2byte	0x1be
 3181 1355 12       		.byte	0x12
 3182 1356 71140000 		.4byte	0x1471
 3183 135a 02       		.byte	0x2
 3184 135b 23       		.byte	0x23
 3185 135c 08       		.uleb128 0x8
 3186 135d 0C       		.uleb128 0xc
 3187 135e 31550000 		.4byte	.LASF1274
 3188 1362 04       		.byte	0x4
 3189 1363 BF01     		.2byte	0x1bf
 3190 1365 06       		.byte	0x6
 3191 1366 51000000 		.4byte	0x51
 3192 136a 02       		.byte	0x2
 3193 136b 23       		.byte	0x23
 3194 136c 0C       		.uleb128 0xc
 3195 136d 00       		.byte	0
 3196 136e 07       		.uleb128 0x7
 3197 136f C0130000 		.4byte	.LASF1466
 3198 1373 04       		.byte	0x4
 3199 1374 4A       		.byte	0x4a
 3200 1375 1E       		.byte	0x1e
 3201 1376 7A130000 		.4byte	0x137a
 3202 137a 15       		.uleb128 0x15
 3203 137b C0130000 		.4byte	.LASF1466
 3204 137f 01       		.byte	0x1
 3205 1380 07       		.uleb128 0x7
 3206 1381 3E530000 		.4byte	.LASF1467
 3207 1385 04       		.byte	0x4
 3208 1386 4B       		.byte	0x4b
 3209 1387 1B       		.byte	0x1b
 3210 1388 8C130000 		.4byte	0x138c
 3211 138c 19       		.uleb128 0x19
 3212 138d 3E530000 		.4byte	.LASF1467
 3213 1391 78       		.byte	0x78
 3214 1392 04       		.byte	0x4
 3215 1393 AE       		.byte	0xae
 3216 1394 08       		.byte	0x8
 3217 1395 0F140000 		.4byte	0x140f
 3218 1399 0A       		.uleb128 0xa
 3219 139a 62756600 		.ascii	"buf\000"
 3220 139e 04       		.byte	0x4
 3221 139f B0       		.byte	0xb0
ARM GAS  /var/folders/65/xyhbx3_n6nd_hs7j3p9nfwv80000gn/T//ccFweXAW.s 			page 59


 3222 13a0 0A       		.byte	0xa
 3223 13a1 2D000000 		.4byte	0x2d
 3224 13a5 02       		.byte	0x2
 3225 13a6 23       		.byte	0x23
 3226 13a7 00       		.uleb128 0
 3227 13a8 0A       		.uleb128 0xa
 3228 13a9 4500     		.ascii	"E\000"
 3229 13ab 04       		.byte	0x4
 3230 13ac B1       		.byte	0xb1
 3231 13ad 12       		.byte	0x12
 3232 13ae 71140000 		.4byte	0x1471
 3233 13b2 02       		.byte	0x2
 3234 13b3 23       		.byte	0x23
 3235 13b4 5C       		.uleb128 0x5c
 3236 13b5 09       		.uleb128 0x9
 3237 13b6 4C160000 		.4byte	.LASF1284
 3238 13ba 04       		.byte	0x4
 3239 13bb B2       		.byte	0xb2
 3240 13bc 06       		.byte	0x6
 3241 13bd 51000000 		.4byte	0x51
 3242 13c1 02       		.byte	0x2
 3243 13c2 23       		.byte	0x23
 3244 13c3 60       		.uleb128 0x60
 3245 13c4 09       		.uleb128 0x9
 3246 13c5 5E400000 		.4byte	.LASF1286
 3247 13c9 04       		.byte	0x4
 3248 13ca B3       		.byte	0xb3
 3249 13cb 06       		.byte	0x6
 3250 13cc 51000000 		.4byte	0x51
 3251 13d0 02       		.byte	0x2
 3252 13d1 23       		.byte	0x23
 3253 13d2 64       		.uleb128 0x64
 3254 13d3 0A       		.uleb128 0xa
 3255 13d4 746F7000 		.ascii	"top\000"
 3256 13d8 04       		.byte	0x4
 3257 13d9 B4       		.byte	0xb4
 3258 13da 06       		.byte	0x6
 3259 13db 51000000 		.4byte	0x51
 3260 13df 02       		.byte	0x2
 3261 13e0 23       		.byte	0x23
 3262 13e1 68       		.uleb128 0x68
 3263 13e2 0A       		.uleb128 0xa
 3264 13e3 626F7400 		.ascii	"bot\000"
 3265 13e7 04       		.byte	0x4
 3266 13e8 B4       		.byte	0xb4
 3267 13e9 0B       		.byte	0xb
 3268 13ea 51000000 		.4byte	0x51
 3269 13ee 02       		.byte	0x2
 3270 13ef 23       		.byte	0x23
 3271 13f0 6C       		.uleb128 0x6c
 3272 13f1 09       		.uleb128 0x9
 3273 13f2 C33B0000 		.4byte	.LASF1241
 3274 13f6 04       		.byte	0x4
 3275 13f7 B5       		.byte	0xb5
 3276 13f8 06       		.byte	0x6
 3277 13f9 51000000 		.4byte	0x51
 3278 13fd 02       		.byte	0x2
ARM GAS  /var/folders/65/xyhbx3_n6nd_hs7j3p9nfwv80000gn/T//ccFweXAW.s 			page 60


 3279 13fe 23       		.byte	0x23
 3280 13ff 70       		.uleb128 0x70
 3281 1400 0A       		.uleb128 0xa
 3282 1401 706300   		.ascii	"pc\000"
 3283 1404 04       		.byte	0x4
 3284 1405 B6       		.byte	0xb6
 3285 1406 12       		.byte	0x12
 3286 1407 77140000 		.4byte	0x1477
 3287 140b 02       		.byte	0x2
 3288 140c 23       		.byte	0x23
 3289 140d 74       		.uleb128 0x74
 3290 140e 00       		.byte	0
 3291 140f 07       		.uleb128 0x7
 3292 1410 C4220000 		.4byte	.LASF1468
 3293 1414 04       		.byte	0x4
 3294 1415 4C       		.byte	0x4c
 3295 1416 1E       		.byte	0x1e
 3296 1417 1B140000 		.4byte	0x141b
 3297 141b 19       		.uleb128 0x19
 3298 141c C4220000 		.4byte	.LASF1468
 3299 1420 10       		.byte	0x10
 3300 1421 04       		.byte	0x4
 3301 1422 A4       		.byte	0xa4
 3302 1423 08       		.byte	0x8
 3303 1424 65140000 		.4byte	0x1465
 3304 1428 09       		.uleb128 0x9
 3305 1429 B24D0000 		.4byte	.LASF1448
 3306 142d 04       		.byte	0x4
 3307 142e A6       		.byte	0xa6
 3308 142f 0E       		.byte	0xe
 3309 1430 F5040000 		.4byte	0x4f5
 3310 1434 02       		.byte	0x2
 3311 1435 23       		.byte	0x23
 3312 1436 00       		.uleb128 0
 3313 1437 09       		.uleb128 0x9
 3314 1438 343D0000 		.4byte	.LASF1469
 3315 143c 04       		.byte	0x4
 3316 143d A7       		.byte	0xa7
 3317 143e 0E       		.byte	0xe
 3318 143f F5040000 		.4byte	0x4f5
 3319 1443 02       		.byte	0x2
 3320 1444 23       		.byte	0x23
 3321 1445 04       		.uleb128 0x4
 3322 1446 09       		.uleb128 0x9
 3323 1447 B0310000 		.4byte	.LASF1244
 3324 144b 04       		.byte	0x4
 3325 144c A8       		.byte	0xa8
 3326 144d 06       		.byte	0x6
 3327 144e 51000000 		.4byte	0x51
 3328 1452 02       		.byte	0x2
 3329 1453 23       		.byte	0x23
 3330 1454 08       		.uleb128 0x8
 3331 1455 09       		.uleb128 0x9
 3332 1456 A32A0000 		.4byte	.LASF1273
 3333 145a 04       		.byte	0x4
 3334 145b A9       		.byte	0xa9
 3335 145c 06       		.byte	0x6
ARM GAS  /var/folders/65/xyhbx3_n6nd_hs7j3p9nfwv80000gn/T//ccFweXAW.s 			page 61


 3336 145d 51000000 		.4byte	0x51
 3337 1461 02       		.byte	0x2
 3338 1462 23       		.byte	0x23
 3339 1463 0C       		.uleb128 0xc
 3340 1464 00       		.byte	0
 3341 1465 07       		.uleb128 0x7
 3342 1466 F9630000 		.4byte	.LASF1470
 3343 146a 04       		.byte	0x4
 3344 146b 77       		.byte	0x77
 3345 146c 18       		.byte	0x18
 3346 146d 78050000 		.4byte	0x578
 3347 1471 0D       		.uleb128 0xd
 3348 1472 04       		.byte	0x4
 3349 1473 13130000 		.4byte	0x1313
 3350 1477 0D       		.uleb128 0xd
 3351 1478 04       		.byte	0x4
 3352 1479 65140000 		.4byte	0x1465
 3353 147d 18       		.uleb128 0x18
 3354 147e 0C       		.byte	0xc
 3355 147f 04       		.byte	0x4
 3356 1480 DB       		.byte	0xdb
 3357 1481 02       		.byte	0x2
 3358 1482 B4140000 		.4byte	0x14b4
 3359 1486 09       		.uleb128 0x9
 3360 1487 673D0000 		.4byte	.LASF1252
 3361 148b 04       		.byte	0x4
 3362 148c DB       		.byte	0xdb
 3363 148d 11       		.byte	0x11
 3364 148e 7A0B0000 		.4byte	0xb7a
 3365 1492 02       		.byte	0x2
 3366 1493 23       		.byte	0x23
 3367 1494 00       		.uleb128 0
 3368 1495 0A       		.uleb128 0xa
 3369 1496 6C656E00 		.ascii	"len\000"
 3370 149a 04       		.byte	0x4
 3371 149b DB       		.byte	0xdb
 3372 149c 1B       		.byte	0x1b
 3373 149d 51000000 		.4byte	0x51
 3374 14a1 02       		.byte	0x2
 3375 14a2 23       		.byte	0x23
 3376 14a3 04       		.uleb128 0x4
 3377 14a4 0A       		.uleb128 0xa
 3378 14a5 63617000 		.ascii	"cap\000"
 3379 14a9 04       		.byte	0x4
 3380 14aa DB       		.byte	0xdb
 3381 14ab 20       		.byte	0x20
 3382 14ac 51000000 		.4byte	0x51
 3383 14b0 02       		.byte	0x2
 3384 14b1 23       		.byte	0x23
 3385 14b2 08       		.uleb128 0x8
 3386 14b3 00       		.byte	0
 3387 14b4 0D       		.uleb128 0xd
 3388 14b5 04       		.byte	0x4
 3389 14b6 6E130000 		.4byte	0x136e
 3390 14ba 0D       		.uleb128 0xd
 3391 14bb 04       		.byte	0x4
 3392 14bc E5100000 		.4byte	0x10e5
ARM GAS  /var/folders/65/xyhbx3_n6nd_hs7j3p9nfwv80000gn/T//ccFweXAW.s 			page 62


 3393 14c0 0D       		.uleb128 0xd
 3394 14c1 04       		.byte	0x4
 3395 14c2 F30F0000 		.4byte	0xff3
 3396 14c6 03       		.uleb128 0x3
 3397 14c7 FB040000 		.4byte	0x4fb
 3398 14cb D6140000 		.4byte	0x14d6
 3399 14cf 04       		.uleb128 0x4
 3400 14d0 4A000000 		.4byte	0x4a
 3401 14d4 0B       		.byte	0xb
 3402 14d5 00       		.byte	0
 3403 14d6 0D       		.uleb128 0xd
 3404 14d7 04       		.byte	0x4
 3405 14d8 670F0000 		.4byte	0xf67
 3406 14dc 0D       		.uleb128 0xd
 3407 14dd 04       		.byte	0x4
 3408 14de B8110000 		.4byte	0x11b8
 3409 14e2 0D       		.uleb128 0xd
 3410 14e3 04       		.byte	0x4
 3411 14e4 9C100000 		.4byte	0x109c
 3412 14e8 03       		.uleb128 0x3
 3413 14e9 71140000 		.4byte	0x1471
 3414 14ed F9140000 		.4byte	0x14f9
 3415 14f1 26       		.uleb128 0x26
 3416 14f2 4A000000 		.4byte	0x4a
 3417 14f6 FF03     		.2byte	0x3ff
 3418 14f8 00       		.byte	0
 3419 14f9 03       		.uleb128 0x3
 3420 14fa 0F140000 		.4byte	0x140f
 3421 14fe 0A150000 		.4byte	0x150a
 3422 1502 26       		.uleb128 0x26
 3423 1503 4A000000 		.4byte	0x4a
 3424 1507 FF03     		.2byte	0x3ff
 3425 1509 00       		.byte	0
 3426 150a 03       		.uleb128 0x3
 3427 150b 80130000 		.4byte	0x1380
 3428 150f 1A150000 		.4byte	0x151a
 3429 1513 04       		.uleb128 0x4
 3430 1514 4A000000 		.4byte	0x4a
 3431 1518 3F       		.byte	0x3f
 3432 1519 00       		.byte	0
 3433 151a 02       		.uleb128 0x2
 3434 151b CC6D0000 		.4byte	.LASF1471
 3435 151f 04       		.byte	0x4
 3436 1520 2401     		.2byte	0x124
 3437 1522 1C       		.byte	0x1c
 3438 1523 27150000 		.4byte	0x1527
 3439 1527 1C       		.uleb128 0x1c
 3440 1528 CC6D0000 		.4byte	.LASF1471
 3441 152c 30       		.byte	0x30
 3442 152d 04       		.byte	0x4
 3443 152e A801     		.2byte	0x1a8
 3444 1530 08       		.byte	0x8
 3445 1531 B6150000 		.4byte	0x15b6
 3446 1535 0C       		.uleb128 0xc
 3447 1536 CD7C0000 		.4byte	.LASF1472
 3448 153a 04       		.byte	0x4
 3449 153b AA01     		.2byte	0x1aa
ARM GAS  /var/folders/65/xyhbx3_n6nd_hs7j3p9nfwv80000gn/T//ccFweXAW.s 			page 63


 3450 153d 0F       		.byte	0xf
 3451 153e 84190000 		.4byte	0x1984
 3452 1542 02       		.byte	0x2
 3453 1543 23       		.byte	0x23
 3454 1544 00       		.uleb128 0
 3455 1545 0C       		.uleb128 0xc
 3456 1546 AA340000 		.4byte	.LASF1473
 3457 154a 04       		.byte	0x4
 3458 154b AA01     		.2byte	0x1aa
 3459 154d 16       		.byte	0x16
 3460 154e 84190000 		.4byte	0x1984
 3461 1552 02       		.byte	0x2
 3462 1553 23       		.byte	0x23
 3463 1554 04       		.uleb128 0x4
 3464 1555 0C       		.uleb128 0xc
 3465 1556 024D0000 		.4byte	.LASF1474
 3466 155a 04       		.byte	0x4
 3467 155b AB01     		.2byte	0x1ab
 3468 155d 06       		.byte	0x6
 3469 155e 51000000 		.4byte	0x51
 3470 1562 02       		.byte	0x2
 3471 1563 23       		.byte	0x23
 3472 1564 08       		.uleb128 0x8
 3473 1565 0C       		.uleb128 0xc
 3474 1566 061B0000 		.4byte	.LASF1475
 3475 156a 04       		.byte	0x4
 3476 156b AC01     		.2byte	0x1ac
 3477 156d 06       		.byte	0x6
 3478 156e 51000000 		.4byte	0x51
 3479 1572 02       		.byte	0x2
 3480 1573 23       		.byte	0x23
 3481 1574 0C       		.uleb128 0xc
 3482 1575 0C       		.uleb128 0xc
 3483 1576 13430000 		.4byte	.LASF1476
 3484 157a 04       		.byte	0x4
 3485 157b AD01     		.2byte	0x1ad
 3486 157d 0B       		.byte	0xb
 3487 157e 670F0000 		.4byte	0xf67
 3488 1582 02       		.byte	0x2
 3489 1583 23       		.byte	0x23
 3490 1584 10       		.uleb128 0x10
 3491 1585 0C       		.uleb128 0xc
 3492 1586 371A0000 		.4byte	.LASF1477
 3493 158a 04       		.byte	0x4
 3494 158b AE01     		.2byte	0x1ae
 3495 158d 0D       		.byte	0xd
 3496 158e C0140000 		.4byte	0x14c0
 3497 1592 02       		.byte	0x2
 3498 1593 23       		.byte	0x23
 3499 1594 20       		.uleb128 0x20
 3500 1595 0C       		.uleb128 0xc
 3501 1596 3A730000 		.4byte	.LASF1478
 3502 159a 04       		.byte	0x4
 3503 159b AF01     		.2byte	0x1af
 3504 159d 0D       		.byte	0xd
 3505 159e C0140000 		.4byte	0x14c0
 3506 15a2 02       		.byte	0x2
ARM GAS  /var/folders/65/xyhbx3_n6nd_hs7j3p9nfwv80000gn/T//ccFweXAW.s 			page 64


 3507 15a3 23       		.byte	0x23
 3508 15a4 24       		.uleb128 0x24
 3509 15a5 0C       		.uleb128 0xc
 3510 15a6 B24D0000 		.4byte	.LASF1448
 3511 15aa 04       		.byte	0x4
 3512 15ab B001     		.2byte	0x1b0
 3513 15ad 07       		.byte	0x7
 3514 15ae 0A170000 		.4byte	0x170a
 3515 15b2 02       		.byte	0x2
 3516 15b3 23       		.byte	0x23
 3517 15b4 28       		.uleb128 0x28
 3518 15b5 00       		.byte	0
 3519 15b6 02       		.uleb128 0x2
 3520 15b7 541A0000 		.4byte	.LASF1479
 3521 15bb 04       		.byte	0x4
 3522 15bc 2501     		.2byte	0x125
 3523 15be 1C       		.byte	0x1c
 3524 15bf C3150000 		.4byte	0x15c3
 3525 15c3 1C       		.uleb128 0x1c
 3526 15c4 541A0000 		.4byte	.LASF1479
 3527 15c8 08       		.byte	0x8
 3528 15c9 04       		.byte	0x4
 3529 15ca B301     		.2byte	0x1b3
 3530 15cc 08       		.byte	0x8
 3531 15cd F2150000 		.4byte	0x15f2
 3532 15d1 0C       		.uleb128 0xc
 3533 15d2 E00A0000 		.4byte	.LASF1480
 3534 15d6 04       		.byte	0x4
 3535 15d7 B501     		.2byte	0x1b5
 3536 15d9 0F       		.byte	0xf
 3537 15da 9D180000 		.4byte	0x189d
 3538 15de 02       		.byte	0x2
 3539 15df 23       		.byte	0x23
 3540 15e0 00       		.uleb128 0
 3541 15e1 0C       		.uleb128 0xc
 3542 15e2 B24D0000 		.4byte	.LASF1448
 3543 15e6 04       		.byte	0x4
 3544 15e7 B601     		.2byte	0x1b6
 3545 15e9 07       		.byte	0x7
 3546 15ea 0A170000 		.4byte	0x170a
 3547 15ee 02       		.byte	0x2
 3548 15ef 23       		.byte	0x23
 3549 15f0 04       		.uleb128 0x4
 3550 15f1 00       		.byte	0
 3551 15f2 22       		.uleb128 0x22
 3552 15f3 73140000 		.4byte	.LASF1482
 3553 15f7 07       		.byte	0x7
 3554 15f8 01       		.byte	0x1
 3555 15f9 42050000 		.4byte	0x542
 3556 15fd 04       		.byte	0x4
 3557 15fe 3901     		.2byte	0x139
 3558 1600 06       		.byte	0x6
 3559 1601 66160000 		.4byte	0x1666
 3560 1605 14       		.uleb128 0x14
 3561 1606 40910000 		.4byte	.LASF1483
 3562 160a 00       		.byte	0
 3563 160b 14       		.uleb128 0x14
ARM GAS  /var/folders/65/xyhbx3_n6nd_hs7j3p9nfwv80000gn/T//ccFweXAW.s 			page 65


 3564 160c 79520000 		.4byte	.LASF1484
 3565 1610 01       		.byte	0x1
 3566 1611 14       		.uleb128 0x14
 3567 1612 FA100000 		.4byte	.LASF1485
 3568 1616 02       		.byte	0x2
 3569 1617 14       		.uleb128 0x14
 3570 1618 C70F0000 		.4byte	.LASF1486
 3571 161c 03       		.byte	0x3
 3572 161d 14       		.uleb128 0x14
 3573 161e 5E180000 		.4byte	.LASF1487
 3574 1622 04       		.byte	0x4
 3575 1623 14       		.uleb128 0x14
 3576 1624 EC010000 		.4byte	.LASF1488
 3577 1628 05       		.byte	0x5
 3578 1629 14       		.uleb128 0x14
 3579 162a 10540000 		.4byte	.LASF1489
 3580 162e 06       		.byte	0x6
 3581 162f 14       		.uleb128 0x14
 3582 1630 03100000 		.4byte	.LASF1490
 3583 1634 07       		.byte	0x7
 3584 1635 14       		.uleb128 0x14
 3585 1636 921E0000 		.4byte	.LASF1491
 3586 163a 08       		.byte	0x8
 3587 163b 14       		.uleb128 0x14
 3588 163c 9A1A0000 		.4byte	.LASF1492
 3589 1640 09       		.byte	0x9
 3590 1641 14       		.uleb128 0x14
 3591 1642 D70A0000 		.4byte	.LASF1493
 3592 1646 0A       		.byte	0xa
 3593 1647 14       		.uleb128 0x14
 3594 1648 55400000 		.4byte	.LASF1494
 3595 164c 0B       		.byte	0xb
 3596 164d 14       		.uleb128 0x14
 3597 164e 71620000 		.4byte	.LASF1495
 3598 1652 0C       		.byte	0xc
 3599 1653 14       		.uleb128 0x14
 3600 1654 62490000 		.4byte	.LASF1496
 3601 1658 0D       		.byte	0xd
 3602 1659 14       		.uleb128 0x14
 3603 165a 50520000 		.4byte	.LASF1497
 3604 165e 0E       		.byte	0xe
 3605 165f 14       		.uleb128 0x14
 3606 1660 5B8F0000 		.4byte	.LASF1498
 3607 1664 0F       		.byte	0xf
 3608 1665 00       		.byte	0
 3609 1666 1D       		.uleb128 0x1d
 3610 1667 10       		.byte	0x10
 3611 1668 04       		.byte	0x4
 3612 1669 5501     		.2byte	0x155
 3613 166b 02       		.byte	0x2
 3614 166c 91160000 		.4byte	0x1691
 3615 1670 0B       		.uleb128 0xb
 3616 1671 70616400 		.ascii	"pad\000"
 3617 1675 04       		.byte	0x4
 3618 1676 5601     		.2byte	0x156
 3619 1678 08       		.byte	0x8
 3620 1679 91160000 		.4byte	0x1691
ARM GAS  /var/folders/65/xyhbx3_n6nd_hs7j3p9nfwv80000gn/T//ccFweXAW.s 			page 66


 3621 167d 02       		.byte	0x2
 3622 167e 23       		.byte	0x23
 3623 167f 00       		.uleb128 0
 3624 1680 0C       		.uleb128 0xc
 3625 1681 631D0000 		.4byte	.LASF1435
 3626 1685 04       		.byte	0x4
 3627 1686 5701     		.2byte	0x157
 3628 1688 08       		.byte	0x8
 3629 1689 FB040000 		.4byte	0x4fb
 3630 168d 02       		.byte	0x2
 3631 168e 23       		.byte	0x23
 3632 168f 0F       		.uleb128 0xf
 3633 1690 00       		.byte	0
 3634 1691 03       		.uleb128 0x3
 3635 1692 FB040000 		.4byte	0x4fb
 3636 1696 A1160000 		.4byte	0x16a1
 3637 169a 04       		.uleb128 0x4
 3638 169b 4A000000 		.4byte	0x4a
 3639 169f 0E       		.byte	0xe
 3640 16a0 00       		.byte	0
 3641 16a1 1E       		.uleb128 0x1e
 3642 16a2 10       		.byte	0x10
 3643 16a3 04       		.byte	0x4
 3644 16a4 5901     		.2byte	0x159
 3645 16a6 02       		.byte	0x2
 3646 16a7 FA160000 		.4byte	0x16fa
 3647 16ab 1F       		.uleb128 0x1f
 3648 16ac DF660000 		.4byte	.LASF1499
 3649 16b0 04       		.byte	0x4
 3650 16b1 5A01     		.2byte	0x15a
 3651 16b3 08       		.byte	0x8
 3652 16b4 FA160000 		.4byte	0x16fa
 3653 16b8 1F       		.uleb128 0x1f
 3654 16b9 624D0000 		.4byte	.LASF1500
 3655 16bd 04       		.byte	0x4
 3656 16be 5B01     		.2byte	0x15b
 3657 16c0 07       		.byte	0x7
 3658 16c1 51000000 		.4byte	0x51
 3659 16c5 1F       		.uleb128 0x1f
 3660 16c6 8B280000 		.4byte	.LASF1253
 3661 16ca 04       		.byte	0x4
 3662 16cb 5C01     		.2byte	0x15c
 3663 16cd 0A       		.byte	0xa
 3664 16ce 250F0000 		.4byte	0xf25
 3665 16d2 1F       		.uleb128 0x1f
 3666 16d3 9B3A0000 		.4byte	.LASF1501
 3667 16d7 04       		.byte	0x4
 3668 16d8 5D01     		.2byte	0x15d
 3669 16da 0F       		.byte	0xf
 3670 16db F5040000 		.4byte	0x4f5
 3671 16df 1F       		.uleb128 0x1f
 3672 16e0 04710000 		.4byte	.LASF1502
 3673 16e4 04       		.byte	0x4
 3674 16e5 5E01     		.2byte	0x15e
 3675 16e7 0E       		.byte	0xe
 3676 16e8 E2140000 		.4byte	0x14e2
 3677 16ec 1F       		.uleb128 0x1f
ARM GAS  /var/folders/65/xyhbx3_n6nd_hs7j3p9nfwv80000gn/T//ccFweXAW.s 			page 67


 3678 16ed 7F130000 		.4byte	.LASF1503
 3679 16f1 04       		.byte	0x4
 3680 16f2 5F01     		.2byte	0x15f
 3681 16f4 0E       		.byte	0xe
 3682 16f5 C0140000 		.4byte	0x14c0
 3683 16f9 00       		.byte	0
 3684 16fa 03       		.uleb128 0x3
 3685 16fb FB040000 		.4byte	0x4fb
 3686 16ff 0A170000 		.4byte	0x170a
 3687 1703 04       		.uleb128 0x4
 3688 1704 4A000000 		.4byte	0x4a
 3689 1708 0F       		.byte	0xf
 3690 1709 00       		.byte	0
 3691 170a 03       		.uleb128 0x3
 3692 170b FB040000 		.4byte	0x4fb
 3693 170f 1A170000 		.4byte	0x171a
 3694 1713 04       		.uleb128 0x4
 3695 1714 4A000000 		.4byte	0x4a
 3696 1718 00       		.byte	0
 3697 1719 00       		.byte	0
 3698 171a 1D       		.uleb128 0x1d
 3699 171b 18       		.byte	0x18
 3700 171c 04       		.byte	0x4
 3701 171d 7C01     		.2byte	0x17c
 3702 171f 03       		.byte	0x3
 3703 1720 55170000 		.4byte	0x1755
 3704 1724 0C       		.uleb128 0xc
 3705 1725 010B0000 		.4byte	.LASF1504
 3706 1729 04       		.byte	0x4
 3707 172a 7D01     		.2byte	0x17d
 3708 172c 08       		.byte	0x8
 3709 172d 51000000 		.4byte	0x51
 3710 1731 02       		.byte	0x2
 3711 1732 23       		.byte	0x23
 3712 1733 00       		.uleb128 0
 3713 1734 0C       		.uleb128 0xc
 3714 1735 30590000 		.4byte	.LASF1444
 3715 1739 04       		.byte	0x4
 3716 173a 7E01     		.2byte	0x17e
 3717 173c 0A       		.byte	0xa
 3718 173d 7A0B0000 		.4byte	0xb7a
 3719 1741 02       		.byte	0x2
 3720 1742 23       		.byte	0x23
 3721 1743 04       		.uleb128 0x4
 3722 1744 0C       		.uleb128 0xc
 3723 1745 DF660000 		.4byte	.LASF1499
 3724 1749 04       		.byte	0x4
 3725 174a 7F01     		.2byte	0x17f
 3726 174c 09       		.byte	0x9
 3727 174d FA160000 		.4byte	0x16fa
 3728 1751 02       		.byte	0x2
 3729 1752 23       		.byte	0x23
 3730 1753 08       		.uleb128 0x8
 3731 1754 00       		.byte	0
 3732 1755 1D       		.uleb128 0x1d
 3733 1756 14       		.byte	0x14
 3734 1757 04       		.byte	0x4
ARM GAS  /var/folders/65/xyhbx3_n6nd_hs7j3p9nfwv80000gn/T//ccFweXAW.s 			page 68


 3735 1758 8101     		.2byte	0x181
 3736 175a 03       		.byte	0x3
 3737 175b B0170000 		.4byte	0x17b0
 3738 175f 0C       		.uleb128 0xc
 3739 1760 010B0000 		.4byte	.LASF1504
 3740 1764 04       		.byte	0x4
 3741 1765 8201     		.2byte	0x182
 3742 1767 08       		.byte	0x8
 3743 1768 51000000 		.4byte	0x51
 3744 176c 02       		.byte	0x2
 3745 176d 23       		.byte	0x23
 3746 176e 00       		.uleb128 0
 3747 176f 0C       		.uleb128 0xc
 3748 1770 7B370000 		.4byte	.LASF1505
 3749 1774 04       		.byte	0x4
 3750 1775 8301     		.2byte	0x183
 3751 1777 08       		.byte	0x8
 3752 1778 51000000 		.4byte	0x51
 3753 177c 02       		.byte	0x2
 3754 177d 23       		.byte	0x23
 3755 177e 04       		.uleb128 0x4
 3756 177f 0C       		.uleb128 0xc
 3757 1780 41730000 		.4byte	.LASF1506
 3758 1784 04       		.byte	0x4
 3759 1785 8401     		.2byte	0x184
 3760 1787 08       		.byte	0x8
 3761 1788 51000000 		.4byte	0x51
 3762 178c 02       		.byte	0x2
 3763 178d 23       		.byte	0x23
 3764 178e 08       		.uleb128 0x8
 3765 178f 0C       		.uleb128 0xc
 3766 1790 B8850000 		.4byte	.LASF1507
 3767 1794 04       		.byte	0x4
 3768 1795 8501     		.2byte	0x185
 3769 1797 08       		.byte	0x8
 3770 1798 51000000 		.4byte	0x51
 3771 179c 02       		.byte	0x2
 3772 179d 23       		.byte	0x23
 3773 179e 0C       		.uleb128 0xc
 3774 179f 0C       		.uleb128 0xc
 3775 17a0 91840000 		.4byte	.LASF1508
 3776 17a4 04       		.byte	0x4
 3777 17a5 8601     		.2byte	0x186
 3778 17a7 0E       		.byte	0xe
 3779 17a8 D6140000 		.4byte	0x14d6
 3780 17ac 02       		.byte	0x2
 3781 17ad 23       		.byte	0x23
 3782 17ae 10       		.uleb128 0x10
 3783 17af 00       		.byte	0
 3784 17b0 1D       		.uleb128 0x1d
 3785 17b1 08       		.byte	0x8
 3786 17b2 04       		.byte	0x4
 3787 17b3 8801     		.2byte	0x188
 3788 17b5 03       		.byte	0x3
 3789 17b6 DB170000 		.4byte	0x17db
 3790 17ba 0C       		.uleb128 0xc
 3791 17bb A55D0000 		.4byte	.LASF1509
ARM GAS  /var/folders/65/xyhbx3_n6nd_hs7j3p9nfwv80000gn/T//ccFweXAW.s 			page 69


 3792 17bf 04       		.byte	0x4
 3793 17c0 8901     		.2byte	0x189
 3794 17c2 11       		.byte	0x11
 3795 17c3 DC140000 		.4byte	0x14dc
 3796 17c7 02       		.byte	0x2
 3797 17c8 23       		.byte	0x23
 3798 17c9 00       		.uleb128 0
 3799 17ca 0C       		.uleb128 0xc
 3800 17cb BC680000 		.4byte	.LASF1510
 3801 17cf 04       		.byte	0x4
 3802 17d0 8A01     		.2byte	0x18a
 3803 17d2 14       		.byte	0x14
 3804 17d3 71140000 		.4byte	0x1471
 3805 17d7 02       		.byte	0x2
 3806 17d8 23       		.byte	0x23
 3807 17d9 04       		.uleb128 0x4
 3808 17da 00       		.byte	0
 3809 17db 1D       		.uleb128 0x1d
 3810 17dc 18       		.byte	0x18
 3811 17dd 04       		.byte	0x4
 3812 17de 8C01     		.2byte	0x18c
 3813 17e0 03       		.byte	0x3
 3814 17e1 46180000 		.4byte	0x1846
 3815 17e5 0C       		.uleb128 0xc
 3816 17e6 B24D0000 		.4byte	.LASF1448
 3817 17ea 04       		.byte	0x4
 3818 17eb 8D01     		.2byte	0x18d
 3819 17ed 10       		.byte	0x10
 3820 17ee F5040000 		.4byte	0x4f5
 3821 17f2 02       		.byte	0x2
 3822 17f3 23       		.byte	0x23
 3823 17f4 00       		.uleb128 0
 3824 17f5 0C       		.uleb128 0xc
 3825 17f6 A55D0000 		.4byte	.LASF1509
 3826 17fa 04       		.byte	0x4
 3827 17fb 8E01     		.2byte	0x18e
 3828 17fd 11       		.byte	0x11
 3829 17fe 9A040000 		.4byte	0x49a
 3830 1802 02       		.byte	0x2
 3831 1803 23       		.byte	0x23
 3832 1804 04       		.uleb128 0x4
 3833 1805 0C       		.uleb128 0xc
 3834 1806 5B130000 		.4byte	.LASF1511
 3835 180a 04       		.byte	0x4
 3836 180b 8F01     		.2byte	0x18f
 3837 180d 11       		.byte	0x11
 3838 180e 9A040000 		.4byte	0x49a
 3839 1812 02       		.byte	0x2
 3840 1813 23       		.byte	0x23
 3841 1814 08       		.uleb128 0x8
 3842 1815 0C       		.uleb128 0xc
 3843 1816 010B0000 		.4byte	.LASF1504
 3844 181a 04       		.byte	0x4
 3845 181b 9001     		.2byte	0x190
 3846 181d 08       		.byte	0x8
 3847 181e 51000000 		.4byte	0x51
 3848 1822 02       		.byte	0x2
ARM GAS  /var/folders/65/xyhbx3_n6nd_hs7j3p9nfwv80000gn/T//ccFweXAW.s 			page 70


 3849 1823 23       		.byte	0x23
 3850 1824 0C       		.uleb128 0xc
 3851 1825 0C       		.uleb128 0xc
 3852 1826 FE0F0000 		.4byte	.LASF1512
 3853 182a 04       		.byte	0x4
 3854 182b 9101     		.2byte	0x191
 3855 182d 0A       		.byte	0xa
 3856 182e 74040000 		.4byte	0x474
 3857 1832 02       		.byte	0x2
 3858 1833 23       		.byte	0x23
 3859 1834 10       		.uleb128 0x10
 3860 1835 0C       		.uleb128 0xc
 3861 1836 E06F0000 		.4byte	.LASF1513
 3862 183a 04       		.byte	0x4
 3863 183b 9201     		.2byte	0x192
 3864 183d 10       		.byte	0x10
 3865 183e A6040000 		.4byte	0x4a6
 3866 1842 02       		.byte	0x2
 3867 1843 23       		.byte	0x23
 3868 1844 14       		.uleb128 0x14
 3869 1845 00       		.byte	0
 3870 1846 1D       		.uleb128 0x1d
 3871 1847 14       		.byte	0x14
 3872 1848 04       		.byte	0x4
 3873 1849 9501     		.2byte	0x195
 3874 184b 03       		.byte	0x3
 3875 184c 9D180000 		.4byte	0x189d
 3876 1850 0C       		.uleb128 0xc
 3877 1851 BF250000 		.4byte	.LASF1514
 3878 1855 04       		.byte	0x4
 3879 1856 9601     		.2byte	0x196
 3880 1858 0F       		.byte	0xf
 3881 1859 C0140000 		.4byte	0x14c0
 3882 185d 02       		.byte	0x2
 3883 185e 23       		.byte	0x23
 3884 185f 00       		.uleb128 0
 3885 1860 0B       		.uleb128 0xb
 3886 1861 6900     		.ascii	"i\000"
 3887 1863 04       		.byte	0x4
 3888 1864 9701     		.2byte	0x197
 3889 1866 08       		.byte	0x8
 3890 1867 51000000 		.4byte	0x51
 3891 186b 02       		.byte	0x2
 3892 186c 23       		.byte	0x23
 3893 186d 04       		.uleb128 0x4
 3894 186e 0B       		.uleb128 0xb
 3895 186f 6E00     		.ascii	"n\000"
 3896 1871 04       		.byte	0x4
 3897 1872 9701     		.2byte	0x197
 3898 1874 0B       		.byte	0xb
 3899 1875 51000000 		.4byte	0x51
 3900 1879 02       		.byte	0x2
 3901 187a 23       		.byte	0x23
 3902 187b 08       		.uleb128 0x8
 3903 187c 0C       		.uleb128 0xc
 3904 187d 6E7A0000 		.4byte	.LASF1515
 3905 1881 04       		.byte	0x4
ARM GAS  /var/folders/65/xyhbx3_n6nd_hs7j3p9nfwv80000gn/T//ccFweXAW.s 			page 71


 3906 1882 9801     		.2byte	0x198
 3907 1884 11       		.byte	0x11
 3908 1885 9D180000 		.4byte	0x189d
 3909 1889 02       		.byte	0x2
 3910 188a 23       		.byte	0x23
 3911 188b 0C       		.uleb128 0xc
 3912 188c 0C       		.uleb128 0xc
 3913 188d 7B540000 		.4byte	.LASF1516
 3914 1891 04       		.byte	0x4
 3915 1892 9801     		.2byte	0x198
 3916 1894 18       		.byte	0x18
 3917 1895 9D180000 		.4byte	0x189d
 3918 1899 02       		.byte	0x2
 3919 189a 23       		.byte	0x23
 3920 189b 10       		.uleb128 0x10
 3921 189c 00       		.byte	0
 3922 189d 0D       		.uleb128 0xd
 3923 189e 04       		.byte	0x4
 3924 189f B6150000 		.4byte	0x15b6
 3925 18a3 1D       		.uleb128 0x1d
 3926 18a4 18       		.byte	0x18
 3927 18a5 04       		.byte	0x4
 3928 18a6 9A01     		.2byte	0x19a
 3929 18a8 03       		.byte	0x3
 3930 18a9 0E190000 		.4byte	0x190e
 3931 18ad 0B       		.uleb128 0xb
 3932 18ae 74616700 		.ascii	"tag\000"
 3933 18b2 04       		.byte	0x4
 3934 18b3 9B01     		.2byte	0x19b
 3935 18b5 10       		.byte	0x10
 3936 18b6 F5040000 		.4byte	0x4f5
 3937 18ba 02       		.byte	0x2
 3938 18bb 23       		.byte	0x23
 3939 18bc 00       		.uleb128 0
 3940 18bd 0C       		.uleb128 0xc
 3941 18be FE0F0000 		.4byte	.LASF1512
 3942 18c2 04       		.byte	0x4
 3943 18c3 9C01     		.2byte	0x19c
 3944 18c5 0A       		.byte	0xa
 3945 18c6 74040000 		.4byte	0x474
 3946 18ca 02       		.byte	0x2
 3947 18cb 23       		.byte	0x23
 3948 18cc 04       		.uleb128 0x4
 3949 18cd 0B       		.uleb128 0xb
 3950 18ce 68617300 		.ascii	"has\000"
 3951 18d2 04       		.byte	0x4
 3952 18d3 9D01     		.2byte	0x19d
 3953 18d5 13       		.byte	0x13
 3954 18d6 C9040000 		.4byte	0x4c9
 3955 18da 02       		.byte	0x2
 3956 18db 23       		.byte	0x23
 3957 18dc 08       		.uleb128 0x8
 3958 18dd 0B       		.uleb128 0xb
 3959 18de 70757400 		.ascii	"put\000"
 3960 18e2 04       		.byte	0x4
 3961 18e3 9E01     		.2byte	0x19e
 3962 18e5 0B       		.byte	0xb
ARM GAS  /var/folders/65/xyhbx3_n6nd_hs7j3p9nfwv80000gn/T//ccFweXAW.s 			page 72


 3963 18e6 07050000 		.4byte	0x507
 3964 18ea 02       		.byte	0x2
 3965 18eb 23       		.byte	0x23
 3966 18ec 0C       		.uleb128 0xc
 3967 18ed 0C       		.uleb128 0xc
 3968 18ee BA6E0000 		.4byte	.LASF1517
 3969 18f2 04       		.byte	0x4
 3970 18f3 9F01     		.2byte	0x19f
 3971 18f5 0E       		.byte	0xe
 3972 18f6 13050000 		.4byte	0x513
 3973 18fa 02       		.byte	0x2
 3974 18fb 23       		.byte	0x23
 3975 18fc 10       		.uleb128 0x10
 3976 18fd 0C       		.uleb128 0xc
 3977 18fe E06F0000 		.4byte	.LASF1513
 3978 1902 04       		.byte	0x4
 3979 1903 A001     		.2byte	0x1a0
 3980 1905 10       		.byte	0x10
 3981 1906 A6040000 		.4byte	0x4a6
 3982 190a 02       		.byte	0x2
 3983 190b 23       		.byte	0x23
 3984 190c 14       		.uleb128 0x14
 3985 190d 00       		.byte	0
 3986 190e 1E       		.uleb128 0x1e
 3987 190f 18       		.byte	0x18
 3988 1910 04       		.byte	0x4
 3989 1911 7901     		.2byte	0x179
 3990 1913 02       		.byte	0x2
 3991 1914 84190000 		.4byte	0x1984
 3992 1918 1F       		.uleb128 0x1f
 3993 1919 624D0000 		.4byte	.LASF1500
 3994 191d 04       		.byte	0x4
 3995 191e 7A01     		.2byte	0x17a
 3996 1920 07       		.byte	0x7
 3997 1921 51000000 		.4byte	0x51
 3998 1925 1F       		.uleb128 0x1f
 3999 1926 8B280000 		.4byte	.LASF1253
 4000 192a 04       		.byte	0x4
 4001 192b 7B01     		.2byte	0x17b
 4002 192d 0A       		.byte	0xa
 4003 192e 250F0000 		.4byte	0xf25
 4004 1932 25       		.uleb128 0x25
 4005 1933 7300     		.ascii	"s\000"
 4006 1935 04       		.byte	0x4
 4007 1936 8001     		.2byte	0x180
 4008 1938 05       		.byte	0x5
 4009 1939 1A170000 		.4byte	0x171a
 4010 193d 25       		.uleb128 0x25
 4011 193e 6100     		.ascii	"a\000"
 4012 1940 04       		.byte	0x4
 4013 1941 8701     		.2byte	0x187
 4014 1943 05       		.byte	0x5
 4015 1944 55170000 		.4byte	0x1755
 4016 1948 25       		.uleb128 0x25
 4017 1949 6600     		.ascii	"f\000"
 4018 194b 04       		.byte	0x4
 4019 194c 8B01     		.2byte	0x18b
ARM GAS  /var/folders/65/xyhbx3_n6nd_hs7j3p9nfwv80000gn/T//ccFweXAW.s 			page 73


 4020 194e 05       		.byte	0x5
 4021 194f B0170000 		.4byte	0x17b0
 4022 1953 25       		.uleb128 0x25
 4023 1954 6300     		.ascii	"c\000"
 4024 1956 04       		.byte	0x4
 4025 1957 9301     		.2byte	0x193
 4026 1959 05       		.byte	0x5
 4027 195a DB170000 		.4byte	0x17db
 4028 195e 25       		.uleb128 0x25
 4029 195f 7200     		.ascii	"r\000"
 4030 1961 04       		.byte	0x4
 4031 1962 9401     		.2byte	0x194
 4032 1964 0D       		.byte	0xd
 4033 1965 980F0000 		.4byte	0xf98
 4034 1969 1F       		.uleb128 0x1f
 4035 196a 9A7A0000 		.4byte	.LASF1518
 4036 196e 04       		.byte	0x4
 4037 196f 9901     		.2byte	0x199
 4038 1971 05       		.byte	0x5
 4039 1972 46180000 		.4byte	0x1846
 4040 1976 1F       		.uleb128 0x1f
 4041 1977 9F8D0000 		.4byte	.LASF1519
 4042 197b 04       		.byte	0x4
 4043 197c A101     		.2byte	0x1a1
 4044 197e 05       		.byte	0x5
 4045 197f A3180000 		.4byte	0x18a3
 4046 1983 00       		.byte	0
 4047 1984 0D       		.uleb128 0xd
 4048 1985 04       		.byte	0x4
 4049 1986 1A150000 		.4byte	0x151a
 4050 198a 22       		.uleb128 0x22
 4051 198b 7C080000 		.4byte	.LASF1520
 4052 198f 07       		.byte	0x7
 4053 1990 01       		.byte	0x1
 4054 1991 42050000 		.4byte	0x542
 4055 1995 04       		.byte	0x4
 4056 1996 4002     		.2byte	0x240
 4057 1998 06       		.byte	0x6
 4058 1999 C61B0000 		.4byte	0x1bc6
 4059 199d 14       		.uleb128 0x14
 4060 199e E1120000 		.4byte	.LASF1521
 4061 19a2 00       		.byte	0
 4062 19a3 14       		.uleb128 0x14
 4063 19a4 6E110000 		.4byte	.LASF1522
 4064 19a8 01       		.byte	0x1
 4065 19a9 14       		.uleb128 0x14
 4066 19aa 5B2D0000 		.4byte	.LASF1523
 4067 19ae 02       		.byte	0x2
 4068 19af 14       		.uleb128 0x14
 4069 19b0 78760000 		.4byte	.LASF1524
 4070 19b4 03       		.byte	0x3
 4071 19b5 14       		.uleb128 0x14
 4072 19b6 6F0D0000 		.4byte	.LASF1525
 4073 19ba 04       		.byte	0x4
 4074 19bb 14       		.uleb128 0x14
 4075 19bc AD590000 		.4byte	.LASF1526
 4076 19c0 05       		.byte	0x5
ARM GAS  /var/folders/65/xyhbx3_n6nd_hs7j3p9nfwv80000gn/T//ccFweXAW.s 			page 74


 4077 19c1 14       		.uleb128 0x14
 4078 19c2 168D0000 		.4byte	.LASF1527
 4079 19c6 06       		.byte	0x6
 4080 19c7 14       		.uleb128 0x14
 4081 19c8 FF610000 		.4byte	.LASF1528
 4082 19cc 07       		.byte	0x7
 4083 19cd 14       		.uleb128 0x14
 4084 19ce B03F0000 		.4byte	.LASF1529
 4085 19d2 08       		.byte	0x8
 4086 19d3 14       		.uleb128 0x14
 4087 19d4 201D0000 		.4byte	.LASF1530
 4088 19d8 09       		.byte	0x9
 4089 19d9 14       		.uleb128 0x14
 4090 19da CB070000 		.4byte	.LASF1531
 4091 19de 0A       		.byte	0xa
 4092 19df 14       		.uleb128 0x14
 4093 19e0 AD070000 		.4byte	.LASF1532
 4094 19e4 0B       		.byte	0xb
 4095 19e5 14       		.uleb128 0x14
 4096 19e6 46930000 		.4byte	.LASF1533
 4097 19ea 0C       		.byte	0xc
 4098 19eb 14       		.uleb128 0x14
 4099 19ec 476C0000 		.4byte	.LASF1534
 4100 19f0 0D       		.byte	0xd
 4101 19f1 14       		.uleb128 0x14
 4102 19f2 3F8C0000 		.4byte	.LASF1535
 4103 19f6 0E       		.byte	0xe
 4104 19f7 14       		.uleb128 0x14
 4105 19f8 83520000 		.4byte	.LASF1536
 4106 19fc 0F       		.byte	0xf
 4107 19fd 14       		.uleb128 0x14
 4108 19fe 146C0000 		.4byte	.LASF1537
 4109 1a02 10       		.byte	0x10
 4110 1a03 14       		.uleb128 0x14
 4111 1a04 B3520000 		.4byte	.LASF1538
 4112 1a08 11       		.byte	0x11
 4113 1a09 14       		.uleb128 0x14
 4114 1a0a FB230000 		.4byte	.LASF1539
 4115 1a0e 12       		.byte	0x12
 4116 1a0f 14       		.uleb128 0x14
 4117 1a10 F3810000 		.4byte	.LASF1540
 4118 1a14 13       		.byte	0x13
 4119 1a15 14       		.uleb128 0x14
 4120 1a16 A51E0000 		.4byte	.LASF1541
 4121 1a1a 14       		.byte	0x14
 4122 1a1b 14       		.uleb128 0x14
 4123 1a1c A0080000 		.4byte	.LASF1542
 4124 1a20 15       		.byte	0x15
 4125 1a21 14       		.uleb128 0x14
 4126 1a22 B73B0000 		.4byte	.LASF1543
 4127 1a26 16       		.byte	0x16
 4128 1a27 14       		.uleb128 0x14
 4129 1a28 44740000 		.4byte	.LASF1544
 4130 1a2c 17       		.byte	0x17
 4131 1a2d 14       		.uleb128 0x14
 4132 1a2e EF6E0000 		.4byte	.LASF1545
 4133 1a32 18       		.byte	0x18
ARM GAS  /var/folders/65/xyhbx3_n6nd_hs7j3p9nfwv80000gn/T//ccFweXAW.s 			page 75


 4134 1a33 14       		.uleb128 0x14
 4135 1a34 936A0000 		.4byte	.LASF1546
 4136 1a38 19       		.byte	0x19
 4137 1a39 14       		.uleb128 0x14
 4138 1a3a B7780000 		.4byte	.LASF1547
 4139 1a3e 1A       		.byte	0x1a
 4140 1a3f 14       		.uleb128 0x14
 4141 1a40 F3270000 		.4byte	.LASF1548
 4142 1a44 1B       		.byte	0x1b
 4143 1a45 14       		.uleb128 0x14
 4144 1a46 6C660000 		.4byte	.LASF1549
 4145 1a4a 1C       		.byte	0x1c
 4146 1a4b 14       		.uleb128 0x14
 4147 1a4c 9B3F0000 		.4byte	.LASF1550
 4148 1a50 1D       		.byte	0x1d
 4149 1a51 14       		.uleb128 0x14
 4150 1a52 65080000 		.4byte	.LASF1551
 4151 1a56 1E       		.byte	0x1e
 4152 1a57 14       		.uleb128 0x14
 4153 1a58 561F0000 		.4byte	.LASF1552
 4154 1a5c 1F       		.byte	0x1f
 4155 1a5d 14       		.uleb128 0x14
 4156 1a5e 4B960000 		.4byte	.LASF1553
 4157 1a62 20       		.byte	0x20
 4158 1a63 14       		.uleb128 0x14
 4159 1a64 72100000 		.4byte	.LASF1554
 4160 1a68 21       		.byte	0x21
 4161 1a69 14       		.uleb128 0x14
 4162 1a6a 93150000 		.4byte	.LASF1555
 4163 1a6e 22       		.byte	0x22
 4164 1a6f 14       		.uleb128 0x14
 4165 1a70 9D1E0000 		.4byte	.LASF1556
 4166 1a74 23       		.byte	0x23
 4167 1a75 14       		.uleb128 0x14
 4168 1a76 51790000 		.4byte	.LASF1557
 4169 1a7a 24       		.byte	0x24
 4170 1a7b 14       		.uleb128 0x14
 4171 1a7c 95750000 		.4byte	.LASF1558
 4172 1a80 25       		.byte	0x25
 4173 1a81 14       		.uleb128 0x14
 4174 1a82 A4590000 		.4byte	.LASF1559
 4175 1a86 26       		.byte	0x26
 4176 1a87 14       		.uleb128 0x14
 4177 1a88 6F5A0000 		.4byte	.LASF1560
 4178 1a8c 27       		.byte	0x27
 4179 1a8d 14       		.uleb128 0x14
 4180 1a8e 5E5A0000 		.4byte	.LASF1561
 4181 1a92 28       		.byte	0x28
 4182 1a93 14       		.uleb128 0x14
 4183 1a94 C3380000 		.4byte	.LASF1562
 4184 1a98 29       		.byte	0x29
 4185 1a99 14       		.uleb128 0x14
 4186 1a9a 7C7D0000 		.4byte	.LASF1563
 4187 1a9e 2A       		.byte	0x2a
 4188 1a9f 14       		.uleb128 0x14
 4189 1aa0 9F320000 		.4byte	.LASF1564
 4190 1aa4 2B       		.byte	0x2b
ARM GAS  /var/folders/65/xyhbx3_n6nd_hs7j3p9nfwv80000gn/T//ccFweXAW.s 			page 76


 4191 1aa5 14       		.uleb128 0x14
 4192 1aa6 85400000 		.4byte	.LASF1565
 4193 1aaa 2C       		.byte	0x2c
 4194 1aab 14       		.uleb128 0x14
 4195 1aac 42330000 		.4byte	.LASF1566
 4196 1ab0 2D       		.byte	0x2d
 4197 1ab1 14       		.uleb128 0x14
 4198 1ab2 26410000 		.4byte	.LASF1567
 4199 1ab6 2E       		.byte	0x2e
 4200 1ab7 14       		.uleb128 0x14
 4201 1ab8 D4120000 		.4byte	.LASF1568
 4202 1abc 2F       		.byte	0x2f
 4203 1abd 14       		.uleb128 0x14
 4204 1abe DC940000 		.4byte	.LASF1569
 4205 1ac2 30       		.byte	0x30
 4206 1ac3 14       		.uleb128 0x14
 4207 1ac4 29450000 		.4byte	.LASF1570
 4208 1ac8 31       		.byte	0x31
 4209 1ac9 14       		.uleb128 0x14
 4210 1aca 0A2C0000 		.4byte	.LASF1571
 4211 1ace 32       		.byte	0x32
 4212 1acf 14       		.uleb128 0x14
 4213 1ad0 688F0000 		.4byte	.LASF1572
 4214 1ad4 33       		.byte	0x33
 4215 1ad5 14       		.uleb128 0x14
 4216 1ad6 A51A0000 		.4byte	.LASF1573
 4217 1ada 34       		.byte	0x34
 4218 1adb 14       		.uleb128 0x14
 4219 1adc CD370000 		.4byte	.LASF1574
 4220 1ae0 35       		.byte	0x35
 4221 1ae1 14       		.uleb128 0x14
 4222 1ae2 686E0000 		.4byte	.LASF1575
 4223 1ae6 36       		.byte	0x36
 4224 1ae7 14       		.uleb128 0x14
 4225 1ae8 2D130000 		.4byte	.LASF1576
 4226 1aec 37       		.byte	0x37
 4227 1aed 14       		.uleb128 0x14
 4228 1aee 785E0000 		.4byte	.LASF1577
 4229 1af2 38       		.byte	0x38
 4230 1af3 14       		.uleb128 0x14
 4231 1af4 B4020000 		.4byte	.LASF1578
 4232 1af8 39       		.byte	0x39
 4233 1af9 14       		.uleb128 0x14
 4234 1afa 95900000 		.4byte	.LASF1579
 4235 1afe 3A       		.byte	0x3a
 4236 1aff 14       		.uleb128 0x14
 4237 1b00 AB860000 		.4byte	.LASF1580
 4238 1b04 3B       		.byte	0x3b
 4239 1b05 14       		.uleb128 0x14
 4240 1b06 31810000 		.4byte	.LASF1581
 4241 1b0a 3C       		.byte	0x3c
 4242 1b0b 14       		.uleb128 0x14
 4243 1b0c 5A4E0000 		.4byte	.LASF1582
 4244 1b10 3D       		.byte	0x3d
 4245 1b11 14       		.uleb128 0x14
 4246 1b12 C1510000 		.4byte	.LASF1583
 4247 1b16 3E       		.byte	0x3e
ARM GAS  /var/folders/65/xyhbx3_n6nd_hs7j3p9nfwv80000gn/T//ccFweXAW.s 			page 77


 4248 1b17 14       		.uleb128 0x14
 4249 1b18 182F0000 		.4byte	.LASF1584
 4250 1b1c 3F       		.byte	0x3f
 4251 1b1d 14       		.uleb128 0x14
 4252 1b1e 7B2F0000 		.4byte	.LASF1585
 4253 1b22 40       		.byte	0x40
 4254 1b23 14       		.uleb128 0x14
 4255 1b24 20970000 		.4byte	.LASF1586
 4256 1b28 41       		.byte	0x41
 4257 1b29 14       		.uleb128 0x14
 4258 1b2a 2D7E0000 		.4byte	.LASF1587
 4259 1b2e 42       		.byte	0x42
 4260 1b2f 14       		.uleb128 0x14
 4261 1b30 460A0000 		.4byte	.LASF1588
 4262 1b34 43       		.byte	0x43
 4263 1b35 14       		.uleb128 0x14
 4264 1b36 09260000 		.4byte	.LASF1589
 4265 1b3a 44       		.byte	0x44
 4266 1b3b 14       		.uleb128 0x14
 4267 1b3c E9810000 		.4byte	.LASF1590
 4268 1b40 45       		.byte	0x45
 4269 1b41 14       		.uleb128 0x14
 4270 1b42 E1060000 		.4byte	.LASF1591
 4271 1b46 46       		.byte	0x46
 4272 1b47 14       		.uleb128 0x14
 4273 1b48 C2960000 		.4byte	.LASF1592
 4274 1b4c 47       		.byte	0x47
 4275 1b4d 14       		.uleb128 0x14
 4276 1b4e 477A0000 		.4byte	.LASF1593
 4277 1b52 48       		.byte	0x48
 4278 1b53 14       		.uleb128 0x14
 4279 1b54 D4410000 		.4byte	.LASF1594
 4280 1b58 49       		.byte	0x49
 4281 1b59 14       		.uleb128 0x14
 4282 1b5a 791E0000 		.4byte	.LASF1595
 4283 1b5e 4A       		.byte	0x4a
 4284 1b5f 14       		.uleb128 0x14
 4285 1b60 B9130000 		.4byte	.LASF1596
 4286 1b64 4B       		.byte	0x4b
 4287 1b65 14       		.uleb128 0x14
 4288 1b66 6F1E0000 		.4byte	.LASF1597
 4289 1b6a 4C       		.byte	0x4c
 4290 1b6b 14       		.uleb128 0x14
 4291 1b6c 460F0000 		.4byte	.LASF1598
 4292 1b70 4D       		.byte	0x4d
 4293 1b71 14       		.uleb128 0x14
 4294 1b72 43950000 		.4byte	.LASF1599
 4295 1b76 4E       		.byte	0x4e
 4296 1b77 14       		.uleb128 0x14
 4297 1b78 BF090000 		.4byte	.LASF1600
 4298 1b7c 4F       		.byte	0x4f
 4299 1b7d 14       		.uleb128 0x14
 4300 1b7e B50E0000 		.4byte	.LASF1601
 4301 1b82 50       		.byte	0x50
 4302 1b83 14       		.uleb128 0x14
 4303 1b84 65100000 		.4byte	.LASF1602
 4304 1b88 51       		.byte	0x51
ARM GAS  /var/folders/65/xyhbx3_n6nd_hs7j3p9nfwv80000gn/T//ccFweXAW.s 			page 78


 4305 1b89 14       		.uleb128 0x14
 4306 1b8a B0870000 		.4byte	.LASF1603
 4307 1b8e 52       		.byte	0x52
 4308 1b8f 14       		.uleb128 0x14
 4309 1b90 4C660000 		.4byte	.LASF1604
 4310 1b94 53       		.byte	0x53
 4311 1b95 14       		.uleb128 0x14
 4312 1b96 716D0000 		.4byte	.LASF1605
 4313 1b9a 54       		.byte	0x54
 4314 1b9b 14       		.uleb128 0x14
 4315 1b9c 31620000 		.4byte	.LASF1606
 4316 1ba0 55       		.byte	0x55
 4317 1ba1 14       		.uleb128 0x14
 4318 1ba2 EB1B0000 		.4byte	.LASF1607
 4319 1ba6 56       		.byte	0x56
 4320 1ba7 14       		.uleb128 0x14
 4321 1ba8 A3860000 		.4byte	.LASF1608
 4322 1bac 57       		.byte	0x57
 4323 1bad 14       		.uleb128 0x14
 4324 1bae A3800000 		.4byte	.LASF1609
 4325 1bb2 58       		.byte	0x58
 4326 1bb3 14       		.uleb128 0x14
 4327 1bb4 815E0000 		.4byte	.LASF1610
 4328 1bb8 59       		.byte	0x59
 4329 1bb9 14       		.uleb128 0x14
 4330 1bba C40E0000 		.4byte	.LASF1611
 4331 1bbe 5A       		.byte	0x5a
 4332 1bbf 14       		.uleb128 0x14
 4333 1bc0 7D750000 		.4byte	.LASF1612
 4334 1bc4 5B       		.byte	0x5b
 4335 1bc5 00       		.byte	0
 4336 1bc6 02       		.uleb128 0x2
 4337 1bc7 A0820000 		.4byte	.LASF1613
 4338 1bcb 04       		.byte	0x4
 4339 1bcc B102     		.2byte	0x2b1
 4340 1bce 1C       		.byte	0x1c
 4341 1bcf D31B0000 		.4byte	0x1bd3
 4342 1bd3 1C       		.uleb128 0x1c
 4343 1bd4 A0820000 		.4byte	.LASF1613
 4344 1bd8 0C       		.byte	0xc
 4345 1bd9 04       		.byte	0x4
 4346 1bda B302     		.2byte	0x2b3
 4347 1bdc 08       		.byte	0x8
 4348 1bdd 121C0000 		.4byte	0x1c12
 4349 1be1 0C       		.uleb128 0xc
 4350 1be2 631D0000 		.4byte	.LASF1435
 4351 1be6 04       		.byte	0x4
 4352 1be7 B502     		.2byte	0x2b5
 4353 1be9 12       		.byte	0x12
 4354 1bea 8A190000 		.4byte	0x198a
 4355 1bee 02       		.byte	0x2
 4356 1bef 23       		.byte	0x23
 4357 1bf0 00       		.uleb128 0
 4358 1bf1 0C       		.uleb128 0xc
 4359 1bf2 A9450000 		.4byte	.LASF1614
 4360 1bf6 04       		.byte	0x4
 4361 1bf7 B602     		.2byte	0x2b6
ARM GAS  /var/folders/65/xyhbx3_n6nd_hs7j3p9nfwv80000gn/T//ccFweXAW.s 			page 79


 4362 1bf9 06       		.byte	0x6
 4363 1bfa 51000000 		.4byte	0x51
 4364 1bfe 02       		.byte	0x2
 4365 1bff 23       		.byte	0x23
 4366 1c00 04       		.uleb128 0x4
 4367 1c01 0C       		.uleb128 0xc
 4368 1c02 E00A0000 		.4byte	.LASF1480
 4369 1c06 04       		.byte	0x4
 4370 1c07 B702     		.2byte	0x2b7
 4371 1c09 0F       		.byte	0xf
 4372 1c0a 121C0000 		.4byte	0x1c12
 4373 1c0e 02       		.byte	0x2
 4374 1c0f 23       		.byte	0x23
 4375 1c10 08       		.uleb128 0x8
 4376 1c11 00       		.byte	0
 4377 1c12 0D       		.uleb128 0xd
 4378 1c13 04       		.byte	0x4
 4379 1c14 C61B0000 		.4byte	0x1bc6
 4380 1c18 0D       		.uleb128 0xd
 4381 1c19 04       		.byte	0x4
 4382 1c1a DC140000 		.4byte	0x14dc
 4383 1c1e 0D       		.uleb128 0xd
 4384 1c1f 04       		.byte	0x4
 4385 1c20 F5040000 		.4byte	0x4f5
 4386 1c24 27       		.uleb128 0x27
 4387 1c25 01       		.byte	0x1
 4388 1c26 91380000 		.4byte	.LASF1633
 4389 1c2a 01       		.byte	0x1
 4390 1c2b 1B       		.byte	0x1b
 4391 1c2c 06       		.byte	0x6
 4392 1c2d 01       		.byte	0x1
 4393 1c2e 00000000 		.4byte	.LFB7
 4394 1c32 68000000 		.4byte	.LFE7
 4395 1c36 00000000 		.4byte	.LLST10
 4396 1c3a 01       		.byte	0x1
 4397 1c3b 0E1D0000 		.4byte	0x1d0e
 4398 1c3f 28       		.uleb128 0x28
 4399 1c40 4A00     		.ascii	"J\000"
 4400 1c42 01       		.byte	0x1
 4401 1c43 1B       		.byte	0x1b
 4402 1c44 20       		.byte	0x20
 4403 1c45 94040000 		.4byte	0x494
 4404 1c49 4C000000 		.4byte	.LLST11
 4405 1c4d 44000000 		.4byte	.LVUS11
 4406 1c51 29       		.uleb128 0x29
 4407 1c52 10000000 		.4byte	.LVL23
 4408 1c56 D01E0000 		.4byte	0x1ed0
 4409 1c5a 651C0000 		.4byte	0x1c65
 4410 1c5e 2A       		.uleb128 0x2a
 4411 1c5f 01       		.byte	0x1
 4412 1c60 50       		.byte	0x50
 4413 1c61 02       		.byte	0x2
 4414 1c62 74       		.byte	0x74
 4415 1c63 00       		.sleb128 0
 4416 1c64 00       		.byte	0
 4417 1c65 29       		.uleb128 0x29
 4418 1c66 1C000000 		.4byte	.LVL24
ARM GAS  /var/folders/65/xyhbx3_n6nd_hs7j3p9nfwv80000gn/T//ccFweXAW.s 			page 80


 4419 1c6a DF1E0000 		.4byte	0x1edf
 4420 1c6e 901C0000 		.4byte	0x1c90
 4421 1c72 2A       		.uleb128 0x2a
 4422 1c73 01       		.byte	0x1
 4423 1c74 50       		.byte	0x50
 4424 1c75 02       		.byte	0x2
 4425 1c76 74       		.byte	0x74
 4426 1c77 00       		.sleb128 0
 4427 1c78 2A       		.uleb128 0x2a
 4428 1c79 01       		.byte	0x1
 4429 1c7a 51       		.byte	0x51
 4430 1c7b 05       		.byte	0x5
 4431 1c7c 03       		.byte	0x3
 4432 1c7d 00000000 		.4byte	.LC3
 4433 1c81 2A       		.uleb128 0x2a
 4434 1c82 01       		.byte	0x1
 4435 1c83 52       		.byte	0x52
 4436 1c84 05       		.byte	0x5
 4437 1c85 03       		.byte	0x3
 4438 1c86 00000000 		.4byte	Bp_toString
 4439 1c8a 2A       		.uleb128 0x2a
 4440 1c8b 01       		.byte	0x1
 4441 1c8c 53       		.byte	0x53
 4442 1c8d 01       		.byte	0x1
 4443 1c8e 30       		.byte	0x30
 4444 1c8f 00       		.byte	0
 4445 1c90 29       		.uleb128 0x29
 4446 1c91 28000000 		.4byte	.LVL25
 4447 1c95 DF1E0000 		.4byte	0x1edf
 4448 1c99 BB1C0000 		.4byte	0x1cbb
 4449 1c9d 2A       		.uleb128 0x2a
 4450 1c9e 01       		.byte	0x1
 4451 1c9f 50       		.byte	0x50
 4452 1ca0 02       		.byte	0x2
 4453 1ca1 74       		.byte	0x74
 4454 1ca2 00       		.sleb128 0
 4455 1ca3 2A       		.uleb128 0x2a
 4456 1ca4 01       		.byte	0x1
 4457 1ca5 51       		.byte	0x51
 4458 1ca6 05       		.byte	0x5
 4459 1ca7 03       		.byte	0x3
 4460 1ca8 1C000000 		.4byte	.LC4
 4461 1cac 2A       		.uleb128 0x2a
 4462 1cad 01       		.byte	0x1
 4463 1cae 52       		.byte	0x52
 4464 1caf 05       		.byte	0x5
 4465 1cb0 03       		.byte	0x3
 4466 1cb1 00000000 		.4byte	Bp_valueOf
 4467 1cb5 2A       		.uleb128 0x2a
 4468 1cb6 01       		.byte	0x1
 4469 1cb7 53       		.byte	0x53
 4470 1cb8 01       		.byte	0x1
 4471 1cb9 30       		.byte	0x30
 4472 1cba 00       		.byte	0
 4473 1cbb 29       		.uleb128 0x29
 4474 1cbc 3A000000 		.4byte	.LVL26
 4475 1cc0 EE1E0000 		.4byte	0x1eee
ARM GAS  /var/folders/65/xyhbx3_n6nd_hs7j3p9nfwv80000gn/T//ccFweXAW.s 			page 81


 4476 1cc4 ED1C0000 		.4byte	0x1ced
 4477 1cc8 2A       		.uleb128 0x2a
 4478 1cc9 01       		.byte	0x1
 4479 1cca 50       		.byte	0x50
 4480 1ccb 02       		.byte	0x2
 4481 1ccc 74       		.byte	0x74
 4482 1ccd 00       		.sleb128 0
 4483 1cce 2A       		.uleb128 0x2a
 4484 1ccf 01       		.byte	0x1
 4485 1cd0 51       		.byte	0x51
 4486 1cd1 05       		.byte	0x5
 4487 1cd2 03       		.byte	0x3
 4488 1cd3 00000000 		.4byte	jsB_Boolean
 4489 1cd7 2A       		.uleb128 0x2a
 4490 1cd8 01       		.byte	0x1
 4491 1cd9 52       		.byte	0x52
 4492 1cda 05       		.byte	0x5
 4493 1cdb 03       		.byte	0x3
 4494 1cdc 00000000 		.4byte	jsB_new_Boolean
 4495 1ce0 2A       		.uleb128 0x2a
 4496 1ce1 01       		.byte	0x1
 4497 1ce2 53       		.byte	0x53
 4498 1ce3 02       		.byte	0x2
 4499 1ce4 75       		.byte	0x75
 4500 1ce5 00       		.sleb128 0
 4501 1ce6 2A       		.uleb128 0x2a
 4502 1ce7 02       		.byte	0x2
 4503 1ce8 7D       		.byte	0x7d
 4504 1ce9 00       		.sleb128 0
 4505 1cea 01       		.byte	0x1
 4506 1ceb 31       		.byte	0x31
 4507 1cec 00       		.byte	0
 4508 1ced 2B       		.uleb128 0x2b
 4509 1cee 4A000000 		.4byte	.LVL28
 4510 1cf2 01       		.byte	0x1
 4511 1cf3 FC1E0000 		.4byte	0x1efc
 4512 1cf7 2A       		.uleb128 0x2a
 4513 1cf8 01       		.byte	0x1
 4514 1cf9 50       		.byte	0x50
 4515 1cfa 03       		.byte	0x3
 4516 1cfb F3       		.byte	0xf3
 4517 1cfc 01       		.uleb128 0x1
 4518 1cfd 50       		.byte	0x50
 4519 1cfe 2A       		.uleb128 0x2a
 4520 1cff 01       		.byte	0x1
 4521 1d00 51       		.byte	0x51
 4522 1d01 05       		.byte	0x5
 4523 1d02 03       		.byte	0x3
 4524 1d03 38000000 		.4byte	.LC5
 4525 1d07 2A       		.uleb128 0x2a
 4526 1d08 01       		.byte	0x1
 4527 1d09 52       		.byte	0x52
 4528 1d0a 01       		.byte	0x1
 4529 1d0b 32       		.byte	0x32
 4530 1d0c 00       		.byte	0
 4531 1d0d 00       		.byte	0
 4532 1d0e 2C       		.uleb128 0x2c
ARM GAS  /var/folders/65/xyhbx3_n6nd_hs7j3p9nfwv80000gn/T//ccFweXAW.s 			page 82


 4533 1d0f B0730000 		.4byte	.LASF1616
 4534 1d13 01       		.byte	0x1
 4535 1d14 14       		.byte	0x14
 4536 1d15 0D       		.byte	0xd
 4537 1d16 01       		.byte	0x1
 4538 1d17 00000000 		.4byte	.LFB6
 4539 1d1b 28000000 		.4byte	.LFE6
 4540 1d1f 83000000 		.4byte	.LLST4
 4541 1d23 01       		.byte	0x1
 4542 1d24 971D0000 		.4byte	0x1d97
 4543 1d28 28       		.uleb128 0x28
 4544 1d29 4A00     		.ascii	"J\000"
 4545 1d2b 01       		.byte	0x1
 4546 1d2c 14       		.byte	0x14
 4547 1d2d 22       		.byte	0x22
 4548 1d2e 94040000 		.4byte	0x494
 4549 1d32 C5000000 		.4byte	.LLST5
 4550 1d36 BB000000 		.4byte	.LVUS5
 4551 1d3a 2D       		.uleb128 0x2d
 4552 1d3b DD6E0000 		.4byte	.LASF1615
 4553 1d3f 01       		.byte	0x1
 4554 1d40 16       		.byte	0x16
 4555 1d41 0D       		.byte	0xd
 4556 1d42 C0140000 		.4byte	0x14c0
 4557 1d46 0B010000 		.4byte	.LLST6
 4558 1d4a 07010000 		.4byte	.LVUS6
 4559 1d4e 29       		.uleb128 0x29
 4560 1d4f 0A000000 		.4byte	.LVL9
 4561 1d53 0A1F0000 		.4byte	0x1f0a
 4562 1d57 671D0000 		.4byte	0x1d67
 4563 1d5b 2A       		.uleb128 0x2a
 4564 1d5c 01       		.byte	0x1
 4565 1d5d 50       		.byte	0x50
 4566 1d5e 02       		.byte	0x2
 4567 1d5f 74       		.byte	0x74
 4568 1d60 00       		.sleb128 0
 4569 1d61 2A       		.uleb128 0x2a
 4570 1d62 01       		.byte	0x1
 4571 1d63 51       		.byte	0x51
 4572 1d64 01       		.byte	0x1
 4573 1d65 30       		.byte	0x30
 4574 1d66 00       		.byte	0
 4575 1d67 2E       		.uleb128 0x2e
 4576 1d68 1C000000 		.4byte	.LVL12
 4577 1d6c 01       		.byte	0x1
 4578 1d6d 191F0000 		.4byte	0x1f19
 4579 1d71 7D1D0000 		.4byte	0x1d7d
 4580 1d75 2A       		.uleb128 0x2a
 4581 1d76 01       		.byte	0x1
 4582 1d77 50       		.byte	0x50
 4583 1d78 03       		.byte	0x3
 4584 1d79 F3       		.byte	0xf3
 4585 1d7a 01       		.uleb128 0x1
 4586 1d7b 50       		.byte	0x50
 4587 1d7c 00       		.byte	0
 4588 1d7d 2F       		.uleb128 0x2f
 4589 1d7e 24000000 		.4byte	.LVL14
ARM GAS  /var/folders/65/xyhbx3_n6nd_hs7j3p9nfwv80000gn/T//ccFweXAW.s 			page 83


 4590 1d82 271F0000 		.4byte	0x1f27
 4591 1d86 2A       		.uleb128 0x2a
 4592 1d87 01       		.byte	0x1
 4593 1d88 50       		.byte	0x50
 4594 1d89 02       		.byte	0x2
 4595 1d8a 74       		.byte	0x74
 4596 1d8b 00       		.sleb128 0
 4597 1d8c 2A       		.uleb128 0x2a
 4598 1d8d 01       		.byte	0x1
 4599 1d8e 51       		.byte	0x51
 4600 1d8f 05       		.byte	0x5
 4601 1d90 03       		.byte	0x3
 4602 1d91 00000000 		.4byte	.LC0
 4603 1d95 00       		.byte	0
 4604 1d96 00       		.byte	0
 4605 1d97 2C       		.uleb128 0x2c
 4606 1d98 A21B0000 		.4byte	.LASF1617
 4607 1d9c 01       		.byte	0x1
 4608 1d9d 0D       		.byte	0xd
 4609 1d9e 0D       		.byte	0xd
 4610 1d9f 01       		.byte	0x1
 4611 1da0 00000000 		.4byte	.LFB5
 4612 1da4 3C000000 		.4byte	.LFE5
 4613 1da8 29010000 		.4byte	.LLST7
 4614 1dac 01       		.byte	0x1
 4615 1dad 201E0000 		.4byte	0x1e20
 4616 1db1 28       		.uleb128 0x28
 4617 1db2 4A00     		.ascii	"J\000"
 4618 1db4 01       		.byte	0x1
 4619 1db5 0D       		.byte	0xd
 4620 1db6 23       		.byte	0x23
 4621 1db7 94040000 		.4byte	0x494
 4622 1dbb 6B010000 		.4byte	.LLST8
 4623 1dbf 61010000 		.4byte	.LVUS8
 4624 1dc3 2D       		.uleb128 0x2d
 4625 1dc4 DD6E0000 		.4byte	.LASF1615
 4626 1dc8 01       		.byte	0x1
 4627 1dc9 0F       		.byte	0xf
 4628 1dca 0D       		.byte	0xd
 4629 1dcb C0140000 		.4byte	0x14c0
 4630 1dcf B1010000 		.4byte	.LLST9
 4631 1dd3 AD010000 		.4byte	.LVUS9
 4632 1dd7 29       		.uleb128 0x29
 4633 1dd8 0A000000 		.4byte	.LVL16
 4634 1ddc 0A1F0000 		.4byte	0x1f0a
 4635 1de0 F01D0000 		.4byte	0x1df0
 4636 1de4 2A       		.uleb128 0x2a
 4637 1de5 01       		.byte	0x1
 4638 1de6 50       		.byte	0x50
 4639 1de7 02       		.byte	0x2
 4640 1de8 74       		.byte	0x74
 4641 1de9 00       		.sleb128 0
 4642 1dea 2A       		.uleb128 0x2a
 4643 1deb 01       		.byte	0x1
 4644 1dec 51       		.byte	0x51
 4645 1ded 01       		.byte	0x1
 4646 1dee 30       		.byte	0x30
ARM GAS  /var/folders/65/xyhbx3_n6nd_hs7j3p9nfwv80000gn/T//ccFweXAW.s 			page 84


 4647 1def 00       		.byte	0
 4648 1df0 2E       		.uleb128 0x2e
 4649 1df1 28000000 		.4byte	.LVL19
 4650 1df5 01       		.byte	0x1
 4651 1df6 351F0000 		.4byte	0x1f35
 4652 1dfa 061E0000 		.4byte	0x1e06
 4653 1dfe 2A       		.uleb128 0x2a
 4654 1dff 01       		.byte	0x1
 4655 1e00 50       		.byte	0x50
 4656 1e01 03       		.byte	0x3
 4657 1e02 F3       		.byte	0xf3
 4658 1e03 01       		.uleb128 0x1
 4659 1e04 50       		.byte	0x50
 4660 1e05 00       		.byte	0
 4661 1e06 2F       		.uleb128 0x2f
 4662 1e07 30000000 		.4byte	.LVL21
 4663 1e0b 271F0000 		.4byte	0x1f27
 4664 1e0f 2A       		.uleb128 0x2a
 4665 1e10 01       		.byte	0x1
 4666 1e11 50       		.byte	0x50
 4667 1e12 02       		.byte	0x2
 4668 1e13 74       		.byte	0x74
 4669 1e14 00       		.sleb128 0
 4670 1e15 2A       		.uleb128 0x2a
 4671 1e16 01       		.byte	0x1
 4672 1e17 51       		.byte	0x51
 4673 1e18 05       		.byte	0x5
 4674 1e19 03       		.byte	0x3
 4675 1e1a 00000000 		.4byte	.LC0
 4676 1e1e 00       		.byte	0
 4677 1e1f 00       		.byte	0
 4678 1e20 2C       		.uleb128 0x2c
 4679 1e21 3B7A0000 		.4byte	.LASF1618
 4680 1e25 01       		.byte	0x1
 4681 1e26 08       		.byte	0x8
 4682 1e27 0D       		.byte	0xd
 4683 1e28 01       		.byte	0x1
 4684 1e29 00000000 		.4byte	.LFB4
 4685 1e2d 16000000 		.4byte	.LFE4
 4686 1e31 CF010000 		.4byte	.LLST2
 4687 1e35 01       		.byte	0x1
 4688 1e36 781E0000 		.4byte	0x1e78
 4689 1e3a 28       		.uleb128 0x28
 4690 1e3b 4A00     		.ascii	"J\000"
 4691 1e3d 01       		.byte	0x1
 4692 1e3e 08       		.byte	0x8
 4693 1e3f 23       		.byte	0x23
 4694 1e40 94040000 		.4byte	0x494
 4695 1e44 03020000 		.4byte	.LLST3
 4696 1e48 FB010000 		.4byte	.LVUS3
 4697 1e4c 29       		.uleb128 0x29
 4698 1e4d 0A000000 		.4byte	.LVL5
 4699 1e51 431F0000 		.4byte	0x1f43
 4700 1e55 651E0000 		.4byte	0x1e65
 4701 1e59 2A       		.uleb128 0x2a
 4702 1e5a 01       		.byte	0x1
 4703 1e5b 50       		.byte	0x50
ARM GAS  /var/folders/65/xyhbx3_n6nd_hs7j3p9nfwv80000gn/T//ccFweXAW.s 			page 85


 4704 1e5c 02       		.byte	0x2
 4705 1e5d 74       		.byte	0x74
 4706 1e5e 00       		.sleb128 0
 4707 1e5f 2A       		.uleb128 0x2a
 4708 1e60 01       		.byte	0x1
 4709 1e61 51       		.byte	0x51
 4710 1e62 01       		.byte	0x1
 4711 1e63 31       		.byte	0x31
 4712 1e64 00       		.byte	0
 4713 1e65 2B       		.uleb128 0x2b
 4714 1e66 16000000 		.4byte	.LVL7
 4715 1e6a 01       		.byte	0x1
 4716 1e6b 191F0000 		.4byte	0x1f19
 4717 1e6f 2A       		.uleb128 0x2a
 4718 1e70 01       		.byte	0x1
 4719 1e71 50       		.byte	0x50
 4720 1e72 03       		.byte	0x3
 4721 1e73 F3       		.byte	0xf3
 4722 1e74 01       		.uleb128 0x1
 4723 1e75 50       		.byte	0x50
 4724 1e76 00       		.byte	0
 4725 1e77 00       		.byte	0
 4726 1e78 2C       		.uleb128 0x2c
 4727 1e79 C07E0000 		.4byte	.LASF1619
 4728 1e7d 01       		.byte	0x1
 4729 1e7e 03       		.byte	0x3
 4730 1e7f 0D       		.byte	0xd
 4731 1e80 01       		.byte	0x1
 4732 1e81 00000000 		.4byte	.LFB3
 4733 1e85 16000000 		.4byte	.LFE3
 4734 1e89 3A020000 		.4byte	.LLST0
 4735 1e8d 01       		.byte	0x1
 4736 1e8e D01E0000 		.4byte	0x1ed0
 4737 1e92 28       		.uleb128 0x28
 4738 1e93 4A00     		.ascii	"J\000"
 4739 1e95 01       		.byte	0x1
 4740 1e96 03       		.byte	0x3
 4741 1e97 27       		.byte	0x27
 4742 1e98 94040000 		.4byte	0x494
 4743 1e9c 6E020000 		.4byte	.LLST1
 4744 1ea0 66020000 		.4byte	.LVUS1
 4745 1ea4 29       		.uleb128 0x29
 4746 1ea5 0A000000 		.4byte	.LVL1
 4747 1ea9 431F0000 		.4byte	0x1f43
 4748 1ead BD1E0000 		.4byte	0x1ebd
 4749 1eb1 2A       		.uleb128 0x2a
 4750 1eb2 01       		.byte	0x1
 4751 1eb3 50       		.byte	0x50
 4752 1eb4 02       		.byte	0x2
 4753 1eb5 74       		.byte	0x74
 4754 1eb6 00       		.sleb128 0
 4755 1eb7 2A       		.uleb128 0x2a
 4756 1eb8 01       		.byte	0x1
 4757 1eb9 51       		.byte	0x51
 4758 1eba 01       		.byte	0x1
 4759 1ebb 31       		.byte	0x31
 4760 1ebc 00       		.byte	0
ARM GAS  /var/folders/65/xyhbx3_n6nd_hs7j3p9nfwv80000gn/T//ccFweXAW.s 			page 86


 4761 1ebd 2B       		.uleb128 0x2b
 4762 1ebe 16000000 		.4byte	.LVL3
 4763 1ec2 01       		.byte	0x1
 4764 1ec3 511F0000 		.4byte	0x1f51
 4765 1ec7 2A       		.uleb128 0x2a
 4766 1ec8 01       		.byte	0x1
 4767 1ec9 50       		.byte	0x50
 4768 1eca 03       		.byte	0x3
 4769 1ecb F3       		.byte	0xf3
 4770 1ecc 01       		.uleb128 0x1
 4771 1ecd 50       		.byte	0x50
 4772 1ece 00       		.byte	0
 4773 1ecf 00       		.byte	0
 4774 1ed0 30       		.uleb128 0x30
 4775 1ed1 01       		.byte	0x1
 4776 1ed2 01       		.byte	0x1
 4777 1ed3 F55C0000 		.4byte	.LASF1620
 4778 1ed7 F55C0000 		.4byte	.LASF1620
 4779 1edb 04       		.byte	0x4
 4780 1edc C901     		.2byte	0x1c9
 4781 1ede 06       		.byte	0x6
 4782 1edf 30       		.uleb128 0x30
 4783 1ee0 01       		.byte	0x1
 4784 1ee1 01       		.byte	0x1
 4785 1ee2 F62A0000 		.4byte	.LASF1621
 4786 1ee6 F62A0000 		.4byte	.LASF1621
 4787 1eea 04       		.byte	0x4
 4788 1eeb 6303     		.2byte	0x363
 4789 1eed 06       		.byte	0x6
 4790 1eee 31       		.uleb128 0x31
 4791 1eef 01       		.byte	0x1
 4792 1ef0 01       		.byte	0x1
 4793 1ef1 A4780000 		.4byte	.LASF1622
 4794 1ef5 A4780000 		.4byte	.LASF1622
 4795 1ef9 03       		.byte	0x3
 4796 1efa B2       		.byte	0xb2
 4797 1efb 06       		.byte	0x6
 4798 1efc 31       		.uleb128 0x31
 4799 1efd 01       		.byte	0x1
 4800 1efe 01       		.byte	0x1
 4801 1eff 5A5E0000 		.4byte	.LASF1623
 4802 1f03 5A5E0000 		.4byte	.LASF1623
 4803 1f07 03       		.byte	0x3
 4804 1f08 8E       		.byte	0x8e
 4805 1f09 06       		.byte	0x6
 4806 1f0a 30       		.uleb128 0x30
 4807 1f0b 01       		.byte	0x1
 4808 1f0c 01       		.byte	0x1
 4809 1f0d EE100000 		.4byte	.LASF1624
 4810 1f11 EE100000 		.4byte	.LASF1624
 4811 1f15 04       		.byte	0x4
 4812 1f16 C701     		.2byte	0x1c7
 4813 1f18 0C       		.byte	0xc
 4814 1f19 31       		.uleb128 0x31
 4815 1f1a 01       		.byte	0x1
 4816 1f1b 01       		.byte	0x1
 4817 1f1c 33850000 		.4byte	.LASF1625
ARM GAS  /var/folders/65/xyhbx3_n6nd_hs7j3p9nfwv80000gn/T//ccFweXAW.s 			page 87


 4818 1f20 33850000 		.4byte	.LASF1625
 4819 1f24 03       		.byte	0x3
 4820 1f25 A4       		.byte	0xa4
 4821 1f26 06       		.byte	0x6
 4822 1f27 31       		.uleb128 0x31
 4823 1f28 01       		.byte	0x1
 4824 1f29 01       		.byte	0x1
 4825 1f2a 743C0000 		.4byte	.LASF1626
 4826 1f2e 743C0000 		.4byte	.LASF1626
 4827 1f32 03       		.byte	0x3
 4828 1f33 7A       		.byte	0x7a
 4829 1f34 12       		.byte	0x12
 4830 1f35 31       		.uleb128 0x31
 4831 1f36 01       		.byte	0x1
 4832 1f37 01       		.byte	0x1
 4833 1f38 30030000 		.4byte	.LASF1627
 4834 1f3c 30030000 		.4byte	.LASF1627
 4835 1f40 03       		.byte	0x3
 4836 1f41 A8       		.byte	0xa8
 4837 1f42 06       		.byte	0x6
 4838 1f43 31       		.uleb128 0x31
 4839 1f44 01       		.byte	0x1
 4840 1f45 01       		.byte	0x1
 4841 1f46 35960000 		.4byte	.LASF1628
 4842 1f4a 35960000 		.4byte	.LASF1628
 4843 1f4e 03       		.byte	0x3
 4844 1f4f CD       		.byte	0xcd
 4845 1f50 05       		.byte	0x5
 4846 1f51 31       		.uleb128 0x31
 4847 1f52 01       		.byte	0x1
 4848 1f53 01       		.byte	0x1
 4849 1f54 C6650000 		.4byte	.LASF1629
 4850 1f58 C6650000 		.4byte	.LASF1629
 4851 1f5c 03       		.byte	0x3
 4852 1f5d AD       		.byte	0xad
 4853 1f5e 06       		.byte	0x6
 4854 1f5f 00       		.byte	0
 4855              		.section	.debug_abbrev,"",%progbits
 4856              	.Ldebug_abbrev0:
 4857 0000 01       		.uleb128 0x1
 4858 0001 11       		.uleb128 0x11
 4859 0002 01       		.byte	0x1
 4860 0003 25       		.uleb128 0x25
 4861 0004 0E       		.uleb128 0xe
 4862 0005 13       		.uleb128 0x13
 4863 0006 0B       		.uleb128 0xb
 4864 0007 03       		.uleb128 0x3
 4865 0008 0E       		.uleb128 0xe
 4866 0009 1B       		.uleb128 0x1b
 4867 000a 0E       		.uleb128 0xe
 4868 000b 55       		.uleb128 0x55
 4869 000c 06       		.uleb128 0x6
 4870 000d 11       		.uleb128 0x11
 4871 000e 01       		.uleb128 0x1
 4872 000f 52       		.uleb128 0x52
 4873 0010 01       		.uleb128 0x1
 4874 0011 10       		.uleb128 0x10
ARM GAS  /var/folders/65/xyhbx3_n6nd_hs7j3p9nfwv80000gn/T//ccFweXAW.s 			page 88


 4875 0012 06       		.uleb128 0x6
 4876 0013 9942     		.uleb128 0x2119
 4877 0015 06       		.uleb128 0x6
 4878 0016 00       		.byte	0
 4879 0017 00       		.byte	0
 4880 0018 02       		.uleb128 0x2
 4881 0019 16       		.uleb128 0x16
 4882 001a 00       		.byte	0
 4883 001b 03       		.uleb128 0x3
 4884 001c 0E       		.uleb128 0xe
 4885 001d 3A       		.uleb128 0x3a
 4886 001e 0B       		.uleb128 0xb
 4887 001f 3B       		.uleb128 0x3b
 4888 0020 05       		.uleb128 0x5
 4889 0021 39       		.uleb128 0x39
 4890 0022 0B       		.uleb128 0xb
 4891 0023 49       		.uleb128 0x49
 4892 0024 13       		.uleb128 0x13
 4893 0025 00       		.byte	0
 4894 0026 00       		.byte	0
 4895 0027 03       		.uleb128 0x3
 4896 0028 01       		.uleb128 0x1
 4897 0029 01       		.byte	0x1
 4898 002a 49       		.uleb128 0x49
 4899 002b 13       		.uleb128 0x13
 4900 002c 01       		.uleb128 0x1
 4901 002d 13       		.uleb128 0x13
 4902 002e 00       		.byte	0
 4903 002f 00       		.byte	0
 4904 0030 04       		.uleb128 0x4
 4905 0031 21       		.uleb128 0x21
 4906 0032 00       		.byte	0
 4907 0033 49       		.uleb128 0x49
 4908 0034 13       		.uleb128 0x13
 4909 0035 2F       		.uleb128 0x2f
 4910 0036 0B       		.uleb128 0xb
 4911 0037 00       		.byte	0
 4912 0038 00       		.byte	0
 4913 0039 05       		.uleb128 0x5
 4914 003a 24       		.uleb128 0x24
 4915 003b 00       		.byte	0
 4916 003c 0B       		.uleb128 0xb
 4917 003d 0B       		.uleb128 0xb
 4918 003e 3E       		.uleb128 0x3e
 4919 003f 0B       		.uleb128 0xb
 4920 0040 03       		.uleb128 0x3
 4921 0041 0E       		.uleb128 0xe
 4922 0042 00       		.byte	0
 4923 0043 00       		.byte	0
 4924 0044 06       		.uleb128 0x6
 4925 0045 24       		.uleb128 0x24
 4926 0046 00       		.byte	0
 4927 0047 0B       		.uleb128 0xb
 4928 0048 0B       		.uleb128 0xb
 4929 0049 3E       		.uleb128 0x3e
 4930 004a 0B       		.uleb128 0xb
 4931 004b 03       		.uleb128 0x3
ARM GAS  /var/folders/65/xyhbx3_n6nd_hs7j3p9nfwv80000gn/T//ccFweXAW.s 			page 89


 4932 004c 08       		.uleb128 0x8
 4933 004d 00       		.byte	0
 4934 004e 00       		.byte	0
 4935 004f 07       		.uleb128 0x7
 4936 0050 16       		.uleb128 0x16
 4937 0051 00       		.byte	0
 4938 0052 03       		.uleb128 0x3
 4939 0053 0E       		.uleb128 0xe
 4940 0054 3A       		.uleb128 0x3a
 4941 0055 0B       		.uleb128 0xb
 4942 0056 3B       		.uleb128 0x3b
 4943 0057 0B       		.uleb128 0xb
 4944 0058 39       		.uleb128 0x39
 4945 0059 0B       		.uleb128 0xb
 4946 005a 49       		.uleb128 0x49
 4947 005b 13       		.uleb128 0x13
 4948 005c 00       		.byte	0
 4949 005d 00       		.byte	0
 4950 005e 08       		.uleb128 0x8
 4951 005f 13       		.uleb128 0x13
 4952 0060 01       		.byte	0x1
 4953 0061 03       		.uleb128 0x3
 4954 0062 0E       		.uleb128 0xe
 4955 0063 0B       		.uleb128 0xb
 4956 0064 05       		.uleb128 0x5
 4957 0065 3A       		.uleb128 0x3a
 4958 0066 0B       		.uleb128 0xb
 4959 0067 3B       		.uleb128 0x3b
 4960 0068 0B       		.uleb128 0xb
 4961 0069 39       		.uleb128 0x39
 4962 006a 0B       		.uleb128 0xb
 4963 006b 01       		.uleb128 0x1
 4964 006c 13       		.uleb128 0x13
 4965 006d 00       		.byte	0
 4966 006e 00       		.byte	0
 4967 006f 09       		.uleb128 0x9
 4968 0070 0D       		.uleb128 0xd
 4969 0071 00       		.byte	0
 4970 0072 03       		.uleb128 0x3
 4971 0073 0E       		.uleb128 0xe
 4972 0074 3A       		.uleb128 0x3a
 4973 0075 0B       		.uleb128 0xb
 4974 0076 3B       		.uleb128 0x3b
 4975 0077 0B       		.uleb128 0xb
 4976 0078 39       		.uleb128 0x39
 4977 0079 0B       		.uleb128 0xb
 4978 007a 49       		.uleb128 0x49
 4979 007b 13       		.uleb128 0x13
 4980 007c 38       		.uleb128 0x38
 4981 007d 0A       		.uleb128 0xa
 4982 007e 00       		.byte	0
 4983 007f 00       		.byte	0
 4984 0080 0A       		.uleb128 0xa
 4985 0081 0D       		.uleb128 0xd
 4986 0082 00       		.byte	0
 4987 0083 03       		.uleb128 0x3
 4988 0084 08       		.uleb128 0x8
ARM GAS  /var/folders/65/xyhbx3_n6nd_hs7j3p9nfwv80000gn/T//ccFweXAW.s 			page 90


 4989 0085 3A       		.uleb128 0x3a
 4990 0086 0B       		.uleb128 0xb
 4991 0087 3B       		.uleb128 0x3b
 4992 0088 0B       		.uleb128 0xb
 4993 0089 39       		.uleb128 0x39
 4994 008a 0B       		.uleb128 0xb
 4995 008b 49       		.uleb128 0x49
 4996 008c 13       		.uleb128 0x13
 4997 008d 38       		.uleb128 0x38
 4998 008e 0A       		.uleb128 0xa
 4999 008f 00       		.byte	0
 5000 0090 00       		.byte	0
 5001 0091 0B       		.uleb128 0xb
 5002 0092 0D       		.uleb128 0xd
 5003 0093 00       		.byte	0
 5004 0094 03       		.uleb128 0x3
 5005 0095 08       		.uleb128 0x8
 5006 0096 3A       		.uleb128 0x3a
 5007 0097 0B       		.uleb128 0xb
 5008 0098 3B       		.uleb128 0x3b
 5009 0099 05       		.uleb128 0x5
 5010 009a 39       		.uleb128 0x39
 5011 009b 0B       		.uleb128 0xb
 5012 009c 49       		.uleb128 0x49
 5013 009d 13       		.uleb128 0x13
 5014 009e 38       		.uleb128 0x38
 5015 009f 0A       		.uleb128 0xa
 5016 00a0 00       		.byte	0
 5017 00a1 00       		.byte	0
 5018 00a2 0C       		.uleb128 0xc
 5019 00a3 0D       		.uleb128 0xd
 5020 00a4 00       		.byte	0
 5021 00a5 03       		.uleb128 0x3
 5022 00a6 0E       		.uleb128 0xe
 5023 00a7 3A       		.uleb128 0x3a
 5024 00a8 0B       		.uleb128 0xb
 5025 00a9 3B       		.uleb128 0x3b
 5026 00aa 05       		.uleb128 0x5
 5027 00ab 39       		.uleb128 0x39
 5028 00ac 0B       		.uleb128 0xb
 5029 00ad 49       		.uleb128 0x49
 5030 00ae 13       		.uleb128 0x13
 5031 00af 38       		.uleb128 0x38
 5032 00b0 0A       		.uleb128 0xa
 5033 00b1 00       		.byte	0
 5034 00b2 00       		.byte	0
 5035 00b3 0D       		.uleb128 0xd
 5036 00b4 0F       		.uleb128 0xf
 5037 00b5 00       		.byte	0
 5038 00b6 0B       		.uleb128 0xb
 5039 00b7 0B       		.uleb128 0xb
 5040 00b8 49       		.uleb128 0x49
 5041 00b9 13       		.uleb128 0x13
 5042 00ba 00       		.byte	0
 5043 00bb 00       		.byte	0
 5044 00bc 0E       		.uleb128 0xe
 5045 00bd 15       		.uleb128 0x15
ARM GAS  /var/folders/65/xyhbx3_n6nd_hs7j3p9nfwv80000gn/T//ccFweXAW.s 			page 91


 5046 00be 01       		.byte	0x1
 5047 00bf 27       		.uleb128 0x27
 5048 00c0 0C       		.uleb128 0xc
 5049 00c1 49       		.uleb128 0x49
 5050 00c2 13       		.uleb128 0x13
 5051 00c3 01       		.uleb128 0x1
 5052 00c4 13       		.uleb128 0x13
 5053 00c5 00       		.byte	0
 5054 00c6 00       		.byte	0
 5055 00c7 0F       		.uleb128 0xf
 5056 00c8 05       		.uleb128 0x5
 5057 00c9 00       		.byte	0
 5058 00ca 49       		.uleb128 0x49
 5059 00cb 13       		.uleb128 0x13
 5060 00cc 00       		.byte	0
 5061 00cd 00       		.byte	0
 5062 00ce 10       		.uleb128 0x10
 5063 00cf 0F       		.uleb128 0xf
 5064 00d0 00       		.byte	0
 5065 00d1 0B       		.uleb128 0xb
 5066 00d2 0B       		.uleb128 0xb
 5067 00d3 00       		.byte	0
 5068 00d4 00       		.byte	0
 5069 00d5 11       		.uleb128 0x11
 5070 00d6 15       		.uleb128 0x15
 5071 00d7 01       		.byte	0x1
 5072 00d8 27       		.uleb128 0x27
 5073 00d9 0C       		.uleb128 0xc
 5074 00da 01       		.uleb128 0x1
 5075 00db 13       		.uleb128 0x13
 5076 00dc 00       		.byte	0
 5077 00dd 00       		.byte	0
 5078 00de 12       		.uleb128 0x12
 5079 00df 26       		.uleb128 0x26
 5080 00e0 00       		.byte	0
 5081 00e1 49       		.uleb128 0x49
 5082 00e2 13       		.uleb128 0x13
 5083 00e3 00       		.byte	0
 5084 00e4 00       		.byte	0
 5085 00e5 13       		.uleb128 0x13
 5086 00e6 04       		.uleb128 0x4
 5087 00e7 01       		.byte	0x1
 5088 00e8 3E       		.uleb128 0x3e
 5089 00e9 0B       		.uleb128 0xb
 5090 00ea 0B       		.uleb128 0xb
 5091 00eb 0B       		.uleb128 0xb
 5092 00ec 49       		.uleb128 0x49
 5093 00ed 13       		.uleb128 0x13
 5094 00ee 3A       		.uleb128 0x3a
 5095 00ef 0B       		.uleb128 0xb
 5096 00f0 3B       		.uleb128 0x3b
 5097 00f1 0B       		.uleb128 0xb
 5098 00f2 39       		.uleb128 0x39
 5099 00f3 0B       		.uleb128 0xb
 5100 00f4 01       		.uleb128 0x1
 5101 00f5 13       		.uleb128 0x13
 5102 00f6 00       		.byte	0
ARM GAS  /var/folders/65/xyhbx3_n6nd_hs7j3p9nfwv80000gn/T//ccFweXAW.s 			page 92


 5103 00f7 00       		.byte	0
 5104 00f8 14       		.uleb128 0x14
 5105 00f9 28       		.uleb128 0x28
 5106 00fa 00       		.byte	0
 5107 00fb 03       		.uleb128 0x3
 5108 00fc 0E       		.uleb128 0xe
 5109 00fd 1C       		.uleb128 0x1c
 5110 00fe 0B       		.uleb128 0xb
 5111 00ff 00       		.byte	0
 5112 0100 00       		.byte	0
 5113 0101 15       		.uleb128 0x15
 5114 0102 13       		.uleb128 0x13
 5115 0103 00       		.byte	0
 5116 0104 03       		.uleb128 0x3
 5117 0105 0E       		.uleb128 0xe
 5118 0106 3C       		.uleb128 0x3c
 5119 0107 0C       		.uleb128 0xc
 5120 0108 00       		.byte	0
 5121 0109 00       		.byte	0
 5122 010a 16       		.uleb128 0x16
 5123 010b 17       		.uleb128 0x17
 5124 010c 01       		.byte	0x1
 5125 010d 0B       		.uleb128 0xb
 5126 010e 0B       		.uleb128 0xb
 5127 010f 3A       		.uleb128 0x3a
 5128 0110 0B       		.uleb128 0xb
 5129 0111 3B       		.uleb128 0x3b
 5130 0112 0B       		.uleb128 0xb
 5131 0113 39       		.uleb128 0x39
 5132 0114 0B       		.uleb128 0xb
 5133 0115 01       		.uleb128 0x1
 5134 0116 13       		.uleb128 0x13
 5135 0117 00       		.byte	0
 5136 0118 00       		.byte	0
 5137 0119 17       		.uleb128 0x17
 5138 011a 0D       		.uleb128 0xd
 5139 011b 00       		.byte	0
 5140 011c 03       		.uleb128 0x3
 5141 011d 0E       		.uleb128 0xe
 5142 011e 3A       		.uleb128 0x3a
 5143 011f 0B       		.uleb128 0xb
 5144 0120 3B       		.uleb128 0x3b
 5145 0121 0B       		.uleb128 0xb
 5146 0122 39       		.uleb128 0x39
 5147 0123 0B       		.uleb128 0xb
 5148 0124 49       		.uleb128 0x49
 5149 0125 13       		.uleb128 0x13
 5150 0126 00       		.byte	0
 5151 0127 00       		.byte	0
 5152 0128 18       		.uleb128 0x18
 5153 0129 13       		.uleb128 0x13
 5154 012a 01       		.byte	0x1
 5155 012b 0B       		.uleb128 0xb
 5156 012c 0B       		.uleb128 0xb
 5157 012d 3A       		.uleb128 0x3a
 5158 012e 0B       		.uleb128 0xb
 5159 012f 3B       		.uleb128 0x3b
ARM GAS  /var/folders/65/xyhbx3_n6nd_hs7j3p9nfwv80000gn/T//ccFweXAW.s 			page 93


 5160 0130 0B       		.uleb128 0xb
 5161 0131 39       		.uleb128 0x39
 5162 0132 0B       		.uleb128 0xb
 5163 0133 01       		.uleb128 0x1
 5164 0134 13       		.uleb128 0x13
 5165 0135 00       		.byte	0
 5166 0136 00       		.byte	0
 5167 0137 19       		.uleb128 0x19
 5168 0138 13       		.uleb128 0x13
 5169 0139 01       		.byte	0x1
 5170 013a 03       		.uleb128 0x3
 5171 013b 0E       		.uleb128 0xe
 5172 013c 0B       		.uleb128 0xb
 5173 013d 0B       		.uleb128 0xb
 5174 013e 3A       		.uleb128 0x3a
 5175 013f 0B       		.uleb128 0xb
 5176 0140 3B       		.uleb128 0x3b
 5177 0141 0B       		.uleb128 0xb
 5178 0142 39       		.uleb128 0x39
 5179 0143 0B       		.uleb128 0xb
 5180 0144 01       		.uleb128 0x1
 5181 0145 13       		.uleb128 0x13
 5182 0146 00       		.byte	0
 5183 0147 00       		.byte	0
 5184 0148 1A       		.uleb128 0x1a
 5185 0149 15       		.uleb128 0x15
 5186 014a 00       		.byte	0
 5187 014b 27       		.uleb128 0x27
 5188 014c 0C       		.uleb128 0xc
 5189 014d 00       		.byte	0
 5190 014e 00       		.byte	0
 5191 014f 1B       		.uleb128 0x1b
 5192 0150 13       		.uleb128 0x13
 5193 0151 01       		.byte	0x1
 5194 0152 03       		.uleb128 0x3
 5195 0153 0E       		.uleb128 0xe
 5196 0154 0B       		.uleb128 0xb
 5197 0155 05       		.uleb128 0x5
 5198 0156 3A       		.uleb128 0x3a
 5199 0157 0B       		.uleb128 0xb
 5200 0158 3B       		.uleb128 0x3b
 5201 0159 05       		.uleb128 0x5
 5202 015a 39       		.uleb128 0x39
 5203 015b 0B       		.uleb128 0xb
 5204 015c 01       		.uleb128 0x1
 5205 015d 13       		.uleb128 0x13
 5206 015e 00       		.byte	0
 5207 015f 00       		.byte	0
 5208 0160 1C       		.uleb128 0x1c
 5209 0161 13       		.uleb128 0x13
 5210 0162 01       		.byte	0x1
 5211 0163 03       		.uleb128 0x3
 5212 0164 0E       		.uleb128 0xe
 5213 0165 0B       		.uleb128 0xb
 5214 0166 0B       		.uleb128 0xb
 5215 0167 3A       		.uleb128 0x3a
 5216 0168 0B       		.uleb128 0xb
ARM GAS  /var/folders/65/xyhbx3_n6nd_hs7j3p9nfwv80000gn/T//ccFweXAW.s 			page 94


 5217 0169 3B       		.uleb128 0x3b
 5218 016a 05       		.uleb128 0x5
 5219 016b 39       		.uleb128 0x39
 5220 016c 0B       		.uleb128 0xb
 5221 016d 01       		.uleb128 0x1
 5222 016e 13       		.uleb128 0x13
 5223 016f 00       		.byte	0
 5224 0170 00       		.byte	0
 5225 0171 1D       		.uleb128 0x1d
 5226 0172 13       		.uleb128 0x13
 5227 0173 01       		.byte	0x1
 5228 0174 0B       		.uleb128 0xb
 5229 0175 0B       		.uleb128 0xb
 5230 0176 3A       		.uleb128 0x3a
 5231 0177 0B       		.uleb128 0xb
 5232 0178 3B       		.uleb128 0x3b
 5233 0179 05       		.uleb128 0x5
 5234 017a 39       		.uleb128 0x39
 5235 017b 0B       		.uleb128 0xb
 5236 017c 01       		.uleb128 0x1
 5237 017d 13       		.uleb128 0x13
 5238 017e 00       		.byte	0
 5239 017f 00       		.byte	0
 5240 0180 1E       		.uleb128 0x1e
 5241 0181 17       		.uleb128 0x17
 5242 0182 01       		.byte	0x1
 5243 0183 0B       		.uleb128 0xb
 5244 0184 0B       		.uleb128 0xb
 5245 0185 3A       		.uleb128 0x3a
 5246 0186 0B       		.uleb128 0xb
 5247 0187 3B       		.uleb128 0x3b
 5248 0188 05       		.uleb128 0x5
 5249 0189 39       		.uleb128 0x39
 5250 018a 0B       		.uleb128 0xb
 5251 018b 01       		.uleb128 0x1
 5252 018c 13       		.uleb128 0x13
 5253 018d 00       		.byte	0
 5254 018e 00       		.byte	0
 5255 018f 1F       		.uleb128 0x1f
 5256 0190 0D       		.uleb128 0xd
 5257 0191 00       		.byte	0
 5258 0192 03       		.uleb128 0x3
 5259 0193 0E       		.uleb128 0xe
 5260 0194 3A       		.uleb128 0x3a
 5261 0195 0B       		.uleb128 0xb
 5262 0196 3B       		.uleb128 0x3b
 5263 0197 05       		.uleb128 0x5
 5264 0198 39       		.uleb128 0x39
 5265 0199 0B       		.uleb128 0xb
 5266 019a 49       		.uleb128 0x49
 5267 019b 13       		.uleb128 0x13
 5268 019c 00       		.byte	0
 5269 019d 00       		.byte	0
 5270 019e 20       		.uleb128 0x20
 5271 019f 34       		.uleb128 0x34
 5272 01a0 00       		.byte	0
 5273 01a1 03       		.uleb128 0x3
ARM GAS  /var/folders/65/xyhbx3_n6nd_hs7j3p9nfwv80000gn/T//ccFweXAW.s 			page 95


 5274 01a2 0E       		.uleb128 0xe
 5275 01a3 3A       		.uleb128 0x3a
 5276 01a4 0B       		.uleb128 0xb
 5277 01a5 3B       		.uleb128 0x3b
 5278 01a6 05       		.uleb128 0x5
 5279 01a7 39       		.uleb128 0x39
 5280 01a8 0B       		.uleb128 0xb
 5281 01a9 49       		.uleb128 0x49
 5282 01aa 13       		.uleb128 0x13
 5283 01ab 3F       		.uleb128 0x3f
 5284 01ac 0C       		.uleb128 0xc
 5285 01ad 3C       		.uleb128 0x3c
 5286 01ae 0C       		.uleb128 0xc
 5287 01af 00       		.byte	0
 5288 01b0 00       		.byte	0
 5289 01b1 21       		.uleb128 0x21
 5290 01b2 34       		.uleb128 0x34
 5291 01b3 00       		.byte	0
 5292 01b4 03       		.uleb128 0x3
 5293 01b5 0E       		.uleb128 0xe
 5294 01b6 3A       		.uleb128 0x3a
 5295 01b7 0B       		.uleb128 0xb
 5296 01b8 3B       		.uleb128 0x3b
 5297 01b9 0B       		.uleb128 0xb
 5298 01ba 39       		.uleb128 0x39
 5299 01bb 0B       		.uleb128 0xb
 5300 01bc 49       		.uleb128 0x49
 5301 01bd 13       		.uleb128 0x13
 5302 01be 3F       		.uleb128 0x3f
 5303 01bf 0C       		.uleb128 0xc
 5304 01c0 3C       		.uleb128 0x3c
 5305 01c1 0C       		.uleb128 0xc
 5306 01c2 00       		.byte	0
 5307 01c3 00       		.byte	0
 5308 01c4 22       		.uleb128 0x22
 5309 01c5 04       		.uleb128 0x4
 5310 01c6 01       		.byte	0x1
 5311 01c7 03       		.uleb128 0x3
 5312 01c8 0E       		.uleb128 0xe
 5313 01c9 3E       		.uleb128 0x3e
 5314 01ca 0B       		.uleb128 0xb
 5315 01cb 0B       		.uleb128 0xb
 5316 01cc 0B       		.uleb128 0xb
 5317 01cd 49       		.uleb128 0x49
 5318 01ce 13       		.uleb128 0x13
 5319 01cf 3A       		.uleb128 0x3a
 5320 01d0 0B       		.uleb128 0xb
 5321 01d1 3B       		.uleb128 0x3b
 5322 01d2 05       		.uleb128 0x5
 5323 01d3 39       		.uleb128 0x39
 5324 01d4 0B       		.uleb128 0xb
 5325 01d5 01       		.uleb128 0x1
 5326 01d6 13       		.uleb128 0x13
 5327 01d7 00       		.byte	0
 5328 01d8 00       		.byte	0
 5329 01d9 23       		.uleb128 0x23
 5330 01da 28       		.uleb128 0x28
ARM GAS  /var/folders/65/xyhbx3_n6nd_hs7j3p9nfwv80000gn/T//ccFweXAW.s 			page 96


 5331 01db 00       		.byte	0
 5332 01dc 03       		.uleb128 0x3
 5333 01dd 0E       		.uleb128 0xe
 5334 01de 1C       		.uleb128 0x1c
 5335 01df 0D       		.uleb128 0xd
 5336 01e0 00       		.byte	0
 5337 01e1 00       		.byte	0
 5338 01e2 24       		.uleb128 0x24
 5339 01e3 17       		.uleb128 0x17
 5340 01e4 01       		.byte	0x1
 5341 01e5 03       		.uleb128 0x3
 5342 01e6 0E       		.uleb128 0xe
 5343 01e7 0B       		.uleb128 0xb
 5344 01e8 0B       		.uleb128 0xb
 5345 01e9 3A       		.uleb128 0x3a
 5346 01ea 0B       		.uleb128 0xb
 5347 01eb 3B       		.uleb128 0x3b
 5348 01ec 05       		.uleb128 0x5
 5349 01ed 39       		.uleb128 0x39
 5350 01ee 0B       		.uleb128 0xb
 5351 01ef 01       		.uleb128 0x1
 5352 01f0 13       		.uleb128 0x13
 5353 01f1 00       		.byte	0
 5354 01f2 00       		.byte	0
 5355 01f3 25       		.uleb128 0x25
 5356 01f4 0D       		.uleb128 0xd
 5357 01f5 00       		.byte	0
 5358 01f6 03       		.uleb128 0x3
 5359 01f7 08       		.uleb128 0x8
 5360 01f8 3A       		.uleb128 0x3a
 5361 01f9 0B       		.uleb128 0xb
 5362 01fa 3B       		.uleb128 0x3b
 5363 01fb 05       		.uleb128 0x5
 5364 01fc 39       		.uleb128 0x39
 5365 01fd 0B       		.uleb128 0xb
 5366 01fe 49       		.uleb128 0x49
 5367 01ff 13       		.uleb128 0x13
 5368 0200 00       		.byte	0
 5369 0201 00       		.byte	0
 5370 0202 26       		.uleb128 0x26
 5371 0203 21       		.uleb128 0x21
 5372 0204 00       		.byte	0
 5373 0205 49       		.uleb128 0x49
 5374 0206 13       		.uleb128 0x13
 5375 0207 2F       		.uleb128 0x2f
 5376 0208 05       		.uleb128 0x5
 5377 0209 00       		.byte	0
 5378 020a 00       		.byte	0
 5379 020b 27       		.uleb128 0x27
 5380 020c 2E       		.uleb128 0x2e
 5381 020d 01       		.byte	0x1
 5382 020e 3F       		.uleb128 0x3f
 5383 020f 0C       		.uleb128 0xc
 5384 0210 03       		.uleb128 0x3
 5385 0211 0E       		.uleb128 0xe
 5386 0212 3A       		.uleb128 0x3a
 5387 0213 0B       		.uleb128 0xb
ARM GAS  /var/folders/65/xyhbx3_n6nd_hs7j3p9nfwv80000gn/T//ccFweXAW.s 			page 97


 5388 0214 3B       		.uleb128 0x3b
 5389 0215 0B       		.uleb128 0xb
 5390 0216 39       		.uleb128 0x39
 5391 0217 0B       		.uleb128 0xb
 5392 0218 27       		.uleb128 0x27
 5393 0219 0C       		.uleb128 0xc
 5394 021a 11       		.uleb128 0x11
 5395 021b 01       		.uleb128 0x1
 5396 021c 12       		.uleb128 0x12
 5397 021d 01       		.uleb128 0x1
 5398 021e 40       		.uleb128 0x40
 5399 021f 06       		.uleb128 0x6
 5400 0220 9742     		.uleb128 0x2117
 5401 0222 0C       		.uleb128 0xc
 5402 0223 01       		.uleb128 0x1
 5403 0224 13       		.uleb128 0x13
 5404 0225 00       		.byte	0
 5405 0226 00       		.byte	0
 5406 0227 28       		.uleb128 0x28
 5407 0228 05       		.uleb128 0x5
 5408 0229 00       		.byte	0
 5409 022a 03       		.uleb128 0x3
 5410 022b 08       		.uleb128 0x8
 5411 022c 3A       		.uleb128 0x3a
 5412 022d 0B       		.uleb128 0xb
 5413 022e 3B       		.uleb128 0x3b
 5414 022f 0B       		.uleb128 0xb
 5415 0230 39       		.uleb128 0x39
 5416 0231 0B       		.uleb128 0xb
 5417 0232 49       		.uleb128 0x49
 5418 0233 13       		.uleb128 0x13
 5419 0234 02       		.uleb128 0x2
 5420 0235 06       		.uleb128 0x6
 5421 0236 B742     		.uleb128 0x2137
 5422 0238 06       		.uleb128 0x6
 5423 0239 00       		.byte	0
 5424 023a 00       		.byte	0
 5425 023b 29       		.uleb128 0x29
 5426 023c 898201   		.uleb128 0x4109
 5427 023f 01       		.byte	0x1
 5428 0240 11       		.uleb128 0x11
 5429 0241 01       		.uleb128 0x1
 5430 0242 31       		.uleb128 0x31
 5431 0243 13       		.uleb128 0x13
 5432 0244 01       		.uleb128 0x1
 5433 0245 13       		.uleb128 0x13
 5434 0246 00       		.byte	0
 5435 0247 00       		.byte	0
 5436 0248 2A       		.uleb128 0x2a
 5437 0249 8A8201   		.uleb128 0x410a
 5438 024c 00       		.byte	0
 5439 024d 02       		.uleb128 0x2
 5440 024e 0A       		.uleb128 0xa
 5441 024f 9142     		.uleb128 0x2111
 5442 0251 0A       		.uleb128 0xa
 5443 0252 00       		.byte	0
 5444 0253 00       		.byte	0
ARM GAS  /var/folders/65/xyhbx3_n6nd_hs7j3p9nfwv80000gn/T//ccFweXAW.s 			page 98


 5445 0254 2B       		.uleb128 0x2b
 5446 0255 898201   		.uleb128 0x4109
 5447 0258 01       		.byte	0x1
 5448 0259 11       		.uleb128 0x11
 5449 025a 01       		.uleb128 0x1
 5450 025b 9542     		.uleb128 0x2115
 5451 025d 0C       		.uleb128 0xc
 5452 025e 31       		.uleb128 0x31
 5453 025f 13       		.uleb128 0x13
 5454 0260 00       		.byte	0
 5455 0261 00       		.byte	0
 5456 0262 2C       		.uleb128 0x2c
 5457 0263 2E       		.uleb128 0x2e
 5458 0264 01       		.byte	0x1
 5459 0265 03       		.uleb128 0x3
 5460 0266 0E       		.uleb128 0xe
 5461 0267 3A       		.uleb128 0x3a
 5462 0268 0B       		.uleb128 0xb
 5463 0269 3B       		.uleb128 0x3b
 5464 026a 0B       		.uleb128 0xb
 5465 026b 39       		.uleb128 0x39
 5466 026c 0B       		.uleb128 0xb
 5467 026d 27       		.uleb128 0x27
 5468 026e 0C       		.uleb128 0xc
 5469 026f 11       		.uleb128 0x11
 5470 0270 01       		.uleb128 0x1
 5471 0271 12       		.uleb128 0x12
 5472 0272 01       		.uleb128 0x1
 5473 0273 40       		.uleb128 0x40
 5474 0274 06       		.uleb128 0x6
 5475 0275 9742     		.uleb128 0x2117
 5476 0277 0C       		.uleb128 0xc
 5477 0278 01       		.uleb128 0x1
 5478 0279 13       		.uleb128 0x13
 5479 027a 00       		.byte	0
 5480 027b 00       		.byte	0
 5481 027c 2D       		.uleb128 0x2d
 5482 027d 34       		.uleb128 0x34
 5483 027e 00       		.byte	0
 5484 027f 03       		.uleb128 0x3
 5485 0280 0E       		.uleb128 0xe
 5486 0281 3A       		.uleb128 0x3a
 5487 0282 0B       		.uleb128 0xb
 5488 0283 3B       		.uleb128 0x3b
 5489 0284 0B       		.uleb128 0xb
 5490 0285 39       		.uleb128 0x39
 5491 0286 0B       		.uleb128 0xb
 5492 0287 49       		.uleb128 0x49
 5493 0288 13       		.uleb128 0x13
 5494 0289 02       		.uleb128 0x2
 5495 028a 06       		.uleb128 0x6
 5496 028b B742     		.uleb128 0x2137
 5497 028d 06       		.uleb128 0x6
 5498 028e 00       		.byte	0
 5499 028f 00       		.byte	0
 5500 0290 2E       		.uleb128 0x2e
 5501 0291 898201   		.uleb128 0x4109
ARM GAS  /var/folders/65/xyhbx3_n6nd_hs7j3p9nfwv80000gn/T//ccFweXAW.s 			page 99


 5502 0294 01       		.byte	0x1
 5503 0295 11       		.uleb128 0x11
 5504 0296 01       		.uleb128 0x1
 5505 0297 9542     		.uleb128 0x2115
 5506 0299 0C       		.uleb128 0xc
 5507 029a 31       		.uleb128 0x31
 5508 029b 13       		.uleb128 0x13
 5509 029c 01       		.uleb128 0x1
 5510 029d 13       		.uleb128 0x13
 5511 029e 00       		.byte	0
 5512 029f 00       		.byte	0
 5513 02a0 2F       		.uleb128 0x2f
 5514 02a1 898201   		.uleb128 0x4109
 5515 02a4 01       		.byte	0x1
 5516 02a5 11       		.uleb128 0x11
 5517 02a6 01       		.uleb128 0x1
 5518 02a7 31       		.uleb128 0x31
 5519 02a8 13       		.uleb128 0x13
 5520 02a9 00       		.byte	0
 5521 02aa 00       		.byte	0
 5522 02ab 30       		.uleb128 0x30
 5523 02ac 2E       		.uleb128 0x2e
 5524 02ad 00       		.byte	0
 5525 02ae 3F       		.uleb128 0x3f
 5526 02af 0C       		.uleb128 0xc
 5527 02b0 3C       		.uleb128 0x3c
 5528 02b1 0C       		.uleb128 0xc
 5529 02b2 8740     		.uleb128 0x2007
 5530 02b4 0E       		.uleb128 0xe
 5531 02b5 03       		.uleb128 0x3
 5532 02b6 0E       		.uleb128 0xe
 5533 02b7 3A       		.uleb128 0x3a
 5534 02b8 0B       		.uleb128 0xb
 5535 02b9 3B       		.uleb128 0x3b
 5536 02ba 05       		.uleb128 0x5
 5537 02bb 39       		.uleb128 0x39
 5538 02bc 0B       		.uleb128 0xb
 5539 02bd 00       		.byte	0
 5540 02be 00       		.byte	0
 5541 02bf 31       		.uleb128 0x31
 5542 02c0 2E       		.uleb128 0x2e
 5543 02c1 00       		.byte	0
 5544 02c2 3F       		.uleb128 0x3f
 5545 02c3 0C       		.uleb128 0xc
 5546 02c4 3C       		.uleb128 0x3c
 5547 02c5 0C       		.uleb128 0xc
 5548 02c6 8740     		.uleb128 0x2007
 5549 02c8 0E       		.uleb128 0xe
 5550 02c9 03       		.uleb128 0x3
 5551 02ca 0E       		.uleb128 0xe
 5552 02cb 3A       		.uleb128 0x3a
 5553 02cc 0B       		.uleb128 0xb
 5554 02cd 3B       		.uleb128 0x3b
 5555 02ce 0B       		.uleb128 0xb
 5556 02cf 39       		.uleb128 0x39
 5557 02d0 0B       		.uleb128 0xb
 5558 02d1 00       		.byte	0
ARM GAS  /var/folders/65/xyhbx3_n6nd_hs7j3p9nfwv80000gn/T//ccFweXAW.s 			page 100


 5559 02d2 00       		.byte	0
 5560 02d3 00       		.byte	0
 5561              		.section	.debug_loc,"",%progbits
 5562              	.Ldebug_loc0:
 5563              	.LLST10:
 5564 0000 00000000 		.4byte	.LFB7
 5565 0004 06000000 		.4byte	.LCFI10
 5566 0008 0200     		.2byte	0x2
 5567 000a 7D       		.byte	0x7d
 5568 000b 00       		.sleb128 0
 5569 000c 06000000 		.4byte	.LCFI10
 5570 0010 0A000000 		.4byte	.LCFI11
 5571 0014 0200     		.2byte	0x2
 5572 0016 7D       		.byte	0x7d
 5573 0017 0C       		.sleb128 12
 5574 0018 0A000000 		.4byte	.LCFI11
 5575 001c 42000000 		.4byte	.LCFI12
 5576 0020 0200     		.2byte	0x2
 5577 0022 7D       		.byte	0x7d
 5578 0023 18       		.sleb128 24
 5579 0024 42000000 		.4byte	.LCFI12
 5580 0028 46000000 		.4byte	.LCFI13
 5581 002c 0200     		.2byte	0x2
 5582 002e 7D       		.byte	0x7d
 5583 002f 0C       		.sleb128 12
 5584 0030 46000000 		.4byte	.LCFI13
 5585 0034 68000000 		.4byte	.LFE7
 5586 0038 0200     		.2byte	0x2
 5587 003a 7D       		.byte	0x7d
 5588 003b 00       		.sleb128 0
 5589 003c 00000000 		.4byte	0
 5590 0040 00000000 		.4byte	0
 5591              	.LVUS11:
 5592 0044 00       		.uleb128 0
 5593 0045 00       		.uleb128 .LVU53
 5594 0046 00       		.uleb128 .LVU53
 5595 0047 00       		.uleb128 .LVU58
 5596 0048 00       		.uleb128 .LVU58
 5597 0049 00       		.uleb128 .LVU59
 5598 004a 00       		.uleb128 .LVU59
 5599 004b 00       		.uleb128 0
 5600              	.LLST11:
 5601 004c 00000000 		.4byte	.LVL22
 5602 0050 0F000000 		.4byte	.LVL23-1
 5603 0054 0100     		.2byte	0x1
 5604 0056 50       		.byte	0x50
 5605 0057 0F000000 		.4byte	.LVL23-1
 5606 005b 46000000 		.4byte	.LVL27
 5607 005f 0100     		.2byte	0x1
 5608 0061 54       		.byte	0x54
 5609 0062 46000000 		.4byte	.LVL27
 5610 0066 49000000 		.4byte	.LVL28-1
 5611 006a 0100     		.2byte	0x1
 5612 006c 50       		.byte	0x50
 5613 006d 49000000 		.4byte	.LVL28-1
 5614 0071 68000000 		.4byte	.LFE7
 5615 0075 0400     		.2byte	0x4
ARM GAS  /var/folders/65/xyhbx3_n6nd_hs7j3p9nfwv80000gn/T//ccFweXAW.s 			page 101


 5616 0077 F3       		.byte	0xf3
 5617 0078 01       		.uleb128 0x1
 5618 0079 50       		.byte	0x50
 5619 007a 9F       		.byte	0x9f
 5620 007b 00000000 		.4byte	0
 5621 007f 00000000 		.4byte	0
 5622              	.LLST4:
 5623 0083 00000000 		.4byte	.LFB6
 5624 0087 02000000 		.4byte	.LCFI4
 5625 008b 0200     		.2byte	0x2
 5626 008d 7D       		.byte	0x7d
 5627 008e 00       		.sleb128 0
 5628 008f 02000000 		.4byte	.LCFI4
 5629 0093 18000000 		.4byte	.LCFI5
 5630 0097 0200     		.2byte	0x2
 5631 0099 7D       		.byte	0x7d
 5632 009a 08       		.sleb128 8
 5633 009b 18000000 		.4byte	.LCFI5
 5634 009f 1C000000 		.4byte	.LCFI6
 5635 00a3 0200     		.2byte	0x2
 5636 00a5 7D       		.byte	0x7d
 5637 00a6 00       		.sleb128 0
 5638 00a7 1C000000 		.4byte	.LCFI6
 5639 00ab 28000000 		.4byte	.LFE6
 5640 00af 0200     		.2byte	0x2
 5641 00b1 7D       		.byte	0x7d
 5642 00b2 08       		.sleb128 8
 5643 00b3 00000000 		.4byte	0
 5644 00b7 00000000 		.4byte	0
 5645              	.LVUS5:
 5646 00bb 00       		.uleb128 0
 5647 00bc 00       		.uleb128 .LVU24
 5648 00bd 00       		.uleb128 .LVU24
 5649 00be 00       		.uleb128 .LVU28
 5650 00bf 00       		.uleb128 .LVU28
 5651 00c0 00       		.uleb128 .LVU29
 5652 00c1 00       		.uleb128 .LVU29
 5653 00c2 00       		.uleb128 .LVU29
 5654 00c3 00       		.uleb128 .LVU29
 5655 00c4 00       		.uleb128 0
 5656              	.LLST5:
 5657 00c5 00000000 		.4byte	.LVL8
 5658 00c9 09000000 		.4byte	.LVL9-1
 5659 00cd 0100     		.2byte	0x1
 5660 00cf 50       		.byte	0x50
 5661 00d0 09000000 		.4byte	.LVL9-1
 5662 00d4 18000000 		.4byte	.LVL11
 5663 00d8 0100     		.2byte	0x1
 5664 00da 54       		.byte	0x54
 5665 00db 18000000 		.4byte	.LVL11
 5666 00df 1B000000 		.4byte	.LVL12-1
 5667 00e3 0100     		.2byte	0x1
 5668 00e5 50       		.byte	0x50
 5669 00e6 1B000000 		.4byte	.LVL12-1
 5670 00ea 1C000000 		.4byte	.LVL12
 5671 00ee 0400     		.2byte	0x4
 5672 00f0 F3       		.byte	0xf3
ARM GAS  /var/folders/65/xyhbx3_n6nd_hs7j3p9nfwv80000gn/T//ccFweXAW.s 			page 102


 5673 00f1 01       		.uleb128 0x1
 5674 00f2 50       		.byte	0x50
 5675 00f3 9F       		.byte	0x9f
 5676 00f4 1C000000 		.4byte	.LVL12
 5677 00f8 28000000 		.4byte	.LFE6
 5678 00fc 0100     		.2byte	0x1
 5679 00fe 54       		.byte	0x54
 5680 00ff 00000000 		.4byte	0
 5681 0103 00000000 		.4byte	0
 5682              	.LVUS6:
 5683 0107 00       		.uleb128 .LVU24
 5684 0108 00       		.uleb128 .LVU27
 5685 0109 00       		.uleb128 .LVU29
 5686 010a 00       		.uleb128 .LVU30
 5687              	.LLST6:
 5688 010b 0A000000 		.4byte	.LVL9
 5689 010f 14000000 		.4byte	.LVL10
 5690 0113 0100     		.2byte	0x1
 5691 0115 50       		.byte	0x50
 5692 0116 1C000000 		.4byte	.LVL12
 5693 011a 1E000000 		.4byte	.LVL13
 5694 011e 0100     		.2byte	0x1
 5695 0120 50       		.byte	0x50
 5696 0121 00000000 		.4byte	0
 5697 0125 00000000 		.4byte	0
 5698              	.LLST7:
 5699 0129 00000000 		.4byte	.LFB5
 5700 012d 02000000 		.4byte	.LCFI7
 5701 0131 0200     		.2byte	0x2
 5702 0133 7D       		.byte	0x7d
 5703 0134 00       		.sleb128 0
 5704 0135 02000000 		.4byte	.LCFI7
 5705 0139 1C000000 		.4byte	.LCFI8
 5706 013d 0200     		.2byte	0x2
 5707 013f 7D       		.byte	0x7d
 5708 0140 08       		.sleb128 8
 5709 0141 1C000000 		.4byte	.LCFI8
 5710 0145 28000000 		.4byte	.LCFI9
 5711 0149 0200     		.2byte	0x2
 5712 014b 7D       		.byte	0x7d
 5713 014c 00       		.sleb128 0
 5714 014d 28000000 		.4byte	.LCFI9
 5715 0151 3C000000 		.4byte	.LFE5
 5716 0155 0200     		.2byte	0x2
 5717 0157 7D       		.byte	0x7d
 5718 0158 08       		.sleb128 8
 5719 0159 00000000 		.4byte	0
 5720 015d 00000000 		.4byte	0
 5721              	.LVUS8:
 5722 0161 00       		.uleb128 0
 5723 0162 00       		.uleb128 .LVU37
 5724 0163 00       		.uleb128 .LVU37
 5725 0164 00       		.uleb128 .LVU42
 5726 0165 00       		.uleb128 .LVU42
 5727 0166 00       		.uleb128 .LVU43
 5728 0167 00       		.uleb128 .LVU43
 5729 0168 00       		.uleb128 .LVU43
ARM GAS  /var/folders/65/xyhbx3_n6nd_hs7j3p9nfwv80000gn/T//ccFweXAW.s 			page 103


 5730 0169 00       		.uleb128 .LVU43
 5731 016a 00       		.uleb128 0
 5732              	.LLST8:
 5733 016b 00000000 		.4byte	.LVL15
 5734 016f 09000000 		.4byte	.LVL16-1
 5735 0173 0100     		.2byte	0x1
 5736 0175 50       		.byte	0x50
 5737 0176 09000000 		.4byte	.LVL16-1
 5738 017a 1C000000 		.4byte	.LVL18
 5739 017e 0100     		.2byte	0x1
 5740 0180 54       		.byte	0x54
 5741 0181 1C000000 		.4byte	.LVL18
 5742 0185 27000000 		.4byte	.LVL19-1
 5743 0189 0100     		.2byte	0x1
 5744 018b 50       		.byte	0x50
 5745 018c 27000000 		.4byte	.LVL19-1
 5746 0190 28000000 		.4byte	.LVL19
 5747 0194 0400     		.2byte	0x4
 5748 0196 F3       		.byte	0xf3
 5749 0197 01       		.uleb128 0x1
 5750 0198 50       		.byte	0x50
 5751 0199 9F       		.byte	0x9f
 5752 019a 28000000 		.4byte	.LVL19
 5753 019e 3C000000 		.4byte	.LFE5
 5754 01a2 0100     		.2byte	0x1
 5755 01a4 54       		.byte	0x54
 5756 01a5 00000000 		.4byte	0
 5757 01a9 00000000 		.4byte	0
 5758              	.LVUS9:
 5759 01ad 00       		.uleb128 .LVU37
 5760 01ae 00       		.uleb128 .LVU40
 5761 01af 00       		.uleb128 .LVU43
 5762 01b0 00       		.uleb128 .LVU44
 5763              	.LLST9:
 5764 01b1 0A000000 		.4byte	.LVL16
 5765 01b5 14000000 		.4byte	.LVL17
 5766 01b9 0100     		.2byte	0x1
 5767 01bb 50       		.byte	0x50
 5768 01bc 28000000 		.4byte	.LVL19
 5769 01c0 2A000000 		.4byte	.LVL20
 5770 01c4 0100     		.2byte	0x1
 5771 01c6 50       		.byte	0x50
 5772 01c7 00000000 		.4byte	0
 5773 01cb 00000000 		.4byte	0
 5774              	.LLST2:
 5775 01cf 00000000 		.4byte	.LFB4
 5776 01d3 02000000 		.4byte	.LCFI2
 5777 01d7 0200     		.2byte	0x2
 5778 01d9 7D       		.byte	0x7d
 5779 01da 00       		.sleb128 0
 5780 01db 02000000 		.4byte	.LCFI2
 5781 01df 12000000 		.4byte	.LCFI3
 5782 01e3 0200     		.2byte	0x2
 5783 01e5 7D       		.byte	0x7d
 5784 01e6 08       		.sleb128 8
 5785 01e7 12000000 		.4byte	.LCFI3
 5786 01eb 16000000 		.4byte	.LFE4
ARM GAS  /var/folders/65/xyhbx3_n6nd_hs7j3p9nfwv80000gn/T//ccFweXAW.s 			page 104


 5787 01ef 0200     		.2byte	0x2
 5788 01f1 7D       		.byte	0x7d
 5789 01f2 00       		.sleb128 0
 5790 01f3 00000000 		.4byte	0
 5791 01f7 00000000 		.4byte	0
 5792              	.LVUS3:
 5793 01fb 00       		.uleb128 0
 5794 01fc 00       		.uleb128 .LVU14
 5795 01fd 00       		.uleb128 .LVU14
 5796 01fe 00       		.uleb128 .LVU16
 5797 01ff 00       		.uleb128 .LVU16
 5798 0200 00       		.uleb128 .LVU17
 5799 0201 00       		.uleb128 .LVU17
 5800 0202 00       		.uleb128 0
 5801              	.LLST3:
 5802 0203 00000000 		.4byte	.LVL4
 5803 0207 09000000 		.4byte	.LVL5-1
 5804 020b 0100     		.2byte	0x1
 5805 020d 50       		.byte	0x50
 5806 020e 09000000 		.4byte	.LVL5-1
 5807 0212 12000000 		.4byte	.LVL6
 5808 0216 0100     		.2byte	0x1
 5809 0218 54       		.byte	0x54
 5810 0219 12000000 		.4byte	.LVL6
 5811 021d 15000000 		.4byte	.LVL7-1
 5812 0221 0100     		.2byte	0x1
 5813 0223 50       		.byte	0x50
 5814 0224 15000000 		.4byte	.LVL7-1
 5815 0228 16000000 		.4byte	.LFE4
 5816 022c 0400     		.2byte	0x4
 5817 022e F3       		.byte	0xf3
 5818 022f 01       		.uleb128 0x1
 5819 0230 50       		.byte	0x50
 5820 0231 9F       		.byte	0x9f
 5821 0232 00000000 		.4byte	0
 5822 0236 00000000 		.4byte	0
 5823              	.LLST0:
 5824 023a 00000000 		.4byte	.LFB3
 5825 023e 02000000 		.4byte	.LCFI0
 5826 0242 0200     		.2byte	0x2
 5827 0244 7D       		.byte	0x7d
 5828 0245 00       		.sleb128 0
 5829 0246 02000000 		.4byte	.LCFI0
 5830 024a 12000000 		.4byte	.LCFI1
 5831 024e 0200     		.2byte	0x2
 5832 0250 7D       		.byte	0x7d
 5833 0251 08       		.sleb128 8
 5834 0252 12000000 		.4byte	.LCFI1
 5835 0256 16000000 		.4byte	.LFE3
 5836 025a 0200     		.2byte	0x2
 5837 025c 7D       		.byte	0x7d
 5838 025d 00       		.sleb128 0
 5839 025e 00000000 		.4byte	0
 5840 0262 00000000 		.4byte	0
 5841              	.LVUS1:
 5842 0266 00       		.uleb128 0
 5843 0267 00       		.uleb128 .LVU5
ARM GAS  /var/folders/65/xyhbx3_n6nd_hs7j3p9nfwv80000gn/T//ccFweXAW.s 			page 105


 5844 0268 00       		.uleb128 .LVU5
 5845 0269 00       		.uleb128 .LVU7
 5846 026a 00       		.uleb128 .LVU7
 5847 026b 00       		.uleb128 .LVU8
 5848 026c 00       		.uleb128 .LVU8
 5849 026d 00       		.uleb128 0
 5850              	.LLST1:
 5851 026e 00000000 		.4byte	.LVL0
 5852 0272 09000000 		.4byte	.LVL1-1
 5853 0276 0100     		.2byte	0x1
 5854 0278 50       		.byte	0x50
 5855 0279 09000000 		.4byte	.LVL1-1
 5856 027d 12000000 		.4byte	.LVL2
 5857 0281 0100     		.2byte	0x1
 5858 0283 54       		.byte	0x54
 5859 0284 12000000 		.4byte	.LVL2
 5860 0288 15000000 		.4byte	.LVL3-1
 5861 028c 0100     		.2byte	0x1
 5862 028e 50       		.byte	0x50
 5863 028f 15000000 		.4byte	.LVL3-1
 5864 0293 16000000 		.4byte	.LFE3
 5865 0297 0400     		.2byte	0x4
 5866 0299 F3       		.byte	0xf3
 5867 029a 01       		.uleb128 0x1
 5868 029b 50       		.byte	0x50
 5869 029c 9F       		.byte	0x9f
 5870 029d 00000000 		.4byte	0
 5871 02a1 00000000 		.4byte	0
 5872              		.section	.debug_aranges,"",%progbits
 5873 0000 3C000000 		.4byte	0x3c
 5874 0004 0200     		.2byte	0x2
 5875 0006 00000000 		.4byte	.Ldebug_info0
 5876 000a 04       		.byte	0x4
 5877 000b 00       		.byte	0
 5878 000c 0000     		.2byte	0
 5879 000e 0000     		.2byte	0
 5880 0010 00000000 		.4byte	.LFB3
 5881 0014 16000000 		.4byte	.LFE3-.LFB3
 5882 0018 00000000 		.4byte	.LFB4
 5883 001c 16000000 		.4byte	.LFE4-.LFB4
 5884 0020 00000000 		.4byte	.LFB6
 5885 0024 28000000 		.4byte	.LFE6-.LFB6
 5886 0028 00000000 		.4byte	.LFB5
 5887 002c 3C000000 		.4byte	.LFE5-.LFB5
 5888 0030 00000000 		.4byte	.LFB7
 5889 0034 68000000 		.4byte	.LFE7-.LFB7
 5890 0038 00000000 		.4byte	0
 5891 003c 00000000 		.4byte	0
 5892              		.section	.debug_ranges,"",%progbits
 5893              	.Ldebug_ranges0:
 5894 0000 00000000 		.4byte	.LFB3
 5895 0004 16000000 		.4byte	.LFE3
 5896 0008 00000000 		.4byte	.LFB4
 5897 000c 16000000 		.4byte	.LFE4
 5898 0010 00000000 		.4byte	.LFB6
 5899 0014 28000000 		.4byte	.LFE6
 5900 0018 00000000 		.4byte	.LFB5
ARM GAS  /var/folders/65/xyhbx3_n6nd_hs7j3p9nfwv80000gn/T//ccFweXAW.s 			page 106


 5901 001c 3C000000 		.4byte	.LFE5
 5902 0020 00000000 		.4byte	.LFB7
 5903 0024 68000000 		.4byte	.LFE7
 5904 0028 00000000 		.4byte	0
 5905 002c 00000000 		.4byte	0
 5906              		.section	.debug_macro,"",%progbits
 5907              	.Ldebug_macro0:
 5908 0000 0400     		.2byte	0x4
 5909 0002 02       		.byte	0x2
 5910 0003 00000000 		.4byte	.Ldebug_line0
 5911 0007 07       		.byte	0x7
 5912 0008 00000000 		.4byte	.Ldebug_macro2
 5913 000c 03       		.byte	0x3
 5914 000d 00       		.uleb128 0
 5915 000e 01       		.uleb128 0x1
 5916 000f 03       		.byte	0x3
 5917 0010 01       		.uleb128 0x1
 5918 0011 04       		.uleb128 0x4
 5919 0012 05       		.byte	0x5
 5920 0013 02       		.uleb128 0x2
 5921 0014 77660000 		.4byte	.LASF454
 5922 0018 03       		.byte	0x3
 5923 0019 04       		.uleb128 0x4
 5924 001a 03       		.uleb128 0x3
 5925 001b 05       		.byte	0x5
 5926 001c 02       		.uleb128 0x2
 5927 001d 94000000 		.4byte	.LASF455
 5928              		.file 11 "/usr/local/playdate/gcc-arm-none-eabi-9-2019-q4-major/arm-none-eabi/include/setjmp.h"
 5929 0021 03       		.byte	0x3
 5930 0022 04       		.uleb128 0x4
 5931 0023 0B       		.uleb128 0xb
 5932 0024 05       		.byte	0x5
 5933 0025 07       		.uleb128 0x7
 5934 0026 46600000 		.4byte	.LASF456
 5935              		.file 12 "/usr/local/playdate/gcc-arm-none-eabi-9-2019-q4-major/arm-none-eabi/include/_ansi.h"
 5936 002a 03       		.byte	0x3
 5937 002b 09       		.uleb128 0x9
 5938 002c 0C       		.uleb128 0xc
 5939 002d 05       		.byte	0x5
 5940 002e 08       		.uleb128 0x8
 5941 002f 49150000 		.4byte	.LASF457
 5942              		.file 13 "/usr/local/playdate/gcc-arm-none-eabi-9-2019-q4-major/arm-none-eabi/include/newlib.h"
 5943 0033 03       		.byte	0x3
 5944 0034 0A       		.uleb128 0xa
 5945 0035 0D       		.uleb128 0xd
 5946 0036 05       		.byte	0x5
 5947 0037 08       		.uleb128 0x8
 5948 0038 1B6B0000 		.4byte	.LASF458
 5949              		.file 14 "/usr/local/playdate/gcc-arm-none-eabi-9-2019-q4-major/arm-none-eabi/include/_newlib_vers
 5950 003c 03       		.byte	0x3
 5951 003d 0E       		.uleb128 0xe
 5952 003e 0E       		.uleb128 0xe
 5953 003f 07       		.byte	0x7
 5954 0040 00000000 		.4byte	.Ldebug_macro3
 5955 0044 04       		.byte	0x4
 5956 0045 07       		.byte	0x7
 5957 0046 00000000 		.4byte	.Ldebug_macro4
ARM GAS  /var/folders/65/xyhbx3_n6nd_hs7j3p9nfwv80000gn/T//ccFweXAW.s 			page 107


 5958 004a 04       		.byte	0x4
 5959              		.file 15 "/usr/local/playdate/gcc-arm-none-eabi-9-2019-q4-major/arm-none-eabi/include/sys/config.h
 5960 004b 03       		.byte	0x3
 5961 004c 0B       		.uleb128 0xb
 5962 004d 0F       		.uleb128 0xf
 5963 004e 05       		.byte	0x5
 5964 004f 02       		.uleb128 0x2
 5965 0050 99600000 		.4byte	.LASF478
 5966              		.file 16 "/usr/local/playdate/gcc-arm-none-eabi-9-2019-q4-major/arm-none-eabi/include/machine/ieee
 5967 0054 03       		.byte	0x3
 5968 0055 04       		.uleb128 0x4
 5969 0056 10       		.uleb128 0x10
 5970 0057 07       		.byte	0x7
 5971 0058 00000000 		.4byte	.Ldebug_macro5
 5972 005c 04       		.byte	0x4
 5973              		.file 17 "/usr/local/playdate/gcc-arm-none-eabi-9-2019-q4-major/arm-none-eabi/include/sys/features
 5974 005d 03       		.byte	0x3
 5975 005e 05       		.uleb128 0x5
 5976 005f 11       		.uleb128 0x11
 5977 0060 07       		.byte	0x7
 5978 0061 00000000 		.4byte	.Ldebug_macro6
 5979 0065 04       		.byte	0x4
 5980 0066 07       		.byte	0x7
 5981 0067 00000000 		.4byte	.Ldebug_macro7
 5982 006b 04       		.byte	0x4
 5983 006c 07       		.byte	0x7
 5984 006d 00000000 		.4byte	.Ldebug_macro8
 5985 0071 04       		.byte	0x4
 5986 0072 03       		.byte	0x3
 5987 0073 0A       		.uleb128 0xa
 5988 0074 02       		.uleb128 0x2
 5989 0075 05       		.byte	0x5
 5990 0076 0E       		.uleb128 0xe
 5991 0077 E12D0000 		.4byte	.LASF518
 5992 007b 04       		.byte	0x4
 5993 007c 04       		.byte	0x4
 5994 007d 07       		.byte	0x7
 5995 007e 00000000 		.4byte	.Ldebug_macro9
 5996 0082 04       		.byte	0x4
 5997              		.file 18 "/usr/local/playdate/gcc-arm-none-eabi-9-2019-q4-major/arm-none-eabi/include/stdio.h"
 5998 0083 03       		.byte	0x3
 5999 0084 06       		.uleb128 0x6
 6000 0085 12       		.uleb128 0x12
 6001 0086 07       		.byte	0x7
 6002 0087 00000000 		.4byte	.Ldebug_macro10
 6003              		.file 19 "/usr/local/playdate/gcc-arm-none-eabi-9-2019-q4-major/arm-none-eabi/include/sys/cdefs.h"
 6004 008b 03       		.byte	0x3
 6005 008c 23       		.uleb128 0x23
 6006 008d 13       		.uleb128 0x13
 6007 008e 05       		.byte	0x5
 6008 008f 2B       		.uleb128 0x2b
 6009 0090 EA690000 		.4byte	.LASF531
 6010              		.file 20 "/usr/local/playdate/gcc-arm-none-eabi-9-2019-q4-major/arm-none-eabi/include/machine/_def
 6011 0094 03       		.byte	0x3
 6012 0095 2D       		.uleb128 0x2d
 6013 0096 14       		.uleb128 0x14
 6014 0097 07       		.byte	0x7
ARM GAS  /var/folders/65/xyhbx3_n6nd_hs7j3p9nfwv80000gn/T//ccFweXAW.s 			page 108


 6015 0098 00000000 		.4byte	.Ldebug_macro11
 6016 009c 04       		.byte	0x4
 6017 009d 03       		.byte	0x3
 6018 009e 2F       		.uleb128 0x2f
 6019 009f 07       		.uleb128 0x7
 6020 00a0 07       		.byte	0x7
 6021 00a1 00000000 		.4byte	.Ldebug_macro12
 6022 00a5 04       		.byte	0x4
 6023 00a6 07       		.byte	0x7
 6024 00a7 00000000 		.4byte	.Ldebug_macro13
 6025 00ab 04       		.byte	0x4
 6026 00ac 03       		.byte	0x3
 6027 00ad 24       		.uleb128 0x24
 6028 00ae 07       		.uleb128 0x7
 6029 00af 07       		.byte	0x7
 6030 00b0 00000000 		.4byte	.Ldebug_macro14
 6031 00b4 04       		.byte	0x4
 6032 00b5 05       		.byte	0x5
 6033 00b6 27       		.uleb128 0x27
 6034 00b7 738F0000 		.4byte	.LASF719
 6035              		.file 21 "/usr/local/playdate/gcc-arm-none-eabi-9-2019-q4-major/lib/gcc/arm-none-eabi/9.2.1/includ
 6036 00bb 03       		.byte	0x3
 6037 00bc 28       		.uleb128 0x28
 6038 00bd 15       		.uleb128 0x15
 6039 00be 07       		.byte	0x7
 6040 00bf 00000000 		.4byte	.Ldebug_macro15
 6041 00c3 04       		.byte	0x4
 6042 00c4 05       		.byte	0x5
 6043 00c5 2F       		.uleb128 0x2f
 6044 00c6 050D0000 		.4byte	.LASF722
 6045 00ca 03       		.byte	0x3
 6046 00cb 3C       		.uleb128 0x3c
 6047 00cc 08       		.uleb128 0x8
 6048 00cd 05       		.byte	0x5
 6049 00ce 0B       		.uleb128 0xb
 6050 00cf 0E7F0000 		.4byte	.LASF723
 6051 00d3 03       		.byte	0x3
 6052 00d4 0D       		.uleb128 0xd
 6053 00d5 0C       		.uleb128 0xc
 6054 00d6 04       		.byte	0x4
 6055 00d7 03       		.byte	0x3
 6056 00d8 0E       		.uleb128 0xe
 6057 00d9 07       		.uleb128 0x7
 6058 00da 04       		.byte	0x4
 6059 00db 03       		.byte	0x3
 6060 00dc 0F       		.uleb128 0xf
 6061 00dd 06       		.uleb128 0x6
 6062 00de 05       		.byte	0x5
 6063 00df 14       		.uleb128 0x14
 6064 00e0 B2510000 		.4byte	.LASF724
 6065              		.file 22 "/usr/local/playdate/gcc-arm-none-eabi-9-2019-q4-major/arm-none-eabi/include/machine/_typ
 6066 00e4 03       		.byte	0x3
 6067 00e5 18       		.uleb128 0x18
 6068 00e6 16       		.uleb128 0x16
 6069 00e7 05       		.byte	0x5
 6070 00e8 06       		.uleb128 0x6
 6071 00e9 B8940000 		.4byte	.LASF725
ARM GAS  /var/folders/65/xyhbx3_n6nd_hs7j3p9nfwv80000gn/T//ccFweXAW.s 			page 109


 6072 00ed 04       		.byte	0x4
 6073 00ee 03       		.byte	0x3
 6074 00ef 19       		.uleb128 0x19
 6075 00f0 05       		.uleb128 0x5
 6076 00f1 07       		.byte	0x7
 6077 00f2 00000000 		.4byte	.Ldebug_macro16
 6078 00f6 04       		.byte	0x4
 6079 00f7 07       		.byte	0x7
 6080 00f8 00000000 		.4byte	.Ldebug_macro17
 6081 00fc 03       		.byte	0x3
 6082 00fd 9F01     		.uleb128 0x9f
 6083 00ff 07       		.uleb128 0x7
 6084 0100 07       		.byte	0x7
 6085 0101 00000000 		.4byte	.Ldebug_macro18
 6086 0105 04       		.byte	0x4
 6087 0106 07       		.byte	0x7
 6088 0107 00000000 		.4byte	.Ldebug_macro19
 6089 010b 04       		.byte	0x4
 6090 010c 07       		.byte	0x7
 6091 010d 00000000 		.4byte	.Ldebug_macro20
 6092 0111 04       		.byte	0x4
 6093              		.file 23 "/usr/local/playdate/gcc-arm-none-eabi-9-2019-q4-major/arm-none-eabi/include/sys/types.h"
 6094 0112 03       		.byte	0x3
 6095 0113 3D       		.uleb128 0x3d
 6096 0114 17       		.uleb128 0x17
 6097 0115 07       		.byte	0x7
 6098 0116 00000000 		.4byte	.Ldebug_macro21
 6099 011a 03       		.byte	0x3
 6100 011b 3E       		.uleb128 0x3e
 6101 011c 07       		.uleb128 0x7
 6102 011d 04       		.byte	0x4
 6103              		.file 24 "/usr/local/playdate/gcc-arm-none-eabi-9-2019-q4-major/arm-none-eabi/include/sys/_stdint.
 6104 011e 03       		.byte	0x3
 6105 011f 40       		.uleb128 0x40
 6106 0120 18       		.uleb128 0x18
 6107 0121 07       		.byte	0x7
 6108 0122 00000000 		.4byte	.Ldebug_macro22
 6109 0126 04       		.byte	0x4
 6110              		.file 25 "/usr/local/playdate/gcc-arm-none-eabi-9-2019-q4-major/arm-none-eabi/include/machine/endi
 6111 0127 03       		.byte	0x3
 6112 0128 43       		.uleb128 0x43
 6113 0129 19       		.uleb128 0x19
 6114 012a 05       		.byte	0x5
 6115 012b 02       		.uleb128 0x2
 6116 012c 656A0000 		.4byte	.LASF826
 6117              		.file 26 "/usr/local/playdate/gcc-arm-none-eabi-9-2019-q4-major/arm-none-eabi/include/machine/_end
 6118 0130 03       		.byte	0x3
 6119 0131 06       		.uleb128 0x6
 6120 0132 1A       		.uleb128 0x1a
 6121 0133 07       		.byte	0x7
 6122 0134 00000000 		.4byte	.Ldebug_macro23
 6123 0138 04       		.byte	0x4
 6124 0139 07       		.byte	0x7
 6125 013a 00000000 		.4byte	.Ldebug_macro24
 6126 013e 04       		.byte	0x4
 6127              		.file 27 "/usr/local/playdate/gcc-arm-none-eabi-9-2019-q4-major/arm-none-eabi/include/sys/select.h
 6128 013f 03       		.byte	0x3
ARM GAS  /var/folders/65/xyhbx3_n6nd_hs7j3p9nfwv80000gn/T//ccFweXAW.s 			page 110


 6129 0140 44       		.uleb128 0x44
 6130 0141 1B       		.uleb128 0x1b
 6131 0142 05       		.byte	0x5
 6132 0143 02       		.uleb128 0x2
 6133 0144 69760000 		.4byte	.LASF844
 6134              		.file 28 "/usr/local/playdate/gcc-arm-none-eabi-9-2019-q4-major/arm-none-eabi/include/sys/_sigset.
 6135 0148 03       		.byte	0x3
 6136 0149 0E       		.uleb128 0xe
 6137 014a 1C       		.uleb128 0x1c
 6138 014b 05       		.byte	0x5
 6139 014c 27       		.uleb128 0x27
 6140 014d E88C0000 		.4byte	.LASF845
 6141 0151 04       		.byte	0x4
 6142              		.file 29 "/usr/local/playdate/gcc-arm-none-eabi-9-2019-q4-major/arm-none-eabi/include/sys/_timeval
 6143 0152 03       		.byte	0x3
 6144 0153 0F       		.uleb128 0xf
 6145 0154 1D       		.uleb128 0x1d
 6146 0155 07       		.byte	0x7
 6147 0156 00000000 		.4byte	.Ldebug_macro25
 6148 015a 04       		.byte	0x4
 6149              		.file 30 "/usr/local/playdate/gcc-arm-none-eabi-9-2019-q4-major/arm-none-eabi/include/sys/timespec
 6150 015b 03       		.byte	0x3
 6151 015c 10       		.uleb128 0x10
 6152 015d 1E       		.uleb128 0x1e
 6153 015e 05       		.byte	0x5
 6154 015f 23       		.uleb128 0x23
 6155 0160 E8360000 		.4byte	.LASF856
 6156              		.file 31 "/usr/local/playdate/gcc-arm-none-eabi-9-2019-q4-major/arm-none-eabi/include/sys/_timespe
 6157 0164 03       		.byte	0x3
 6158 0165 26       		.uleb128 0x26
 6159 0166 1F       		.uleb128 0x1f
 6160 0167 05       		.byte	0x5
 6161 0168 23       		.uleb128 0x23
 6162 0169 F9690000 		.4byte	.LASF857
 6163 016d 04       		.byte	0x4
 6164 016e 07       		.byte	0x7
 6165 016f 00000000 		.4byte	.Ldebug_macro26
 6166 0173 04       		.byte	0x4
 6167 0174 07       		.byte	0x7
 6168 0175 00000000 		.4byte	.Ldebug_macro27
 6169 0179 04       		.byte	0x4
 6170 017a 07       		.byte	0x7
 6171 017b 00000000 		.4byte	.Ldebug_macro28
 6172              		.file 32 "/usr/local/playdate/gcc-arm-none-eabi-9-2019-q4-major/arm-none-eabi/include/sys/_pthread
 6173 017f 03       		.byte	0x3
 6174 0180 EF01     		.uleb128 0xef
 6175 0182 20       		.uleb128 0x20
 6176 0183 05       		.byte	0x5
 6177 0184 13       		.uleb128 0x13
 6178 0185 1F7D0000 		.4byte	.LASF902
 6179              		.file 33 "/usr/local/playdate/gcc-arm-none-eabi-9-2019-q4-major/arm-none-eabi/include/sys/sched.h"
 6180 0189 03       		.byte	0x3
 6181 018a 17       		.uleb128 0x17
 6182 018b 21       		.uleb128 0x21
 6183 018c 07       		.byte	0x7
 6184 018d 00000000 		.4byte	.Ldebug_macro29
 6185 0191 04       		.byte	0x4
ARM GAS  /var/folders/65/xyhbx3_n6nd_hs7j3p9nfwv80000gn/T//ccFweXAW.s 			page 111


 6186 0192 07       		.byte	0x7
 6187 0193 00000000 		.4byte	.Ldebug_macro30
 6188 0197 04       		.byte	0x4
 6189              		.file 34 "/usr/local/playdate/gcc-arm-none-eabi-9-2019-q4-major/arm-none-eabi/include/machine/type
 6190 0198 03       		.byte	0x3
 6191 0199 F001     		.uleb128 0xf0
 6192 019b 22       		.uleb128 0x22
 6193 019c 04       		.byte	0x4
 6194 019d 06       		.byte	0x6
 6195 019e F401     		.uleb128 0xf4
 6196 01a0 AE270000 		.4byte	.LASF916
 6197 01a4 04       		.byte	0x4
 6198 01a5 05       		.byte	0x5
 6199 01a6 43       		.uleb128 0x43
 6200 01a7 52190000 		.4byte	.LASF917
 6201              		.file 35 "/usr/local/playdate/gcc-arm-none-eabi-9-2019-q4-major/arm-none-eabi/include/sys/stdio.h"
 6202 01ab 03       		.byte	0x3
 6203 01ac 4F       		.uleb128 0x4f
 6204 01ad 23       		.uleb128 0x23
 6205 01ae 07       		.byte	0x7
 6206 01af 00000000 		.4byte	.Ldebug_macro31
 6207 01b3 04       		.byte	0x4
 6208 01b4 07       		.byte	0x7
 6209 01b5 00000000 		.4byte	.Ldebug_macro32
 6210 01b9 04       		.byte	0x4
 6211 01ba 03       		.byte	0x3
 6212 01bb 07       		.uleb128 0x7
 6213 01bc 09       		.uleb128 0x9
 6214 01bd 05       		.byte	0x5
 6215 01be 08       		.uleb128 0x8
 6216 01bf 8B0B0000 		.4byte	.LASF976
 6217 01c3 03       		.byte	0x3
 6218 01c4 0A       		.uleb128 0xa
 6219 01c5 10       		.uleb128 0x10
 6220 01c6 04       		.byte	0x4
 6221 01c7 07       		.byte	0x7
 6222 01c8 00000000 		.4byte	.Ldebug_macro33
 6223 01cc 03       		.byte	0x3
 6224 01cd 10       		.uleb128 0x10
 6225 01ce 07       		.uleb128 0x7
 6226 01cf 07       		.byte	0x7
 6227 01d0 00000000 		.4byte	.Ldebug_macro34
 6228 01d4 04       		.byte	0x4
 6229              		.file 36 "/usr/local/playdate/gcc-arm-none-eabi-9-2019-q4-major/arm-none-eabi/include/machine/stdl
 6230 01d5 03       		.byte	0x3
 6231 01d6 14       		.uleb128 0x14
 6232 01d7 24       		.uleb128 0x24
 6233 01d8 05       		.byte	0x5
 6234 01d9 02       		.uleb128 0x2
 6235 01da B7140000 		.4byte	.LASF978
 6236 01de 04       		.byte	0x4
 6237              		.file 37 "/usr/local/playdate/gcc-arm-none-eabi-9-2019-q4-major/arm-none-eabi/include/alloca.h"
 6238 01df 03       		.byte	0x3
 6239 01e0 16       		.uleb128 0x16
 6240 01e1 25       		.uleb128 0x25
 6241 01e2 07       		.byte	0x7
 6242 01e3 00000000 		.4byte	.Ldebug_macro35
ARM GAS  /var/folders/65/xyhbx3_n6nd_hs7j3p9nfwv80000gn/T//ccFweXAW.s 			page 112


 6243 01e7 04       		.byte	0x4
 6244 01e8 07       		.byte	0x7
 6245 01e9 00000000 		.4byte	.Ldebug_macro36
 6246 01ed 04       		.byte	0x4
 6247 01ee 03       		.byte	0x3
 6248 01ef 08       		.uleb128 0x8
 6249 01f0 07       		.uleb128 0x7
 6250 01f1 04       		.byte	0x4
 6251 01f2 03       		.byte	0x3
 6252 01f3 09       		.uleb128 0x9
 6253 01f4 15       		.uleb128 0x15
 6254 01f5 07       		.byte	0x7
 6255 01f6 00000000 		.4byte	.Ldebug_macro37
 6256 01fa 04       		.byte	0x4
 6257              		.file 38 "/usr/local/playdate/gcc-arm-none-eabi-9-2019-q4-major/arm-none-eabi/include/string.h"
 6258 01fb 03       		.byte	0x3
 6259 01fc 0A       		.uleb128 0xa
 6260 01fd 26       		.uleb128 0x26
 6261 01fe 07       		.byte	0x7
 6262 01ff 00000000 		.4byte	.Ldebug_macro38
 6263 0203 03       		.byte	0x3
 6264 0204 11       		.uleb128 0x11
 6265 0205 07       		.uleb128 0x7
 6266 0206 07       		.byte	0x7
 6267 0207 00000000 		.4byte	.Ldebug_macro34
 6268 020b 04       		.byte	0x4
 6269              		.file 39 "/usr/local/playdate/gcc-arm-none-eabi-9-2019-q4-major/arm-none-eabi/include/xlocale.h"
 6270 020c 03       		.byte	0x3
 6271 020d 14       		.uleb128 0x14
 6272 020e 27       		.uleb128 0x27
 6273 020f 05       		.byte	0x5
 6274 0210 04       		.uleb128 0x4
 6275 0211 AD930000 		.4byte	.LASF1000
 6276 0215 04       		.byte	0x4
 6277              		.file 40 "/usr/local/playdate/gcc-arm-none-eabi-9-2019-q4-major/arm-none-eabi/include/strings.h"
 6278 0216 03       		.byte	0x3
 6279 0217 18       		.uleb128 0x18
 6280 0218 28       		.uleb128 0x28
 6281 0219 05       		.byte	0x5
 6282 021a 1E       		.uleb128 0x1e
 6283 021b F2890000 		.4byte	.LASF1001
 6284 021f 04       		.byte	0x4
 6285              		.file 41 "/usr/local/playdate/gcc-arm-none-eabi-9-2019-q4-major/arm-none-eabi/include/sys/string.h
 6286 0220 03       		.byte	0x3
 6287 0221 AF01     		.uleb128 0xaf
 6288 0223 29       		.uleb128 0x29
 6289 0224 04       		.byte	0x4
 6290 0225 04       		.byte	0x4
 6291 0226 03       		.byte	0x3
 6292 0227 0C       		.uleb128 0xc
 6293 0228 0A       		.uleb128 0xa
 6294 0229 05       		.byte	0x5
 6295 022a 03       		.uleb128 0x3
 6296 022b 3C0F0000 		.4byte	.LASF1002
 6297 022f 03       		.byte	0x3
 6298 0230 07       		.uleb128 0x7
 6299 0231 10       		.uleb128 0x10
ARM GAS  /var/folders/65/xyhbx3_n6nd_hs7j3p9nfwv80000gn/T//ccFweXAW.s 			page 113


 6300 0232 04       		.byte	0x4
 6301 0233 07       		.byte	0x7
 6302 0234 00000000 		.4byte	.Ldebug_macro39
 6303 0238 04       		.byte	0x4
 6304              		.file 42 "/usr/local/playdate/gcc-arm-none-eabi-9-2019-q4-major/lib/gcc/arm-none-eabi/9.2.1/includ
 6305 0239 03       		.byte	0x3
 6306 023a 0D       		.uleb128 0xd
 6307 023b 2A       		.uleb128 0x2a
 6308 023c 07       		.byte	0x7
 6309 023d 00000000 		.4byte	.Ldebug_macro40
 6310 0241 04       		.byte	0x4
 6311              		.file 43 "/usr/local/playdate/gcc-arm-none-eabi-9-2019-q4-major/lib/gcc/arm-none-eabi/9.2.1/includ
 6312 0242 03       		.byte	0x3
 6313 0243 0E       		.uleb128 0xe
 6314 0244 2B       		.uleb128 0x2b
 6315 0245 05       		.byte	0x5
 6316 0246 1E       		.uleb128 0x1e
 6317 0247 21660000 		.4byte	.LASF1151
 6318              		.file 44 "/usr/local/playdate/gcc-arm-none-eabi-9-2019-q4-major/lib/gcc/arm-none-eabi/9.2.1/includ
 6319 024b 03       		.byte	0x3
 6320 024c 22       		.uleb128 0x22
 6321 024d 2C       		.uleb128 0x2c
 6322 024e 05       		.byte	0x5
 6323 024f 06       		.uleb128 0x6
 6324 0250 8C080000 		.4byte	.LASF1152
 6325 0254 03       		.byte	0x3
 6326 0255 07       		.uleb128 0x7
 6327 0256 2B       		.uleb128 0x2b
 6328              		.file 45 "/usr/local/playdate/gcc-arm-none-eabi-9-2019-q4-major/arm-none-eabi/include/limits.h"
 6329 0257 03       		.byte	0x3
 6330 0258 C201     		.uleb128 0xc2
 6331 025a 2D       		.uleb128 0x2d
 6332 025b 05       		.byte	0x5
 6333 025c 02       		.uleb128 0x2
 6334 025d 7F380000 		.4byte	.LASF1153
 6335              		.file 46 "/usr/local/playdate/gcc-arm-none-eabi-9-2019-q4-major/arm-none-eabi/include/sys/syslimit
 6336 0261 03       		.byte	0x3
 6337 0262 06       		.uleb128 0x6
 6338 0263 2E       		.uleb128 0x2e
 6339 0264 07       		.byte	0x7
 6340 0265 00000000 		.4byte	.Ldebug_macro41
 6341 0269 04       		.byte	0x4
 6342 026a 07       		.byte	0x7
 6343 026b 00000000 		.4byte	.Ldebug_macro42
 6344 026f 04       		.byte	0x4
 6345 0270 04       		.byte	0x4
 6346 0271 06       		.byte	0x6
 6347 0272 08       		.uleb128 0x8
 6348 0273 E2140000 		.4byte	.LASF1177
 6349 0277 04       		.byte	0x4
 6350 0278 07       		.byte	0x7
 6351 0279 00000000 		.4byte	.Ldebug_macro43
 6352 027d 04       		.byte	0x4
 6353 027e 07       		.byte	0x7
 6354 027f 00000000 		.4byte	.Ldebug_macro44
 6355 0283 04       		.byte	0x4
 6356 0284 04       		.byte	0x4
ARM GAS  /var/folders/65/xyhbx3_n6nd_hs7j3p9nfwv80000gn/T//ccFweXAW.s 			page 114


 6357 0285 00       		.byte	0
 6358              		.section	.debug_macro,"G",%progbits,wm4.0.5597035cabc44eed625cd1ebc7e67b87,comdat
 6359              	.Ldebug_macro2:
 6360 0000 0400     		.2byte	0x4
 6361 0002 00       		.byte	0
 6362 0003 05       		.byte	0x5
 6363 0004 00       		.uleb128 0
 6364 0005 D2050000 		.4byte	.LASF0
 6365 0009 05       		.byte	0x5
 6366 000a 00       		.uleb128 0
 6367 000b 3F720000 		.4byte	.LASF1
 6368 000f 05       		.byte	0x5
 6369 0010 00       		.uleb128 0
 6370 0011 FD940000 		.4byte	.LASF2
 6371 0015 05       		.byte	0x5
 6372 0016 00       		.uleb128 0
 6373 0017 7C140000 		.4byte	.LASF3
 6374 001b 05       		.byte	0x5
 6375 001c 00       		.uleb128 0
 6376 001d 095F0000 		.4byte	.LASF4
 6377 0021 05       		.byte	0x5
 6378 0022 00       		.uleb128 0
 6379 0023 70950000 		.4byte	.LASF5
 6380 0027 05       		.byte	0x5
 6381 0028 00       		.uleb128 0
 6382 0029 CB940000 		.4byte	.LASF6
 6383 002d 05       		.byte	0x5
 6384 002e 00       		.uleb128 0
 6385 002f 391C0000 		.4byte	.LASF7
 6386 0033 05       		.byte	0x5
 6387 0034 00       		.uleb128 0
 6388 0035 A6950000 		.4byte	.LASF8
 6389 0039 05       		.byte	0x5
 6390 003a 00       		.uleb128 0
 6391 003b 6B430000 		.4byte	.LASF9
 6392 003f 05       		.byte	0x5
 6393 0040 00       		.uleb128 0
 6394 0041 98960000 		.4byte	.LASF10
 6395 0045 05       		.byte	0x5
 6396 0046 00       		.uleb128 0
 6397 0047 42400000 		.4byte	.LASF11
 6398 004b 05       		.byte	0x5
 6399 004c 00       		.uleb128 0
 6400 004d 808A0000 		.4byte	.LASF12
 6401 0051 05       		.byte	0x5
 6402 0052 00       		.uleb128 0
 6403 0053 FD7A0000 		.4byte	.LASF13
 6404 0057 05       		.byte	0x5
 6405 0058 00       		.uleb128 0
 6406 0059 C8820000 		.4byte	.LASF14
 6407 005d 05       		.byte	0x5
 6408 005e 00       		.uleb128 0
 6409 005f ED790000 		.4byte	.LASF15
 6410 0063 05       		.byte	0x5
 6411 0064 00       		.uleb128 0
 6412 0065 3E710000 		.4byte	.LASF16
 6413 0069 05       		.byte	0x5
ARM GAS  /var/folders/65/xyhbx3_n6nd_hs7j3p9nfwv80000gn/T//ccFweXAW.s 			page 115


 6414 006a 00       		.uleb128 0
 6415 006b 9E0F0000 		.4byte	.LASF17
 6416 006f 05       		.byte	0x5
 6417 0070 00       		.uleb128 0
 6418 0071 53080000 		.4byte	.LASF18
 6419 0075 05       		.byte	0x5
 6420 0076 00       		.uleb128 0
 6421 0077 D5270000 		.4byte	.LASF19
 6422 007b 05       		.byte	0x5
 6423 007c 00       		.uleb128 0
 6424 007d 49020000 		.4byte	.LASF20
 6425 0081 05       		.byte	0x5
 6426 0082 00       		.uleb128 0
 6427 0083 59910000 		.4byte	.LASF21
 6428 0087 05       		.byte	0x5
 6429 0088 00       		.uleb128 0
 6430 0089 A8760000 		.4byte	.LASF22
 6431 008d 05       		.byte	0x5
 6432 008e 00       		.uleb128 0
 6433 008f CC8F0000 		.4byte	.LASF23
 6434 0093 05       		.byte	0x5
 6435 0094 00       		.uleb128 0
 6436 0095 F24D0000 		.4byte	.LASF24
 6437 0099 05       		.byte	0x5
 6438 009a 00       		.uleb128 0
 6439 009b DB540000 		.4byte	.LASF25
 6440 009f 05       		.byte	0x5
 6441 00a0 00       		.uleb128 0
 6442 00a1 67130000 		.4byte	.LASF26
 6443 00a5 05       		.byte	0x5
 6444 00a6 00       		.uleb128 0
 6445 00a7 00230000 		.4byte	.LASF27
 6446 00ab 05       		.byte	0x5
 6447 00ac 00       		.uleb128 0
 6448 00ad A06E0000 		.4byte	.LASF28
 6449 00b1 05       		.byte	0x5
 6450 00b2 00       		.uleb128 0
 6451 00b3 06400000 		.4byte	.LASF29
 6452 00b7 05       		.byte	0x5
 6453 00b8 00       		.uleb128 0
 6454 00b9 1D2E0000 		.4byte	.LASF30
 6455 00bd 05       		.byte	0x5
 6456 00be 00       		.uleb128 0
 6457 00bf 57000000 		.4byte	.LASF31
 6458 00c3 05       		.byte	0x5
 6459 00c4 00       		.uleb128 0
 6460 00c5 57660000 		.4byte	.LASF32
 6461 00c9 05       		.byte	0x5
 6462 00ca 00       		.uleb128 0
 6463 00cb A0910000 		.4byte	.LASF33
 6464 00cf 05       		.byte	0x5
 6465 00d0 00       		.uleb128 0
 6466 00d1 8A610000 		.4byte	.LASF34
 6467 00d5 05       		.byte	0x5
 6468 00d6 00       		.uleb128 0
 6469 00d7 77790000 		.4byte	.LASF35
 6470 00db 05       		.byte	0x5
ARM GAS  /var/folders/65/xyhbx3_n6nd_hs7j3p9nfwv80000gn/T//ccFweXAW.s 			page 116


 6471 00dc 00       		.uleb128 0
 6472 00dd 55290000 		.4byte	.LASF36
 6473 00e1 05       		.byte	0x5
 6474 00e2 00       		.uleb128 0
 6475 00e3 38550000 		.4byte	.LASF37
 6476 00e7 05       		.byte	0x5
 6477 00e8 00       		.uleb128 0
 6478 00e9 CE180000 		.4byte	.LASF38
 6479 00ed 05       		.byte	0x5
 6480 00ee 00       		.uleb128 0
 6481 00ef D4920000 		.4byte	.LASF39
 6482 00f3 05       		.byte	0x5
 6483 00f4 00       		.uleb128 0
 6484 00f5 A4650000 		.4byte	.LASF40
 6485 00f9 05       		.byte	0x5
 6486 00fa 00       		.uleb128 0
 6487 00fb E3860000 		.4byte	.LASF41
 6488 00ff 05       		.byte	0x5
 6489 0100 00       		.uleb128 0
 6490 0101 767B0000 		.4byte	.LASF42
 6491 0105 05       		.byte	0x5
 6492 0106 00       		.uleb128 0
 6493 0107 14350000 		.4byte	.LASF43
 6494 010b 05       		.byte	0x5
 6495 010c 00       		.uleb128 0
 6496 010d 28700000 		.4byte	.LASF44
 6497 0111 05       		.byte	0x5
 6498 0112 00       		.uleb128 0
 6499 0113 BA870000 		.4byte	.LASF45
 6500 0117 05       		.byte	0x5
 6501 0118 00       		.uleb128 0
 6502 0119 91130000 		.4byte	.LASF46
 6503 011d 05       		.byte	0x5
 6504 011e 00       		.uleb128 0
 6505 011f 57150000 		.4byte	.LASF47
 6506 0123 05       		.byte	0x5
 6507 0124 00       		.uleb128 0
 6508 0125 20400000 		.4byte	.LASF48
 6509 0129 05       		.byte	0x5
 6510 012a 00       		.uleb128 0
 6511 012b 18070000 		.4byte	.LASF49
 6512 012f 05       		.byte	0x5
 6513 0130 00       		.uleb128 0
 6514 0131 E2490000 		.4byte	.LASF50
 6515 0135 05       		.byte	0x5
 6516 0136 00       		.uleb128 0
 6517 0137 24830000 		.4byte	.LASF51
 6518 013b 05       		.byte	0x5
 6519 013c 00       		.uleb128 0
 6520 013d 420C0000 		.4byte	.LASF52
 6521 0141 05       		.byte	0x5
 6522 0142 00       		.uleb128 0
 6523 0143 CB100000 		.4byte	.LASF53
 6524 0147 05       		.byte	0x5
 6525 0148 00       		.uleb128 0
 6526 0149 32920000 		.4byte	.LASF54
 6527 014d 05       		.byte	0x5
ARM GAS  /var/folders/65/xyhbx3_n6nd_hs7j3p9nfwv80000gn/T//ccFweXAW.s 			page 117


 6528 014e 00       		.uleb128 0
 6529 014f 37280000 		.4byte	.LASF55
 6530 0153 05       		.byte	0x5
 6531 0154 00       		.uleb128 0
 6532 0155 90850000 		.4byte	.LASF56
 6533 0159 05       		.byte	0x5
 6534 015a 00       		.uleb128 0
 6535 015b 43830000 		.4byte	.LASF57
 6536 015f 05       		.byte	0x5
 6537 0160 00       		.uleb128 0
 6538 0161 9B5E0000 		.4byte	.LASF58
 6539 0165 05       		.byte	0x5
 6540 0166 00       		.uleb128 0
 6541 0167 F1470000 		.4byte	.LASF59
 6542 016b 05       		.byte	0x5
 6543 016c 00       		.uleb128 0
 6544 016d 647D0000 		.4byte	.LASF60
 6545 0171 05       		.byte	0x5
 6546 0172 00       		.uleb128 0
 6547 0173 96400000 		.4byte	.LASF61
 6548 0177 05       		.byte	0x5
 6549 0178 00       		.uleb128 0
 6550 0179 6C180000 		.4byte	.LASF62
 6551 017d 05       		.byte	0x5
 6552 017e 00       		.uleb128 0
 6553 017f 1A0F0000 		.4byte	.LASF63
 6554 0183 05       		.byte	0x5
 6555 0184 00       		.uleb128 0
 6556 0185 156F0000 		.4byte	.LASF64
 6557 0189 05       		.byte	0x5
 6558 018a 00       		.uleb128 0
 6559 018b D64C0000 		.4byte	.LASF65
 6560 018f 05       		.byte	0x5
 6561 0190 00       		.uleb128 0
 6562 0191 67090000 		.4byte	.LASF66
 6563 0195 05       		.byte	0x5
 6564 0196 00       		.uleb128 0
 6565 0197 17710000 		.4byte	.LASF67
 6566 019b 05       		.byte	0x5
 6567 019c 00       		.uleb128 0
 6568 019d 013C0000 		.4byte	.LASF68
 6569 01a1 05       		.byte	0x5
 6570 01a2 00       		.uleb128 0
 6571 01a3 FA570000 		.4byte	.LASF69
 6572 01a7 05       		.byte	0x5
 6573 01a8 00       		.uleb128 0
 6574 01a9 CB490000 		.4byte	.LASF70
 6575 01ad 05       		.byte	0x5
 6576 01ae 00       		.uleb128 0
 6577 01af C03A0000 		.4byte	.LASF71
 6578 01b3 05       		.byte	0x5
 6579 01b4 00       		.uleb128 0
 6580 01b5 2E0D0000 		.4byte	.LASF72
 6581 01b9 05       		.byte	0x5
 6582 01ba 00       		.uleb128 0
 6583 01bb 98490000 		.4byte	.LASF73
 6584 01bf 05       		.byte	0x5
ARM GAS  /var/folders/65/xyhbx3_n6nd_hs7j3p9nfwv80000gn/T//ccFweXAW.s 			page 118


 6585 01c0 00       		.uleb128 0
 6586 01c1 422D0000 		.4byte	.LASF74
 6587 01c5 05       		.byte	0x5
 6588 01c6 00       		.uleb128 0
 6589 01c7 EB680000 		.4byte	.LASF75
 6590 01cb 05       		.byte	0x5
 6591 01cc 00       		.uleb128 0
 6592 01cd 9D6B0000 		.4byte	.LASF76
 6593 01d1 05       		.byte	0x5
 6594 01d2 00       		.uleb128 0
 6595 01d3 CA380000 		.4byte	.LASF77
 6596 01d7 05       		.byte	0x5
 6597 01d8 00       		.uleb128 0
 6598 01d9 0C200000 		.4byte	.LASF78
 6599 01dd 05       		.byte	0x5
 6600 01de 00       		.uleb128 0
 6601 01df DF4A0000 		.4byte	.LASF79
 6602 01e3 05       		.byte	0x5
 6603 01e4 00       		.uleb128 0
 6604 01e5 DE040000 		.4byte	.LASF80
 6605 01e9 05       		.byte	0x5
 6606 01ea 00       		.uleb128 0
 6607 01eb 3C5D0000 		.4byte	.LASF81
 6608 01ef 05       		.byte	0x5
 6609 01f0 00       		.uleb128 0
 6610 01f1 E43F0000 		.4byte	.LASF82
 6611 01f5 05       		.byte	0x5
 6612 01f6 00       		.uleb128 0
 6613 01f7 25090000 		.4byte	.LASF83
 6614 01fb 05       		.byte	0x5
 6615 01fc 00       		.uleb128 0
 6616 01fd B9320000 		.4byte	.LASF84
 6617 0201 05       		.byte	0x5
 6618 0202 00       		.uleb128 0
 6619 0203 B0790000 		.4byte	.LASF85
 6620 0207 05       		.byte	0x5
 6621 0208 00       		.uleb128 0
 6622 0209 4E6A0000 		.4byte	.LASF86
 6623 020d 05       		.byte	0x5
 6624 020e 00       		.uleb128 0
 6625 020f 8C620000 		.4byte	.LASF87
 6626 0213 05       		.byte	0x5
 6627 0214 00       		.uleb128 0
 6628 0215 EC0F0000 		.4byte	.LASF88
 6629 0219 05       		.byte	0x5
 6630 021a 00       		.uleb128 0
 6631 021b 141F0000 		.4byte	.LASF89
 6632 021f 05       		.byte	0x5
 6633 0220 00       		.uleb128 0
 6634 0221 846C0000 		.4byte	.LASF90
 6635 0225 05       		.byte	0x5
 6636 0226 00       		.uleb128 0
 6637 0227 C2780000 		.4byte	.LASF91
 6638 022b 05       		.byte	0x5
 6639 022c 00       		.uleb128 0
 6640 022d 644C0000 		.4byte	.LASF92
 6641 0231 05       		.byte	0x5
ARM GAS  /var/folders/65/xyhbx3_n6nd_hs7j3p9nfwv80000gn/T//ccFweXAW.s 			page 119


 6642 0232 00       		.uleb128 0
 6643 0233 D92F0000 		.4byte	.LASF93
 6644 0237 05       		.byte	0x5
 6645 0238 00       		.uleb128 0
 6646 0239 1B5F0000 		.4byte	.LASF94
 6647 023d 05       		.byte	0x5
 6648 023e 00       		.uleb128 0
 6649 023f 7A420000 		.4byte	.LASF95
 6650 0243 05       		.byte	0x5
 6651 0244 00       		.uleb128 0
 6652 0245 34760000 		.4byte	.LASF96
 6653 0249 05       		.byte	0x5
 6654 024a 00       		.uleb128 0
 6655 024b 466F0000 		.4byte	.LASF97
 6656 024f 05       		.byte	0x5
 6657 0250 00       		.uleb128 0
 6658 0251 ED290000 		.4byte	.LASF98
 6659 0255 05       		.byte	0x5
 6660 0256 00       		.uleb128 0
 6661 0257 EF4A0000 		.4byte	.LASF99
 6662 025b 05       		.byte	0x5
 6663 025c 00       		.uleb128 0
 6664 025d 432A0000 		.4byte	.LASF100
 6665 0261 05       		.byte	0x5
 6666 0262 00       		.uleb128 0
 6667 0263 303A0000 		.4byte	.LASF101
 6668 0267 05       		.byte	0x5
 6669 0268 00       		.uleb128 0
 6670 0269 72170000 		.4byte	.LASF102
 6671 026d 05       		.byte	0x5
 6672 026e 00       		.uleb128 0
 6673 026f D6800000 		.4byte	.LASF103
 6674 0273 05       		.byte	0x5
 6675 0274 00       		.uleb128 0
 6676 0275 7B8C0000 		.4byte	.LASF104
 6677 0279 05       		.byte	0x5
 6678 027a 00       		.uleb128 0
 6679 027b BA8C0000 		.4byte	.LASF105
 6680 027f 05       		.byte	0x5
 6681 0280 00       		.uleb128 0
 6682 0281 790F0000 		.4byte	.LASF106
 6683 0285 05       		.byte	0x5
 6684 0286 00       		.uleb128 0
 6685 0287 D2960000 		.4byte	.LASF107
 6686 028b 05       		.byte	0x5
 6687 028c 00       		.uleb128 0
 6688 028d 9E160000 		.4byte	.LASF108
 6689 0291 05       		.byte	0x5
 6690 0292 00       		.uleb128 0
 6691 0293 A1470000 		.4byte	.LASF109
 6692 0297 05       		.byte	0x5
 6693 0298 00       		.uleb128 0
 6694 0299 8E140000 		.4byte	.LASF110
 6695 029d 05       		.byte	0x5
 6696 029e 00       		.uleb128 0
 6697 029f E37F0000 		.4byte	.LASF111
 6698 02a3 05       		.byte	0x5
ARM GAS  /var/folders/65/xyhbx3_n6nd_hs7j3p9nfwv80000gn/T//ccFweXAW.s 			page 120


 6699 02a4 00       		.uleb128 0
 6700 02a5 F10B0000 		.4byte	.LASF112
 6701 02a9 05       		.byte	0x5
 6702 02aa 00       		.uleb128 0
 6703 02ab 0C4B0000 		.4byte	.LASF113
 6704 02af 05       		.byte	0x5
 6705 02b0 00       		.uleb128 0
 6706 02b1 F4510000 		.4byte	.LASF114
 6707 02b5 05       		.byte	0x5
 6708 02b6 00       		.uleb128 0
 6709 02b7 21480000 		.4byte	.LASF115
 6710 02bb 05       		.byte	0x5
 6711 02bc 00       		.uleb128 0
 6712 02bd 2D410000 		.4byte	.LASF116
 6713 02c1 05       		.byte	0x5
 6714 02c2 00       		.uleb128 0
 6715 02c3 25730000 		.4byte	.LASF117
 6716 02c7 05       		.byte	0x5
 6717 02c8 00       		.uleb128 0
 6718 02c9 E7420000 		.4byte	.LASF118
 6719 02cd 05       		.byte	0x5
 6720 02ce 00       		.uleb128 0
 6721 02cf 7F960000 		.4byte	.LASF119
 6722 02d3 05       		.byte	0x5
 6723 02d4 00       		.uleb128 0
 6724 02d5 80210000 		.4byte	.LASF120
 6725 02d9 05       		.byte	0x5
 6726 02da 00       		.uleb128 0
 6727 02db 77240000 		.4byte	.LASF121
 6728 02df 05       		.byte	0x5
 6729 02e0 00       		.uleb128 0
 6730 02e1 9F100000 		.4byte	.LASF122
 6731 02e5 05       		.byte	0x5
 6732 02e6 00       		.uleb128 0
 6733 02e7 6A4D0000 		.4byte	.LASF123
 6734 02eb 05       		.byte	0x5
 6735 02ec 00       		.uleb128 0
 6736 02ed 97410000 		.4byte	.LASF124
 6737 02f1 05       		.byte	0x5
 6738 02f2 00       		.uleb128 0
 6739 02f3 73160000 		.4byte	.LASF125
 6740 02f7 05       		.byte	0x5
 6741 02f8 00       		.uleb128 0
 6742 02f9 442E0000 		.4byte	.LASF126
 6743 02fd 05       		.byte	0x5
 6744 02fe 00       		.uleb128 0
 6745 02ff 681C0000 		.4byte	.LASF127
 6746 0303 05       		.byte	0x5
 6747 0304 00       		.uleb128 0
 6748 0305 A31C0000 		.4byte	.LASF128
 6749 0309 05       		.byte	0x5
 6750 030a 00       		.uleb128 0
 6751 030b 1D020000 		.4byte	.LASF129
 6752 030f 05       		.byte	0x5
 6753 0310 00       		.uleb128 0
 6754 0311 A7090000 		.4byte	.LASF130
 6755 0315 05       		.byte	0x5
ARM GAS  /var/folders/65/xyhbx3_n6nd_hs7j3p9nfwv80000gn/T//ccFweXAW.s 			page 121


 6756 0316 00       		.uleb128 0
 6757 0317 76740000 		.4byte	.LASF131
 6758 031b 05       		.byte	0x5
 6759 031c 00       		.uleb128 0
 6760 031d EC700000 		.4byte	.LASF132
 6761 0321 05       		.byte	0x5
 6762 0322 00       		.uleb128 0
 6763 0323 8D0E0000 		.4byte	.LASF133
 6764 0327 05       		.byte	0x5
 6765 0328 00       		.uleb128 0
 6766 0329 77390000 		.4byte	.LASF134
 6767 032d 05       		.byte	0x5
 6768 032e 00       		.uleb128 0
 6769 032f 8E4E0000 		.4byte	.LASF135
 6770 0333 05       		.byte	0x5
 6771 0334 00       		.uleb128 0
 6772 0335 9E4C0000 		.4byte	.LASF136
 6773 0339 05       		.byte	0x5
 6774 033a 00       		.uleb128 0
 6775 033b BC760000 		.4byte	.LASF137
 6776 033f 05       		.byte	0x5
 6777 0340 00       		.uleb128 0
 6778 0341 74070000 		.4byte	.LASF138
 6779 0345 05       		.byte	0x5
 6780 0346 00       		.uleb128 0
 6781 0347 61580000 		.4byte	.LASF139
 6782 034b 05       		.byte	0x5
 6783 034c 00       		.uleb128 0
 6784 034d E6660000 		.4byte	.LASF140
 6785 0351 05       		.byte	0x5
 6786 0352 00       		.uleb128 0
 6787 0353 5A820000 		.4byte	.LASF141
 6788 0357 05       		.byte	0x5
 6789 0358 00       		.uleb128 0
 6790 0359 E7440000 		.4byte	.LASF142
 6791 035d 05       		.byte	0x5
 6792 035e 00       		.uleb128 0
 6793 035f 27490000 		.4byte	.LASF143
 6794 0363 05       		.byte	0x5
 6795 0364 00       		.uleb128 0
 6796 0365 C28A0000 		.4byte	.LASF144
 6797 0369 05       		.byte	0x5
 6798 036a 00       		.uleb128 0
 6799 036b 992F0000 		.4byte	.LASF145
 6800 036f 05       		.byte	0x5
 6801 0370 00       		.uleb128 0
 6802 0371 F98D0000 		.4byte	.LASF146
 6803 0375 05       		.byte	0x5
 6804 0376 00       		.uleb128 0
 6805 0377 E72E0000 		.4byte	.LASF147
 6806 037b 05       		.byte	0x5
 6807 037c 00       		.uleb128 0
 6808 037d 812A0000 		.4byte	.LASF148
 6809 0381 05       		.byte	0x5
 6810 0382 00       		.uleb128 0
 6811 0383 610D0000 		.4byte	.LASF149
 6812 0387 05       		.byte	0x5
ARM GAS  /var/folders/65/xyhbx3_n6nd_hs7j3p9nfwv80000gn/T//ccFweXAW.s 			page 122


 6813 0388 00       		.uleb128 0
 6814 0389 CA2D0000 		.4byte	.LASF150
 6815 038d 05       		.byte	0x5
 6816 038e 00       		.uleb128 0
 6817 038f 561E0000 		.4byte	.LASF151
 6818 0393 05       		.byte	0x5
 6819 0394 00       		.uleb128 0
 6820 0395 5E170000 		.4byte	.LASF152
 6821 0399 05       		.byte	0x5
 6822 039a 00       		.uleb128 0
 6823 039b 8C020000 		.4byte	.LASF153
 6824 039f 05       		.byte	0x5
 6825 03a0 00       		.uleb128 0
 6826 03a1 05700000 		.4byte	.LASF154
 6827 03a5 05       		.byte	0x5
 6828 03a6 00       		.uleb128 0
 6829 03a7 D0170000 		.4byte	.LASF155
 6830 03ab 05       		.byte	0x5
 6831 03ac 00       		.uleb128 0
 6832 03ad 00830000 		.4byte	.LASF156
 6833 03b1 05       		.byte	0x5
 6834 03b2 00       		.uleb128 0
 6835 03b3 11210000 		.4byte	.LASF157
 6836 03b7 05       		.byte	0x5
 6837 03b8 00       		.uleb128 0
 6838 03b9 0A960000 		.4byte	.LASF158
 6839 03bd 05       		.byte	0x5
 6840 03be 00       		.uleb128 0
 6841 03bf 4F900000 		.4byte	.LASF159
 6842 03c3 05       		.byte	0x5
 6843 03c4 00       		.uleb128 0
 6844 03c5 CA090000 		.4byte	.LASF160
 6845 03c9 05       		.byte	0x5
 6846 03ca 00       		.uleb128 0
 6847 03cb 1C3D0000 		.4byte	.LASF161
 6848 03cf 05       		.byte	0x5
 6849 03d0 00       		.uleb128 0
 6850 03d1 B2380000 		.4byte	.LASF162
 6851 03d5 05       		.byte	0x5
 6852 03d6 00       		.uleb128 0
 6853 03d7 D11E0000 		.4byte	.LASF163
 6854 03db 05       		.byte	0x5
 6855 03dc 00       		.uleb128 0
 6856 03dd BF180000 		.4byte	.LASF164
 6857 03e1 05       		.byte	0x5
 6858 03e2 00       		.uleb128 0
 6859 03e3 DA850000 		.4byte	.LASF165
 6860 03e7 05       		.byte	0x5
 6861 03e8 00       		.uleb128 0
 6862 03e9 931D0000 		.4byte	.LASF166
 6863 03ed 05       		.byte	0x5
 6864 03ee 00       		.uleb128 0
 6865 03ef 3F240000 		.4byte	.LASF167
 6866 03f3 05       		.byte	0x5
 6867 03f4 00       		.uleb128 0
 6868 03f5 5D070000 		.4byte	.LASF168
 6869 03f9 05       		.byte	0x5
ARM GAS  /var/folders/65/xyhbx3_n6nd_hs7j3p9nfwv80000gn/T//ccFweXAW.s 			page 123


 6870 03fa 00       		.uleb128 0
 6871 03fb BE270000 		.4byte	.LASF169
 6872 03ff 05       		.byte	0x5
 6873 0400 00       		.uleb128 0
 6874 0401 4C540000 		.4byte	.LASF170
 6875 0405 05       		.byte	0x5
 6876 0406 00       		.uleb128 0
 6877 0407 55810000 		.4byte	.LASF171
 6878 040b 05       		.byte	0x5
 6879 040c 00       		.uleb128 0
 6880 040d 7C010000 		.4byte	.LASF172
 6881 0411 05       		.byte	0x5
 6882 0412 00       		.uleb128 0
 6883 0413 19900000 		.4byte	.LASF173
 6884 0417 05       		.byte	0x5
 6885 0418 00       		.uleb128 0
 6886 0419 AB600000 		.4byte	.LASF174
 6887 041d 05       		.byte	0x5
 6888 041e 00       		.uleb128 0
 6889 041f 810C0000 		.4byte	.LASF175
 6890 0423 05       		.byte	0x5
 6891 0424 00       		.uleb128 0
 6892 0425 218D0000 		.4byte	.LASF176
 6893 0429 05       		.byte	0x5
 6894 042a 00       		.uleb128 0
 6895 042b 966C0000 		.4byte	.LASF177
 6896 042f 05       		.byte	0x5
 6897 0430 00       		.uleb128 0
 6898 0431 94650000 		.4byte	.LASF178
 6899 0435 05       		.byte	0x5
 6900 0436 00       		.uleb128 0
 6901 0437 721D0000 		.4byte	.LASF179
 6902 043b 05       		.byte	0x5
 6903 043c 00       		.uleb128 0
 6904 043d 398D0000 		.4byte	.LASF180
 6905 0441 05       		.byte	0x5
 6906 0442 00       		.uleb128 0
 6907 0443 DC760000 		.4byte	.LASF181
 6908 0447 05       		.byte	0x5
 6909 0448 00       		.uleb128 0
 6910 0449 FB860000 		.4byte	.LASF182
 6911 044d 05       		.byte	0x5
 6912 044e 00       		.uleb128 0
 6913 044f 10190000 		.4byte	.LASF183
 6914 0453 05       		.byte	0x5
 6915 0454 00       		.uleb128 0
 6916 0455 BC120000 		.4byte	.LASF184
 6917 0459 05       		.byte	0x5
 6918 045a 00       		.uleb128 0
 6919 045b EA1C0000 		.4byte	.LASF185
 6920 045f 05       		.byte	0x5
 6921 0460 00       		.uleb128 0
 6922 0461 A4430000 		.4byte	.LASF186
 6923 0465 05       		.byte	0x5
 6924 0466 00       		.uleb128 0
 6925 0467 91540000 		.4byte	.LASF187
 6926 046b 05       		.byte	0x5
ARM GAS  /var/folders/65/xyhbx3_n6nd_hs7j3p9nfwv80000gn/T//ccFweXAW.s 			page 124


 6927 046c 00       		.uleb128 0
 6928 046d 907B0000 		.4byte	.LASF188
 6929 0471 05       		.byte	0x5
 6930 0472 00       		.uleb128 0
 6931 0473 275A0000 		.4byte	.LASF189
 6932 0477 05       		.byte	0x5
 6933 0478 00       		.uleb128 0
 6934 0479 3C8E0000 		.4byte	.LASF190
 6935 047d 05       		.byte	0x5
 6936 047e 00       		.uleb128 0
 6937 047f 846B0000 		.4byte	.LASF191
 6938 0483 05       		.byte	0x5
 6939 0484 00       		.uleb128 0
 6940 0485 FD150000 		.4byte	.LASF192
 6941 0489 05       		.byte	0x5
 6942 048a 00       		.uleb128 0
 6943 048b 6C010000 		.4byte	.LASF193
 6944 048f 05       		.byte	0x5
 6945 0490 00       		.uleb128 0
 6946 0491 291D0000 		.4byte	.LASF194
 6947 0495 05       		.byte	0x5
 6948 0496 00       		.uleb128 0
 6949 0497 08140000 		.4byte	.LASF195
 6950 049b 05       		.byte	0x5
 6951 049c 00       		.uleb128 0
 6952 049d 67060000 		.4byte	.LASF196
 6953 04a1 05       		.byte	0x5
 6954 04a2 00       		.uleb128 0
 6955 04a3 44590000 		.4byte	.LASF197
 6956 04a7 05       		.byte	0x5
 6957 04a8 00       		.uleb128 0
 6958 04a9 60280000 		.4byte	.LASF198
 6959 04ad 05       		.byte	0x5
 6960 04ae 00       		.uleb128 0
 6961 04af 615D0000 		.4byte	.LASF199
 6962 04b3 05       		.byte	0x5
 6963 04b4 00       		.uleb128 0
 6964 04b5 68730000 		.4byte	.LASF200
 6965 04b9 05       		.byte	0x5
 6966 04ba 00       		.uleb128 0
 6967 04bb 1D170000 		.4byte	.LASF201
 6968 04bf 05       		.byte	0x5
 6969 04c0 00       		.uleb128 0
 6970 04c1 43270000 		.4byte	.LASF202
 6971 04c5 05       		.byte	0x5
 6972 04c6 00       		.uleb128 0
 6973 04c7 13640000 		.4byte	.LASF203
 6974 04cb 05       		.byte	0x5
 6975 04cc 00       		.uleb128 0
 6976 04cd 5C030000 		.4byte	.LASF204
 6977 04d1 05       		.byte	0x5
 6978 04d2 00       		.uleb128 0
 6979 04d3 668A0000 		.4byte	.LASF205
 6980 04d7 05       		.byte	0x5
 6981 04d8 00       		.uleb128 0
 6982 04d9 350B0000 		.4byte	.LASF206
 6983 04dd 05       		.byte	0x5
ARM GAS  /var/folders/65/xyhbx3_n6nd_hs7j3p9nfwv80000gn/T//ccFweXAW.s 			page 125


 6984 04de 00       		.uleb128 0
 6985 04df 76020000 		.4byte	.LASF207
 6986 04e3 05       		.byte	0x5
 6987 04e4 00       		.uleb128 0
 6988 04e5 0E340000 		.4byte	.LASF208
 6989 04e9 05       		.byte	0x5
 6990 04ea 00       		.uleb128 0
 6991 04eb 4A7D0000 		.4byte	.LASF209
 6992 04ef 05       		.byte	0x5
 6993 04f0 00       		.uleb128 0
 6994 04f1 DC8B0000 		.4byte	.LASF210
 6995 04f5 05       		.byte	0x5
 6996 04f6 00       		.uleb128 0
 6997 04f7 395B0000 		.4byte	.LASF211
 6998 04fb 05       		.byte	0x5
 6999 04fc 00       		.uleb128 0
 7000 04fd 18610000 		.4byte	.LASF212
 7001 0501 05       		.byte	0x5
 7002 0502 00       		.uleb128 0
 7003 0503 41820000 		.4byte	.LASF213
 7004 0507 05       		.byte	0x5
 7005 0508 00       		.uleb128 0
 7006 0509 046D0000 		.4byte	.LASF214
 7007 050d 05       		.byte	0x5
 7008 050e 00       		.uleb128 0
 7009 050f 38580000 		.4byte	.LASF215
 7010 0513 05       		.byte	0x5
 7011 0514 00       		.uleb128 0
 7012 0515 B86A0000 		.4byte	.LASF216
 7013 0519 05       		.byte	0x5
 7014 051a 00       		.uleb128 0
 7015 051b A8880000 		.4byte	.LASF217
 7016 051f 05       		.byte	0x5
 7017 0520 00       		.uleb128 0
 7018 0521 E58F0000 		.4byte	.LASF218
 7019 0525 05       		.byte	0x5
 7020 0526 00       		.uleb128 0
 7021 0527 9A680000 		.4byte	.LASF219
 7022 052b 05       		.byte	0x5
 7023 052c 00       		.uleb128 0
 7024 052d F0950000 		.4byte	.LASF220
 7025 0531 05       		.byte	0x5
 7026 0532 00       		.uleb128 0
 7027 0533 70320000 		.4byte	.LASF221
 7028 0537 05       		.byte	0x5
 7029 0538 00       		.uleb128 0
 7030 0539 801E0000 		.4byte	.LASF222
 7031 053d 05       		.byte	0x5
 7032 053e 00       		.uleb128 0
 7033 053f 1D7F0000 		.4byte	.LASF223
 7034 0543 05       		.byte	0x5
 7035 0544 00       		.uleb128 0
 7036 0545 C58D0000 		.4byte	.LASF224
 7037 0549 05       		.byte	0x5
 7038 054a 00       		.uleb128 0
 7039 054b 2E180000 		.4byte	.LASF225
 7040 054f 05       		.byte	0x5
ARM GAS  /var/folders/65/xyhbx3_n6nd_hs7j3p9nfwv80000gn/T//ccFweXAW.s 			page 126


 7041 0550 00       		.uleb128 0
 7042 0551 D20F0000 		.4byte	.LASF226
 7043 0555 05       		.byte	0x5
 7044 0556 00       		.uleb128 0
 7045 0557 C4340000 		.4byte	.LASF227
 7046 055b 05       		.byte	0x5
 7047 055c 00       		.uleb128 0
 7048 055d AE010000 		.4byte	.LASF228
 7049 0561 05       		.byte	0x5
 7050 0562 00       		.uleb128 0
 7051 0563 F5900000 		.4byte	.LASF229
 7052 0567 05       		.byte	0x5
 7053 0568 00       		.uleb128 0
 7054 0569 40450000 		.4byte	.LASF230
 7055 056d 05       		.byte	0x5
 7056 056e 00       		.uleb128 0
 7057 056f F1120000 		.4byte	.LASF231
 7058 0573 05       		.byte	0x5
 7059 0574 00       		.uleb128 0
 7060 0575 CA610000 		.4byte	.LASF232
 7061 0579 05       		.byte	0x5
 7062 057a 00       		.uleb128 0
 7063 057b 13160000 		.4byte	.LASF233
 7064 057f 05       		.byte	0x5
 7065 0580 00       		.uleb128 0
 7066 0581 18850000 		.4byte	.LASF234
 7067 0585 05       		.byte	0x5
 7068 0586 00       		.uleb128 0
 7069 0587 698D0000 		.4byte	.LASF235
 7070 058b 05       		.byte	0x5
 7071 058c 00       		.uleb128 0
 7072 058d A4500000 		.4byte	.LASF236
 7073 0591 05       		.byte	0x5
 7074 0592 00       		.uleb128 0
 7075 0593 90520000 		.4byte	.LASF237
 7076 0597 05       		.byte	0x5
 7077 0598 00       		.uleb128 0
 7078 0599 A32D0000 		.4byte	.LASF238
 7079 059d 05       		.byte	0x5
 7080 059e 00       		.uleb128 0
 7081 059f D6580000 		.4byte	.LASF239
 7082 05a3 05       		.byte	0x5
 7083 05a4 00       		.uleb128 0
 7084 05a5 8B1F0000 		.4byte	.LASF240
 7085 05a9 05       		.byte	0x5
 7086 05aa 00       		.uleb128 0
 7087 05ab B5310000 		.4byte	.LASF241
 7088 05af 05       		.byte	0x5
 7089 05b0 00       		.uleb128 0
 7090 05b1 063D0000 		.4byte	.LASF242
 7091 05b5 05       		.byte	0x5
 7092 05b6 00       		.uleb128 0
 7093 05b7 550A0000 		.4byte	.LASF243
 7094 05bb 05       		.byte	0x5
 7095 05bc 00       		.uleb128 0
 7096 05bd B8590000 		.4byte	.LASF244
 7097 05c1 05       		.byte	0x5
ARM GAS  /var/folders/65/xyhbx3_n6nd_hs7j3p9nfwv80000gn/T//ccFweXAW.s 			page 127


 7098 05c2 00       		.uleb128 0
 7099 05c3 CC7F0000 		.4byte	.LASF245
 7100 05c7 05       		.byte	0x5
 7101 05c8 00       		.uleb128 0
 7102 05c9 50740000 		.4byte	.LASF246
 7103 05cd 05       		.byte	0x5
 7104 05ce 00       		.uleb128 0
 7105 05cf 30520000 		.4byte	.LASF247
 7106 05d3 05       		.byte	0x5
 7107 05d4 00       		.uleb128 0
 7108 05d5 9B8F0000 		.4byte	.LASF248
 7109 05d9 05       		.byte	0x5
 7110 05da 00       		.uleb128 0
 7111 05db 170D0000 		.4byte	.LASF249
 7112 05df 05       		.byte	0x5
 7113 05e0 00       		.uleb128 0
 7114 05e1 8C060000 		.4byte	.LASF250
 7115 05e5 05       		.byte	0x5
 7116 05e6 00       		.uleb128 0
 7117 05e7 EE370000 		.4byte	.LASF251
 7118 05eb 05       		.byte	0x5
 7119 05ec 00       		.uleb128 0
 7120 05ed 4A3C0000 		.4byte	.LASF252
 7121 05f1 05       		.byte	0x5
 7122 05f2 00       		.uleb128 0
 7123 05f3 6B250000 		.4byte	.LASF253
 7124 05f7 05       		.byte	0x5
 7125 05f8 00       		.uleb128 0
 7126 05f9 6C910000 		.4byte	.LASF254
 7127 05fd 05       		.byte	0x5
 7128 05fe 00       		.uleb128 0
 7129 05ff 838B0000 		.4byte	.LASF255
 7130 0603 05       		.byte	0x5
 7131 0604 00       		.uleb128 0
 7132 0605 1A270000 		.4byte	.LASF256
 7133 0609 05       		.byte	0x5
 7134 060a 00       		.uleb128 0
 7135 060b EE220000 		.4byte	.LASF257
 7136 060f 05       		.byte	0x5
 7137 0610 00       		.uleb128 0
 7138 0611 C7500000 		.4byte	.LASF258
 7139 0615 05       		.byte	0x5
 7140 0616 00       		.uleb128 0
 7141 0617 428F0000 		.4byte	.LASF259
 7142 061b 05       		.byte	0x5
 7143 061c 00       		.uleb128 0
 7144 061d AC820000 		.4byte	.LASF260
 7145 0621 05       		.byte	0x5
 7146 0622 00       		.uleb128 0
 7147 0623 BD830000 		.4byte	.LASF261
 7148 0627 05       		.byte	0x5
 7149 0628 00       		.uleb128 0
 7150 0629 A48D0000 		.4byte	.LASF262
 7151 062d 05       		.byte	0x5
 7152 062e 00       		.uleb128 0
 7153 062f 0A0C0000 		.4byte	.LASF263
 7154 0633 05       		.byte	0x5
ARM GAS  /var/folders/65/xyhbx3_n6nd_hs7j3p9nfwv80000gn/T//ccFweXAW.s 			page 128


 7155 0634 00       		.uleb128 0
 7156 0635 DA5C0000 		.4byte	.LASF264
 7157 0639 05       		.byte	0x5
 7158 063a 00       		.uleb128 0
 7159 063b 464C0000 		.4byte	.LASF265
 7160 063f 05       		.byte	0x5
 7161 0640 00       		.uleb128 0
 7162 0641 8F390000 		.4byte	.LASF266
 7163 0645 05       		.byte	0x5
 7164 0646 00       		.uleb128 0
 7165 0647 D95E0000 		.4byte	.LASF267
 7166 064b 05       		.byte	0x5
 7167 064c 00       		.uleb128 0
 7168 064d E5350000 		.4byte	.LASF268
 7169 0651 05       		.byte	0x5
 7170 0652 00       		.uleb128 0
 7171 0653 5C440000 		.4byte	.LASF269
 7172 0657 05       		.byte	0x5
 7173 0658 00       		.uleb128 0
 7174 0659 55320000 		.4byte	.LASF270
 7175 065d 05       		.byte	0x5
 7176 065e 00       		.uleb128 0
 7177 065f 33930000 		.4byte	.LASF271
 7178 0663 05       		.byte	0x5
 7179 0664 00       		.uleb128 0
 7180 0665 6E450000 		.4byte	.LASF272
 7181 0669 05       		.byte	0x5
 7182 066a 00       		.uleb128 0
 7183 066b C21D0000 		.4byte	.LASF273
 7184 066f 05       		.byte	0x5
 7185 0670 00       		.uleb128 0
 7186 0671 C16E0000 		.4byte	.LASF274
 7187 0675 05       		.byte	0x5
 7188 0676 00       		.uleb128 0
 7189 0677 8C4D0000 		.4byte	.LASF275
 7190 067b 05       		.byte	0x5
 7191 067c 00       		.uleb128 0
 7192 067d 094A0000 		.4byte	.LASF276
 7193 0681 05       		.byte	0x5
 7194 0682 00       		.uleb128 0
 7195 0683 881A0000 		.4byte	.LASF277
 7196 0687 05       		.byte	0x5
 7197 0688 00       		.uleb128 0
 7198 0689 27690000 		.4byte	.LASF278
 7199 068d 05       		.byte	0x5
 7200 068e 00       		.uleb128 0
 7201 068f 84430000 		.4byte	.LASF279
 7202 0693 05       		.byte	0x5
 7203 0694 00       		.uleb128 0
 7204 0695 67720000 		.4byte	.LASF280
 7205 0699 05       		.byte	0x5
 7206 069a 00       		.uleb128 0
 7207 069b 00360000 		.4byte	.LASF281
 7208 069f 05       		.byte	0x5
 7209 06a0 00       		.uleb128 0
 7210 06a1 A7750000 		.4byte	.LASF282
 7211 06a5 05       		.byte	0x5
ARM GAS  /var/folders/65/xyhbx3_n6nd_hs7j3p9nfwv80000gn/T//ccFweXAW.s 			page 129


 7212 06a6 00       		.uleb128 0
 7213 06a7 9D700000 		.4byte	.LASF283
 7214 06ab 05       		.byte	0x5
 7215 06ac 00       		.uleb128 0
 7216 06ad F0210000 		.4byte	.LASF284
 7217 06b1 05       		.byte	0x5
 7218 06b2 00       		.uleb128 0
 7219 06b3 2F6A0000 		.4byte	.LASF285
 7220 06b7 05       		.byte	0x5
 7221 06b8 00       		.uleb128 0
 7222 06b9 80650000 		.4byte	.LASF286
 7223 06bd 05       		.byte	0x5
 7224 06be 00       		.uleb128 0
 7225 06bf 64240000 		.4byte	.LASF287
 7226 06c3 05       		.byte	0x5
 7227 06c4 00       		.uleb128 0
 7228 06c5 421D0000 		.4byte	.LASF288
 7229 06c9 05       		.byte	0x5
 7230 06ca 00       		.uleb128 0
 7231 06cb 36940000 		.4byte	.LASF289
 7232 06cf 05       		.byte	0x5
 7233 06d0 00       		.uleb128 0
 7234 06d1 40390000 		.4byte	.LASF290
 7235 06d5 05       		.byte	0x5
 7236 06d6 00       		.uleb128 0
 7237 06d7 B36C0000 		.4byte	.LASF291
 7238 06db 05       		.byte	0x5
 7239 06dc 00       		.uleb128 0
 7240 06dd 2E060000 		.4byte	.LASF292
 7241 06e1 05       		.byte	0x5
 7242 06e2 00       		.uleb128 0
 7243 06e3 84220000 		.4byte	.LASF293
 7244 06e7 05       		.byte	0x5
 7245 06e8 00       		.uleb128 0
 7246 06e9 3F3B0000 		.4byte	.LASF294
 7247 06ed 05       		.byte	0x5
 7248 06ee 00       		.uleb128 0
 7249 06ef 628B0000 		.4byte	.LASF295
 7250 06f3 05       		.byte	0x5
 7251 06f4 00       		.uleb128 0
 7252 06f5 02650000 		.4byte	.LASF296
 7253 06f9 05       		.byte	0x5
 7254 06fa 00       		.uleb128 0
 7255 06fb 601A0000 		.4byte	.LASF297
 7256 06ff 05       		.byte	0x5
 7257 0700 00       		.uleb128 0
 7258 0701 E51E0000 		.4byte	.LASF298
 7259 0705 05       		.byte	0x5
 7260 0706 00       		.uleb128 0
 7261 0707 CA430000 		.4byte	.LASF299
 7262 070b 05       		.byte	0x5
 7263 070c 00       		.uleb128 0
 7264 070d 003B0000 		.4byte	.LASF300
 7265 0711 05       		.byte	0x5
 7266 0712 00       		.uleb128 0
 7267 0713 87200000 		.4byte	.LASF301
 7268 0717 05       		.byte	0x5
ARM GAS  /var/folders/65/xyhbx3_n6nd_hs7j3p9nfwv80000gn/T//ccFweXAW.s 			page 130


 7269 0718 00       		.uleb128 0
 7270 0719 4C700000 		.4byte	.LASF302
 7271 071d 05       		.byte	0x5
 7272 071e 00       		.uleb128 0
 7273 071f 0B010000 		.4byte	.LASF303
 7274 0723 05       		.byte	0x5
 7275 0724 00       		.uleb128 0
 7276 0725 5F4A0000 		.4byte	.LASF304
 7277 0729 05       		.byte	0x5
 7278 072a 00       		.uleb128 0
 7279 072b BB4B0000 		.4byte	.LASF305
 7280 072f 05       		.byte	0x5
 7281 0730 00       		.uleb128 0
 7282 0731 EC400000 		.4byte	.LASF306
 7283 0735 05       		.byte	0x5
 7284 0736 00       		.uleb128 0
 7285 0737 30420000 		.4byte	.LASF307
 7286 073b 05       		.byte	0x5
 7287 073c 00       		.uleb128 0
 7288 073d F7060000 		.4byte	.LASF308
 7289 0741 05       		.byte	0x5
 7290 0742 00       		.uleb128 0
 7291 0743 21870000 		.4byte	.LASF309
 7292 0747 05       		.byte	0x5
 7293 0748 00       		.uleb128 0
 7294 0749 DF300000 		.4byte	.LASF310
 7295 074d 05       		.byte	0x5
 7296 074e 00       		.uleb128 0
 7297 074f 25000000 		.4byte	.LASF311
 7298 0753 05       		.byte	0x5
 7299 0754 00       		.uleb128 0
 7300 0755 D9010000 		.4byte	.LASF312
 7301 0759 05       		.byte	0x5
 7302 075a 00       		.uleb128 0
 7303 075b EC3B0000 		.4byte	.LASF313
 7304 075f 05       		.byte	0x5
 7305 0760 00       		.uleb128 0
 7306 0761 F51B0000 		.4byte	.LASF314
 7307 0765 05       		.byte	0x5
 7308 0766 00       		.uleb128 0
 7309 0767 8A090000 		.4byte	.LASF315
 7310 076b 05       		.byte	0x5
 7311 076c 00       		.uleb128 0
 7312 076d 29510000 		.4byte	.LASF316
 7313 0771 05       		.byte	0x5
 7314 0772 00       		.uleb128 0
 7315 0773 A07F0000 		.4byte	.LASF317
 7316 0777 05       		.byte	0x5
 7317 0778 00       		.uleb128 0
 7318 0779 7A4C0000 		.4byte	.LASF318
 7319 077d 05       		.byte	0x5
 7320 077e 00       		.uleb128 0
 7321 077f 15310000 		.4byte	.LASF319
 7322 0783 05       		.byte	0x5
 7323 0784 00       		.uleb128 0
 7324 0785 0B620000 		.4byte	.LASF320
 7325 0789 05       		.byte	0x5
ARM GAS  /var/folders/65/xyhbx3_n6nd_hs7j3p9nfwv80000gn/T//ccFweXAW.s 			page 131


 7326 078a 00       		.uleb128 0
 7327 078b 382B0000 		.4byte	.LASF321
 7328 078f 05       		.byte	0x5
 7329 0790 00       		.uleb128 0
 7330 0791 162D0000 		.4byte	.LASF322
 7331 0795 05       		.byte	0x5
 7332 0796 00       		.uleb128 0
 7333 0797 67510000 		.4byte	.LASF323
 7334 079b 05       		.byte	0x5
 7335 079c 00       		.uleb128 0
 7336 079d 063A0000 		.4byte	.LASF324
 7337 07a1 05       		.byte	0x5
 7338 07a2 00       		.uleb128 0
 7339 07a3 622A0000 		.4byte	.LASF325
 7340 07a7 05       		.byte	0x5
 7341 07a8 00       		.uleb128 0
 7342 07a9 650F0000 		.4byte	.LASF326
 7343 07ad 05       		.byte	0x5
 7344 07ae 00       		.uleb128 0
 7345 07af 43650000 		.4byte	.LASF327
 7346 07b3 05       		.byte	0x5
 7347 07b4 00       		.uleb128 0
 7348 07b5 D50E0000 		.4byte	.LASF328
 7349 07b9 05       		.byte	0x5
 7350 07ba 00       		.uleb128 0
 7351 07bb A7060000 		.4byte	.LASF329
 7352 07bf 05       		.byte	0x5
 7353 07c0 00       		.uleb128 0
 7354 07c1 274C0000 		.4byte	.LASF330
 7355 07c5 05       		.byte	0x5
 7356 07c6 00       		.uleb128 0
 7357 07c7 3E6B0000 		.4byte	.LASF331
 7358 07cb 05       		.byte	0x5
 7359 07cc 00       		.uleb128 0
 7360 07cd 326C0000 		.4byte	.LASF332
 7361 07d1 05       		.byte	0x5
 7362 07d2 00       		.uleb128 0
 7363 07d3 611F0000 		.4byte	.LASF333
 7364 07d7 05       		.byte	0x5
 7365 07d8 00       		.uleb128 0
 7366 07d9 47140000 		.4byte	.LASF334
 7367 07dd 05       		.byte	0x5
 7368 07de 00       		.uleb128 0
 7369 07df BA540000 		.4byte	.LASF335
 7370 07e3 05       		.byte	0x5
 7371 07e4 00       		.uleb128 0
 7372 07e5 A5120000 		.4byte	.LASF336
 7373 07e9 05       		.byte	0x5
 7374 07ea 00       		.uleb128 0
 7375 07eb 5B1B0000 		.4byte	.LASF337
 7376 07ef 05       		.byte	0x5
 7377 07f0 00       		.uleb128 0
 7378 07f1 9F660000 		.4byte	.LASF338
 7379 07f5 05       		.byte	0x5
 7380 07f6 00       		.uleb128 0
 7381 07f7 938A0000 		.4byte	.LASF339
 7382 07fb 05       		.byte	0x5
ARM GAS  /var/folders/65/xyhbx3_n6nd_hs7j3p9nfwv80000gn/T//ccFweXAW.s 			page 132


 7383 07fc 00       		.uleb128 0
 7384 07fd CA2F0000 		.4byte	.LASF340
 7385 0801 05       		.byte	0x5
 7386 0802 00       		.uleb128 0
 7387 0803 174F0000 		.4byte	.LASF341
 7388 0807 05       		.byte	0x5
 7389 0808 00       		.uleb128 0
 7390 0809 7B090000 		.4byte	.LASF342
 7391 080d 05       		.byte	0x5
 7392 080e 00       		.uleb128 0
 7393 080f DB6C0000 		.4byte	.LASF343
 7394 0813 05       		.byte	0x5
 7395 0814 00       		.uleb128 0
 7396 0815 0E750000 		.4byte	.LASF344
 7397 0819 05       		.byte	0x5
 7398 081a 00       		.uleb128 0
 7399 081b E1900000 		.4byte	.LASF345
 7400 081f 05       		.byte	0x5
 7401 0820 00       		.uleb128 0
 7402 0821 90640000 		.4byte	.LASF346
 7403 0825 05       		.byte	0x5
 7404 0826 00       		.uleb128 0
 7405 0827 626D0000 		.4byte	.LASF347
 7406 082b 05       		.byte	0x5
 7407 082c 00       		.uleb128 0
 7408 082d 6B370000 		.4byte	.LASF348
 7409 0831 05       		.byte	0x5
 7410 0832 00       		.uleb128 0
 7411 0833 B84F0000 		.4byte	.LASF349
 7412 0837 05       		.byte	0x5
 7413 0838 00       		.uleb128 0
 7414 0839 8B5E0000 		.4byte	.LASF350
 7415 083d 05       		.byte	0x5
 7416 083e 00       		.uleb128 0
 7417 083f 83270000 		.4byte	.LASF351
 7418 0843 05       		.byte	0x5
 7419 0844 00       		.uleb128 0
 7420 0845 CA710000 		.4byte	.LASF352
 7421 0849 05       		.byte	0x5
 7422 084a 00       		.uleb128 0
 7423 084b 281A0000 		.4byte	.LASF353
 7424 084f 05       		.byte	0x5
 7425 0850 00       		.uleb128 0
 7426 0851 AD620000 		.4byte	.LASF354
 7427 0855 05       		.byte	0x5
 7428 0856 00       		.uleb128 0
 7429 0857 48480000 		.4byte	.LASF355
 7430 085b 05       		.byte	0x5
 7431 085c 00       		.uleb128 0
 7432 085d CA3B0000 		.4byte	.LASF356
 7433 0861 05       		.byte	0x5
 7434 0862 00       		.uleb128 0
 7435 0863 B4700000 		.4byte	.LASF357
 7436 0867 05       		.byte	0x5
 7437 0868 00       		.uleb128 0
 7438 0869 7D060000 		.4byte	.LASF358
 7439 086d 05       		.byte	0x5
ARM GAS  /var/folders/65/xyhbx3_n6nd_hs7j3p9nfwv80000gn/T//ccFweXAW.s 			page 133


 7440 086e 00       		.uleb128 0
 7441 086f EB070000 		.4byte	.LASF359
 7442 0873 05       		.byte	0x5
 7443 0874 00       		.uleb128 0
 7444 0875 59730000 		.4byte	.LASF360
 7445 0879 05       		.byte	0x5
 7446 087a 00       		.uleb128 0
 7447 087b E3740000 		.4byte	.LASF361
 7448 087f 05       		.byte	0x5
 7449 0880 00       		.uleb128 0
 7450 0881 0A880000 		.4byte	.LASF362
 7451 0885 05       		.byte	0x5
 7452 0886 00       		.uleb128 0
 7453 0887 D2890000 		.4byte	.LASF363
 7454 088b 05       		.byte	0x5
 7455 088c 00       		.uleb128 0
 7456 088d 1B8B0000 		.4byte	.LASF364
 7457 0891 05       		.byte	0x5
 7458 0892 00       		.uleb128 0
 7459 0893 E0930000 		.4byte	.LASF365
 7460 0897 05       		.byte	0x5
 7461 0898 00       		.uleb128 0
 7462 0899 F72E0000 		.4byte	.LASF366
 7463 089d 05       		.byte	0x5
 7464 089e 00       		.uleb128 0
 7465 089f CF300000 		.4byte	.LASF367
 7466 08a3 05       		.byte	0x5
 7467 08a4 00       		.uleb128 0
 7468 08a5 D1060000 		.4byte	.LASF368
 7469 08a9 05       		.byte	0x5
 7470 08aa 00       		.uleb128 0
 7471 08ab 13080000 		.4byte	.LASF369
 7472 08af 05       		.byte	0x5
 7473 08b0 00       		.uleb128 0
 7474 08b1 9F180000 		.4byte	.LASF370
 7475 08b5 05       		.byte	0x5
 7476 08b6 00       		.uleb128 0
 7477 08b7 021A0000 		.4byte	.LASF371
 7478 08bb 05       		.byte	0x5
 7479 08bc 00       		.uleb128 0
 7480 08bd 6A5C0000 		.4byte	.LASF372
 7481 08c1 05       		.byte	0x5
 7482 08c2 00       		.uleb128 0
 7483 08c3 B01A0000 		.4byte	.LASF373
 7484 08c7 05       		.byte	0x5
 7485 08c8 00       		.uleb128 0
 7486 08c9 E2610000 		.4byte	.LASF374
 7487 08cd 05       		.byte	0x5
 7488 08ce 00       		.uleb128 0
 7489 08cf 5E3A0000 		.4byte	.LASF375
 7490 08d3 05       		.byte	0x5
 7491 08d4 00       		.uleb128 0
 7492 08d5 F2500000 		.4byte	.LASF376
 7493 08d9 05       		.byte	0x5
 7494 08da 00       		.uleb128 0
 7495 08db F3600000 		.4byte	.LASF377
 7496 08df 05       		.byte	0x5
ARM GAS  /var/folders/65/xyhbx3_n6nd_hs7j3p9nfwv80000gn/T//ccFweXAW.s 			page 134


 7497 08e0 00       		.uleb128 0
 7498 08e1 C97B0000 		.4byte	.LASF378
 7499 08e5 05       		.byte	0x5
 7500 08e6 00       		.uleb128 0
 7501 08e7 26740000 		.4byte	.LASF379
 7502 08eb 05       		.byte	0x5
 7503 08ec 00       		.uleb128 0
 7504 08ed FC0E0000 		.4byte	.LASF380
 7505 08f1 05       		.byte	0x5
 7506 08f2 00       		.uleb128 0
 7507 08f3 F36A0000 		.4byte	.LASF381
 7508 08f7 05       		.byte	0x5
 7509 08f8 00       		.uleb128 0
 7510 08f9 F2340000 		.4byte	.LASF382
 7511 08fd 05       		.byte	0x5
 7512 08fe 00       		.uleb128 0
 7513 08ff 05840000 		.4byte	.LASF383
 7514 0903 05       		.byte	0x5
 7515 0904 00       		.uleb128 0
 7516 0905 02660000 		.4byte	.LASF384
 7517 0909 05       		.byte	0x5
 7518 090a 00       		.uleb128 0
 7519 090b 1C5B0000 		.4byte	.LASF385
 7520 090f 05       		.byte	0x5
 7521 0910 00       		.uleb128 0
 7522 0911 09370000 		.4byte	.LASF386
 7523 0915 05       		.byte	0x5
 7524 0916 00       		.uleb128 0
 7525 0917 CB690000 		.4byte	.LASF387
 7526 091b 05       		.byte	0x5
 7527 091c 00       		.uleb128 0
 7528 091d A6200000 		.4byte	.LASF388
 7529 0921 05       		.byte	0x5
 7530 0922 00       		.uleb128 0
 7531 0923 AB580000 		.4byte	.LASF389
 7532 0927 05       		.byte	0x5
 7533 0928 00       		.uleb128 0
 7534 0929 4F120000 		.4byte	.LASF390
 7535 092d 05       		.byte	0x5
 7536 092e 00       		.uleb128 0
 7537 092f D33A0000 		.4byte	.LASF391
 7538 0933 05       		.byte	0x5
 7539 0934 00       		.uleb128 0
 7540 0935 AF100000 		.4byte	.LASF392
 7541 0939 05       		.byte	0x5
 7542 093a 00       		.uleb128 0
 7543 093b 4A4A0000 		.4byte	.LASF393
 7544 093f 05       		.byte	0x5
 7545 0940 00       		.uleb128 0
 7546 0941 E2480000 		.4byte	.LASF394
 7547 0945 05       		.byte	0x5
 7548 0946 00       		.uleb128 0
 7549 0947 39840000 		.4byte	.LASF395
 7550 094b 05       		.byte	0x5
 7551 094c 00       		.uleb128 0
 7552 094d 90630000 		.4byte	.LASF396
 7553 0951 05       		.byte	0x5
ARM GAS  /var/folders/65/xyhbx3_n6nd_hs7j3p9nfwv80000gn/T//ccFweXAW.s 			page 135


 7554 0952 00       		.uleb128 0
 7555 0953 5E410000 		.4byte	.LASF397
 7556 0957 05       		.byte	0x5
 7557 0958 00       		.uleb128 0
 7558 0959 84490000 		.4byte	.LASF398
 7559 095d 06       		.byte	0x6
 7560 095e 00       		.uleb128 0
 7561 095f D0630000 		.4byte	.LASF399
 7562 0963 05       		.byte	0x5
 7563 0964 00       		.uleb128 0
 7564 0965 BA410000 		.4byte	.LASF400
 7565 0969 06       		.byte	0x6
 7566 096a 00       		.uleb128 0
 7567 096b D2220000 		.4byte	.LASF401
 7568 096f 06       		.byte	0x6
 7569 0970 00       		.uleb128 0
 7570 0971 F6870000 		.4byte	.LASF402
 7571 0975 06       		.byte	0x6
 7572 0976 00       		.uleb128 0
 7573 0977 72570000 		.4byte	.LASF403
 7574 097b 06       		.byte	0x6
 7575 097c 00       		.uleb128 0
 7576 097d 76820000 		.4byte	.LASF404
 7577 0981 05       		.byte	0x5
 7578 0982 00       		.uleb128 0
 7579 0983 57430000 		.4byte	.LASF405
 7580 0987 06       		.byte	0x6
 7581 0988 00       		.uleb128 0
 7582 0989 144C0000 		.4byte	.LASF406
 7583 098d 06       		.byte	0x6
 7584 098e 00       		.uleb128 0
 7585 098f 226E0000 		.4byte	.LASF407
 7586 0993 05       		.byte	0x5
 7587 0994 00       		.uleb128 0
 7588 0995 C9420000 		.4byte	.LASF408
 7589 0999 05       		.byte	0x5
 7590 099a 00       		.uleb128 0
 7591 099b C88B0000 		.4byte	.LASF409
 7592 099f 06       		.byte	0x6
 7593 09a0 00       		.uleb128 0
 7594 09a1 99210000 		.4byte	.LASF410
 7595 09a5 05       		.byte	0x5
 7596 09a6 00       		.uleb128 0
 7597 09a7 5D4F0000 		.4byte	.LASF411
 7598 09ab 05       		.byte	0x5
 7599 09ac 00       		.uleb128 0
 7600 09ad 09730000 		.4byte	.LASF412
 7601 09b1 05       		.byte	0x5
 7602 09b2 00       		.uleb128 0
 7603 09b3 52760000 		.4byte	.LASF413
 7604 09b7 06       		.byte	0x6
 7605 09b8 00       		.uleb128 0
 7606 09b9 7B7F0000 		.4byte	.LASF414
 7607 09bd 05       		.byte	0x5
 7608 09be 00       		.uleb128 0
 7609 09bf 6A2D0000 		.4byte	.LASF415
 7610 09c3 05       		.byte	0x5
ARM GAS  /var/folders/65/xyhbx3_n6nd_hs7j3p9nfwv80000gn/T//ccFweXAW.s 			page 136


 7611 09c4 00       		.uleb128 0
 7612 09c5 517A0000 		.4byte	.LASF416
 7613 09c9 06       		.byte	0x6
 7614 09ca 00       		.uleb128 0
 7615 09cb 86130000 		.4byte	.LASF417
 7616 09cf 05       		.byte	0x5
 7617 09d0 00       		.uleb128 0
 7618 09d1 918C0000 		.4byte	.LASF418
 7619 09d5 05       		.byte	0x5
 7620 09d6 00       		.uleb128 0
 7621 09d7 38000000 		.4byte	.LASF419
 7622 09db 05       		.byte	0x5
 7623 09dc 00       		.uleb128 0
 7624 09dd 00000000 		.4byte	.LASF420
 7625 09e1 05       		.byte	0x5
 7626 09e2 00       		.uleb128 0
 7627 09e3 E5500000 		.4byte	.LASF421
 7628 09e7 05       		.byte	0x5
 7629 09e8 00       		.uleb128 0
 7630 09e9 87900000 		.4byte	.LASF422
 7631 09ed 06       		.byte	0x6
 7632 09ee 00       		.uleb128 0
 7633 09ef 264A0000 		.4byte	.LASF423
 7634 09f3 05       		.byte	0x5
 7635 09f4 00       		.uleb128 0
 7636 09f5 AB960000 		.4byte	.LASF424
 7637 09f9 05       		.byte	0x5
 7638 09fa 00       		.uleb128 0
 7639 09fb 7A120000 		.4byte	.LASF425
 7640 09ff 05       		.byte	0x5
 7641 0a00 00       		.uleb128 0
 7642 0a01 1E750000 		.4byte	.LASF426
 7643 0a05 06       		.byte	0x6
 7644 0a06 00       		.uleb128 0
 7645 0a07 28620000 		.4byte	.LASF427
 7646 0a0b 05       		.byte	0x5
 7647 0a0c 00       		.uleb128 0
 7648 0a0d C35D0000 		.4byte	.LASF428
 7649 0a11 06       		.byte	0x6
 7650 0a12 00       		.uleb128 0
 7651 0a13 65780000 		.4byte	.LASF429
 7652 0a17 06       		.byte	0x6
 7653 0a18 00       		.uleb128 0
 7654 0a19 6A230000 		.4byte	.LASF430
 7655 0a1d 06       		.byte	0x6
 7656 0a1e 00       		.uleb128 0
 7657 0a1f 101D0000 		.4byte	.LASF431
 7658 0a23 06       		.byte	0x6
 7659 0a24 00       		.uleb128 0
 7660 0a25 9F640000 		.4byte	.LASF432
 7661 0a29 06       		.byte	0x6
 7662 0a2a 00       		.uleb128 0
 7663 0a2b 7C470000 		.4byte	.LASF433
 7664 0a2f 06       		.byte	0x6
 7665 0a30 00       		.uleb128 0
 7666 0a31 12250000 		.4byte	.LASF434
 7667 0a35 05       		.byte	0x5
ARM GAS  /var/folders/65/xyhbx3_n6nd_hs7j3p9nfwv80000gn/T//ccFweXAW.s 			page 137


 7668 0a36 00       		.uleb128 0
 7669 0a37 F88B0000 		.4byte	.LASF435
 7670 0a3b 06       		.byte	0x6
 7671 0a3c 00       		.uleb128 0
 7672 0a3d FB7D0000 		.4byte	.LASF436
 7673 0a41 06       		.byte	0x6
 7674 0a42 00       		.uleb128 0
 7675 0a43 1F340000 		.4byte	.LASF437
 7676 0a47 06       		.byte	0x6
 7677 0a48 00       		.uleb128 0
 7678 0a49 318C0000 		.4byte	.LASF438
 7679 0a4d 05       		.byte	0x5
 7680 0a4e 00       		.uleb128 0
 7681 0a4f E5430000 		.4byte	.LASF439
 7682 0a53 05       		.byte	0x5
 7683 0a54 00       		.uleb128 0
 7684 0a55 82340000 		.4byte	.LASF440
 7685 0a59 05       		.byte	0x5
 7686 0a5a 00       		.uleb128 0
 7687 0a5b 3F030000 		.4byte	.LASF441
 7688 0a5f 05       		.byte	0x5
 7689 0a60 00       		.uleb128 0
 7690 0a61 B7160000 		.4byte	.LASF442
 7691 0a65 05       		.byte	0x5
 7692 0a66 00       		.uleb128 0
 7693 0a67 BE4C0000 		.4byte	.LASF443
 7694 0a6b 05       		.byte	0x5
 7695 0a6c 00       		.uleb128 0
 7696 0a6d B6070000 		.4byte	.LASF444
 7697 0a71 05       		.byte	0x5
 7698 0a72 00       		.uleb128 0
 7699 0a73 2B750000 		.4byte	.LASF445
 7700 0a77 06       		.byte	0x6
 7701 0a78 00       		.uleb128 0
 7702 0a79 D0470000 		.4byte	.LASF446
 7703 0a7d 05       		.byte	0x5
 7704 0a7e 00       		.uleb128 0
 7705 0a7f 2A2D0000 		.4byte	.LASF447
 7706 0a83 05       		.byte	0x5
 7707 0a84 00       		.uleb128 0
 7708 0a85 27370000 		.4byte	.LASF448
 7709 0a89 05       		.byte	0x5
 7710 0a8a 00       		.uleb128 0
 7711 0a8b 23080000 		.4byte	.LASF449
 7712 0a8f 05       		.byte	0x5
 7713 0a90 00       		.uleb128 0
 7714 0a91 C55A0000 		.4byte	.LASF450
 7715 0a95 05       		.byte	0x5
 7716 0a96 00       		.uleb128 0
 7717 0a97 DE680000 		.4byte	.LASF451
 7718 0a9b 05       		.byte	0x5
 7719 0a9c 00       		.uleb128 0
 7720 0a9d B2220000 		.4byte	.LASF452
 7721 0aa1 05       		.byte	0x5
 7722 0aa2 00       		.uleb128 0
 7723 0aa3 00430000 		.4byte	.LASF453
 7724 0aa7 00       		.byte	0
ARM GAS  /var/folders/65/xyhbx3_n6nd_hs7j3p9nfwv80000gn/T//ccFweXAW.s 			page 138


 7725              		.section	.debug_macro,"G",%progbits,wm4._newlib_version.h.4.9ba035841e762c3308916a0ce96032e7,comda
 7726              	.Ldebug_macro3:
 7727 0000 0400     		.2byte	0x4
 7728 0002 00       		.byte	0
 7729 0003 05       		.byte	0x5
 7730 0004 04       		.uleb128 0x4
 7731 0005 33430000 		.4byte	.LASF459
 7732 0009 05       		.byte	0x5
 7733 000a 06       		.uleb128 0x6
 7734 000b 0E0A0000 		.4byte	.LASF460
 7735 000f 05       		.byte	0x5
 7736 0010 07       		.uleb128 0x7
 7737 0011 4F440000 		.4byte	.LASF461
 7738 0015 05       		.byte	0x5
 7739 0016 08       		.uleb128 0x8
 7740 0017 78280000 		.4byte	.LASF462
 7741 001b 05       		.byte	0x5
 7742 001c 09       		.uleb128 0x9
 7743 001d 87320000 		.4byte	.LASF463
 7744 0021 00       		.byte	0
 7745              		.section	.debug_macro,"G",%progbits,wm4.newlib.h.18.5e5ca3429233af402d406a202f1fc1ac,comdat
 7746              	.Ldebug_macro4:
 7747 0000 0400     		.2byte	0x4
 7748 0002 00       		.byte	0
 7749 0003 05       		.byte	0x5
 7750 0004 12       		.uleb128 0x12
 7751 0005 4E0F0000 		.4byte	.LASF464
 7752 0009 05       		.byte	0x5
 7753 000a 15       		.uleb128 0x15
 7754 000b B4740000 		.4byte	.LASF465
 7755 000f 05       		.byte	0x5
 7756 0010 18       		.uleb128 0x18
 7757 0011 2C0C0000 		.4byte	.LASF466
 7758 0015 05       		.byte	0x5
 7759 0016 28       		.uleb128 0x28
 7760 0017 980C0000 		.4byte	.LASF467
 7761 001b 05       		.byte	0x5
 7762 001c 32       		.uleb128 0x32
 7763 001d DF250000 		.4byte	.LASF468
 7764 0021 05       		.byte	0x5
 7765 0022 36       		.uleb128 0x36
 7766 0023 052A0000 		.4byte	.LASF469
 7767 0027 05       		.byte	0x5
 7768 0028 39       		.uleb128 0x39
 7769 0029 12410000 		.4byte	.LASF470
 7770 002d 05       		.byte	0x5
 7771 002e 3C       		.uleb128 0x3c
 7772 002f 45690000 		.4byte	.LASF471
 7773 0033 05       		.byte	0x5
 7774 0034 3F       		.uleb128 0x3f
 7775 0035 59950000 		.4byte	.LASF472
 7776 0039 05       		.byte	0x5
 7777 003a 42       		.uleb128 0x42
 7778 003b D7370000 		.4byte	.LASF473
 7779 003f 05       		.byte	0x5
 7780 0040 45       		.uleb128 0x45
 7781 0041 E68E0000 		.4byte	.LASF474
ARM GAS  /var/folders/65/xyhbx3_n6nd_hs7j3p9nfwv80000gn/T//ccFweXAW.s 			page 139


 7782 0045 05       		.byte	0x5
 7783 0046 48       		.uleb128 0x48
 7784 0047 FD8A0000 		.4byte	.LASF475
 7785 004b 05       		.byte	0x5
 7786 004c 4B       		.uleb128 0x4b
 7787 004d 68470000 		.4byte	.LASF476
 7788 0051 05       		.byte	0x5
 7789 0052 5C       		.uleb128 0x5c
 7790 0053 B0570000 		.4byte	.LASF477
 7791 0057 00       		.byte	0
 7792              		.section	.debug_macro,"G",%progbits,wm4.ieeefp.h.77.d5685ba212d3ed6e914898d045f873e3,comdat
 7793              	.Ldebug_macro5:
 7794 0000 0400     		.2byte	0x4
 7795 0002 00       		.byte	0
 7796 0003 05       		.byte	0x5
 7797 0004 4D       		.uleb128 0x4d
 7798 0005 48170000 		.4byte	.LASF479
 7799 0009 05       		.byte	0x5
 7800 000a CD03     		.uleb128 0x1cd
 7801 000c 20290000 		.4byte	.LASF480
 7802 0010 05       		.byte	0x5
 7803 0011 D003     		.uleb128 0x1d0
 7804 0013 AA890000 		.4byte	.LASF481
 7805 0017 00       		.byte	0
 7806              		.section	.debug_macro,"G",%progbits,wm4.features.h.22.fad1cec3bc7ff06488171438dbdcfd02,comdat
 7807              	.Ldebug_macro6:
 7808 0000 0400     		.2byte	0x4
 7809 0002 00       		.byte	0
 7810 0003 05       		.byte	0x5
 7811 0004 16       		.uleb128 0x16
 7812 0005 2A7A0000 		.4byte	.LASF482
 7813 0009 05       		.byte	0x5
 7814 000a 21       		.uleb128 0x21
 7815 000b 46680000 		.4byte	.LASF483
 7816 000f 05       		.byte	0x5
 7817 0010 28       		.uleb128 0x28
 7818 0011 E97C0000 		.4byte	.LASF484
 7819 0015 06       		.byte	0x6
 7820 0016 8301     		.uleb128 0x83
 7821 0018 C3260000 		.4byte	.LASF485
 7822 001c 05       		.byte	0x5
 7823 001d 8401     		.uleb128 0x84
 7824 001f FB280000 		.4byte	.LASF486
 7825 0023 06       		.byte	0x6
 7826 0024 8801     		.uleb128 0x88
 7827 0026 DD1F0000 		.4byte	.LASF487
 7828 002a 05       		.byte	0x5
 7829 002b 8901     		.uleb128 0x89
 7830 002d B37F0000 		.4byte	.LASF488
 7831 0031 06       		.byte	0x6
 7832 0032 8A01     		.uleb128 0x8a
 7833 0034 19450000 		.4byte	.LASF489
 7834 0038 05       		.byte	0x5
 7835 0039 8B01     		.uleb128 0x8b
 7836 003b DE6B0000 		.4byte	.LASF490
 7837 003f 06       		.byte	0x6
 7838 0040 9E01     		.uleb128 0x9e
ARM GAS  /var/folders/65/xyhbx3_n6nd_hs7j3p9nfwv80000gn/T//ccFweXAW.s 			page 140


 7839 0042 4B850000 		.4byte	.LASF491
 7840 0046 05       		.byte	0x5
 7841 0047 9F01     		.uleb128 0x9f
 7842 0049 977C0000 		.4byte	.LASF492
 7843 004d 05       		.byte	0x5
 7844 004e F701     		.uleb128 0xf7
 7845 0050 E0600000 		.4byte	.LASF493
 7846 0054 05       		.byte	0x5
 7847 0055 FD01     		.uleb128 0xfd
 7848 0057 D86D0000 		.4byte	.LASF494
 7849 005b 05       		.byte	0x5
 7850 005c 8502     		.uleb128 0x105
 7851 005e 5C590000 		.4byte	.LASF495
 7852 0062 05       		.byte	0x5
 7853 0063 8A02     		.uleb128 0x10a
 7854 0065 C2150000 		.4byte	.LASF496
 7855 0069 05       		.byte	0x5
 7856 006a 9502     		.uleb128 0x115
 7857 006c F6770000 		.4byte	.LASF497
 7858 0070 05       		.byte	0x5
 7859 0071 9902     		.uleb128 0x119
 7860 0073 0C020000 		.4byte	.LASF498
 7861 0077 05       		.byte	0x5
 7862 0078 9F02     		.uleb128 0x11f
 7863 007a 38440000 		.4byte	.LASF499
 7864 007e 05       		.byte	0x5
 7865 007f AF02     		.uleb128 0x12f
 7866 0081 A1380000 		.4byte	.LASF500
 7867 0085 05       		.byte	0x5
 7868 0086 BF02     		.uleb128 0x13f
 7869 0088 D4650000 		.4byte	.LASF501
 7870 008c 05       		.byte	0x5
 7871 008d CA02     		.uleb128 0x14a
 7872 008f 0C7A0000 		.4byte	.LASF502
 7873 0093 00       		.byte	0
 7874              		.section	.debug_macro,"G",%progbits,wm4.config.h.220.6cac6a9685cfce5e83c17784171638d9,comdat
 7875              	.Ldebug_macro7:
 7876 0000 0400     		.2byte	0x4
 7877 0002 00       		.byte	0
 7878 0003 05       		.byte	0x5
 7879 0004 DC01     		.uleb128 0xdc
 7880 0006 5F550000 		.4byte	.LASF503
 7881 000a 06       		.byte	0x6
 7882 000b E201     		.uleb128 0xe2
 7883 000d A87C0000 		.4byte	.LASF504
 7884 0011 05       		.byte	0x5
 7885 0012 E601     		.uleb128 0xe6
 7886 0014 121A0000 		.4byte	.LASF505
 7887 0018 05       		.byte	0x5
 7888 0019 F601     		.uleb128 0xf6
 7889 001b 3C620000 		.4byte	.LASF506
 7890 001f 05       		.byte	0x5
 7891 0020 FA01     		.uleb128 0xfa
 7892 0022 6B870000 		.4byte	.LASF507
 7893 0026 05       		.byte	0x5
 7894 0027 8102     		.uleb128 0x101
 7895 0029 81700000 		.4byte	.LASF508
ARM GAS  /var/folders/65/xyhbx3_n6nd_hs7j3p9nfwv80000gn/T//ccFweXAW.s 			page 141


 7896 002d 05       		.byte	0x5
 7897 002e 8702     		.uleb128 0x107
 7898 0030 42060000 		.4byte	.LASF509
 7899 0034 00       		.byte	0
 7900              		.section	.debug_macro,"G",%progbits,wm4._ansi.h.31.de524f58584151836e90d8620a16f8e8,comdat
 7901              	.Ldebug_macro8:
 7902 0000 0400     		.2byte	0x4
 7903 0002 00       		.byte	0
 7904 0003 05       		.byte	0x5
 7905 0004 1F       		.uleb128 0x1f
 7906 0005 C2520000 		.4byte	.LASF510
 7907 0009 05       		.byte	0x5
 7908 000a 20       		.uleb128 0x20
 7909 000b 10460000 		.4byte	.LASF511
 7910 000f 05       		.byte	0x5
 7911 0010 21       		.uleb128 0x21
 7912 0011 087E0000 		.4byte	.LASF512
 7913 0015 05       		.byte	0x5
 7914 0016 25       		.uleb128 0x25
 7915 0017 4B890000 		.4byte	.LASF513
 7916 001b 05       		.byte	0x5
 7917 001c 2B       		.uleb128 0x2b
 7918 001d 7C780000 		.4byte	.LASF514
 7919 0021 05       		.byte	0x5
 7920 0022 45       		.uleb128 0x45
 7921 0023 587E0000 		.4byte	.LASF515
 7922 0027 05       		.byte	0x5
 7923 0028 49       		.uleb128 0x49
 7924 0029 640E0000 		.4byte	.LASF516
 7925 002d 05       		.byte	0x5
 7926 002e 4A       		.uleb128 0x4a
 7927 002f 29890000 		.4byte	.LASF517
 7928 0033 00       		.byte	0
 7929              		.section	.debug_macro,"G",%progbits,wm4.mujs.h.10.4d559cf57b9d924909e322de983c4de2,comdat
 7930              	.Ldebug_macro9:
 7931 0000 0400     		.2byte	0x4
 7932 0002 00       		.byte	0
 7933 0003 05       		.byte	0x5
 7934 0004 0A       		.uleb128 0xa
 7935 0005 C38E0000 		.4byte	.LASF519
 7936 0009 05       		.byte	0x5
 7937 000a 0B       		.uleb128 0xb
 7938 000b 723A0000 		.4byte	.LASF520
 7939 000f 05       		.byte	0x5
 7940 0010 0C       		.uleb128 0xc
 7941 0011 BC900000 		.4byte	.LASF521
 7942 0015 05       		.byte	0x5
 7943 0016 0E       		.uleb128 0xe
 7944 0017 112C0000 		.4byte	.LASF522
 7945 001b 05       		.byte	0x5
 7946 001c 0F       		.uleb128 0xf
 7947 001d CA200000 		.4byte	.LASF523
 7948 0021 05       		.byte	0x5
 7949 0022 13       		.uleb128 0x13
 7950 0023 9A330000 		.4byte	.LASF524
 7951 0027 05       		.byte	0x5
 7952 0028 21       		.uleb128 0x21
ARM GAS  /var/folders/65/xyhbx3_n6nd_hs7j3p9nfwv80000gn/T//ccFweXAW.s 			page 142


 7953 0029 AB000000 		.4byte	.LASF525
 7954 002d 05       		.byte	0x5
 7955 002e 48       		.uleb128 0x48
 7956 002f 55920000 		.4byte	.LASF526
 7957 0033 00       		.byte	0
 7958              		.section	.debug_macro,"G",%progbits,wm4.stdio.h.27.3fc80220048df77954e38daec3bb9670,comdat
 7959              	.Ldebug_macro10:
 7960 0000 0400     		.2byte	0x4
 7961 0002 00       		.byte	0
 7962 0003 05       		.byte	0x5
 7963 0004 1B       		.uleb128 0x1b
 7964 0005 0E530000 		.4byte	.LASF527
 7965 0009 05       		.byte	0x5
 7966 000a 1F       		.uleb128 0x1f
 7967 000b 970B0000 		.4byte	.LASF528
 7968 000f 05       		.byte	0x5
 7969 0010 21       		.uleb128 0x21
 7970 0011 D1390000 		.4byte	.LASF529
 7971 0015 05       		.byte	0x5
 7972 0016 22       		.uleb128 0x22
 7973 0017 E86D0000 		.4byte	.LASF530
 7974 001b 00       		.byte	0
 7975              		.section	.debug_macro,"G",%progbits,wm4._default_types.h.6.959254cf5f09734ea7516c89e8bb21bd,comdat
 7976              	.Ldebug_macro11:
 7977 0000 0400     		.2byte	0x4
 7978 0002 00       		.byte	0
 7979 0003 05       		.byte	0x5
 7980 0004 06       		.uleb128 0x6
 7981 0005 FA6E0000 		.4byte	.LASF532
 7982 0009 05       		.byte	0x5
 7983 000a 0F       		.uleb128 0xf
 7984 000b FB180000 		.4byte	.LASF533
 7985 000f 05       		.byte	0x5
 7986 0010 1A       		.uleb128 0x1a
 7987 0011 07110000 		.4byte	.LASF534
 7988 0015 05       		.byte	0x5
 7989 0016 21       		.uleb128 0x21
 7990 0017 B7800000 		.4byte	.LASF535
 7991 001b 05       		.byte	0x5
 7992 001c 2F       		.uleb128 0x2f
 7993 001d 7A6D0000 		.4byte	.LASF536
 7994 0021 05       		.byte	0x5
 7995 0022 3D       		.uleb128 0x3d
 7996 0023 E72C0000 		.4byte	.LASF537
 7997 0027 05       		.byte	0x5
 7998 0028 53       		.uleb128 0x53
 7999 0029 7C840000 		.4byte	.LASF538
 8000 002d 05       		.byte	0x5
 8001 002e 6D       		.uleb128 0x6d
 8002 002f 95340000 		.4byte	.LASF539
 8003 0033 05       		.byte	0x5
 8004 0034 8C01     		.uleb128 0x8c
 8005 0036 A4290000 		.4byte	.LASF540
 8006 003a 05       		.byte	0x5
 8007 003b A601     		.uleb128 0xa6
 8008 003d D94B0000 		.4byte	.LASF541
 8009 0041 05       		.byte	0x5
ARM GAS  /var/folders/65/xyhbx3_n6nd_hs7j3p9nfwv80000gn/T//ccFweXAW.s 			page 143


 8010 0042 BC01     		.uleb128 0xbc
 8011 0044 48370000 		.4byte	.LASF542
 8012 0048 05       		.byte	0x5
 8013 0049 CE01     		.uleb128 0xce
 8014 004b 15520000 		.4byte	.LASF543
 8015 004f 06       		.byte	0x6
 8016 0050 F401     		.uleb128 0xf4
 8017 0052 736F0000 		.4byte	.LASF544
 8018 0056 00       		.byte	0
 8019              		.section	.debug_macro,"G",%progbits,wm4.stddef.h.181.c3f52a3b0f4c288bddb5dda1562858e2,comdat
 8020              	.Ldebug_macro12:
 8021 0000 0400     		.2byte	0x4
 8022 0002 00       		.byte	0
 8023 0003 05       		.byte	0x5
 8024 0004 B501     		.uleb128 0xb5
 8025 0006 D0530000 		.4byte	.LASF545
 8026 000a 05       		.byte	0x5
 8027 000b B601     		.uleb128 0xb6
 8028 000d 87910000 		.4byte	.LASF546
 8029 0011 05       		.byte	0x5
 8030 0012 B701     		.uleb128 0xb7
 8031 0014 B76B0000 		.4byte	.LASF547
 8032 0018 05       		.byte	0x5
 8033 0019 B801     		.uleb128 0xb8
 8034 001b 58720000 		.4byte	.LASF548
 8035 001f 05       		.byte	0x5
 8036 0020 B901     		.uleb128 0xb9
 8037 0022 B8150000 		.4byte	.LASF549
 8038 0026 05       		.byte	0x5
 8039 0027 BA01     		.uleb128 0xba
 8040 0029 CC660000 		.4byte	.LASF550
 8041 002d 05       		.byte	0x5
 8042 002e BB01     		.uleb128 0xbb
 8043 0030 64650000 		.4byte	.LASF551
 8044 0034 05       		.byte	0x5
 8045 0035 BC01     		.uleb128 0xbc
 8046 0037 EF3A0000 		.4byte	.LASF552
 8047 003b 05       		.byte	0x5
 8048 003c BD01     		.uleb128 0xbd
 8049 003e C8570000 		.4byte	.LASF553
 8050 0042 05       		.byte	0x5
 8051 0043 BE01     		.uleb128 0xbe
 8052 0045 D6360000 		.4byte	.LASF554
 8053 0049 05       		.byte	0x5
 8054 004a BF01     		.uleb128 0xbf
 8055 004c 2D6D0000 		.4byte	.LASF555
 8056 0050 05       		.byte	0x5
 8057 0051 C001     		.uleb128 0xc0
 8058 0053 26100000 		.4byte	.LASF556
 8059 0057 05       		.byte	0x5
 8060 0058 C101     		.uleb128 0xc1
 8061 005a E81A0000 		.4byte	.LASF557
 8062 005e 05       		.byte	0x5
 8063 005f C201     		.uleb128 0xc2
 8064 0061 30360000 		.4byte	.LASF558
 8065 0065 05       		.byte	0x5
 8066 0066 C301     		.uleb128 0xc3
ARM GAS  /var/folders/65/xyhbx3_n6nd_hs7j3p9nfwv80000gn/T//ccFweXAW.s 			page 144


 8067 0068 C3170000 		.4byte	.LASF559
 8068 006c 05       		.byte	0x5
 8069 006d C401     		.uleb128 0xc4
 8070 006f 6D7B0000 		.4byte	.LASF560
 8071 0073 05       		.byte	0x5
 8072 0074 CB01     		.uleb128 0xcb
 8073 0076 02200000 		.4byte	.LASF561
 8074 007a 06       		.byte	0x6
 8075 007b E701     		.uleb128 0xe7
 8076 007d 313B0000 		.4byte	.LASF562
 8077 0081 06       		.byte	0x6
 8078 0082 8603     		.uleb128 0x186
 8079 0084 A4450000 		.4byte	.LASF563
 8080 0088 05       		.byte	0x5
 8081 0089 8B03     		.uleb128 0x18b
 8082 008b 736E0000 		.4byte	.LASF564
 8083 008f 06       		.byte	0x6
 8084 0090 9103     		.uleb128 0x191
 8085 0092 744F0000 		.4byte	.LASF565
 8086 0096 00       		.byte	0
 8087              		.section	.debug_macro,"G",%progbits,wm4.cdefs.h.49.6260d97adb8d27534cbdc0f868b8ea87,comdat
 8088              	.Ldebug_macro13:
 8089 0000 0400     		.2byte	0x4
 8090 0002 00       		.byte	0
 8091 0003 05       		.byte	0x5
 8092 0004 31       		.uleb128 0x31
 8093 0005 46620000 		.4byte	.LASF566
 8094 0009 05       		.byte	0x5
 8095 000a 32       		.uleb128 0x32
 8096 000b 37590000 		.4byte	.LASF567
 8097 000f 05       		.byte	0x5
 8098 0010 33       		.uleb128 0x33
 8099 0011 A4930000 		.4byte	.LASF568
 8100 0015 05       		.byte	0x5
 8101 0016 36       		.uleb128 0x36
 8102 0017 724B0000 		.4byte	.LASF569
 8103 001b 05       		.byte	0x5
 8104 001c 39       		.uleb128 0x39
 8105 001d CA5E0000 		.4byte	.LASF570
 8106 0021 05       		.byte	0x5
 8107 0022 3A       		.uleb128 0x3a
 8108 0023 36190000 		.4byte	.LASF571
 8109 0027 05       		.byte	0x5
 8110 0028 3C       		.uleb128 0x3c
 8111 0029 D21A0000 		.4byte	.LASF572
 8112 002d 05       		.byte	0x5
 8113 002e 3D       		.uleb128 0x3d
 8114 002f FE400000 		.4byte	.LASF573
 8115 0033 05       		.byte	0x5
 8116 0034 3E       		.uleb128 0x3e
 8117 0035 26800000 		.4byte	.LASF574
 8118 0039 05       		.byte	0x5
 8119 003a 3F       		.uleb128 0x3f
 8120 003b 40220000 		.4byte	.LASF575
 8121 003f 05       		.byte	0x5
 8122 0040 42       		.uleb128 0x42
 8123 0041 3A290000 		.4byte	.LASF576
ARM GAS  /var/folders/65/xyhbx3_n6nd_hs7j3p9nfwv80000gn/T//ccFweXAW.s 			page 145


 8124 0045 05       		.byte	0x5
 8125 0046 43       		.uleb128 0x43
 8126 0047 E40B0000 		.4byte	.LASF577
 8127 004b 05       		.byte	0x5
 8128 004c 44       		.uleb128 0x44
 8129 004d 24420000 		.4byte	.LASF578
 8130 0051 05       		.byte	0x5
 8131 0052 4E       		.uleb128 0x4e
 8132 0053 4C5C0000 		.4byte	.LASF579
 8133 0057 05       		.byte	0x5
 8134 0058 51       		.uleb128 0x51
 8135 0059 AA190000 		.4byte	.LASF580
 8136 005d 05       		.byte	0x5
 8137 005e 57       		.uleb128 0x57
 8138 005f 8D310000 		.4byte	.LASF581
 8139 0063 05       		.byte	0x5
 8140 0064 5E       		.uleb128 0x5e
 8141 0065 C2810000 		.4byte	.LASF582
 8142 0069 05       		.byte	0x5
 8143 006a 5F       		.uleb128 0x5f
 8144 006b 08520000 		.4byte	.LASF583
 8145 006f 05       		.byte	0x5
 8146 0070 6B       		.uleb128 0x6b
 8147 0071 633C0000 		.4byte	.LASF584
 8148 0075 05       		.byte	0x5
 8149 0076 6C       		.uleb128 0x6c
 8150 0077 64900000 		.4byte	.LASF585
 8151 007b 05       		.byte	0x5
 8152 007c 70       		.uleb128 0x70
 8153 007d D5070000 		.4byte	.LASF586
 8154 0081 05       		.byte	0x5
 8155 0082 71       		.uleb128 0x71
 8156 0083 38210000 		.4byte	.LASF587
 8157 0087 05       		.byte	0x5
 8158 0088 72       		.uleb128 0x72
 8159 0089 29250000 		.4byte	.LASF588
 8160 008d 05       		.byte	0x5
 8161 008e 75       		.uleb128 0x75
 8162 008f 3C100000 		.4byte	.LASF589
 8163 0093 05       		.byte	0x5
 8164 0094 78       		.uleb128 0x78
 8165 0095 47050000 		.4byte	.LASF590
 8166 0099 05       		.byte	0x5
 8167 009a 7F       		.uleb128 0x7f
 8168 009b 384B0000 		.4byte	.LASF591
 8169 009f 05       		.byte	0x5
 8170 00a0 8001     		.uleb128 0x80
 8171 00a2 5D520000 		.4byte	.LASF592
 8172 00a6 05       		.byte	0x5
 8173 00a7 8101     		.uleb128 0x81
 8174 00a9 93790000 		.4byte	.LASF593
 8175 00ad 05       		.byte	0x5
 8176 00ae 8501     		.uleb128 0x85
 8177 00b0 B82B0000 		.4byte	.LASF594
 8178 00b4 05       		.byte	0x5
 8179 00b5 8C01     		.uleb128 0x8c
 8180 00b7 46380000 		.4byte	.LASF595
ARM GAS  /var/folders/65/xyhbx3_n6nd_hs7j3p9nfwv80000gn/T//ccFweXAW.s 			page 146


 8181 00bb 05       		.byte	0x5
 8182 00bc 9001     		.uleb128 0x90
 8183 00be 4A6E0000 		.4byte	.LASF596
 8184 00c2 05       		.byte	0x5
 8185 00c3 9101     		.uleb128 0x91
 8186 00c5 31790000 		.4byte	.LASF597
 8187 00c9 05       		.byte	0x5
 8188 00ca 9401     		.uleb128 0x94
 8189 00cc 14360000 		.4byte	.LASF598
 8190 00d0 05       		.byte	0x5
 8191 00d1 9701     		.uleb128 0x97
 8192 00d3 2C270000 		.4byte	.LASF599
 8193 00d7 05       		.byte	0x5
 8194 00d8 9801     		.uleb128 0x98
 8195 00da 95170000 		.4byte	.LASF600
 8196 00de 05       		.byte	0x5
 8197 00df 9901     		.uleb128 0x99
 8198 00e1 127E0000 		.4byte	.LASF601
 8199 00e5 05       		.byte	0x5
 8200 00e6 9B01     		.uleb128 0x9b
 8201 00e8 627F0000 		.4byte	.LASF602
 8202 00ec 05       		.byte	0x5
 8203 00ed 9C01     		.uleb128 0x9c
 8204 00ef 46180000 		.4byte	.LASF603
 8205 00f3 05       		.byte	0x5
 8206 00f4 9E01     		.uleb128 0x9e
 8207 00f6 A95A0000 		.4byte	.LASF604
 8208 00fa 05       		.byte	0x5
 8209 00fb A001     		.uleb128 0xa0
 8210 00fd B7860000 		.4byte	.LASF605
 8211 0101 05       		.byte	0x5
 8212 0102 B101     		.uleb128 0xb1
 8213 0104 54090000 		.4byte	.LASF606
 8214 0108 05       		.byte	0x5
 8215 0109 B201     		.uleb128 0xb2
 8216 010b 68690000 		.4byte	.LASF607
 8217 010f 05       		.byte	0x5
 8218 0110 B301     		.uleb128 0xb3
 8219 0112 F98C0000 		.4byte	.LASF608
 8220 0116 05       		.byte	0x5
 8221 0117 B401     		.uleb128 0xb4
 8222 0119 A3920000 		.4byte	.LASF609
 8223 011d 05       		.byte	0x5
 8224 011e B501     		.uleb128 0xb5
 8225 0120 CB730000 		.4byte	.LASF610
 8226 0124 05       		.byte	0x5
 8227 0125 B701     		.uleb128 0xb7
 8228 0127 A9140000 		.4byte	.LASF611
 8229 012b 05       		.byte	0x5
 8230 012c B801     		.uleb128 0xb8
 8231 012e FC790000 		.4byte	.LASF612
 8232 0132 05       		.byte	0x5
 8233 0133 B901     		.uleb128 0xb9
 8234 0135 4A3A0000 		.4byte	.LASF613
 8235 0139 05       		.byte	0x5
 8236 013a E601     		.uleb128 0xe6
 8237 013c 12220000 		.4byte	.LASF614
ARM GAS  /var/folders/65/xyhbx3_n6nd_hs7j3p9nfwv80000gn/T//ccFweXAW.s 			page 147


 8238 0140 05       		.byte	0x5
 8239 0141 F301     		.uleb128 0xf3
 8240 0143 AB390000 		.4byte	.LASF615
 8241 0147 05       		.byte	0x5
 8242 0148 F401     		.uleb128 0xf4
 8243 014a 616B0000 		.4byte	.LASF616
 8244 014e 05       		.byte	0x5
 8245 014f F501     		.uleb128 0xf5
 8246 0151 DB820000 		.4byte	.LASF617
 8247 0155 05       		.byte	0x5
 8248 0156 F601     		.uleb128 0xf6
 8249 0158 64890000 		.4byte	.LASF618
 8250 015c 05       		.byte	0x5
 8251 015d F701     		.uleb128 0xf7
 8252 015f 7F500000 		.4byte	.LASF619
 8253 0163 05       		.byte	0x5
 8254 0164 F801     		.uleb128 0xf8
 8255 0166 080B0000 		.4byte	.LASF620
 8256 016a 05       		.byte	0x5
 8257 016b F901     		.uleb128 0xf9
 8258 016d DC410000 		.4byte	.LASF621
 8259 0171 05       		.byte	0x5
 8260 0172 FC01     		.uleb128 0xfc
 8261 0174 18470000 		.4byte	.LASF622
 8262 0178 05       		.byte	0x5
 8263 0179 FD01     		.uleb128 0xfd
 8264 017b AD230000 		.4byte	.LASF623
 8265 017f 05       		.byte	0x5
 8266 0180 8302     		.uleb128 0x103
 8267 0182 267B0000 		.4byte	.LASF624
 8268 0186 05       		.byte	0x5
 8269 0187 DC02     		.uleb128 0x15c
 8270 0189 8A6F0000 		.4byte	.LASF625
 8271 018d 05       		.byte	0x5
 8272 018e EE02     		.uleb128 0x16e
 8273 0190 99510000 		.4byte	.LASF626
 8274 0194 05       		.byte	0x5
 8275 0195 F402     		.uleb128 0x174
 8276 0197 7E880000 		.4byte	.LASF627
 8277 019b 05       		.byte	0x5
 8278 019c F502     		.uleb128 0x175
 8279 019e 7E660000 		.4byte	.LASF628
 8280 01a2 05       		.byte	0x5
 8281 01a3 FC02     		.uleb128 0x17c
 8282 01a5 C4640000 		.4byte	.LASF629
 8283 01a9 05       		.byte	0x5
 8284 01aa 8203     		.uleb128 0x182
 8285 01ac C2400000 		.4byte	.LASF630
 8286 01b0 05       		.byte	0x5
 8287 01b1 8803     		.uleb128 0x188
 8288 01b3 0B280000 		.4byte	.LASF631
 8289 01b7 05       		.byte	0x5
 8290 01b8 8903     		.uleb128 0x189
 8291 01ba CD7A0000 		.4byte	.LASF632
 8292 01be 05       		.byte	0x5
 8293 01bf 9003     		.uleb128 0x190
 8294 01c1 EB0D0000 		.4byte	.LASF633
ARM GAS  /var/folders/65/xyhbx3_n6nd_hs7j3p9nfwv80000gn/T//ccFweXAW.s 			page 148


 8295 01c5 05       		.byte	0x5
 8296 01c6 9103     		.uleb128 0x191
 8297 01c8 C8670000 		.4byte	.LASF634
 8298 01cc 05       		.byte	0x5
 8299 01cd 9803     		.uleb128 0x198
 8300 01cf 76440000 		.4byte	.LASF635
 8301 01d3 05       		.byte	0x5
 8302 01d4 9E03     		.uleb128 0x19e
 8303 01d6 75920000 		.4byte	.LASF636
 8304 01da 05       		.byte	0x5
 8305 01db B203     		.uleb128 0x1b2
 8306 01dd 737A0000 		.4byte	.LASF637
 8307 01e1 05       		.byte	0x5
 8308 01e2 D303     		.uleb128 0x1d3
 8309 01e4 A80A0000 		.4byte	.LASF638
 8310 01e8 05       		.byte	0x5
 8311 01e9 D403     		.uleb128 0x1d4
 8312 01eb 1C540000 		.4byte	.LASF639
 8313 01ef 05       		.byte	0x5
 8314 01f0 DB03     		.uleb128 0x1db
 8315 01f2 E4240000 		.4byte	.LASF640
 8316 01f6 05       		.byte	0x5
 8317 01f7 DC03     		.uleb128 0x1dc
 8318 01f9 F2850000 		.4byte	.LASF641
 8319 01fd 05       		.byte	0x5
 8320 01fe DF03     		.uleb128 0x1df
 8321 0200 FD7B0000 		.4byte	.LASF642
 8322 0204 05       		.byte	0x5
 8323 0205 E903     		.uleb128 0x1e9
 8324 0207 F3910000 		.4byte	.LASF643
 8325 020b 05       		.byte	0x5
 8326 020c EA03     		.uleb128 0x1ea
 8327 020e 19880000 		.4byte	.LASF644
 8328 0212 05       		.byte	0x5
 8329 0213 F403     		.uleb128 0x1f4
 8330 0215 C74F0000 		.4byte	.LASF645
 8331 0219 05       		.byte	0x5
 8332 021a 8A04     		.uleb128 0x20a
 8333 021c 73050000 		.4byte	.LASF646
 8334 0220 05       		.byte	0x5
 8335 0221 8C04     		.uleb128 0x20c
 8336 0223 C7750000 		.4byte	.LASF647
 8337 0227 05       		.byte	0x5
 8338 0228 8E04     		.uleb128 0x20e
 8339 022a 17260000 		.4byte	.LASF648
 8340 022e 05       		.byte	0x5
 8341 022f 8F04     		.uleb128 0x20f
 8342 0231 2A640000 		.4byte	.LASF649
 8343 0235 05       		.byte	0x5
 8344 0236 9104     		.uleb128 0x211
 8345 0238 BE620000 		.4byte	.LASF650
 8346 023c 05       		.byte	0x5
 8347 023d 9B04     		.uleb128 0x21b
 8348 023f C6160000 		.4byte	.LASF651
 8349 0243 05       		.byte	0x5
 8350 0244 A004     		.uleb128 0x220
 8351 0246 7C4A0000 		.4byte	.LASF652
ARM GAS  /var/folders/65/xyhbx3_n6nd_hs7j3p9nfwv80000gn/T//ccFweXAW.s 			page 149


 8352 024a 05       		.byte	0x5
 8353 024b A504     		.uleb128 0x225
 8354 024d 2A340000 		.4byte	.LASF653
 8355 0251 05       		.byte	0x5
 8356 0252 A804     		.uleb128 0x228
 8357 0254 E35D0000 		.4byte	.LASF654
 8358 0258 05       		.byte	0x5
 8359 0259 AC04     		.uleb128 0x22c
 8360 025b 22110000 		.4byte	.LASF655
 8361 025f 05       		.byte	0x5
 8362 0260 AE04     		.uleb128 0x22e
 8363 0262 41360000 		.4byte	.LASF656
 8364 0266 05       		.byte	0x5
 8365 0267 D104     		.uleb128 0x251
 8366 0269 291F0000 		.4byte	.LASF657
 8367 026d 05       		.byte	0x5
 8368 026e D504     		.uleb128 0x255
 8369 0270 DB510000 		.4byte	.LASF658
 8370 0274 05       		.byte	0x5
 8371 0275 D904     		.uleb128 0x259
 8372 0277 AB690000 		.4byte	.LASF659
 8373 027b 05       		.byte	0x5
 8374 027c DD04     		.uleb128 0x25d
 8375 027e E4730000 		.4byte	.LASF660
 8376 0282 05       		.byte	0x5
 8377 0283 E104     		.uleb128 0x261
 8378 0285 D88A0000 		.4byte	.LASF661
 8379 0289 05       		.byte	0x5
 8380 028a E504     		.uleb128 0x265
 8381 028c AE1B0000 		.4byte	.LASF662
 8382 0290 05       		.byte	0x5
 8383 0291 E904     		.uleb128 0x269
 8384 0293 D95A0000 		.4byte	.LASF663
 8385 0297 05       		.byte	0x5
 8386 0298 ED04     		.uleb128 0x26d
 8387 029a 62190000 		.4byte	.LASF664
 8388 029e 05       		.byte	0x5
 8389 029f F404     		.uleb128 0x274
 8390 02a1 CC580000 		.4byte	.LASF665
 8391 02a5 05       		.byte	0x5
 8392 02a6 F504     		.uleb128 0x275
 8393 02a8 957D0000 		.4byte	.LASF666
 8394 02ac 05       		.byte	0x5
 8395 02ad F604     		.uleb128 0x276
 8396 02af DD050000 		.4byte	.LASF667
 8397 02b3 05       		.byte	0x5
 8398 02b4 F704     		.uleb128 0x277
 8399 02b6 28860000 		.4byte	.LASF668
 8400 02ba 05       		.byte	0x5
 8401 02bb F804     		.uleb128 0x278
 8402 02bd 19430000 		.4byte	.LASF669
 8403 02c1 05       		.byte	0x5
 8404 02c2 8D05     		.uleb128 0x28d
 8405 02c4 BE290000 		.4byte	.LASF670
 8406 02c8 05       		.byte	0x5
 8407 02c9 8E05     		.uleb128 0x28e
 8408 02cb 9C710000 		.4byte	.LASF671
ARM GAS  /var/folders/65/xyhbx3_n6nd_hs7j3p9nfwv80000gn/T//ccFweXAW.s 			page 150


 8409 02cf 05       		.byte	0x5
 8410 02d0 A005     		.uleb128 0x2a0
 8411 02d2 A41F0000 		.4byte	.LASF672
 8412 02d6 05       		.byte	0x5
 8413 02d7 A605     		.uleb128 0x2a6
 8414 02d9 505B0000 		.4byte	.LASF673
 8415 02dd 05       		.byte	0x5
 8416 02de A905     		.uleb128 0x2a9
 8417 02e0 70830000 		.4byte	.LASF674
 8418 02e4 05       		.byte	0x5
 8419 02e5 AB05     		.uleb128 0x2ab
 8420 02e7 42460000 		.4byte	.LASF675
 8421 02eb 05       		.byte	0x5
 8422 02ec AF05     		.uleb128 0x2af
 8423 02ee 942E0000 		.4byte	.LASF676
 8424 02f2 05       		.byte	0x5
 8425 02f3 B105     		.uleb128 0x2b1
 8426 02f5 41670000 		.4byte	.LASF677
 8427 02f9 05       		.byte	0x5
 8428 02fa B505     		.uleb128 0x2b5
 8429 02fc 9D5C0000 		.4byte	.LASF678
 8430 0300 05       		.byte	0x5
 8431 0301 B805     		.uleb128 0x2b8
 8432 0303 A92A0000 		.4byte	.LASF679
 8433 0307 05       		.byte	0x5
 8434 0308 BA05     		.uleb128 0x2ba
 8435 030a D3260000 		.4byte	.LASF680
 8436 030e 05       		.byte	0x5
 8437 030f BE05     		.uleb128 0x2be
 8438 0311 EE5F0000 		.4byte	.LASF681
 8439 0315 05       		.byte	0x5
 8440 0316 C005     		.uleb128 0x2c0
 8441 0318 E6780000 		.4byte	.LASF682
 8442 031c 05       		.byte	0x5
 8443 031d C205     		.uleb128 0x2c2
 8444 031f AC110000 		.4byte	.LASF683
 8445 0323 05       		.byte	0x5
 8446 0324 C605     		.uleb128 0x2c6
 8447 0326 B40C0000 		.4byte	.LASF684
 8448 032a 05       		.byte	0x5
 8449 032b C905     		.uleb128 0x2c9
 8450 032d E3710000 		.4byte	.LASF685
 8451 0331 05       		.byte	0x5
 8452 0332 CA05     		.uleb128 0x2ca
 8453 0334 D0460000 		.4byte	.LASF686
 8454 0338 00       		.byte	0
 8455              		.section	.debug_macro,"G",%progbits,wm4.stddef.h.39.b727a6c3269d9d6ef9fc646b721a8287,comdat
 8456              	.Ldebug_macro14:
 8457 0000 0400     		.2byte	0x4
 8458 0002 00       		.byte	0
 8459 0003 05       		.byte	0x5
 8460 0004 27       		.uleb128 0x27
 8461 0005 21780000 		.4byte	.LASF687
 8462 0009 05       		.byte	0x5
 8463 000a 28       		.uleb128 0x28
 8464 000b 8B7C0000 		.4byte	.LASF688
 8465 000f 05       		.byte	0x5
ARM GAS  /var/folders/65/xyhbx3_n6nd_hs7j3p9nfwv80000gn/T//ccFweXAW.s 			page 151


 8466 0010 2A       		.uleb128 0x2a
 8467 0011 445A0000 		.4byte	.LASF689
 8468 0015 05       		.byte	0x5
 8469 0016 8301     		.uleb128 0x83
 8470 0018 B3250000 		.4byte	.LASF690
 8471 001c 05       		.byte	0x5
 8472 001d 8401     		.uleb128 0x84
 8473 001f 5F0B0000 		.4byte	.LASF691
 8474 0023 05       		.byte	0x5
 8475 0024 8501     		.uleb128 0x85
 8476 0026 40700000 		.4byte	.LASF692
 8477 002a 05       		.byte	0x5
 8478 002b 8601     		.uleb128 0x86
 8479 002d 32630000 		.4byte	.LASF693
 8480 0031 05       		.byte	0x5
 8481 0032 8701     		.uleb128 0x87
 8482 0034 7A620000 		.4byte	.LASF694
 8483 0038 05       		.byte	0x5
 8484 0039 8801     		.uleb128 0x88
 8485 003b 467F0000 		.4byte	.LASF695
 8486 003f 05       		.byte	0x5
 8487 0040 8901     		.uleb128 0x89
 8488 0042 F27F0000 		.4byte	.LASF696
 8489 0046 05       		.byte	0x5
 8490 0047 8A01     		.uleb128 0x8a
 8491 0049 D71D0000 		.4byte	.LASF697
 8492 004d 05       		.byte	0x5
 8493 004e 8B01     		.uleb128 0x8b
 8494 0050 1D230000 		.4byte	.LASF698
 8495 0054 06       		.byte	0x6
 8496 0055 9B01     		.uleb128 0x9b
 8497 0057 3F5F0000 		.4byte	.LASF699
 8498 005b 06       		.byte	0x6
 8499 005c E701     		.uleb128 0xe7
 8500 005e 313B0000 		.4byte	.LASF562
 8501 0062 05       		.byte	0x5
 8502 0063 8402     		.uleb128 0x104
 8503 0065 480D0000 		.4byte	.LASF700
 8504 0069 05       		.byte	0x5
 8505 006a 8502     		.uleb128 0x105
 8506 006c A8080000 		.4byte	.LASF701
 8507 0070 05       		.byte	0x5
 8508 0071 8602     		.uleb128 0x106
 8509 0073 851C0000 		.4byte	.LASF702
 8510 0077 05       		.byte	0x5
 8511 0078 8702     		.uleb128 0x107
 8512 007a 12690000 		.4byte	.LASF703
 8513 007e 05       		.byte	0x5
 8514 007f 8802     		.uleb128 0x108
 8515 0081 5B7B0000 		.4byte	.LASF704
 8516 0085 05       		.byte	0x5
 8517 0086 8902     		.uleb128 0x109
 8518 0088 577F0000 		.4byte	.LASF705
 8519 008c 05       		.byte	0x5
 8520 008d 8A02     		.uleb128 0x10a
 8521 008f 014B0000 		.4byte	.LASF706
 8522 0093 05       		.byte	0x5
ARM GAS  /var/folders/65/xyhbx3_n6nd_hs7j3p9nfwv80000gn/T//ccFweXAW.s 			page 152


 8523 0094 8B02     		.uleb128 0x10b
 8524 0096 DE770000 		.4byte	.LASF707
 8525 009a 05       		.byte	0x5
 8526 009b 8C02     		.uleb128 0x10c
 8527 009d 0D290000 		.4byte	.LASF708
 8528 00a1 05       		.byte	0x5
 8529 00a2 8D02     		.uleb128 0x10d
 8530 00a4 48610000 		.4byte	.LASF709
 8531 00a8 05       		.byte	0x5
 8532 00a9 8E02     		.uleb128 0x10e
 8533 00ab 972D0000 		.4byte	.LASF710
 8534 00af 05       		.byte	0x5
 8535 00b0 8F02     		.uleb128 0x10f
 8536 00b2 2D120000 		.4byte	.LASF711
 8537 00b6 05       		.byte	0x5
 8538 00b7 9002     		.uleb128 0x110
 8539 00b9 7A1F0000 		.4byte	.LASF712
 8540 00bd 05       		.byte	0x5
 8541 00be 9102     		.uleb128 0x111
 8542 00c0 32390000 		.4byte	.LASF713
 8543 00c4 05       		.byte	0x5
 8544 00c5 9202     		.uleb128 0x112
 8545 00c7 05470000 		.4byte	.LASF714
 8546 00cb 06       		.byte	0x6
 8547 00cc 9F02     		.uleb128 0x11f
 8548 00ce 8D3A0000 		.4byte	.LASF715
 8549 00d2 06       		.byte	0x6
 8550 00d3 D402     		.uleb128 0x154
 8551 00d5 F66F0000 		.4byte	.LASF716
 8552 00d9 06       		.byte	0x6
 8553 00da 8603     		.uleb128 0x186
 8554 00dc A4450000 		.4byte	.LASF563
 8555 00e0 05       		.byte	0x5
 8556 00e1 8B03     		.uleb128 0x18b
 8557 00e3 736E0000 		.4byte	.LASF564
 8558 00e7 06       		.byte	0x6
 8559 00e8 9103     		.uleb128 0x191
 8560 00ea 744F0000 		.4byte	.LASF565
 8561 00ee 05       		.byte	0x5
 8562 00ef 9603     		.uleb128 0x196
 8563 00f1 804F0000 		.4byte	.LASF717
 8564 00f5 05       		.byte	0x5
 8565 00f6 9B03     		.uleb128 0x19b
 8566 00f8 CF900000 		.4byte	.LASF718
 8567 00fc 00       		.byte	0
 8568              		.section	.debug_macro,"G",%progbits,wm4.stdarg.h.34.3a23a216c0c293b3d2ea2e89281481e6,comdat
 8569              	.Ldebug_macro15:
 8570 0000 0400     		.2byte	0x4
 8571 0002 00       		.byte	0
 8572 0003 06       		.byte	0x6
 8573 0004 22       		.uleb128 0x22
 8574 0005 D0080000 		.4byte	.LASF720
 8575 0009 05       		.byte	0x5
 8576 000a 27       		.uleb128 0x27
 8577 000b 8E420000 		.4byte	.LASF721
 8578 000f 00       		.byte	0
 8579              		.section	.debug_macro,"G",%progbits,wm4.lock.h.2.1461d1fff82dffe8bfddc23307f6484f,comdat
ARM GAS  /var/folders/65/xyhbx3_n6nd_hs7j3p9nfwv80000gn/T//ccFweXAW.s 			page 153


 8580              	.Ldebug_macro16:
 8581 0000 0400     		.2byte	0x4
 8582 0002 00       		.byte	0
 8583 0003 05       		.byte	0x5
 8584 0004 02       		.uleb128 0x2
 8585 0005 3F120000 		.4byte	.LASF726
 8586 0009 05       		.byte	0x5
 8587 000a 23       		.uleb128 0x23
 8588 000b E0570000 		.4byte	.LASF727
 8589 000f 05       		.byte	0x5
 8590 0010 25       		.uleb128 0x25
 8591 0011 2D350000 		.4byte	.LASF728
 8592 0015 05       		.byte	0x5
 8593 0016 27       		.uleb128 0x27
 8594 0017 16770000 		.4byte	.LASF729
 8595 001b 05       		.byte	0x5
 8596 001c 2A       		.uleb128 0x2a
 8597 001d 254F0000 		.4byte	.LASF730
 8598 0021 05       		.byte	0x5
 8599 0022 2C       		.uleb128 0x2c
 8600 0023 753B0000 		.4byte	.LASF731
 8601 0027 05       		.byte	0x5
 8602 0028 2E       		.uleb128 0x2e
 8603 0029 14650000 		.4byte	.LASF732
 8604 002d 05       		.byte	0x5
 8605 002e 30       		.uleb128 0x30
 8606 002f 49800000 		.4byte	.LASF733
 8607 0033 05       		.byte	0x5
 8608 0034 32       		.uleb128 0x32
 8609 0035 79110000 		.4byte	.LASF734
 8610 0039 05       		.byte	0x5
 8611 003a 34       		.uleb128 0x34
 8612 003b FA660000 		.4byte	.LASF735
 8613 003f 05       		.byte	0x5
 8614 0040 36       		.uleb128 0x36
 8615 0041 F2110000 		.4byte	.LASF736
 8616 0045 05       		.byte	0x5
 8617 0046 38       		.uleb128 0x38
 8618 0047 FA140000 		.4byte	.LASF737
 8619 004b 05       		.byte	0x5
 8620 004c 3B       		.uleb128 0x3b
 8621 004d 13680000 		.4byte	.LASF738
 8622 0051 05       		.byte	0x5
 8623 0052 3D       		.uleb128 0x3d
 8624 0053 EA540000 		.4byte	.LASF739
 8625 0057 00       		.byte	0
 8626              		.section	.debug_macro,"G",%progbits,wm4._types.h.125.5cf8a495f1f7ef36777ad868a1e32068,comdat
 8627              	.Ldebug_macro17:
 8628 0000 0400     		.2byte	0x4
 8629 0002 00       		.byte	0
 8630 0003 06       		.byte	0x6
 8631 0004 7D       		.uleb128 0x7d
 8632 0005 C47A0000 		.4byte	.LASF740
 8633 0009 05       		.byte	0x5
 8634 000a 9001     		.uleb128 0x90
 8635 000c 54240000 		.4byte	.LASF741
 8636 0010 06       		.byte	0x6
ARM GAS  /var/folders/65/xyhbx3_n6nd_hs7j3p9nfwv80000gn/T//ccFweXAW.s 			page 154


 8637 0011 9201     		.uleb128 0x92
 8638 0013 EA5E0000 		.4byte	.LASF742
 8639 0017 05       		.byte	0x5
 8640 0018 9E01     		.uleb128 0x9e
 8641 001a 6D080000 		.4byte	.LASF743
 8642 001e 00       		.byte	0
 8643              		.section	.debug_macro,"G",%progbits,wm4.stddef.h.155.3588ebfdd1e8c7ede80509bb9c3b8009,comdat
 8644              	.Ldebug_macro18:
 8645 0000 0400     		.2byte	0x4
 8646 0002 00       		.byte	0
 8647 0003 06       		.byte	0x6
 8648 0004 9B01     		.uleb128 0x9b
 8649 0006 3F5F0000 		.4byte	.LASF699
 8650 000a 06       		.byte	0x6
 8651 000b E701     		.uleb128 0xe7
 8652 000d 313B0000 		.4byte	.LASF562
 8653 0011 06       		.byte	0x6
 8654 0012 D402     		.uleb128 0x154
 8655 0014 F66F0000 		.4byte	.LASF716
 8656 0018 05       		.byte	0x5
 8657 0019 D902     		.uleb128 0x159
 8658 001b AB020000 		.4byte	.LASF744
 8659 001f 06       		.byte	0x6
 8660 0020 E002     		.uleb128 0x160
 8661 0022 49430000 		.4byte	.LASF745
 8662 0026 06       		.byte	0x6
 8663 0027 8603     		.uleb128 0x186
 8664 0029 A4450000 		.4byte	.LASF563
 8665 002d 05       		.byte	0x5
 8666 002e 8B03     		.uleb128 0x18b
 8667 0030 736E0000 		.4byte	.LASF564
 8668 0034 06       		.byte	0x6
 8669 0035 9103     		.uleb128 0x191
 8670 0037 744F0000 		.4byte	.LASF565
 8671 003b 05       		.byte	0x5
 8672 003c 9603     		.uleb128 0x196
 8673 003e 804F0000 		.4byte	.LASF717
 8674 0042 00       		.byte	0
 8675              		.section	.debug_macro,"G",%progbits,wm4._types.h.184.03611d4f6b5bec9997bcf4279eceba07,comdat
 8676              	.Ldebug_macro19:
 8677 0000 0400     		.2byte	0x4
 8678 0002 00       		.byte	0
 8679 0003 05       		.byte	0x5
 8680 0004 B801     		.uleb128 0xb8
 8681 0006 A5030000 		.4byte	.LASF746
 8682 000a 05       		.byte	0x5
 8683 000b C001     		.uleb128 0xc0
 8684 000d 4F1C0000 		.4byte	.LASF747
 8685 0011 05       		.byte	0x5
 8686 0012 C501     		.uleb128 0xc5
 8687 0014 8F5A0000 		.4byte	.LASF748
 8688 0018 05       		.byte	0x5
 8689 0019 CA01     		.uleb128 0xca
 8690 001b 53500000 		.4byte	.LASF749
 8691 001f 00       		.byte	0
 8692              		.section	.debug_macro,"G",%progbits,wm4.reent.h.17.90c2574d4acdcfce933db5cb09ff35fe,comdat
 8693              	.Ldebug_macro20:
ARM GAS  /var/folders/65/xyhbx3_n6nd_hs7j3p9nfwv80000gn/T//ccFweXAW.s 			page 155


 8694 0000 0400     		.2byte	0x4
 8695 0002 00       		.byte	0
 8696 0003 05       		.byte	0x5
 8697 0004 11       		.uleb128 0x11
 8698 0005 3A460000 		.4byte	.LASF750
 8699 0009 05       		.byte	0x5
 8700 000a 15       		.uleb128 0x15
 8701 000b C4460000 		.4byte	.LASF751
 8702 000f 05       		.byte	0x5
 8703 0010 48       		.uleb128 0x48
 8704 0011 2D160000 		.4byte	.LASF752
 8705 0015 05       		.byte	0x5
 8706 0016 64       		.uleb128 0x64
 8707 0017 61710000 		.4byte	.LASF753
 8708 001b 05       		.byte	0x5
 8709 001c 6A       		.uleb128 0x6a
 8710 001d D07E0000 		.4byte	.LASF754
 8711 0021 05       		.byte	0x5
 8712 0022 B201     		.uleb128 0xb2
 8713 0024 FE810000 		.4byte	.LASF755
 8714 0028 05       		.byte	0x5
 8715 0029 B802     		.uleb128 0x138
 8716 002b 4D780000 		.4byte	.LASF756
 8717 002f 05       		.byte	0x5
 8718 0030 B902     		.uleb128 0x139
 8719 0032 B8470000 		.4byte	.LASF757
 8720 0036 05       		.byte	0x5
 8721 0037 BA02     		.uleb128 0x13a
 8722 0039 84720000 		.4byte	.LASF758
 8723 003d 05       		.byte	0x5
 8724 003e BB02     		.uleb128 0x13b
 8725 0040 DA4D0000 		.4byte	.LASF759
 8726 0044 05       		.byte	0x5
 8727 0045 BC02     		.uleb128 0x13c
 8728 0047 10590000 		.4byte	.LASF760
 8729 004b 05       		.byte	0x5
 8730 004c BD02     		.uleb128 0x13d
 8731 004e 775A0000 		.4byte	.LASF761
 8732 0052 05       		.byte	0x5
 8733 0053 BE02     		.uleb128 0x13e
 8734 0055 0C780000 		.4byte	.LASF762
 8735 0059 05       		.byte	0x5
 8736 005a CA02     		.uleb128 0x14a
 8737 005c E9190000 		.4byte	.LASF763
 8738 0060 05       		.byte	0x5
 8739 0061 CB02     		.uleb128 0x14b
 8740 0063 E28D0000 		.4byte	.LASF764
 8741 0067 05       		.byte	0x5
 8742 0068 CC02     		.uleb128 0x14c
 8743 006a F87E0000 		.4byte	.LASF765
 8744 006e 05       		.byte	0x5
 8745 006f 9B05     		.uleb128 0x29b
 8746 0071 68610000 		.4byte	.LASF766
 8747 0075 05       		.byte	0x5
 8748 0076 B705     		.uleb128 0x2b7
 8749 0078 0E8A0000 		.4byte	.LASF767
 8750 007c 05       		.byte	0x5
ARM GAS  /var/folders/65/xyhbx3_n6nd_hs7j3p9nfwv80000gn/T//ccFweXAW.s 			page 156


 8751 007d BA05     		.uleb128 0x2ba
 8752 007f 88550000 		.4byte	.LASF768
 8753 0083 05       		.byte	0x5
 8754 0084 EA05     		.uleb128 0x2ea
 8755 0086 713D0000 		.4byte	.LASF769
 8756 008a 05       		.byte	0x5
 8757 008b F805     		.uleb128 0x2f8
 8758 008d 5C020000 		.4byte	.LASF770
 8759 0091 05       		.byte	0x5
 8760 0092 F905     		.uleb128 0x2f9
 8761 0094 06390000 		.4byte	.LASF771
 8762 0098 05       		.byte	0x5
 8763 0099 FA05     		.uleb128 0x2fa
 8764 009b 4E310000 		.4byte	.LASF772
 8765 009f 05       		.byte	0x5
 8766 00a0 FB05     		.uleb128 0x2fb
 8767 00a2 86120000 		.4byte	.LASF773
 8768 00a6 05       		.byte	0x5
 8769 00a7 FC05     		.uleb128 0x2fc
 8770 00a9 4B470000 		.4byte	.LASF774
 8771 00ad 05       		.byte	0x5
 8772 00ae FD05     		.uleb128 0x2fd
 8773 00b0 65750000 		.4byte	.LASF775
 8774 00b4 05       		.byte	0x5
 8775 00b5 FE05     		.uleb128 0x2fe
 8776 00b7 FB170000 		.4byte	.LASF776
 8777 00bb 05       		.byte	0x5
 8778 00bc 8006     		.uleb128 0x300
 8779 00be 32230000 		.4byte	.LASF777
 8780 00c2 05       		.byte	0x5
 8781 00c3 8106     		.uleb128 0x301
 8782 00c5 084D0000 		.4byte	.LASF778
 8783 00c9 05       		.byte	0x5
 8784 00ca 8206     		.uleb128 0x302
 8785 00cc A6350000 		.4byte	.LASF779
 8786 00d0 05       		.byte	0x5
 8787 00d1 8306     		.uleb128 0x303
 8788 00d3 6C590000 		.4byte	.LASF780
 8789 00d7 05       		.byte	0x5
 8790 00d8 8406     		.uleb128 0x304
 8791 00da 4E220000 		.4byte	.LASF781
 8792 00de 05       		.byte	0x5
 8793 00df 8506     		.uleb128 0x305
 8794 00e1 C0440000 		.4byte	.LASF782
 8795 00e5 05       		.byte	0x5
 8796 00e6 8606     		.uleb128 0x306
 8797 00e8 B93F0000 		.4byte	.LASF783
 8798 00ec 05       		.byte	0x5
 8799 00ed 8706     		.uleb128 0x307
 8800 00ef 78600000 		.4byte	.LASF784
 8801 00f3 05       		.byte	0x5
 8802 00f4 8806     		.uleb128 0x308
 8803 00f6 C2790000 		.4byte	.LASF785
 8804 00fa 05       		.byte	0x5
 8805 00fb 8906     		.uleb128 0x309
 8806 00fd 05240000 		.4byte	.LASF786
 8807 0101 05       		.byte	0x5
ARM GAS  /var/folders/65/xyhbx3_n6nd_hs7j3p9nfwv80000gn/T//ccFweXAW.s 			page 157


 8808 0102 8A06     		.uleb128 0x30a
 8809 0104 0B1B0000 		.4byte	.LASF787
 8810 0108 05       		.byte	0x5
 8811 0109 8B06     		.uleb128 0x30b
 8812 010b 304E0000 		.4byte	.LASF788
 8813 010f 05       		.byte	0x5
 8814 0110 8C06     		.uleb128 0x30c
 8815 0112 8E670000 		.4byte	.LASF789
 8816 0116 05       		.byte	0x5
 8817 0117 8D06     		.uleb128 0x30d
 8818 0119 CE130000 		.4byte	.LASF790
 8819 011d 05       		.byte	0x5
 8820 011e 8E06     		.uleb128 0x30e
 8821 0120 F7920000 		.4byte	.LASF791
 8822 0124 05       		.byte	0x5
 8823 0125 8F06     		.uleb128 0x30f
 8824 0127 C04E0000 		.4byte	.LASF792
 8825 012b 05       		.byte	0x5
 8826 012c 9006     		.uleb128 0x310
 8827 012e 43860000 		.4byte	.LASF793
 8828 0132 05       		.byte	0x5
 8829 0133 9106     		.uleb128 0x311
 8830 0135 CE590000 		.4byte	.LASF794
 8831 0139 05       		.byte	0x5
 8832 013a 9206     		.uleb128 0x312
 8833 013c 92280000 		.4byte	.LASF795
 8834 0140 05       		.byte	0x5
 8835 0141 9306     		.uleb128 0x313
 8836 0143 84810000 		.4byte	.LASF796
 8837 0147 05       		.byte	0x5
 8838 0148 9406     		.uleb128 0x314
 8839 014a 9E0D0000 		.4byte	.LASF797
 8840 014e 05       		.byte	0x5
 8841 014f 9506     		.uleb128 0x315
 8842 0151 22010000 		.4byte	.LASF798
 8843 0155 05       		.byte	0x5
 8844 0156 9606     		.uleb128 0x316
 8845 0158 49630000 		.4byte	.LASF799
 8846 015c 05       		.byte	0x5
 8847 015d 9706     		.uleb128 0x317
 8848 015f BD450000 		.4byte	.LASF800
 8849 0163 05       		.byte	0x5
 8850 0164 9B06     		.uleb128 0x31b
 8851 0166 DC310000 		.4byte	.LASF801
 8852 016a 05       		.byte	0x5
 8853 016b A306     		.uleb128 0x323
 8854 016d 554B0000 		.4byte	.LASF802
 8855 0171 05       		.byte	0x5
 8856 0172 AB06     		.uleb128 0x32b
 8857 0174 C9740000 		.4byte	.LASF803
 8858 0178 05       		.byte	0x5
 8859 0179 BB06     		.uleb128 0x33b
 8860 017b AD4E0000 		.4byte	.LASF804
 8861 017f 05       		.byte	0x5
 8862 0180 BE06     		.uleb128 0x33e
 8863 0182 D8330000 		.4byte	.LASF805
 8864 0186 05       		.byte	0x5
ARM GAS  /var/folders/65/xyhbx3_n6nd_hs7j3p9nfwv80000gn/T//ccFweXAW.s 			page 158


 8865 0187 C406     		.uleb128 0x344
 8866 0189 88570000 		.4byte	.LASF806
 8867 018d 00       		.byte	0
 8868              		.section	.debug_macro,"G",%progbits,wm4.types.h.40.e8c16e7ec36ba55f133d0616070e25fc,comdat
 8869              	.Ldebug_macro21:
 8870 0000 0400     		.2byte	0x4
 8871 0002 00       		.byte	0
 8872 0003 05       		.byte	0x5
 8873 0004 28       		.uleb128 0x28
 8874 0005 C0330000 		.4byte	.LASF807
 8875 0009 05       		.byte	0x5
 8876 000a 3C       		.uleb128 0x3c
 8877 000b 1C390000 		.4byte	.LASF808
 8878 000f 00       		.byte	0
 8879              		.section	.debug_macro,"G",%progbits,wm4._stdint.h.10.c24fa3af3bc1706662bb5593a907e841,comdat
 8880              	.Ldebug_macro22:
 8881 0000 0400     		.2byte	0x4
 8882 0002 00       		.byte	0
 8883 0003 05       		.byte	0x5
 8884 0004 0A       		.uleb128 0xa
 8885 0005 BB730000 		.4byte	.LASF809
 8886 0009 05       		.byte	0x5
 8887 000a 15       		.uleb128 0x15
 8888 000b 20920000 		.4byte	.LASF810
 8889 000f 05       		.byte	0x5
 8890 0010 19       		.uleb128 0x19
 8891 0011 431F0000 		.4byte	.LASF811
 8892 0015 05       		.byte	0x5
 8893 0016 1B       		.uleb128 0x1b
 8894 0017 34320000 		.4byte	.LASF812
 8895 001b 05       		.byte	0x5
 8896 001c 21       		.uleb128 0x21
 8897 001d A1740000 		.4byte	.LASF813
 8898 0021 05       		.byte	0x5
 8899 0022 25       		.uleb128 0x25
 8900 0023 022D0000 		.4byte	.LASF814
 8901 0027 05       		.byte	0x5
 8902 0028 27       		.uleb128 0x27
 8903 0029 71400000 		.4byte	.LASF815
 8904 002d 05       		.byte	0x5
 8905 002e 2D       		.uleb128 0x2d
 8906 002f A6320000 		.4byte	.LASF816
 8907 0033 05       		.byte	0x5
 8908 0034 31       		.uleb128 0x31
 8909 0035 A1840000 		.4byte	.LASF817
 8910 0039 05       		.byte	0x5
 8911 003a 33       		.uleb128 0x33
 8912 003b E9940000 		.4byte	.LASF818
 8913 003f 05       		.byte	0x5
 8914 0040 39       		.uleb128 0x39
 8915 0041 B2920000 		.4byte	.LASF819
 8916 0045 05       		.byte	0x5
 8917 0046 3D       		.uleb128 0x3d
 8918 0047 B0340000 		.4byte	.LASF820
 8919 004b 05       		.byte	0x5
 8920 004c 3F       		.uleb128 0x3f
 8921 004d FC450000 		.4byte	.LASF821
ARM GAS  /var/folders/65/xyhbx3_n6nd_hs7j3p9nfwv80000gn/T//ccFweXAW.s 			page 159


 8922 0051 05       		.byte	0x5
 8923 0052 44       		.uleb128 0x44
 8924 0053 08050000 		.4byte	.LASF822
 8925 0057 05       		.byte	0x5
 8926 0058 49       		.uleb128 0x49
 8927 0059 F9330000 		.4byte	.LASF823
 8928 005d 05       		.byte	0x5
 8929 005e 4E       		.uleb128 0x4e
 8930 005f 366E0000 		.4byte	.LASF824
 8931 0063 05       		.byte	0x5
 8932 0064 53       		.uleb128 0x53
 8933 0065 1C460000 		.4byte	.LASF825
 8934 0069 00       		.byte	0
 8935              		.section	.debug_macro,"G",%progbits,wm4._endian.h.31.65a10590763c3dde1ac4a7f66d7d4891,comdat
 8936              	.Ldebug_macro23:
 8937 0000 0400     		.2byte	0x4
 8938 0002 00       		.byte	0
 8939 0003 05       		.byte	0x5
 8940 0004 1F       		.uleb128 0x1f
 8941 0005 006C0000 		.4byte	.LASF827
 8942 0009 05       		.byte	0x5
 8943 000a 20       		.uleb128 0x20
 8944 000b 72270000 		.4byte	.LASF828
 8945 000f 05       		.byte	0x5
 8946 0010 21       		.uleb128 0x21
 8947 0011 BA530000 		.4byte	.LASF829
 8948 0015 05       		.byte	0x5
 8949 0016 26       		.uleb128 0x26
 8950 0017 B9480000 		.4byte	.LASF830
 8951 001b 00       		.byte	0
 8952              		.section	.debug_macro,"G",%progbits,wm4.endian.h.9.49f3a4695c1b61e8a0808de3c4a106cb,comdat
 8953              	.Ldebug_macro24:
 8954 0000 0400     		.2byte	0x4
 8955 0002 00       		.byte	0
 8956 0003 05       		.byte	0x5
 8957 0004 09       		.uleb128 0x9
 8958 0005 B92D0000 		.4byte	.LASF831
 8959 0009 05       		.byte	0x5
 8960 000a 0A       		.uleb128 0xa
 8961 000b CA4D0000 		.4byte	.LASF832
 8962 000f 05       		.byte	0x5
 8963 0010 11       		.uleb128 0x11
 8964 0011 0C8C0000 		.4byte	.LASF833
 8965 0015 05       		.byte	0x5
 8966 0016 12       		.uleb128 0x12
 8967 0017 6C0B0000 		.4byte	.LASF834
 8968 001b 05       		.byte	0x5
 8969 001c 13       		.uleb128 0x13
 8970 001d EB1F0000 		.4byte	.LASF835
 8971 0021 05       		.byte	0x5
 8972 0022 14       		.uleb128 0x14
 8973 0023 480B0000 		.4byte	.LASF836
 8974 0027 05       		.byte	0x5
 8975 0028 18       		.uleb128 0x18
 8976 0029 D72B0000 		.4byte	.LASF837
 8977 002d 05       		.byte	0x5
 8978 002e 19       		.uleb128 0x19
ARM GAS  /var/folders/65/xyhbx3_n6nd_hs7j3p9nfwv80000gn/T//ccFweXAW.s 			page 160


 8979 002f F2760000 		.4byte	.LASF838
 8980 0033 05       		.byte	0x5
 8981 0034 1A       		.uleb128 0x1a
 8982 0035 E1830000 		.4byte	.LASF839
 8983 0039 05       		.byte	0x5
 8984 003a 39       		.uleb128 0x39
 8985 003b 293C0000 		.4byte	.LASF840
 8986 003f 05       		.byte	0x5
 8987 0040 3A       		.uleb128 0x3a
 8988 0041 C2700000 		.4byte	.LASF841
 8989 0045 05       		.byte	0x5
 8990 0046 3B       		.uleb128 0x3b
 8991 0047 EC380000 		.4byte	.LASF842
 8992 004b 05       		.byte	0x5
 8993 004c 3C       		.uleb128 0x3c
 8994 004d 57620000 		.4byte	.LASF843
 8995 0051 00       		.byte	0
 8996              		.section	.debug_macro,"G",%progbits,wm4._timeval.h.30.0e8bfd94e85db17dda3286ee81496fe6,comdat
 8997              	.Ldebug_macro25:
 8998 0000 0400     		.2byte	0x4
 8999 0002 00       		.byte	0
 9000 0003 05       		.byte	0x5
 9001 0004 1E       		.uleb128 0x1e
 9002 0005 07440000 		.4byte	.LASF846
 9003 0009 05       		.byte	0x5
 9004 000a 24       		.uleb128 0x24
 9005 000b 3F1B0000 		.4byte	.LASF847
 9006 000f 05       		.byte	0x5
 9007 0010 29       		.uleb128 0x29
 9008 0011 D4280000 		.4byte	.LASF848
 9009 0015 05       		.byte	0x5
 9010 0016 2A       		.uleb128 0x2a
 9011 0017 D7150000 		.4byte	.LASF849
 9012 001b 05       		.byte	0x5
 9013 001c 2F       		.uleb128 0x2f
 9014 001d 872F0000 		.4byte	.LASF850
 9015 0021 05       		.byte	0x5
 9016 0022 3C       		.uleb128 0x3c
 9017 0023 5C260000 		.4byte	.LASF851
 9018 0027 05       		.byte	0x5
 9019 0028 3D       		.uleb128 0x3d
 9020 0029 04940000 		.4byte	.LASF852
 9021 002d 05       		.byte	0x5
 9022 002e 3E       		.uleb128 0x3e
 9023 002f 5B770000 		.4byte	.LASF853
 9024 0033 05       		.byte	0x5
 9025 0034 42       		.uleb128 0x42
 9026 0035 755B0000 		.4byte	.LASF854
 9027 0039 05       		.byte	0x5
 9028 003a 4B       		.uleb128 0x4b
 9029 003b FF2F0000 		.4byte	.LASF855
 9030 003f 00       		.byte	0
 9031              		.section	.debug_macro,"G",%progbits,wm4.timespec.h.41.d855182eb0e690443ab8651bcedca6e1,comdat
 9032              	.Ldebug_macro26:
 9033 0000 0400     		.2byte	0x4
 9034 0002 00       		.byte	0
 9035 0003 05       		.byte	0x5
ARM GAS  /var/folders/65/xyhbx3_n6nd_hs7j3p9nfwv80000gn/T//ccFweXAW.s 			page 161


 9036 0004 29       		.uleb128 0x29
 9037 0005 973C0000 		.4byte	.LASF858
 9038 0009 05       		.byte	0x5
 9039 000a 2E       		.uleb128 0x2e
 9040 000b 548E0000 		.4byte	.LASF859
 9041 000f 00       		.byte	0
 9042              		.section	.debug_macro,"G",%progbits,wm4.select.h.19.97ca6fd0c752a0f3b6719fd314d361e6,comdat
 9043              	.Ldebug_macro27:
 9044 0000 0400     		.2byte	0x4
 9045 0002 00       		.byte	0
 9046 0003 05       		.byte	0x5
 9047 0004 13       		.uleb128 0x13
 9048 0005 E9150000 		.4byte	.LASF860
 9049 0009 05       		.byte	0x5
 9050 000a 17       		.uleb128 0x17
 9051 000b B74D0000 		.4byte	.LASF861
 9052 000f 05       		.byte	0x5
 9053 0010 1F       		.uleb128 0x1f
 9054 0011 387F0000 		.4byte	.LASF862
 9055 0015 05       		.byte	0x5
 9056 0016 23       		.uleb128 0x23
 9057 0017 D7870000 		.4byte	.LASF863
 9058 001b 05       		.byte	0x5
 9059 001c 25       		.uleb128 0x25
 9060 001d 75870000 		.4byte	.LASF864
 9061 0021 05       		.byte	0x5
 9062 0022 2E       		.uleb128 0x2e
 9063 0023 91350000 		.4byte	.LASF865
 9064 0027 05       		.byte	0x5
 9065 0028 30       		.uleb128 0x30
 9066 0029 A0240000 		.4byte	.LASF866
 9067 002d 05       		.byte	0x5
 9068 002e 31       		.uleb128 0x31
 9069 002f 55330000 		.4byte	.LASF867
 9070 0033 05       		.byte	0x5
 9071 0034 32       		.uleb128 0x32
 9072 0035 1F0E0000 		.4byte	.LASF868
 9073 0039 05       		.byte	0x5
 9074 003a 33       		.uleb128 0x33
 9075 003b 632C0000 		.4byte	.LASF869
 9076 003f 00       		.byte	0
 9077              		.section	.debug_macro,"G",%progbits,wm4.types.h.69.ed3eae3cf73030a737515151ebcab7a1,comdat
 9078              	.Ldebug_macro28:
 9079 0000 0400     		.2byte	0x4
 9080 0002 00       		.byte	0
 9081 0003 05       		.byte	0x5
 9082 0004 45       		.uleb128 0x45
 9083 0005 B5080000 		.4byte	.LASF870
 9084 0009 05       		.byte	0x5
 9085 000a 46       		.uleb128 0x46
 9086 000b 02090000 		.4byte	.LASF871
 9087 000f 05       		.byte	0x5
 9088 0010 4A       		.uleb128 0x4a
 9089 0011 48750000 		.4byte	.LASF872
 9090 0015 05       		.byte	0x5
 9091 0016 4F       		.uleb128 0x4f
 9092 0017 B1360000 		.4byte	.LASF873
ARM GAS  /var/folders/65/xyhbx3_n6nd_hs7j3p9nfwv80000gn/T//ccFweXAW.s 			page 162


 9093 001b 05       		.byte	0x5
 9094 001c 58       		.uleb128 0x58
 9095 001d 8E7F0000 		.4byte	.LASF874
 9096 0021 05       		.byte	0x5
 9097 0022 5C       		.uleb128 0x5c
 9098 0023 877A0000 		.4byte	.LASF875
 9099 0027 05       		.byte	0x5
 9100 0028 60       		.uleb128 0x60
 9101 0029 216C0000 		.4byte	.LASF876
 9102 002d 05       		.byte	0x5
 9103 002e 64       		.uleb128 0x64
 9104 002f 8D180000 		.4byte	.LASF877
 9105 0033 05       		.byte	0x5
 9106 0034 66       		.uleb128 0x66
 9107 0035 5B7A0000 		.4byte	.LASF878
 9108 0039 05       		.byte	0x5
 9109 003a 72       		.uleb128 0x72
 9110 003b DE340000 		.4byte	.LASF879
 9111 003f 05       		.byte	0x5
 9112 0040 77       		.uleb128 0x77
 9113 0041 5D8C0000 		.4byte	.LASF880
 9114 0045 05       		.byte	0x5
 9115 0046 7C       		.uleb128 0x7c
 9116 0047 7B580000 		.4byte	.LASF881
 9117 004b 05       		.byte	0x5
 9118 004c 7D       		.uleb128 0x7d
 9119 004d C86C0000 		.4byte	.LASF882
 9120 0051 05       		.byte	0x5
 9121 0052 8801     		.uleb128 0x88
 9122 0054 EC720000 		.4byte	.LASF883
 9123 0058 05       		.byte	0x5
 9124 0059 8C01     		.uleb128 0x8c
 9125 005b 8E580000 		.4byte	.LASF884
 9126 005f 05       		.byte	0x5
 9127 0060 9201     		.uleb128 0x92
 9128 0062 721A0000 		.4byte	.LASF885
 9129 0066 05       		.byte	0x5
 9130 0067 9701     		.uleb128 0x97
 9131 0069 AF180000 		.4byte	.LASF886
 9132 006d 05       		.byte	0x5
 9133 006e 9C01     		.uleb128 0x9c
 9134 0070 D0830000 		.4byte	.LASF887
 9135 0074 05       		.byte	0x5
 9136 0075 AE01     		.uleb128 0xae
 9137 0077 06800000 		.4byte	.LASF888
 9138 007b 05       		.byte	0x5
 9139 007c B201     		.uleb128 0xb2
 9140 007e 393D0000 		.4byte	.LASF889
 9141 0082 05       		.byte	0x5
 9142 0083 B601     		.uleb128 0xb6
 9143 0085 B95E0000 		.4byte	.LASF890
 9144 0089 05       		.byte	0x5
 9145 008a BA01     		.uleb128 0xba
 9146 008c 796F0000 		.4byte	.LASF891
 9147 0090 05       		.byte	0x5
 9148 0091 BF01     		.uleb128 0xbf
 9149 0093 71550000 		.4byte	.LASF892
ARM GAS  /var/folders/65/xyhbx3_n6nd_hs7j3p9nfwv80000gn/T//ccFweXAW.s 			page 163


 9150 0097 05       		.byte	0x5
 9151 0098 C401     		.uleb128 0xc4
 9152 009a B4370000 		.4byte	.LASF893
 9153 009e 05       		.byte	0x5
 9154 009f C901     		.uleb128 0xc9
 9155 00a1 2C780000 		.4byte	.LASF894
 9156 00a5 05       		.byte	0x5
 9157 00a6 CE01     		.uleb128 0xce
 9158 00a8 BA660000 		.4byte	.LASF895
 9159 00ac 05       		.byte	0x5
 9160 00ad D301     		.uleb128 0xd3
 9161 00af 145A0000 		.4byte	.LASF896
 9162 00b3 05       		.byte	0x5
 9163 00b4 D801     		.uleb128 0xd8
 9164 00b6 EF930000 		.4byte	.LASF897
 9165 00ba 05       		.byte	0x5
 9166 00bb D901     		.uleb128 0xd9
 9167 00bd FF4B0000 		.4byte	.LASF898
 9168 00c1 05       		.byte	0x5
 9169 00c2 DE01     		.uleb128 0xde
 9170 00c4 26840000 		.4byte	.LASF899
 9171 00c8 05       		.byte	0x5
 9172 00c9 DF01     		.uleb128 0xdf
 9173 00cb 8D6E0000 		.4byte	.LASF900
 9174 00cf 05       		.byte	0x5
 9175 00d0 E401     		.uleb128 0xe4
 9176 00d2 920A0000 		.4byte	.LASF901
 9177 00d6 00       		.byte	0
 9178              		.section	.debug_macro,"G",%progbits,wm4.sched.h.22.c60982713a5c428609783c78f9c78d95,comdat
 9179              	.Ldebug_macro29:
 9180 0000 0400     		.2byte	0x4
 9181 0002 00       		.byte	0
 9182 0003 05       		.byte	0x5
 9183 0004 16       		.uleb128 0x16
 9184 0005 EC230000 		.4byte	.LASF903
 9185 0009 05       		.byte	0x5
 9186 000a 23       		.uleb128 0x23
 9187 000b 19440000 		.4byte	.LASF904
 9188 000f 05       		.byte	0x5
 9189 0010 26       		.uleb128 0x26
 9190 0011 5E870000 		.4byte	.LASF905
 9191 0015 05       		.byte	0x5
 9192 0016 27       		.uleb128 0x27
 9193 0017 AC160000 		.4byte	.LASF906
 9194 001b 00       		.byte	0
 9195              		.section	.debug_macro,"G",%progbits,wm4._pthreadtypes.h.36.fcee9961c35163dde6267ef772ad1972,comdat
 9196              	.Ldebug_macro30:
 9197 0000 0400     		.2byte	0x4
 9198 0002 00       		.byte	0
 9199 0003 05       		.byte	0x5
 9200 0004 24       		.uleb128 0x24
 9201 0005 0E100000 		.4byte	.LASF907
 9202 0009 05       		.byte	0x5
 9203 000a 25       		.uleb128 0x25
 9204 000b 10490000 		.4byte	.LASF908
 9205 000f 05       		.byte	0x5
 9206 0010 28       		.uleb128 0x28
ARM GAS  /var/folders/65/xyhbx3_n6nd_hs7j3p9nfwv80000gn/T//ccFweXAW.s 			page 164


 9207 0011 AF0F0000 		.4byte	.LASF909
 9208 0015 05       		.byte	0x5
 9209 0016 2B       		.uleb128 0x2b
 9210 0017 C76F0000 		.4byte	.LASF910
 9211 001b 05       		.byte	0x5
 9212 001c 2E       		.uleb128 0x2e
 9213 001d F6480000 		.4byte	.LASF911
 9214 0021 05       		.byte	0x5
 9215 0022 2F       		.uleb128 0x2f
 9216 0023 228E0000 		.4byte	.LASF912
 9217 0027 05       		.byte	0x5
 9218 0028 AC01     		.uleb128 0xac
 9219 002a E9800000 		.4byte	.LASF913
 9220 002e 05       		.byte	0x5
 9221 002f B201     		.uleb128 0xb2
 9222 0031 002B0000 		.4byte	.LASF914
 9223 0035 05       		.byte	0x5
 9224 0036 C501     		.uleb128 0xc5
 9225 0038 E6880000 		.4byte	.LASF915
 9226 003c 00       		.byte	0
 9227              		.section	.debug_macro,"G",%progbits,wm4.stdio.h.2.4aa87247282eca6c8f36f9de33d8df1a,comdat
 9228              	.Ldebug_macro31:
 9229 0000 0400     		.2byte	0x4
 9230 0002 00       		.byte	0
 9231 0003 05       		.byte	0x5
 9232 0004 02       		.uleb128 0x2
 9233 0005 2D970000 		.4byte	.LASF918
 9234 0009 05       		.byte	0x5
 9235 000a 0D       		.uleb128 0xd
 9236 000b B5840000 		.4byte	.LASF919
 9237 000f 05       		.byte	0x5
 9238 0010 15       		.uleb128 0x15
 9239 0011 242F0000 		.4byte	.LASF920
 9240 0015 00       		.byte	0
 9241              		.section	.debug_macro,"G",%progbits,wm4.stdio.h.81.932d0c162786b883f622b8d05c120c78,comdat
 9242              	.Ldebug_macro32:
 9243 0000 0400     		.2byte	0x4
 9244 0002 00       		.byte	0
 9245 0003 05       		.byte	0x5
 9246 0004 51       		.uleb128 0x51
 9247 0005 A5520000 		.4byte	.LASF921
 9248 0009 05       		.byte	0x5
 9249 000a 52       		.uleb128 0x52
 9250 000b D8880000 		.4byte	.LASF922
 9251 000f 05       		.byte	0x5
 9252 0010 53       		.uleb128 0x53
 9253 0011 071F0000 		.4byte	.LASF923
 9254 0015 05       		.byte	0x5
 9255 0016 54       		.uleb128 0x54
 9256 0017 AD410000 		.4byte	.LASF924
 9257 001b 05       		.byte	0x5
 9258 001c 56       		.uleb128 0x56
 9259 001d 8A930000 		.4byte	.LASF925
 9260 0021 05       		.byte	0x5
 9261 0022 57       		.uleb128 0x57
 9262 0023 9A760000 		.4byte	.LASF926
 9263 0027 05       		.byte	0x5
ARM GAS  /var/folders/65/xyhbx3_n6nd_hs7j3p9nfwv80000gn/T//ccFweXAW.s 			page 165


 9264 0028 58       		.uleb128 0x58
 9265 0029 CD510000 		.4byte	.LASF927
 9266 002d 05       		.byte	0x5
 9267 002e 59       		.uleb128 0x59
 9268 002f 23810000 		.4byte	.LASF928
 9269 0033 05       		.byte	0x5
 9270 0034 5A       		.uleb128 0x5a
 9271 0035 8B510000 		.4byte	.LASF929
 9272 0039 05       		.byte	0x5
 9273 003a 5B       		.uleb128 0x5b
 9274 003b BC710000 		.4byte	.LASF930
 9275 003f 05       		.byte	0x5
 9276 0040 5C       		.uleb128 0x5c
 9277 0041 536B0000 		.4byte	.LASF931
 9278 0045 05       		.byte	0x5
 9279 0046 5D       		.uleb128 0x5d
 9280 0047 1C3B0000 		.4byte	.LASF932
 9281 004b 05       		.byte	0x5
 9282 004c 5E       		.uleb128 0x5e
 9283 004d F2580000 		.4byte	.LASF933
 9284 0051 05       		.byte	0x5
 9285 0052 5F       		.uleb128 0x5f
 9286 0053 E9060000 		.4byte	.LASF934
 9287 0057 05       		.byte	0x5
 9288 0058 63       		.uleb128 0x63
 9289 0059 B80B0000 		.4byte	.LASF935
 9290 005d 05       		.byte	0x5
 9291 005e 66       		.uleb128 0x66
 9292 005f 858F0000 		.4byte	.LASF936
 9293 0063 05       		.byte	0x5
 9294 0064 67       		.uleb128 0x67
 9295 0065 3B020000 		.4byte	.LASF937
 9296 0069 05       		.byte	0x5
 9297 006a 72       		.uleb128 0x72
 9298 006b 0E8F0000 		.4byte	.LASF938
 9299 006f 05       		.byte	0x5
 9300 0070 73       		.uleb128 0x73
 9301 0071 167D0000 		.4byte	.LASF939
 9302 0075 05       		.byte	0x5
 9303 0076 74       		.uleb128 0x74
 9304 0077 27440000 		.4byte	.LASF940
 9305 007b 05       		.byte	0x5
 9306 007c 76       		.uleb128 0x76
 9307 007d 56550000 		.4byte	.LASF941
 9308 0081 05       		.byte	0x5
 9309 0082 7B       		.uleb128 0x7b
 9310 0083 CE140000 		.4byte	.LASF942
 9311 0087 05       		.byte	0x5
 9312 0088 8101     		.uleb128 0x81
 9313 008a E96F0000 		.4byte	.LASF943
 9314 008e 05       		.byte	0x5
 9315 008f 8701     		.uleb128 0x87
 9316 0091 78930000 		.4byte	.LASF944
 9317 0095 05       		.byte	0x5
 9318 0096 8D01     		.uleb128 0x8d
 9319 0098 FE160000 		.4byte	.LASF945
 9320 009c 05       		.byte	0x5
ARM GAS  /var/folders/65/xyhbx3_n6nd_hs7j3p9nfwv80000gn/T//ccFweXAW.s 			page 166


 9321 009d 9101     		.uleb128 0x91
 9322 009f 921B0000 		.4byte	.LASF946
 9323 00a3 05       		.byte	0x5
 9324 00a4 9501     		.uleb128 0x95
 9325 00a6 210C0000 		.4byte	.LASF947
 9326 00aa 05       		.byte	0x5
 9327 00ab 9801     		.uleb128 0x98
 9328 00ad CE5D0000 		.4byte	.LASF948
 9329 00b1 05       		.byte	0x5
 9330 00b2 9B01     		.uleb128 0x9b
 9331 00b4 F44B0000 		.4byte	.LASF949
 9332 00b8 05       		.byte	0x5
 9333 00b9 9E01     		.uleb128 0x9e
 9334 00bb E00D0000 		.4byte	.LASF950
 9335 00bf 05       		.byte	0x5
 9336 00c0 A001     		.uleb128 0xa0
 9337 00c2 80940000 		.4byte	.LASF951
 9338 00c6 05       		.byte	0x5
 9339 00c7 A101     		.uleb128 0xa1
 9340 00c9 7A150000 		.4byte	.LASF952
 9341 00cd 05       		.byte	0x5
 9342 00ce A201     		.uleb128 0xa2
 9343 00d0 0C000000 		.4byte	.LASF953
 9344 00d4 05       		.byte	0x5
 9345 00d5 A401     		.uleb128 0xa4
 9346 00d7 EA960000 		.4byte	.LASF954
 9347 00db 05       		.byte	0x5
 9348 00dc A501     		.uleb128 0xa5
 9349 00de 3C7E0000 		.4byte	.LASF955
 9350 00e2 05       		.byte	0x5
 9351 00e3 A601     		.uleb128 0xa6
 9352 00e5 04970000 		.4byte	.LASF956
 9353 00e9 05       		.byte	0x5
 9354 00ea AE01     		.uleb128 0xae
 9355 00ec EA080000 		.4byte	.LASF957
 9356 00f0 05       		.byte	0x5
 9357 00f1 E904     		.uleb128 0x269
 9358 00f3 307C0000 		.4byte	.LASF958
 9359 00f7 05       		.byte	0x5
 9360 00f8 EB04     		.uleb128 0x26b
 9361 00fa A07D0000 		.4byte	.LASF959
 9362 00fe 05       		.byte	0x5
 9363 00ff 8E05     		.uleb128 0x28e
 9364 0101 60480000 		.4byte	.LASF960
 9365 0105 05       		.byte	0x5
 9366 0106 AB05     		.uleb128 0x2ab
 9367 0108 3E970000 		.4byte	.LASF961
 9368 010c 05       		.byte	0x5
 9369 010d CF05     		.uleb128 0x2cf
 9370 010f 9C720000 		.4byte	.LASF962
 9371 0113 05       		.byte	0x5
 9372 0114 D005     		.uleb128 0x2d0
 9373 0116 526C0000 		.4byte	.LASF963
 9374 011a 05       		.byte	0x5
 9375 011b D105     		.uleb128 0x2d1
 9376 011d 5B2E0000 		.4byte	.LASF964
 9377 0121 05       		.byte	0x5
ARM GAS  /var/folders/65/xyhbx3_n6nd_hs7j3p9nfwv80000gn/T//ccFweXAW.s 			page 167


 9378 0122 D205     		.uleb128 0x2d2
 9379 0124 B37C0000 		.4byte	.LASF965
 9380 0128 05       		.byte	0x5
 9381 0129 D605     		.uleb128 0x2d6
 9382 012b 09030000 		.4byte	.LASF966
 9383 012f 05       		.byte	0x5
 9384 0130 D705     		.uleb128 0x2d7
 9385 0132 37130000 		.4byte	.LASF967
 9386 0136 05       		.byte	0x5
 9387 0137 D805     		.uleb128 0x2d8
 9388 0139 A1900000 		.4byte	.LASF968
 9389 013d 05       		.byte	0x5
 9390 013e DB05     		.uleb128 0x2db
 9391 0140 EB2D0000 		.4byte	.LASF969
 9392 0144 05       		.byte	0x5
 9393 0145 DC05     		.uleb128 0x2dc
 9394 0147 0E060000 		.4byte	.LASF970
 9395 014b 05       		.byte	0x5
 9396 014c DD05     		.uleb128 0x2dd
 9397 014e 151C0000 		.4byte	.LASF971
 9398 0152 05       		.byte	0x5
 9399 0153 FF05     		.uleb128 0x2ff
 9400 0155 02890000 		.4byte	.LASF972
 9401 0159 05       		.byte	0x5
 9402 015a 8006     		.uleb128 0x300
 9403 015c 9F610000 		.4byte	.LASF973
 9404 0160 05       		.byte	0x5
 9405 0161 8606     		.uleb128 0x306
 9406 0163 52530000 		.4byte	.LASF974
 9407 0167 05       		.byte	0x5
 9408 0168 8E06     		.uleb128 0x30e
 9409 016a D31C0000 		.4byte	.LASF975
 9410 016e 00       		.byte	0
 9411              		.section	.debug_macro,"G",%progbits,wm4.stdlib.h.13.4ed386f5c1a80d71e72172885d946ef2,comdat
 9412              	.Ldebug_macro33:
 9413 0000 0400     		.2byte	0x4
 9414 0002 00       		.byte	0
 9415 0003 05       		.byte	0x5
 9416 0004 0D       		.uleb128 0xd
 9417 0005 D1390000 		.4byte	.LASF529
 9418 0009 05       		.byte	0x5
 9419 000a 0E       		.uleb128 0xe
 9420 000b B47A0000 		.4byte	.LASF977
 9421 000f 05       		.byte	0x5
 9422 0010 0F       		.uleb128 0xf
 9423 0011 E86D0000 		.4byte	.LASF530
 9424 0015 00       		.byte	0
 9425              		.section	.debug_macro,"G",%progbits,wm4.stddef.h.155.ba788add86a0e365f264484f110c3c29,comdat
 9426              	.Ldebug_macro34:
 9427 0000 0400     		.2byte	0x4
 9428 0002 00       		.byte	0
 9429 0003 06       		.byte	0x6
 9430 0004 9B01     		.uleb128 0x9b
 9431 0006 3F5F0000 		.4byte	.LASF699
 9432 000a 06       		.byte	0x6
 9433 000b E701     		.uleb128 0xe7
 9434 000d 313B0000 		.4byte	.LASF562
ARM GAS  /var/folders/65/xyhbx3_n6nd_hs7j3p9nfwv80000gn/T//ccFweXAW.s 			page 168


 9435 0011 06       		.byte	0x6
 9436 0012 D402     		.uleb128 0x154
 9437 0014 F66F0000 		.4byte	.LASF716
 9438 0018 06       		.byte	0x6
 9439 0019 8603     		.uleb128 0x186
 9440 001b A4450000 		.4byte	.LASF563
 9441 001f 05       		.byte	0x5
 9442 0020 8B03     		.uleb128 0x18b
 9443 0022 736E0000 		.4byte	.LASF564
 9444 0026 06       		.byte	0x6
 9445 0027 9103     		.uleb128 0x191
 9446 0029 744F0000 		.4byte	.LASF565
 9447 002d 05       		.byte	0x5
 9448 002e 9603     		.uleb128 0x196
 9449 0030 804F0000 		.4byte	.LASF717
 9450 0034 00       		.byte	0
 9451              		.section	.debug_macro,"G",%progbits,wm4.alloca.h.8.dfc0c703c47ec3e69746825b17d9e66d,comdat
 9452              	.Ldebug_macro35:
 9453 0000 0400     		.2byte	0x4
 9454 0002 00       		.byte	0
 9455 0003 05       		.byte	0x5
 9456 0004 08       		.uleb128 0x8
 9457 0005 17510000 		.4byte	.LASF979
 9458 0009 06       		.byte	0x6
 9459 000a 0D       		.uleb128 0xd
 9460 000b 8D000000 		.4byte	.LASF980
 9461 000f 05       		.byte	0x5
 9462 0010 10       		.uleb128 0x10
 9463 0011 73410000 		.4byte	.LASF981
 9464 0015 00       		.byte	0
 9465              		.section	.debug_macro,"G",%progbits,wm4.stdlib.h.56.d4493cd3736e51e9d56335045f26df45,comdat
 9466              	.Ldebug_macro36:
 9467 0000 0400     		.2byte	0x4
 9468 0002 00       		.byte	0
 9469 0003 05       		.byte	0x5
 9470 0004 38       		.uleb128 0x38
 9471 0005 31610000 		.4byte	.LASF982
 9472 0009 05       		.byte	0x5
 9473 000a 3C       		.uleb128 0x3c
 9474 000b 0C8B0000 		.4byte	.LASF983
 9475 000f 05       		.byte	0x5
 9476 0010 3D       		.uleb128 0x3d
 9477 0011 81630000 		.4byte	.LASF984
 9478 0015 05       		.byte	0x5
 9479 0016 3F       		.uleb128 0x3f
 9480 0017 2A6B0000 		.4byte	.LASF985
 9481 001b 05       		.byte	0x5
 9482 001c 43       		.uleb128 0x43
 9483 001d 600C0000 		.4byte	.LASF986
 9484 0021 05       		.byte	0x5
 9485 0022 A501     		.uleb128 0xa5
 9486 0024 C7800000 		.4byte	.LASF987
 9487 0028 00       		.byte	0
 9488              		.section	.debug_macro,"G",%progbits,wm4.stdarg.h.31.3fa7b8f6daaa31edd1696c08c77f2a73,comdat
 9489              	.Ldebug_macro37:
 9490 0000 0400     		.2byte	0x4
 9491 0002 00       		.byte	0
ARM GAS  /var/folders/65/xyhbx3_n6nd_hs7j3p9nfwv80000gn/T//ccFweXAW.s 			page 169


 9492 0003 05       		.byte	0x5
 9493 0004 1F       		.uleb128 0x1f
 9494 0005 BC500000 		.4byte	.LASF988
 9495 0009 05       		.byte	0x5
 9496 000a 20       		.uleb128 0x20
 9497 000b 072F0000 		.4byte	.LASF989
 9498 000f 06       		.byte	0x6
 9499 0010 22       		.uleb128 0x22
 9500 0011 D0080000 		.4byte	.LASF720
 9501 0015 05       		.byte	0x5
 9502 0016 2F       		.uleb128 0x2f
 9503 0017 E0390000 		.4byte	.LASF990
 9504 001b 05       		.byte	0x5
 9505 001c 30       		.uleb128 0x30
 9506 001d C06B0000 		.4byte	.LASF991
 9507 0021 05       		.byte	0x5
 9508 0022 31       		.uleb128 0x31
 9509 0023 5F700000 		.4byte	.LASF992
 9510 0027 05       		.byte	0x5
 9511 0028 34       		.uleb128 0x34
 9512 0029 3E4D0000 		.4byte	.LASF993
 9513 002d 05       		.byte	0x5
 9514 002e 36       		.uleb128 0x36
 9515 002f 562B0000 		.4byte	.LASF994
 9516 0033 05       		.byte	0x5
 9517 0034 69       		.uleb128 0x69
 9518 0035 99370000 		.4byte	.LASF995
 9519 0039 05       		.byte	0x5
 9520 003a 6C       		.uleb128 0x6c
 9521 003b 8C820000 		.4byte	.LASF996
 9522 003f 05       		.byte	0x5
 9523 0040 72       		.uleb128 0x72
 9524 0041 0A850000 		.4byte	.LASF997
 9525 0045 05       		.byte	0x5
 9526 0046 75       		.uleb128 0x75
 9527 0047 4E130000 		.4byte	.LASF998
 9528 004b 00       		.byte	0
 9529              		.section	.debug_macro,"G",%progbits,wm4.string.h.8.c4b8571ce60dff2817f43fec8b86aecd,comdat
 9530              	.Ldebug_macro38:
 9531 0000 0400     		.2byte	0x4
 9532 0002 00       		.byte	0
 9533 0003 05       		.byte	0x5
 9534 0004 08       		.uleb128 0x8
 9535 0005 2C580000 		.4byte	.LASF999
 9536 0009 05       		.byte	0x5
 9537 000a 0F       		.uleb128 0xf
 9538 000b D1390000 		.4byte	.LASF529
 9539 000f 05       		.byte	0x5
 9540 0010 10       		.uleb128 0x10
 9541 0011 E86D0000 		.4byte	.LASF530
 9542 0015 00       		.byte	0
 9543              		.section	.debug_macro,"G",%progbits,wm4.math.h.13.adb102f7bd7860b1f241e149d6914a1e,comdat
 9544              	.Ldebug_macro39:
 9545 0000 0400     		.2byte	0x4
 9546 0002 00       		.byte	0
 9547 0003 05       		.byte	0x5
 9548 0004 0D       		.uleb128 0xd
ARM GAS  /var/folders/65/xyhbx3_n6nd_hs7j3p9nfwv80000gn/T//ccFweXAW.s 			page 170


 9549 0005 25200000 		.4byte	.LASF1003
 9550 0009 05       		.byte	0x5
 9551 000a 13       		.uleb128 0x13
 9552 000b 260A0000 		.4byte	.LASF1004
 9553 000f 05       		.byte	0x5
 9554 0010 17       		.uleb128 0x17
 9555 0011 42420000 		.4byte	.LASF1005
 9556 0015 05       		.byte	0x5
 9557 0016 1B       		.uleb128 0x1b
 9558 0017 75030000 		.4byte	.LASF1006
 9559 001b 05       		.byte	0x5
 9560 001c 1F       		.uleb128 0x1f
 9561 001d 8E890000 		.4byte	.LASF1007
 9562 0021 05       		.byte	0x5
 9563 0022 23       		.uleb128 0x23
 9564 0023 97870000 		.4byte	.LASF1008
 9565 0027 05       		.byte	0x5
 9566 0028 9101     		.uleb128 0x91
 9567 002a 89970000 		.4byte	.LASF1009
 9568 002e 05       		.byte	0x5
 9569 002f 9201     		.uleb128 0x92
 9570 0031 82370000 		.4byte	.LASF1010
 9571 0035 06       		.byte	0x6
 9572 0036 A801     		.uleb128 0xa8
 9573 0038 45290000 		.4byte	.LASF1011
 9574 003c 05       		.byte	0x5
 9575 003d AB01     		.uleb128 0xab
 9576 003f 35710000 		.4byte	.LASF1012
 9577 0043 05       		.byte	0x5
 9578 0044 AC01     		.uleb128 0xac
 9579 0046 A60C0000 		.4byte	.LASF1013
 9580 004a 05       		.byte	0x5
 9581 004b AD01     		.uleb128 0xad
 9582 004d D95D0000 		.4byte	.LASF1014
 9583 0051 05       		.byte	0x5
 9584 0052 AE01     		.uleb128 0xae
 9585 0054 17800000 		.4byte	.LASF1015
 9586 0058 05       		.byte	0x5
 9587 0059 AF01     		.uleb128 0xaf
 9588 005b E6280000 		.4byte	.LASF1016
 9589 005f 05       		.byte	0x5
 9590 0060 B201     		.uleb128 0xb2
 9591 0062 65880000 		.4byte	.LASF1017
 9592 0066 05       		.byte	0x5
 9593 0067 B501     		.uleb128 0xb5
 9594 0069 D1810000 		.4byte	.LASF1018
 9595 006d 05       		.byte	0x5
 9596 006e B901     		.uleb128 0xb9
 9597 0070 FE270000 		.4byte	.LASF1019
 9598 0074 05       		.byte	0x5
 9599 0075 BC01     		.uleb128 0xbc
 9600 0077 46000000 		.4byte	.LASF1020
 9601 007b 05       		.byte	0x5
 9602 007c BF01     		.uleb128 0xbf
 9603 007e F2740000 		.4byte	.LASF1021
 9604 0082 05       		.byte	0x5
 9605 0083 D301     		.uleb128 0xd3
ARM GAS  /var/folders/65/xyhbx3_n6nd_hs7j3p9nfwv80000gn/T//ccFweXAW.s 			page 171


 9606 0085 E71D0000 		.4byte	.LASF1022
 9607 0089 05       		.byte	0x5
 9608 008a D701     		.uleb128 0xd7
 9609 008c 691B0000 		.4byte	.LASF1023
 9610 0090 05       		.byte	0x5
 9611 0091 DA01     		.uleb128 0xda
 9612 0093 58210000 		.4byte	.LASF1024
 9613 0097 05       		.byte	0x5
 9614 0098 DD01     		.uleb128 0xdd
 9615 009a 178F0000 		.4byte	.LASF1025
 9616 009e 05       		.byte	0x5
 9617 009f DF01     		.uleb128 0xdf
 9618 00a1 035D0000 		.4byte	.LASF1026
 9619 00a5 05       		.byte	0x5
 9620 00a6 F401     		.uleb128 0xf4
 9621 00a8 505F0000 		.4byte	.LASF1027
 9622 00ac 05       		.byte	0x5
 9623 00ad 8402     		.uleb128 0x104
 9624 00af DC530000 		.4byte	.LASF1028
 9625 00b3 05       		.byte	0x5
 9626 00b4 8502     		.uleb128 0x105
 9627 00b6 D0520000 		.4byte	.LASF1029
 9628 00ba 05       		.byte	0x5
 9629 00bb 8602     		.uleb128 0x106
 9630 00bd 62850000 		.4byte	.LASF1030
 9631 00c1 05       		.byte	0x5
 9632 00c2 8702     		.uleb128 0x107
 9633 00c4 BB910000 		.4byte	.LASF1031
 9634 00c8 05       		.byte	0x5
 9635 00c9 8802     		.uleb128 0x108
 9636 00cb 7C2B0000 		.4byte	.LASF1032
 9637 00cf 05       		.byte	0x5
 9638 00d0 8902     		.uleb128 0x109
 9639 00d2 2A8B0000 		.4byte	.LASF1033
 9640 00d6 05       		.byte	0x5
 9641 00d7 CD02     		.uleb128 0x14d
 9642 00d9 FC4E0000 		.4byte	.LASF1034
 9643 00dd 05       		.byte	0x5
 9644 00de B404     		.uleb128 0x234
 9645 00e0 802D0000 		.4byte	.LASF1035
 9646 00e4 05       		.byte	0x5
 9647 00e5 B804     		.uleb128 0x238
 9648 00e7 7A100000 		.4byte	.LASF1036
 9649 00eb 05       		.byte	0x5
 9650 00ec D504     		.uleb128 0x255
 9651 00ee 3D160000 		.4byte	.LASF1037
 9652 00f2 05       		.byte	0x5
 9653 00f3 D604     		.uleb128 0x256
 9654 00f5 88230000 		.4byte	.LASF1038
 9655 00f9 05       		.byte	0x5
 9656 00fa D704     		.uleb128 0x257
 9657 00fc 6F120000 		.4byte	.LASF1039
 9658 0100 05       		.byte	0x5
 9659 0101 D804     		.uleb128 0x258
 9660 0103 555D0000 		.4byte	.LASF1040
 9661 0107 05       		.byte	0x5
 9662 0108 D904     		.uleb128 0x259
ARM GAS  /var/folders/65/xyhbx3_n6nd_hs7j3p9nfwv80000gn/T//ccFweXAW.s 			page 172


 9663 010a 5A850000 		.4byte	.LASF1041
 9664 010e 05       		.byte	0x5
 9665 010f DA04     		.uleb128 0x25a
 9666 0111 97030000 		.4byte	.LASF1042
 9667 0115 05       		.byte	0x5
 9668 0116 E204     		.uleb128 0x262
 9669 0118 FA070000 		.4byte	.LASF1043
 9670 011c 05       		.byte	0x5
 9671 011d E404     		.uleb128 0x264
 9672 011f 4E200000 		.4byte	.LASF1044
 9673 0123 05       		.byte	0x5
 9674 0124 E504     		.uleb128 0x265
 9675 0126 7B950000 		.4byte	.LASF1045
 9676 012a 05       		.byte	0x5
 9677 012b E604     		.uleb128 0x266
 9678 012d 12720000 		.4byte	.LASF1046
 9679 0131 05       		.byte	0x5
 9680 0132 E704     		.uleb128 0x267
 9681 0134 32720000 		.4byte	.LASF1047
 9682 0138 05       		.byte	0x5
 9683 0139 E804     		.uleb128 0x268
 9684 013b BF1F0000 		.4byte	.LASF1048
 9685 013f 05       		.byte	0x5
 9686 0140 E904     		.uleb128 0x269
 9687 0142 C2680000 		.4byte	.LASF1049
 9688 0146 05       		.byte	0x5
 9689 0147 EA04     		.uleb128 0x26a
 9690 0149 7F5C0000 		.4byte	.LASF1050
 9691 014d 05       		.byte	0x5
 9692 014e EB04     		.uleb128 0x26b
 9693 0150 8E6D0000 		.4byte	.LASF1051
 9694 0154 05       		.byte	0x5
 9695 0155 EC04     		.uleb128 0x26c
 9696 0157 C60B0000 		.4byte	.LASF1052
 9697 015b 05       		.byte	0x5
 9698 015c ED04     		.uleb128 0x26d
 9699 015e E4650000 		.4byte	.LASF1053
 9700 0162 05       		.byte	0x5
 9701 0163 EE04     		.uleb128 0x26e
 9702 0165 967E0000 		.4byte	.LASF1054
 9703 0169 05       		.byte	0x5
 9704 016a EF04     		.uleb128 0x26f
 9705 016c D1210000 		.4byte	.LASF1055
 9706 0170 05       		.byte	0x5
 9707 0171 F004     		.uleb128 0x270
 9708 0173 7E8D0000 		.4byte	.LASF1056
 9709 0177 05       		.byte	0x5
 9710 0178 F604     		.uleb128 0x276
 9711 017a AD1D0000 		.4byte	.LASF1057
 9712 017e 05       		.byte	0x5
 9713 017f F704     		.uleb128 0x277
 9714 0181 C0600000 		.4byte	.LASF1058
 9715 0185 05       		.byte	0x5
 9716 0186 F804     		.uleb128 0x278
 9717 0188 3F490000 		.4byte	.LASF1059
 9718 018c 05       		.byte	0x5
 9719 018d F904     		.uleb128 0x279
ARM GAS  /var/folders/65/xyhbx3_n6nd_hs7j3p9nfwv80000gn/T//ccFweXAW.s 			page 173


 9720 018f 15950000 		.4byte	.LASF1060
 9721 0193 05       		.byte	0x5
 9722 0194 FA04     		.uleb128 0x27a
 9723 0196 064E0000 		.4byte	.LASF1061
 9724 019a 05       		.byte	0x5
 9725 019b FB04     		.uleb128 0x27b
 9726 019d 3F870000 		.4byte	.LASF1062
 9727 01a1 05       		.byte	0x5
 9728 01a2 FC04     		.uleb128 0x27c
 9729 01a4 20910000 		.4byte	.LASF1063
 9730 01a8 05       		.byte	0x5
 9731 01a9 FD04     		.uleb128 0x27d
 9732 01ab 03680000 		.4byte	.LASF1064
 9733 01af 05       		.byte	0x5
 9734 01b0 FE04     		.uleb128 0x27e
 9735 01b2 6C310000 		.4byte	.LASF1065
 9736 01b6 05       		.byte	0x5
 9737 01b7 8A05     		.uleb128 0x28a
 9738 01b9 FE730000 		.4byte	.LASF1066
 9739 01bd 05       		.byte	0x5
 9740 01be 8B05     		.uleb128 0x28b
 9741 01c0 5B600000 		.4byte	.LASF1067
 9742 01c4 05       		.byte	0x5
 9743 01c5 8F05     		.uleb128 0x28f
 9744 01c7 548D0000 		.4byte	.LASF1068
 9745 01cb 05       		.byte	0x5
 9746 01cc 9005     		.uleb128 0x290
 9747 01ce AE170000 		.4byte	.LASF1069
 9748 01d2 05       		.byte	0x5
 9749 01d3 9105     		.uleb128 0x291
 9750 01d5 A9440000 		.4byte	.LASF1070
 9751 01d9 05       		.byte	0x5
 9752 01da 9205     		.uleb128 0x292
 9753 01dc D27C0000 		.4byte	.LASF1071
 9754 01e0 00       		.byte	0
 9755              		.section	.debug_macro,"G",%progbits,wm4.float.h.29.0e9d9baf95ec39f9555dc80c6e28186b,comdat
 9756              	.Ldebug_macro40:
 9757 0000 0400     		.2byte	0x4
 9758 0002 00       		.byte	0
 9759 0003 05       		.byte	0x5
 9760 0004 1D       		.uleb128 0x1d
 9761 0005 99950000 		.4byte	.LASF1072
 9762 0009 06       		.byte	0x6
 9763 000a 20       		.uleb128 0x20
 9764 000b C91C0000 		.4byte	.LASF1073
 9765 000f 05       		.byte	0x5
 9766 0010 21       		.uleb128 0x21
 9767 0011 09480000 		.4byte	.LASF1074
 9768 0015 06       		.byte	0x6
 9769 0016 24       		.uleb128 0x24
 9770 0017 A3460000 		.4byte	.LASF1075
 9771 001b 06       		.byte	0x6
 9772 001c 25       		.uleb128 0x25
 9773 001d 23190000 		.4byte	.LASF1076
 9774 0021 06       		.byte	0x6
 9775 0022 26       		.uleb128 0x26
 9776 0023 47320000 		.4byte	.LASF1077
ARM GAS  /var/folders/65/xyhbx3_n6nd_hs7j3p9nfwv80000gn/T//ccFweXAW.s 			page 174


 9777 0027 05       		.byte	0x5
 9778 0028 27       		.uleb128 0x27
 9779 0029 BD190000 		.4byte	.LASF1078
 9780 002d 05       		.byte	0x5
 9781 002e 28       		.uleb128 0x28
 9782 002f 06380000 		.4byte	.LASF1079
 9783 0033 05       		.byte	0x5
 9784 0034 29       		.uleb128 0x29
 9785 0035 60940000 		.4byte	.LASF1080
 9786 0039 06       		.byte	0x6
 9787 003a 32       		.uleb128 0x32
 9788 003b 5F060000 		.4byte	.LASF1081
 9789 003f 06       		.byte	0x6
 9790 0040 33       		.uleb128 0x33
 9791 0041 3A8F0000 		.4byte	.LASF1082
 9792 0045 06       		.byte	0x6
 9793 0046 34       		.uleb128 0x34
 9794 0047 728C0000 		.4byte	.LASF1083
 9795 004b 05       		.byte	0x5
 9796 004c 35       		.uleb128 0x35
 9797 004d 367D0000 		.4byte	.LASF1084
 9798 0051 05       		.byte	0x5
 9799 0052 36       		.uleb128 0x36
 9800 0053 1C030000 		.4byte	.LASF1085
 9801 0057 05       		.byte	0x5
 9802 0058 37       		.uleb128 0x37
 9803 0059 3E1A0000 		.4byte	.LASF1086
 9804 005d 06       		.byte	0x6
 9805 005e 3A       		.uleb128 0x3a
 9806 005f D68C0000 		.4byte	.LASF1087
 9807 0063 06       		.byte	0x6
 9808 0064 3B       		.uleb128 0x3b
 9809 0065 824E0000 		.4byte	.LASF1088
 9810 0069 06       		.byte	0x6
 9811 006a 3C       		.uleb128 0x3c
 9812 006b 57650000 		.4byte	.LASF1089
 9813 006f 05       		.byte	0x5
 9814 0070 3D       		.uleb128 0x3d
 9815 0071 820D0000 		.4byte	.LASF1090
 9816 0075 05       		.byte	0x5
 9817 0076 3E       		.uleb128 0x3e
 9818 0077 F2090000 		.4byte	.LASF1091
 9819 007b 05       		.byte	0x5
 9820 007c 3F       		.uleb128 0x3f
 9821 007d A23A0000 		.4byte	.LASF1092
 9822 0081 06       		.byte	0x6
 9823 0082 46       		.uleb128 0x46
 9824 0083 EE7B0000 		.4byte	.LASF1093
 9825 0087 06       		.byte	0x6
 9826 0088 47       		.uleb128 0x47
 9827 0089 40250000 		.4byte	.LASF1094
 9828 008d 06       		.byte	0x6
 9829 008e 48       		.uleb128 0x48
 9830 008f 107B0000 		.4byte	.LASF1095
 9831 0093 05       		.byte	0x5
 9832 0094 49       		.uleb128 0x49
 9833 0095 BC020000 		.4byte	.LASF1096
ARM GAS  /var/folders/65/xyhbx3_n6nd_hs7j3p9nfwv80000gn/T//ccFweXAW.s 			page 175


 9834 0099 05       		.byte	0x5
 9835 009a 4A       		.uleb128 0x4a
 9836 009b 70290000 		.4byte	.LASF1097
 9837 009f 05       		.byte	0x5
 9838 00a0 4B       		.uleb128 0x4b
 9839 00a1 23140000 		.4byte	.LASF1098
 9840 00a5 06       		.byte	0x6
 9841 00a6 4E       		.uleb128 0x4e
 9842 00a7 74650000 		.4byte	.LASF1099
 9843 00ab 06       		.byte	0x6
 9844 00ac 4F       		.uleb128 0x4f
 9845 00ad 49330000 		.4byte	.LASF1100
 9846 00b1 06       		.byte	0x6
 9847 00b2 50       		.uleb128 0x50
 9848 00b3 156E0000 		.4byte	.LASF1101
 9849 00b7 05       		.byte	0x5
 9850 00b8 51       		.uleb128 0x51
 9851 00b9 6D970000 		.4byte	.LASF1102
 9852 00bd 05       		.byte	0x5
 9853 00be 52       		.uleb128 0x52
 9854 00bf E50A0000 		.4byte	.LASF1103
 9855 00c3 05       		.byte	0x5
 9856 00c4 53       		.uleb128 0x53
 9857 00c5 3F070000 		.4byte	.LASF1104
 9858 00c9 06       		.byte	0x6
 9859 00ca 5A       		.uleb128 0x5a
 9860 00cb AE450000 		.4byte	.LASF1105
 9861 00cf 06       		.byte	0x6
 9862 00d0 5B       		.uleb128 0x5b
 9863 00d1 FF890000 		.4byte	.LASF1106
 9864 00d5 06       		.byte	0x6
 9865 00d6 5C       		.uleb128 0x5c
 9866 00d7 30450000 		.4byte	.LASF1107
 9867 00db 05       		.byte	0x5
 9868 00dc 5D       		.uleb128 0x5d
 9869 00dd 24380000 		.4byte	.LASF1108
 9870 00e1 05       		.byte	0x5
 9871 00e2 5E       		.uleb128 0x5e
 9872 00e3 8F360000 		.4byte	.LASF1109
 9873 00e7 05       		.byte	0x5
 9874 00e8 5F       		.uleb128 0x5f
 9875 00e9 A4630000 		.4byte	.LASF1110
 9876 00ed 06       		.byte	0x6
 9877 00ee 65       		.uleb128 0x65
 9878 00ef DA140000 		.4byte	.LASF1111
 9879 00f3 06       		.byte	0x6
 9880 00f4 66       		.uleb128 0x66
 9881 00f5 8B6A0000 		.4byte	.LASF1112
 9882 00f9 06       		.byte	0x6
 9883 00fa 67       		.uleb128 0x67
 9884 00fb B3680000 		.4byte	.LASF1113
 9885 00ff 05       		.byte	0x5
 9886 0100 68       		.uleb128 0x68
 9887 0101 8F1C0000 		.4byte	.LASF1114
 9888 0105 05       		.byte	0x5
 9889 0106 69       		.uleb128 0x69
 9890 0107 F5250000 		.4byte	.LASF1115
ARM GAS  /var/folders/65/xyhbx3_n6nd_hs7j3p9nfwv80000gn/T//ccFweXAW.s 			page 176


 9891 010b 05       		.byte	0x5
 9892 010c 6A       		.uleb128 0x6a
 9893 010d 513D0000 		.4byte	.LASF1116
 9894 0111 06       		.byte	0x6
 9895 0112 6E       		.uleb128 0x6e
 9896 0113 9F7A0000 		.4byte	.LASF1117
 9897 0117 06       		.byte	0x6
 9898 0118 6F       		.uleb128 0x6f
 9899 0119 BD7B0000 		.4byte	.LASF1118
 9900 011d 06       		.byte	0x6
 9901 011e 70       		.uleb128 0x70
 9902 011f 5D930000 		.4byte	.LASF1119
 9903 0123 05       		.byte	0x5
 9904 0124 71       		.uleb128 0x71
 9905 0125 AF490000 		.4byte	.LASF1120
 9906 0129 05       		.byte	0x5
 9907 012a 72       		.uleb128 0x72
 9908 012b 92270000 		.4byte	.LASF1121
 9909 012f 05       		.byte	0x5
 9910 0130 73       		.uleb128 0x73
 9911 0131 59790000 		.4byte	.LASF1122
 9912 0135 06       		.byte	0x6
 9913 0136 76       		.uleb128 0x76
 9914 0137 853A0000 		.4byte	.LASF1123
 9915 013b 06       		.byte	0x6
 9916 013c 77       		.uleb128 0x77
 9917 013d E6220000 		.4byte	.LASF1124
 9918 0141 06       		.byte	0x6
 9919 0142 78       		.uleb128 0x78
 9920 0143 6F930000 		.4byte	.LASF1125
 9921 0147 05       		.byte	0x5
 9922 0148 79       		.uleb128 0x79
 9923 0149 01310000 		.4byte	.LASF1126
 9924 014d 05       		.byte	0x5
 9925 014e 7A       		.uleb128 0x7a
 9926 014f 70490000 		.4byte	.LASF1127
 9927 0153 05       		.byte	0x5
 9928 0154 7B       		.uleb128 0x7b
 9929 0155 74610000 		.4byte	.LASF1128
 9930 0159 06       		.byte	0x6
 9931 015a 7F       		.uleb128 0x7f
 9932 015b 3C050000 		.4byte	.LASF1129
 9933 015f 05       		.byte	0x5
 9934 0160 8001     		.uleb128 0x80
 9935 0162 E5630000 		.4byte	.LASF1130
 9936 0166 06       		.byte	0x6
 9937 0167 C101     		.uleb128 0xc1
 9938 0169 45290000 		.4byte	.LASF1011
 9939 016d 05       		.byte	0x5
 9940 016e C501     		.uleb128 0xc5
 9941 0170 89970000 		.4byte	.LASF1009
 9942 0174 06       		.byte	0x6
 9943 0175 D001     		.uleb128 0xd0
 9944 0177 2C4B0000 		.4byte	.LASF1131
 9945 017b 05       		.byte	0x5
 9946 017c D101     		.uleb128 0xd1
 9947 017e A6420000 		.4byte	.LASF1132
ARM GAS  /var/folders/65/xyhbx3_n6nd_hs7j3p9nfwv80000gn/T//ccFweXAW.s 			page 177


 9948 0182 06       		.byte	0x6
 9949 0183 D801     		.uleb128 0xd8
 9950 0185 A0310000 		.4byte	.LASF1133
 9951 0189 06       		.byte	0x6
 9952 018a D901     		.uleb128 0xd9
 9953 018c DC700000 		.4byte	.LASF1134
 9954 0190 06       		.byte	0x6
 9955 0191 DA01     		.uleb128 0xda
 9956 0193 A16A0000 		.4byte	.LASF1135
 9957 0197 05       		.byte	0x5
 9958 0198 DB01     		.uleb128 0xdb
 9959 019a 3E6D0000 		.4byte	.LASF1136
 9960 019e 05       		.byte	0x5
 9961 019f DC01     		.uleb128 0xdc
 9962 01a1 43510000 		.4byte	.LASF1137
 9963 01a5 05       		.byte	0x5
 9964 01a6 DD01     		.uleb128 0xdd
 9965 01a8 1D2A0000 		.4byte	.LASF1138
 9966 01ac 06       		.byte	0x6
 9967 01ad E001     		.uleb128 0xe0
 9968 01af 2C5D0000 		.4byte	.LASF1139
 9969 01b3 06       		.byte	0x6
 9970 01b4 E101     		.uleb128 0xe1
 9971 01b6 D68E0000 		.4byte	.LASF1140
 9972 01ba 06       		.byte	0x6
 9973 01bb E201     		.uleb128 0xe2
 9974 01bd FC8F0000 		.4byte	.LASF1141
 9975 01c1 05       		.byte	0x5
 9976 01c2 E301     		.uleb128 0xe3
 9977 01c4 0C6A0000 		.4byte	.LASF1142
 9978 01c8 05       		.byte	0x5
 9979 01c9 E401     		.uleb128 0xe4
 9980 01cb FE320000 		.4byte	.LASF1143
 9981 01cf 05       		.byte	0x5
 9982 01d0 E501     		.uleb128 0xe5
 9983 01d2 CA320000 		.4byte	.LASF1144
 9984 01d6 06       		.byte	0x6
 9985 01d7 E801     		.uleb128 0xe8
 9986 01d9 0E090000 		.4byte	.LASF1145
 9987 01dd 06       		.byte	0x6
 9988 01de E901     		.uleb128 0xe9
 9989 01e0 BA750000 		.4byte	.LASF1146
 9990 01e4 06       		.byte	0x6
 9991 01e5 EA01     		.uleb128 0xea
 9992 01e7 B78D0000 		.4byte	.LASF1147
 9993 01eb 05       		.byte	0x5
 9994 01ec EB01     		.uleb128 0xeb
 9995 01ee 1C050000 		.4byte	.LASF1148
 9996 01f2 05       		.byte	0x5
 9997 01f3 EC01     		.uleb128 0xec
 9998 01f5 AC6D0000 		.4byte	.LASF1149
 9999 01f9 05       		.byte	0x5
 10000 01fa ED01     		.uleb128 0xed
 10001 01fc F7440000 		.4byte	.LASF1150
 10002 0200 00       		.byte	0
 10003              		.section	.debug_macro,"G",%progbits,wm4.syslimits.h.38.a5cadcb164df32bfe95032c693331b67,comdat
 10004              	.Ldebug_macro41:
ARM GAS  /var/folders/65/xyhbx3_n6nd_hs7j3p9nfwv80000gn/T//ccFweXAW.s 			page 178


 10005 0000 0400     		.2byte	0x4
 10006 0002 00       		.byte	0
 10007 0003 05       		.byte	0x5
 10008 0004 26       		.uleb128 0x26
 10009 0005 F20C0000 		.4byte	.LASF1154
 10010 0009 05       		.byte	0x5
 10011 000a 28       		.uleb128 0x28
 10012 000b 952A0000 		.4byte	.LASF1155
 10013 000f 05       		.byte	0x5
 10014 0010 2A       		.uleb128 0x2a
 10015 0011 850A0000 		.4byte	.LASF1156
 10016 0015 05       		.byte	0x5
 10017 0016 2C       		.uleb128 0x2c
 10018 0017 376F0000 		.4byte	.LASF1157
 10019 001b 05       		.byte	0x5
 10020 001c 2D       		.uleb128 0x2d
 10021 001d 9F620000 		.4byte	.LASF1158
 10022 0021 05       		.byte	0x5
 10023 0022 2E       		.uleb128 0x2e
 10024 0023 3A480000 		.4byte	.LASF1159
 10025 0027 05       		.byte	0x5
 10026 0028 2F       		.uleb128 0x2f
 10027 0029 A33F0000 		.4byte	.LASF1160
 10028 002d 05       		.byte	0x5
 10029 002e 30       		.uleb128 0x30
 10030 002f C5920000 		.4byte	.LASF1161
 10031 0033 05       		.byte	0x5
 10032 0034 32       		.uleb128 0x32
 10033 0035 37950000 		.4byte	.LASF1162
 10034 0039 05       		.byte	0x5
 10035 003a 34       		.uleb128 0x34
 10036 003b A5250000 		.4byte	.LASF1163
 10037 003f 05       		.byte	0x5
 10038 0040 35       		.uleb128 0x35
 10039 0041 1B700000 		.4byte	.LASF1164
 10040 0045 05       		.byte	0x5
 10041 0046 36       		.uleb128 0x36
 10042 0047 93910000 		.4byte	.LASF1165
 10043 004b 05       		.byte	0x5
 10044 004c 38       		.uleb128 0x38
 10045 004d 1F180000 		.4byte	.LASF1166
 10046 0051 05       		.byte	0x5
 10047 0052 39       		.uleb128 0x39
 10048 0053 BA2F0000 		.4byte	.LASF1167
 10049 0057 05       		.byte	0x5
 10050 0058 3A       		.uleb128 0x3a
 10051 0059 C6360000 		.4byte	.LASF1168
 10052 005d 05       		.byte	0x5
 10053 005e 3B       		.uleb128 0x3b
 10054 005f 87760000 		.4byte	.LASF1169
 10055 0063 05       		.byte	0x5
 10056 0064 3C       		.uleb128 0x3c
 10057 0065 837E0000 		.4byte	.LASF1170
 10058 0069 05       		.byte	0x5
 10059 006a 3D       		.uleb128 0x3d
 10060 006b 863C0000 		.4byte	.LASF1171
 10061 006f 05       		.byte	0x5
ARM GAS  /var/folders/65/xyhbx3_n6nd_hs7j3p9nfwv80000gn/T//ccFweXAW.s 			page 179


 10062 0070 3E       		.uleb128 0x3e
 10063 0071 96450000 		.4byte	.LASF1172
 10064 0075 05       		.byte	0x5
 10065 0076 3F       		.uleb128 0x3f
 10066 0077 AE5D0000 		.4byte	.LASF1173
 10067 007b 00       		.byte	0
 10068              		.section	.debug_macro,"G",%progbits,wm4.limits.h.9.70fb0ada6f71b16202a66baaa6d8ea70,comdat
 10069              	.Ldebug_macro42:
 10070 0000 0400     		.2byte	0x4
 10071 0002 00       		.byte	0
 10072 0003 05       		.byte	0x5
 10073 0004 09       		.uleb128 0x9
 10074 0005 A1940000 		.4byte	.LASF1174
 10075 0009 05       		.byte	0x5
 10076 000a 10       		.uleb128 0x10
 10077 000b 4F030000 		.4byte	.LASF1175
 10078 000f 05       		.byte	0x5
 10079 0010 8A01     		.uleb128 0x8a
 10080 0012 FE6D0000 		.4byte	.LASF1176
 10081 0016 00       		.byte	0
 10082              		.section	.debug_macro,"G",%progbits,wm4.limits.h.60.56a1ae353e2028a24298ec6463b8b593,comdat
 10083              	.Ldebug_macro43:
 10084 0000 0400     		.2byte	0x4
 10085 0002 00       		.byte	0
 10086 0003 05       		.byte	0x5
 10087 0004 3C       		.uleb128 0x3c
 10088 0005 3F780000 		.4byte	.LASF1178
 10089 0009 06       		.byte	0x6
 10090 000a 3F       		.uleb128 0x3f
 10091 000b C37F0000 		.4byte	.LASF1179
 10092 000f 05       		.byte	0x5
 10093 0010 40       		.uleb128 0x40
 10094 0011 AE1E0000 		.4byte	.LASF1180
 10095 0015 06       		.byte	0x6
 10096 0016 48       		.uleb128 0x48
 10097 0017 8B7D0000 		.4byte	.LASF1181
 10098 001b 05       		.byte	0x5
 10099 001c 49       		.uleb128 0x49
 10100 001d 31660000 		.4byte	.LASF1182
 10101 0021 06       		.byte	0x6
 10102 0022 4A       		.uleb128 0x4a
 10103 0023 3F630000 		.4byte	.LASF1183
 10104 0027 05       		.byte	0x5
 10105 0028 4B       		.uleb128 0x4b
 10106 0029 5F390000 		.4byte	.LASF1184
 10107 002d 06       		.byte	0x6
 10108 002e 4E       		.uleb128 0x4e
 10109 002f F66B0000 		.4byte	.LASF1185
 10110 0033 05       		.byte	0x5
 10111 0034 52       		.uleb128 0x52
 10112 0035 F0050000 		.4byte	.LASF1186
 10113 0039 06       		.byte	0x6
 10114 003a 57       		.uleb128 0x57
 10115 003b 85890000 		.4byte	.LASF1187
 10116 003f 05       		.byte	0x5
 10117 0040 5B       		.uleb128 0x5b
 10118 0041 AE130000 		.4byte	.LASF1188
ARM GAS  /var/folders/65/xyhbx3_n6nd_hs7j3p9nfwv80000gn/T//ccFweXAW.s 			page 180


 10119 0045 06       		.byte	0x6
 10120 0046 5D       		.uleb128 0x5d
 10121 0047 F2280000 		.4byte	.LASF1189
 10122 004b 05       		.byte	0x5
 10123 004c 5E       		.uleb128 0x5e
 10124 004d 0F8E0000 		.4byte	.LASF1190
 10125 0051 06       		.byte	0x6
 10126 0052 67       		.uleb128 0x67
 10127 0053 92290000 		.4byte	.LASF1191
 10128 0057 05       		.byte	0x5
 10129 0058 68       		.uleb128 0x68
 10130 0059 C6250000 		.4byte	.LASF1192
 10131 005d 06       		.byte	0x6
 10132 005e 69       		.uleb128 0x69
 10133 005f 84000000 		.4byte	.LASF1193
 10134 0063 05       		.byte	0x5
 10135 0064 6A       		.uleb128 0x6a
 10136 0065 F6010000 		.4byte	.LASF1194
 10137 0069 06       		.byte	0x6
 10138 006a 6D       		.uleb128 0x6d
 10139 006b 4F950000 		.4byte	.LASF1195
 10140 006f 05       		.byte	0x5
 10141 0070 71       		.uleb128 0x71
 10142 0071 B9930000 		.4byte	.LASF1196
 10143 0075 06       		.byte	0x6
 10144 0076 75       		.uleb128 0x75
 10145 0077 64310000 		.4byte	.LASF1197
 10146 007b 05       		.byte	0x5
 10147 007c 76       		.uleb128 0x76
 10148 007d 6E0A0000 		.4byte	.LASF1198
 10149 0081 06       		.byte	0x6
 10150 0082 77       		.uleb128 0x77
 10151 0083 B87E0000 		.4byte	.LASF1199
 10152 0087 05       		.byte	0x5
 10153 0088 78       		.uleb128 0x78
 10154 0089 D83B0000 		.4byte	.LASF1200
 10155 008d 06       		.byte	0x6
 10156 008e 7B       		.uleb128 0x7b
 10157 008f DA860000 		.4byte	.LASF1201
 10158 0093 05       		.byte	0x5
 10159 0094 7C       		.uleb128 0x7c
 10160 0095 37090000 		.4byte	.LASF1202
 10161 0099 06       		.byte	0x6
 10162 009a 8001     		.uleb128 0x80
 10163 009c 665A0000 		.4byte	.LASF1203
 10164 00a0 05       		.byte	0x5
 10165 00a1 8101     		.uleb128 0x81
 10166 00a3 89460000 		.4byte	.LASF1204
 10167 00a7 06       		.byte	0x6
 10168 00a8 8201     		.uleb128 0x82
 10169 00aa 31460000 		.4byte	.LASF1205
 10170 00ae 05       		.byte	0x5
 10171 00af 8301     		.uleb128 0x83
 10172 00b1 64420000 		.4byte	.LASF1206
 10173 00b5 06       		.byte	0x6
 10174 00b6 8601     		.uleb128 0x86
 10175 00b8 A1390000 		.4byte	.LASF1207
ARM GAS  /var/folders/65/xyhbx3_n6nd_hs7j3p9nfwv80000gn/T//ccFweXAW.s 			page 181


 10176 00bc 05       		.byte	0x5
 10177 00bd 8701     		.uleb128 0x87
 10178 00bf 21330000 		.4byte	.LASF1208
 10179 00c3 06       		.byte	0x6
 10180 00c4 8B01     		.uleb128 0x8b
 10181 00c6 1C4A0000 		.4byte	.LASF1209
 10182 00ca 05       		.byte	0x5
 10183 00cb 8C01     		.uleb128 0x8c
 10184 00cd 9B150000 		.4byte	.LASF1210
 10185 00d1 06       		.byte	0x6
 10186 00d2 8D01     		.uleb128 0x8d
 10187 00d4 09420000 		.4byte	.LASF1211
 10188 00d8 05       		.byte	0x5
 10189 00d9 8E01     		.uleb128 0x8e
 10190 00db 9E8C0000 		.4byte	.LASF1212
 10191 00df 06       		.byte	0x6
 10192 00e0 9101     		.uleb128 0x91
 10193 00e2 C71A0000 		.4byte	.LASF1213
 10194 00e6 05       		.byte	0x5
 10195 00e7 9201     		.uleb128 0x92
 10196 00e9 1C820000 		.4byte	.LASF1214
 10197 00ed 06       		.byte	0x6
 10198 00ee 9701     		.uleb128 0x97
 10199 00f0 13870000 		.4byte	.LASF1215
 10200 00f4 05       		.byte	0x5
 10201 00f5 9801     		.uleb128 0x98
 10202 00f7 418A0000 		.4byte	.LASF1216
 10203 00fb 06       		.byte	0x6
 10204 00fc 9901     		.uleb128 0x99
 10205 00fe 90730000 		.4byte	.LASF1217
 10206 0102 05       		.byte	0x5
 10207 0103 9A01     		.uleb128 0x9a
 10208 0105 53160000 		.4byte	.LASF1218
 10209 0109 06       		.byte	0x6
 10210 010a 9D01     		.uleb128 0x9d
 10211 010c 9E070000 		.4byte	.LASF1219
 10212 0110 05       		.byte	0x5
 10213 0111 9E01     		.uleb128 0x9e
 10214 0113 7E690000 		.4byte	.LASF1220
 10215 0117 00       		.byte	0
 10216              		.section	.debug_macro,"G",%progbits,wm4.jsi.h.60.36926f71eb871f54934de2e413c7edb9,comdat
 10217              	.Ldebug_macro44:
 10218 0000 0400     		.2byte	0x4
 10219 0002 00       		.byte	0
 10220 0003 05       		.byte	0x5
 10221 0004 3C       		.uleb128 0x3c
 10222 0005 7F860000 		.4byte	.LASF1221
 10223 0009 05       		.byte	0x5
 10224 000a 3D       		.uleb128 0x3d
 10225 000b DE020000 		.4byte	.LASF1222
 10226 000f 05       		.byte	0x5
 10227 0010 51       		.uleb128 0x51
 10228 0011 9E730000 		.4byte	.LASF1223
 10229 0015 05       		.byte	0x5
 10230 0016 54       		.uleb128 0x54
 10231 0017 DB380000 		.4byte	.LASF1224
 10232 001b 05       		.byte	0x5
ARM GAS  /var/folders/65/xyhbx3_n6nd_hs7j3p9nfwv80000gn/T//ccFweXAW.s 			page 182


 10233 001c 57       		.uleb128 0x57
 10234 001d E46A0000 		.4byte	.LASF1225
 10235 0021 05       		.byte	0x5
 10236 0022 5B       		.uleb128 0x5b
 10237 0023 80450000 		.4byte	.LASF1226
 10238 0027 05       		.byte	0x5
 10239 0028 67       		.uleb128 0x67
 10240 0029 56960000 		.4byte	.LASF1227
 10241 002d 05       		.byte	0x5
 10242 002e 6B       		.uleb128 0x6b
 10243 002f 00590000 		.4byte	.LASF1228
 10244 0033 05       		.byte	0x5
 10245 0034 6F       		.uleb128 0x6f
 10246 0035 664E0000 		.4byte	.LASF1229
 10247 0039 05       		.byte	0x5
 10248 003a BB01     		.uleb128 0xbb
 10249 003c 98260000 		.4byte	.LASF1230
 10250 0040 00       		.byte	0
 10251              		.section	.debug_line,"",%progbits
 10252              	.Ldebug_line0:
 10253 0000 0D050000 		.section	.debug_str,"MS",%progbits,1
 10253      03000C04 
 10253      00000201 
 10253      FB0E0D00 
 10253      01010101 
 10254              	.LASF420:
 10255 0000 5F5F7468 		.ascii	"__thumb__ 1\000"
 10255      756D625F 
 10255      5F203100 
 10256              	.LASF953:
 10257 000c 73746465 		.ascii	"stderr (_REENT->_stderr)\000"
 10257      72722028 
 10257      5F524545 
 10257      4E542D3E 
 10257      5F737464 
 10258              	.LASF311:
 10259 0025 5F5F5541 		.ascii	"__UACCUM_FBIT__ 16\000"
 10259      4343554D 
 10259      5F464249 
 10259      545F5F20 
 10259      313600
 10260              	.LASF419:
 10261 0038 5F5F4150 		.ascii	"__APCS_32__ 1\000"
 10261      43535F33 
 10261      325F5F20 
 10261      3100
 10262              	.LASF1020:
 10263 0046 4D415448 		.ascii	"MATH_ERREXCEPT 2\000"
 10263      5F455252 
 10263      45584345 
 10263      50542032 
 10263      00
 10264              	.LASF31:
 10265 0057 5F5F464C 		.ascii	"__FLOAT_WORD_ORDER__ __ORDER_LITTLE_ENDIAN__\000"
 10265      4F41545F 
 10265      574F5244 
 10265      5F4F5244 
ARM GAS  /var/folders/65/xyhbx3_n6nd_hs7j3p9nfwv80000gn/T//ccFweXAW.s 			page 183


 10265      45525F5F 
 10266              	.LASF1193:
 10267 0084 53485254 		.ascii	"SHRT_MAX\000"
 10267      5F4D4158 
 10267      00
 10268              	.LASF980:
 10269 008d 616C6C6F 		.ascii	"alloca\000"
 10269      636100
 10270              	.LASF455:
 10271 0094 6D756A73 		.ascii	"mujs_h \000"
 10271      5F682000 
 10272              	.LASF1409:
 10273 009c 5F6D6272 		.ascii	"_mbrtowc_state\000"
 10273      746F7763 
 10273      5F737461 
 10273      746500
 10274              	.LASF525:
 10275 00ab 4A535F50 		.ascii	"JS_PRINTFLIKE(fmtarg,firstvararg) __attribute__((__"
 10275      52494E54 
 10275      464C494B 
 10275      4528666D 
 10275      74617267 
 10276 00de 666F726D 		.ascii	"format__ (__printf__, fmtarg, firstvararg)))\000"
 10276      61745F5F 
 10276      20285F5F 
 10276      7072696E 
 10276      74665F5F 
 10277              	.LASF303:
 10278 010b 5F5F5553 		.ascii	"__USACCUM_MIN__ 0.0UHK\000"
 10278      41434355 
 10278      4D5F4D49 
 10278      4E5F5F20 
 10278      302E3055 
 10279              	.LASF798:
 10280 0122 5F524545 		.ascii	"_REENT_L64A_BUF(ptr) ((ptr)->_new._reent._l64a_buf)"
 10280      4E545F4C 
 10280      3634415F 
 10280      42554628 
 10280      70747229 
 10281 0155 00       		.ascii	"\000"
 10282              	.LASF1267:
 10283 0156 53796E74 		.ascii	"SyntaxError_prototype\000"
 10283      61784572 
 10283      726F725F 
 10283      70726F74 
 10283      6F747970 
 10284              	.LASF193:
 10285 016c 5F5F464C 		.ascii	"__FLT32_DIG__ 6\000"
 10285      5433325F 
 10285      4449475F 
 10285      5F203600 
 10286              	.LASF172:
 10287 017c 5F5F4442 		.ascii	"__DBL_EPSILON__ ((double)2.2204460492503131e-16L)\000"
 10287      4C5F4550 
 10287      53494C4F 
 10287      4E5F5F20 
 10287      2828646F 
ARM GAS  /var/folders/65/xyhbx3_n6nd_hs7j3p9nfwv80000gn/T//ccFweXAW.s 			page 184


 10288              	.LASF228:
 10289 01ae 5F5F464C 		.ascii	"__FLT32X_MAX__ 1.7976931348623157e+308F32x\000"
 10289      54333258 
 10289      5F4D4158 
 10289      5F5F2031 
 10289      2E373937 
 10290              	.LASF312:
 10291 01d9 5F5F5541 		.ascii	"__UACCUM_IBIT__ 16\000"
 10291      4343554D 
 10291      5F494249 
 10291      545F5F20 
 10291      313600
 10292              	.LASF1488:
 10293 01ec 4A535F43 		.ascii	"JS_CERROR\000"
 10293      4552524F 
 10293      5200
 10294              	.LASF1194:
 10295 01f6 53485254 		.ascii	"SHRT_MAX __SHRT_MAX__\000"
 10295      5F4D4158 
 10295      205F5F53 
 10295      4852545F 
 10295      4D41585F 
 10296              	.LASF498:
 10297 020c 5F5F4D49 		.ascii	"__MISC_VISIBLE 1\000"
 10297      53435F56 
 10297      49534942 
 10297      4C452031 
 10297      00
 10298              	.LASF129:
 10299 021d 5F5F494E 		.ascii	"__INT_FAST16_MAX__ 0x7fffffff\000"
 10299      545F4641 
 10299      53543136 
 10299      5F4D4158 
 10299      5F5F2030 
 10300              	.LASF937:
 10301 023b 5F5F5357 		.ascii	"__SWID 0x2000\000"
 10301      49442030 
 10301      78323030 
 10301      3000
 10302              	.LASF20:
 10303 0249 5F5F5349 		.ascii	"__SIZEOF_SHORT__ 2\000"
 10303      5A454F46 
 10303      5F53484F 
 10303      52545F5F 
 10303      203200
 10304              	.LASF770:
 10305 025c 5F524545 		.ascii	"_REENT_CHECK_RAND48(ptr) \000"
 10305      4E545F43 
 10305      4845434B 
 10305      5F52414E 
 10305      44343828 
 10306              	.LASF207:
 10307 0276 5F5F464C 		.ascii	"__FLT64_MANT_DIG__ 53\000"
 10307      5436345F 
 10307      4D414E54 
 10307      5F444947 
 10307      5F5F2035 
ARM GAS  /var/folders/65/xyhbx3_n6nd_hs7j3p9nfwv80000gn/T//ccFweXAW.s 			page 185


 10308              	.LASF153:
 10309 028c 5F5F464C 		.ascii	"__FLT_MAX_10_EXP__ 38\000"
 10309      545F4D41 
 10309      585F3130 
 10309      5F455850 
 10309      5F5F2033 
 10310              	.LASF1233:
 10311 02a2 6A735F53 		.ascii	"js_State\000"
 10311      74617465 
 10311      00
 10312              	.LASF744:
 10313 02ab 5F57494E 		.ascii	"_WINT_T \000"
 10313      545F5420 
 10313      00
 10314              	.LASF1578:
 10315 02b4 4558505F 		.ascii	"EXP_ASS\000"
 10315      41535300 
 10316              	.LASF1096:
 10317 02bc 464C545F 		.ascii	"FLT_MIN_10_EXP __FLT_MIN_10_EXP__\000"
 10317      4D494E5F 
 10317      31305F45 
 10317      5850205F 
 10317      5F464C54 
 10318              	.LASF1222:
 10319 02de 6E656C65 		.ascii	"nelem(a) (int)(sizeof (a) / sizeof (a)[0])\000"
 10319      6D286129 
 10319      2028696E 
 10319      74292873 
 10319      697A656F 
 10320              	.LASF966:
 10321 0309 66656F66 		.ascii	"feof(p) __sfeof(p)\000"
 10321      28702920 
 10321      5F5F7366 
 10321      656F6628 
 10321      702900
 10322              	.LASF1085:
 10323 031c 44424C5F 		.ascii	"DBL_DIG __DBL_DIG__\000"
 10323      44494720 
 10323      5F5F4442 
 10323      4C5F4449 
 10323      475F5F00 
 10324              	.LASF1627:
 10325 0330 6A735F70 		.ascii	"js_pushliteral\000"
 10325      7573686C 
 10325      69746572 
 10325      616C00
 10326              	.LASF441:
 10327 033f 5F5F4152 		.ascii	"__ARM_PCS_VFP 1\000"
 10327      4D5F5043 
 10327      535F5646 
 10327      50203100 
 10328              	.LASF1175:
 10329 034f 4E4C5F41 		.ascii	"NL_ARGMAX 32\000"
 10329      52474D41 
 10329      58203332 
 10329      00
 10330              	.LASF204:
ARM GAS  /var/folders/65/xyhbx3_n6nd_hs7j3p9nfwv80000gn/T//ccFweXAW.s 			page 186


 10331 035c 5F5F464C 		.ascii	"__FLT32_HAS_INFINITY__ 1\000"
 10331      5433325F 
 10331      4841535F 
 10331      494E4649 
 10331      4E495459 
 10332              	.LASF1006:
 10333 0375 48554745 		.ascii	"HUGE_VALL (__builtin_huge_vall())\000"
 10333      5F56414C 
 10333      4C20285F 
 10333      5F627569 
 10333      6C74696E 
 10334              	.LASF1042:
 10335 0397 504C4F53 		.ascii	"PLOSS 6\000"
 10335      53203600 
 10336              	.LASF1357:
 10337 039f 5F756275 		.ascii	"_ubuf\000"
 10337      6600
 10338              	.LASF746:
 10339 03a5 5F434C4F 		.ascii	"_CLOCK_T_ unsigned long\000"
 10339      434B5F54 
 10339      5F20756E 
 10339      7369676E 
 10339      6564206C 
 10340              	.LASF1630:
 10341 03bd 474E5520 		.ascii	"GNU C17 9.2.1 20191025 (release) [ARM/arm-9-branch "
 10341      43313720 
 10341      392E322E 
 10341      31203230 
 10341      31393130 
 10342 03f0 72657669 		.ascii	"revision 277599] -mthumb -mcpu=cortex-m7 -mfloat-ab"
 10342      73696F6E 
 10342      20323737 
 10342      3539395D 
 10342      202D6D74 
 10343 0423 693D6861 		.ascii	"i=hard -mfpu=fpv5-sp-d16 -mword-relocations -march="
 10343      7264202D 
 10343      6D667075 
 10343      3D667076 
 10343      352D7370 
 10344 0456 61726D76 		.ascii	"armv7e-m+fpv5 -g3 -gdwarf-2 -O2 -falign-functions=1"
 10344      37652D6D 
 10344      2B667076 
 10344      35202D67 
 10344      33202D67 
 10345 0489 36202D66 		.ascii	"6 -fomit-frame-pointer -fno-common -ffunction-secti"
 10345      6F6D6974 
 10345      2D667261 
 10345      6D652D70 
 10345      6F696E74 
 10346 04bc 6F6E7320 		.ascii	"ons -fdata-sections -fstack-usage\000"
 10346      2D666461 
 10346      74612D73 
 10346      65637469 
 10346      6F6E7320 
 10347              	.LASF80:
 10348 04de 5F5F5054 		.ascii	"__PTRDIFF_MAX__ 0x7fffffff\000"
 10348      52444946 
ARM GAS  /var/folders/65/xyhbx3_n6nd_hs7j3p9nfwv80000gn/T//ccFweXAW.s 			page 187


 10348      465F4D41 
 10348      585F5F20 
 10348      30783766 
 10349              	.LASF1426:
 10350 04f9 5F5F6664 		.ascii	"__fdlibm_xopen\000"
 10350      6C69626D 
 10350      5F786F70 
 10350      656E00
 10351              	.LASF822:
 10352 0508 5F494E54 		.ascii	"_INTMAX_T_DECLARED \000"
 10352      4D41585F 
 10352      545F4445 
 10352      434C4152 
 10352      45442000 
 10353              	.LASF1148:
 10354 051c 464C545F 		.ascii	"FLT_TRUE_MIN __FLT_DENORM_MIN__\000"
 10354      54525545 
 10354      5F4D494E 
 10354      205F5F46 
 10354      4C545F44 
 10355              	.LASF1129:
 10356 053c 464C545F 		.ascii	"FLT_ROUNDS\000"
 10356      524F554E 
 10356      445300
 10357              	.LASF590:
 10358 0547 5F5F474E 		.ascii	"__GNUCLIKE_BUILTIN_CONSTANT_P 1\000"
 10358      55434C49 
 10358      4B455F42 
 10358      55494C54 
 10358      494E5F43 
 10359              	.LASF1300:
 10360 0567 4A535F52 		.ascii	"JS_READONLY\000"
 10360      4541444F 
 10360      4E4C5900 
 10361              	.LASF646:
 10362 0573 5F5F7072 		.ascii	"__printflike(fmtarg,firstvararg) __attribute__((__f"
 10362      696E7466 
 10362      6C696B65 
 10362      28666D74 
 10362      6172672C 
 10363 05a6 6F726D61 		.ascii	"ormat__ (__printf__, fmtarg, firstvararg)))\000"
 10363      745F5F20 
 10363      285F5F70 
 10363      72696E74 
 10363      665F5F2C 
 10364              	.LASF0:
 10365 05d2 5F5F5354 		.ascii	"__STDC__ 1\000"
 10365      44435F5F 
 10365      203100
 10366              	.LASF667:
 10367 05dd 5F4E756C 		.ascii	"_Null_unspecified \000"
 10367      6C5F756E 
 10367      73706563 
 10367      69666965 
 10367      642000
 10368              	.LASF1186:
 10369 05f0 55434841 		.ascii	"UCHAR_MAX (SCHAR_MAX * 2 + 1)\000"
ARM GAS  /var/folders/65/xyhbx3_n6nd_hs7j3p9nfwv80000gn/T//ccFweXAW.s 			page 188


 10369      525F4D41 
 10369      58202853 
 10369      43484152 
 10369      5F4D4158 
 10370              	.LASF970:
 10371 060e 66657272 		.ascii	"ferror_unlocked(p) __sferror(p)\000"
 10371      6F725F75 
 10371      6E6C6F63 
 10371      6B656428 
 10371      7029205F 
 10372              	.LASF292:
 10373 062e 5F5F554C 		.ascii	"__ULLFRACT_IBIT__ 0\000"
 10373      4C465241 
 10373      43545F49 
 10373      4249545F 
 10373      5F203000 
 10374              	.LASF509:
 10375 0642 5F524541 		.ascii	"_READ_WRITE_BUFSIZE_TYPE int\000"
 10375      445F5752 
 10375      4954455F 
 10375      42554653 
 10375      495A455F 
 10376              	.LASF1081:
 10377 065f 464C545F 		.ascii	"FLT_DIG\000"
 10377      44494700 
 10378              	.LASF196:
 10379 0667 5F5F464C 		.ascii	"__FLT32_MAX_EXP__ 128\000"
 10379      5433325F 
 10379      4D41585F 
 10379      4558505F 
 10379      5F203132 
 10380              	.LASF358:
 10381 067d 5F5F5341 		.ascii	"__SA_FBIT__ 15\000"
 10381      5F464249 
 10381      545F5F20 
 10381      313500
 10382              	.LASF250:
 10383 068c 5F5F4445 		.ascii	"__DEC128_MIN_EXP__ (-6142)\000"
 10383      43313238 
 10383      5F4D494E 
 10383      5F455850 
 10383      5F5F2028 
 10384              	.LASF329:
 10385 06a7 5F5F4C4C 		.ascii	"__LLACCUM_MAX__ 0X7FFFFFFFFFFFFFFFP-31LLK\000"
 10385      41434355 
 10385      4D5F4D41 
 10385      585F5F20 
 10385      30583746 
 10386              	.LASF368:
 10387 06d1 5F5F5544 		.ascii	"__UDA_FBIT__ 32\000"
 10387      415F4642 
 10387      49545F5F 
 10387      20333200 
 10388              	.LASF1591:
 10389 06e1 4558505F 		.ascii	"EXP_VAR\000"
 10389      56415200 
 10390              	.LASF934:
ARM GAS  /var/folders/65/xyhbx3_n6nd_hs7j3p9nfwv80000gn/T//ccFweXAW.s 			page 189


 10391 06e9 5F5F534F 		.ascii	"__SORD 0x2000\000"
 10391      52442030 
 10391      78323030 
 10391      3000
 10392              	.LASF308:
 10393 06f7 5F5F4143 		.ascii	"__ACCUM_MIN__ (-0X1P15K-0X1P15K)\000"
 10393      43554D5F 
 10393      4D494E5F 
 10393      5F20282D 
 10393      30583150 
 10394              	.LASF49:
 10395 0718 5F5F5549 		.ascii	"__UINT64_TYPE__ long long unsigned int\000"
 10395      4E543634 
 10395      5F545950 
 10395      455F5F20 
 10395      6C6F6E67 
 10396              	.LASF1104:
 10397 073f 4C44424C 		.ascii	"LDBL_MAX_EXP __LDBL_MAX_EXP__\000"
 10397      5F4D4158 
 10397      5F455850 
 10397      205F5F4C 
 10397      44424C5F 
 10398              	.LASF168:
 10399 075d 5F5F4442 		.ascii	"__DBL_MAX_10_EXP__ 308\000"
 10399      4C5F4D41 
 10399      585F3130 
 10399      5F455850 
 10399      5F5F2033 
 10400              	.LASF138:
 10401 0774 5F5F5549 		.ascii	"__UINT_FAST64_MAX__ 0xffffffffffffffffULL\000"
 10401      4E545F46 
 10401      41535436 
 10401      345F4D41 
 10401      585F5F20 
 10402              	.LASF1219:
 10403 079e 554C4F4E 		.ascii	"ULONG_LONG_MAX\000"
 10403      475F4C4F 
 10403      4E475F4D 
 10403      415800
 10404              	.LASF1532:
 10405 07ad 4558505F 		.ascii	"EXP_THIS\000"
 10405      54484953 
 10405      00
 10406              	.LASF444:
 10407 07b6 5F5F4152 		.ascii	"__ARM_FEATURE_IDIV 1\000"
 10407      4D5F4645 
 10407      41545552 
 10407      455F4944 
 10407      49562031 
 10408              	.LASF1531:
 10409 07cb 4558505F 		.ascii	"EXP_FALSE\000"
 10409      46414C53 
 10409      4500
 10410              	.LASF586:
 10411 07d5 5F5F474E 		.ascii	"__GNUCLIKE___TYPEOF 1\000"
 10411      55434C49 
 10411      4B455F5F 
ARM GAS  /var/folders/65/xyhbx3_n6nd_hs7j3p9nfwv80000gn/T//ccFweXAW.s 			page 190


 10411      5F545950 
 10411      454F4620 
 10412              	.LASF359:
 10413 07eb 5F5F5341 		.ascii	"__SA_IBIT__ 16\000"
 10413      5F494249 
 10413      545F5F20 
 10413      313600
 10414              	.LASF1043:
 10415 07fa 4D415846 		.ascii	"MAXFLOAT 3.40282347e+38F\000"
 10415      4C4F4154 
 10415      20332E34 
 10415      30323832 
 10415      33343765 
 10416              	.LASF369:
 10417 0813 5F5F5544 		.ascii	"__UDA_IBIT__ 32\000"
 10417      415F4942 
 10417      49545F5F 
 10417      20333200 
 10418              	.LASF449:
 10419 0823 5F5F454C 		.ascii	"__ELF__ 1\000"
 10419      465F5F20 
 10419      3100
 10420              	.LASF1632:
 10421 082d 2F557365 		.ascii	"/Users/bwandrych/Desktop/PlutoBrowser\000"
 10421      72732F62 
 10421      77616E64 
 10421      72796368 
 10421      2F446573 
 10422              	.LASF18:
 10423 0853 5F5F5349 		.ascii	"__SIZEOF_LONG__ 4\000"
 10423      5A454F46 
 10423      5F4C4F4E 
 10423      475F5F20 
 10423      3400
 10424              	.LASF1551:
 10425 0865 4558505F 		.ascii	"EXP_NEG\000"
 10425      4E454700 
 10426              	.LASF743:
 10427 086d 5F5F6E65 		.ascii	"__need_wint_t \000"
 10427      65645F77 
 10427      696E745F 
 10427      742000
 10428              	.LASF1520:
 10429 087c 6A735F41 		.ascii	"js_AstType\000"
 10429      73745479 
 10429      706500
 10430              	.LASF1394:
 10431 0887 5F616464 		.ascii	"_add\000"
 10431      00
 10432              	.LASF1152:
 10433 088c 5F474343 		.ascii	"_GCC_NEXT_LIMITS_H \000"
 10433      5F4E4558 
 10433      545F4C49 
 10433      4D495453 
 10433      5F482000 
 10434              	.LASF1542:
 10435 08a0 4558505F 		.ascii	"EXP_NEW\000"
ARM GAS  /var/folders/65/xyhbx3_n6nd_hs7j3p9nfwv80000gn/T//ccFweXAW.s 			page 191


 10435      4E455700 
 10436              	.LASF701:
 10437 08a8 5F5F5743 		.ascii	"__WCHAR_T__ \000"
 10437      4841525F 
 10437      545F5F20 
 10437      00
 10438              	.LASF870:
 10439 08b5 70687973 		.ascii	"physadr physadr_t\000"
 10439      61647220 
 10439      70687973 
 10439      6164725F 
 10439      7400
 10440              	.LASF1332:
 10441 08c7 5F5F746D 		.ascii	"__tm_mon\000"
 10441      5F6D6F6E 
 10441      00
 10442              	.LASF720:
 10443 08d0 5F5F6E65 		.ascii	"__need___va_list\000"
 10443      65645F5F 
 10443      5F76615F 
 10443      6C697374 
 10443      00
 10444              	.LASF1340:
 10445 08e1 5F666E74 		.ascii	"_fntypes\000"
 10445      79706573 
 10445      00
 10446              	.LASF957:
 10447 08ea 5F5F5641 		.ascii	"__VALIST __gnuc_va_list\000"
 10447      4C495354 
 10447      205F5F67 
 10447      6E75635F 
 10447      76615F6C 
 10448              	.LASF871:
 10449 0902 71756164 		.ascii	"quad quad_t\000"
 10449      20717561 
 10449      645F7400 
 10450              	.LASF1145:
 10451 090e 464C545F 		.ascii	"FLT_TRUE_MIN\000"
 10451      54525545 
 10451      5F4D494E 
 10451      00
 10452              	.LASF1370:
 10453 091b 5F696E63 		.ascii	"_inc\000"
 10453      00
 10454              	.LASF1343:
 10455 0920 5F696E64 		.ascii	"_ind\000"
 10455      00
 10456              	.LASF83:
 10457 0925 5F5F5348 		.ascii	"__SHRT_WIDTH__ 16\000"
 10457      52545F57 
 10457      49445448 
 10457      5F5F2031 
 10457      3600
 10458              	.LASF1202:
 10459 0937 55494E54 		.ascii	"UINT_MAX (INT_MAX * 2U + 1U)\000"
 10459      5F4D4158 
 10459      2028494E 
ARM GAS  /var/folders/65/xyhbx3_n6nd_hs7j3p9nfwv80000gn/T//ccFweXAW.s 			page 192


 10459      545F4D41 
 10459      58202A20 
 10460              	.LASF606:
 10461 0954 5F5F5028 		.ascii	"__P(protos) protos\000"
 10461      70726F74 
 10461      6F732920 
 10461      70726F74 
 10461      6F7300
 10462              	.LASF66:
 10463 0967 5F5F494E 		.ascii	"__INTPTR_TYPE__ int\000"
 10463      54505452 
 10463      5F545950 
 10463      455F5F20 
 10463      696E7400 
 10464              	.LASF342:
 10465 097b 5F5F4451 		.ascii	"__DQ_FBIT__ 63\000"
 10465      5F464249 
 10465      545F5F20 
 10465      363300
 10466              	.LASF315:
 10467 098a 5F5F5541 		.ascii	"__UACCUM_EPSILON__ 0x1P-16UK\000"
 10467      4343554D 
 10467      5F455053 
 10467      494C4F4E 
 10467      5F5F2030 
 10468              	.LASF130:
 10469 09a7 5F5F494E 		.ascii	"__INT_FAST16_WIDTH__ 32\000"
 10469      545F4641 
 10469      53543136 
 10469      5F574944 
 10469      54485F5F 
 10470              	.LASF1600:
 10471 09bf 53544D5F 		.ascii	"STM_FOR_IN\000"
 10471      464F525F 
 10471      494E00
 10472              	.LASF160:
 10473 09ca 5F5F464C 		.ascii	"__FLT_HAS_INFINITY__ 1\000"
 10473      545F4841 
 10473      535F494E 
 10473      46494E49 
 10473      54595F5F 
 10474              	.LASF1261:
 10475 09e1 52656745 		.ascii	"RegExp_prototype\000"
 10475      78705F70 
 10475      726F746F 
 10475      74797065 
 10475      00
 10476              	.LASF1091:
 10477 09f2 44424C5F 		.ascii	"DBL_MIN_EXP __DBL_MIN_EXP__\000"
 10477      4D494E5F 
 10477      45585020 
 10477      5F5F4442 
 10477      4C5F4D49 
 10478              	.LASF460:
 10479 0a0e 5F4E4557 		.ascii	"_NEWLIB_VERSION \"3.1.0\"\000"
 10479      4C49425F 
 10479      56455253 
ARM GAS  /var/folders/65/xyhbx3_n6nd_hs7j3p9nfwv80000gn/T//ccFweXAW.s 			page 193


 10479      494F4E20 
 10479      22332E31 
 10480              	.LASF1004:
 10481 0a26 48554745 		.ascii	"HUGE_VAL (__builtin_huge_val())\000"
 10481      5F56414C 
 10481      20285F5F 
 10481      6275696C 
 10481      74696E5F 
 10482              	.LASF1588:
 10483 0a46 4558505F 		.ascii	"EXP_ASS_BITXOR\000"
 10483      4153535F 
 10483      42495458 
 10483      4F5200
 10484              	.LASF243:
 10485 0a55 5F5F4445 		.ascii	"__DEC64_MIN_EXP__ (-382)\000"
 10485      4336345F 
 10485      4D494E5F 
 10485      4558505F 
 10485      5F20282D 
 10486              	.LASF1198:
 10487 0a6e 494E545F 		.ascii	"INT_MIN (-INT_MAX - 1)\000"
 10487      4D494E20 
 10487      282D494E 
 10487      545F4D41 
 10487      58202D20 
 10488              	.LASF1156:
 10489 0a85 4348494C 		.ascii	"CHILD_MAX 40\000"
 10489      445F4D41 
 10489      58203430 
 10489      00
 10490              	.LASF901:
 10491 0a92 5F555345 		.ascii	"_USECONDS_T_DECLARED \000"
 10491      434F4E44 
 10491      535F545F 
 10491      4445434C 
 10491      41524544 
 10492              	.LASF638:
 10493 0aa8 5F5F7072 		.ascii	"__predict_true(exp) __builtin_expect((exp), 1)\000"
 10493      65646963 
 10493      745F7472 
 10493      75652865 
 10493      78702920 
 10494              	.LASF1493:
 10495 0ad7 4A535F43 		.ascii	"JS_CDATE\000"
 10495      44415445 
 10495      00
 10496              	.LASF1480:
 10497 0ae0 6E657874 		.ascii	"next\000"
 10497      00
 10498              	.LASF1103:
 10499 0ae5 44424C5F 		.ascii	"DBL_MAX_EXP __DBL_MAX_EXP__\000"
 10499      4D41585F 
 10499      45585020 
 10499      5F5F4442 
 10499      4C5F4D41 
 10500              	.LASF1504:
 10501 0b01 6C656E67 		.ascii	"length\000"
ARM GAS  /var/folders/65/xyhbx3_n6nd_hs7j3p9nfwv80000gn/T//ccFweXAW.s 			page 194


 10501      746800
 10502              	.LASF620:
 10503 0b08 5F5F616C 		.ascii	"__aligned(x) __attribute__((__aligned__(x)))\000"
 10503      69676E65 
 10503      64287829 
 10503      205F5F61 
 10503      74747269 
 10504              	.LASF206:
 10505 0b35 5F5F4650 		.ascii	"__FP_FAST_FMAF32 1\000"
 10505      5F464153 
 10505      545F464D 
 10505      41463332 
 10505      203100
 10506              	.LASF836:
 10507 0b48 42595445 		.ascii	"BYTE_ORDER _BYTE_ORDER\000"
 10507      5F4F5244 
 10507      4552205F 
 10507      42595445 
 10507      5F4F5244 
 10508              	.LASF691:
 10509 0b5f 5F545F50 		.ascii	"_T_PTRDIFF_ \000"
 10509      54524449 
 10509      46465F20 
 10509      00
 10510              	.LASF834:
 10511 0b6c 4249475F 		.ascii	"BIG_ENDIAN _BIG_ENDIAN\000"
 10511      454E4449 
 10511      414E205F 
 10511      4249475F 
 10511      454E4449 
 10512              	.LASF1380:
 10513 0b83 5F637674 		.ascii	"_cvtlen\000"
 10513      6C656E00 
 10514              	.LASF976:
 10515 0b8b 5F535444 		.ascii	"_STDLIB_H_ \000"
 10515      4C49425F 
 10515      485F2000 
 10516              	.LASF528:
 10517 0b97 5F465354 		.ascii	"_FSTDIO \000"
 10517      44494F20 
 10517      00
 10518              	.LASF1425:
 10519 0ba0 5F5F6664 		.ascii	"__fdlibm_svid\000"
 10519      6C69626D 
 10519      5F737669 
 10519      6400
 10520              	.LASF1384:
 10521 0bae 5F736967 		.ascii	"_sig_func\000"
 10521      5F66756E 
 10521      6300
 10522              	.LASF935:
 10523 0bb8 5F5F534C 		.ascii	"__SL64 0x8000\000"
 10523      36342030 
 10523      78383030 
 10523      3000
 10524              	.LASF1052:
 10525 0bc6 4D5F315F 		.ascii	"M_1_PI 0.31830988618379067154\000"
ARM GAS  /var/folders/65/xyhbx3_n6nd_hs7j3p9nfwv80000gn/T//ccFweXAW.s 			page 195


 10525      50492030 
 10525      2E333138 
 10525      33303938 
 10525      38363138 
 10526              	.LASF577:
 10527 0be4 5F5F756E 		.ascii	"__unbounded \000"
 10527      626F756E 
 10527      64656420 
 10527      00
 10528              	.LASF112:
 10529 0bf1 5F5F494E 		.ascii	"__INT_LEAST16_WIDTH__ 16\000"
 10529      545F4C45 
 10529      41535431 
 10529      365F5749 
 10529      4454485F 
 10530              	.LASF263:
 10531 0c0a 5F5F5553 		.ascii	"__USFRACT_MIN__ 0.0UHR\000"
 10531      46524143 
 10531      545F4D49 
 10531      4E5F5F20 
 10531      302E3055 
 10532              	.LASF947:
 10533 0c21 5345454B 		.ascii	"SEEK_SET 0\000"
 10533      5F534554 
 10533      203000
 10534              	.LASF466:
 10535 0c2c 5F57414E 		.ascii	"_WANT_REGISTER_FINI 1\000"
 10535      545F5245 
 10535      47495354 
 10535      45525F46 
 10535      494E4920 
 10536              	.LASF52:
 10537 0c42 5F5F494E 		.ascii	"__INT_LEAST32_TYPE__ long int\000"
 10537      545F4C45 
 10537      41535433 
 10537      325F5459 
 10537      50455F5F 
 10538              	.LASF986:
 10539 0c60 4D425F43 		.ascii	"MB_CUR_MAX __locale_mb_cur_max()\000"
 10539      55525F4D 
 10539      4158205F 
 10539      5F6C6F63 
 10539      616C655F 
 10540              	.LASF175:
 10541 0c81 5F5F4442 		.ascii	"__DBL_HAS_INFINITY__ 1\000"
 10541      4C5F4841 
 10541      535F494E 
 10541      46494E49 
 10541      54595F5F 
 10542              	.LASF467:
 10543 0c98 5F4D425F 		.ascii	"_MB_LEN_MAX 1\000"
 10543      4C454E5F 
 10543      4D415820 
 10543      3100
 10544              	.LASF1013:
 10545 0ca6 46505F49 		.ascii	"FP_INFINITE 1\000"
 10545      4E46494E 
ARM GAS  /var/folders/65/xyhbx3_n6nd_hs7j3p9nfwv80000gn/T//ccFweXAW.s 			page 196


 10545      49544520 
 10545      3100
 10546              	.LASF684:
 10547 0cb4 5F5F6E6F 		.ascii	"__no_lock_analysis __lock_annotate(no_thread_safety"
 10547      5F6C6F63 
 10547      6B5F616E 
 10547      616C7973 
 10547      6973205F 
 10548 0ce7 5F616E61 		.ascii	"_analysis)\000"
 10548      6C797369 
 10548      732900
 10549              	.LASF1154:
 10550 0cf2 5F535953 		.ascii	"_SYS_SYSLIMITS_H_ \000"
 10550      5F535953 
 10550      4C494D49 
 10550      54535F48 
 10550      5F2000
 10551              	.LASF722:
 10552 0d05 5F56415F 		.ascii	"_VA_LIST_DEFINED \000"
 10552      4C495354 
 10552      5F444546 
 10552      494E4544 
 10552      2000
 10553              	.LASF249:
 10554 0d17 5F5F4445 		.ascii	"__DEC128_MANT_DIG__ 34\000"
 10554      43313238 
 10554      5F4D414E 
 10554      545F4449 
 10554      475F5F20 
 10555              	.LASF72:
 10556 0d2e 5F5F5348 		.ascii	"__SHRT_MAX__ 0x7fff\000"
 10556      52545F4D 
 10556      41585F5F 
 10556      20307837 
 10556      66666600 
 10557              	.LASF1445:
 10558 0d42 6A756D70 		.ascii	"jumps\000"
 10558      7300
 10559              	.LASF700:
 10560 0d48 5F5F7763 		.ascii	"__wchar_t__ \000"
 10560      6861725F 
 10560      745F5F20 
 10560      00
 10561              	.LASF1362:
 10562 0d55 5F6C6F63 		.ascii	"_lock\000"
 10562      6B00
 10563              	.LASF1358:
 10564 0d5b 5F6E6275 		.ascii	"_nbuf\000"
 10564      6600
 10565              	.LASF149:
 10566 0d61 5F5F464C 		.ascii	"__FLT_DIG__ 6\000"
 10566      545F4449 
 10566      475F5F20 
 10566      3600
 10567              	.LASF1525:
 10568 0d6f 4558505F 		.ascii	"EXP_NUMBER\000"
 10568      4E554D42 
ARM GAS  /var/folders/65/xyhbx3_n6nd_hs7j3p9nfwv80000gn/T//ccFweXAW.s 			page 197


 10568      455200
 10569              	.LASF1416:
 10570 0d7a 5F756E75 		.ascii	"_unused\000"
 10570      73656400 
 10571              	.LASF1090:
 10572 0d82 464C545F 		.ascii	"FLT_MIN_EXP __FLT_MIN_EXP__\000"
 10572      4D494E5F 
 10572      45585020 
 10572      5F5F464C 
 10572      545F4D49 
 10573              	.LASF797:
 10574 0d9e 5F524545 		.ascii	"_REENT_WCSRTOMBS_STATE(ptr) ((ptr)->_new._reent._wc"
 10574      4E545F57 
 10574      43535254 
 10574      4F4D4253 
 10574      5F535441 
 10575 0dd1 7372746F 		.ascii	"srtombs_state)\000"
 10575      6D62735F 
 10575      73746174 
 10575      652900
 10576              	.LASF950:
 10577 0de0 544D505F 		.ascii	"TMP_MAX 26\000"
 10577      4D415820 
 10577      323600
 10578              	.LASF633:
 10579 0deb 5F5F6661 		.ascii	"__fastcall __attribute__((__fastcall__))\000"
 10579      73746361 
 10579      6C6C205F 
 10579      5F617474 
 10579      72696275 
 10580              	.LASF1319:
 10581 0e14 5F6D6273 		.ascii	"_mbstate_t\000"
 10581      74617465 
 10581      5F7400
 10582              	.LASF868:
 10583 0e1f 46445F49 		.ascii	"FD_ISSET(n,p) ((p)->fds_bits[(n)/NFDBITS] & (1L << "
 10583      53534554 
 10583      286E2C70 
 10583      29202828 
 10583      70292D3E 
 10584 0e52 28286E29 		.ascii	"((n) % NFDBITS)))\000"
 10584      2025204E 
 10584      46444249 
 10584      54532929 
 10584      2900
 10585              	.LASF516:
 10586 0e64 5F4E4F49 		.ascii	"_NOINLINE __attribute__ ((__noinline__))\000"
 10586      4E4C494E 
 10586      45205F5F 
 10586      61747472 
 10586      69627574 
 10587              	.LASF133:
 10588 0e8d 5F5F494E 		.ascii	"__INT_FAST64_MAX__ 0x7fffffffffffffffLL\000"
 10588      545F4641 
 10588      53543634 
 10588      5F4D4158 
 10588      5F5F2030 
ARM GAS  /var/folders/65/xyhbx3_n6nd_hs7j3p9nfwv80000gn/T//ccFweXAW.s 			page 198


 10589              	.LASF1601:
 10590 0eb5 53544D5F 		.ascii	"STM_FOR_IN_VAR\000"
 10590      464F525F 
 10590      494E5F56 
 10590      415200
 10591              	.LASF1611:
 10592 0ec4 53544D5F 		.ascii	"STM_CASE\000"
 10592      43415345 
 10592      00
 10593              	.LASF1271:
 10594 0ecd 73637261 		.ascii	"scratch\000"
 10594      74636800 
 10595              	.LASF328:
 10596 0ed5 5F5F4C4C 		.ascii	"__LLACCUM_MIN__ (-0X1P31LLK-0X1P31LLK)\000"
 10596      41434355 
 10596      4D5F4D49 
 10596      4E5F5F20 
 10596      282D3058 
 10597              	.LASF380:
 10598 0efc 5F5F4743 		.ascii	"__GCC_ATOMIC_CHAR_LOCK_FREE 2\000"
 10598      435F4154 
 10598      4F4D4943 
 10598      5F434841 
 10598      525F4C4F 
 10599              	.LASF63:
 10600 0f1a 5F5F5549 		.ascii	"__UINT_FAST16_TYPE__ unsigned int\000"
 10600      4E545F46 
 10600      41535431 
 10600      365F5459 
 10600      50455F5F 
 10601              	.LASF1002:
 10602 0f3c 5F4D4154 		.ascii	"_MATH_H_ \000"
 10602      485F485F 
 10602      2000
 10603              	.LASF1598:
 10604 0f46 53544D5F 		.ascii	"STM_FOR\000"
 10604      464F5200 
 10605              	.LASF464:
 10606 0f4e 5F57414E 		.ascii	"_WANT_IO_C99_FORMATS 1\000"
 10606      545F494F 
 10606      5F433939 
 10606      5F464F52 
 10606      4D415453 
 10607              	.LASF326:
 10608 0f65 5F5F4C4C 		.ascii	"__LLACCUM_FBIT__ 31\000"
 10608      41434355 
 10608      4D5F4642 
 10608      49545F5F 
 10608      20333100 
 10609              	.LASF106:
 10610 0f79 5F5F5549 		.ascii	"__UINT64_MAX__ 0xffffffffffffffffULL\000"
 10610      4E543634 
 10610      5F4D4158 
 10610      5F5F2030 
 10610      78666666 
 10611              	.LASF17:
 10612 0f9e 5F5F5349 		.ascii	"__SIZEOF_INT__ 4\000"
ARM GAS  /var/folders/65/xyhbx3_n6nd_hs7j3p9nfwv80000gn/T//ccFweXAW.s 			page 199


 10612      5A454F46 
 10612      5F494E54 
 10612      5F5F2034 
 10612      00
 10613              	.LASF909:
 10614 0faf 50544852 		.ascii	"PTHREAD_INHERIT_SCHED 1\000"
 10614      4541445F 
 10614      494E4845 
 10614      5249545F 
 10614      53434845 
 10615              	.LASF1486:
 10616 0fc7 4A535F43 		.ascii	"JS_CSCRIPT\000"
 10616      53435249 
 10616      505400
 10617              	.LASF226:
 10618 0fd2 5F5F464C 		.ascii	"__FLT32X_MAX_10_EXP__ 308\000"
 10618      54333258 
 10618      5F4D4158 
 10618      5F31305F 
 10618      4558505F 
 10619              	.LASF88:
 10620 0fec 5F5F5749 		.ascii	"__WINT_WIDTH__ 32\000"
 10620      4E545F57 
 10620      49445448 
 10620      5F5F2033 
 10620      3200
 10621              	.LASF1512:
 10622 0ffe 64617461 		.ascii	"data\000"
 10622      00
 10623              	.LASF1490:
 10624 1003 4A535F43 		.ascii	"JS_CNUMBER\000"
 10624      4E554D42 
 10624      455200
 10625              	.LASF907:
 10626 100e 50544852 		.ascii	"PTHREAD_SCOPE_PROCESS 0\000"
 10626      4541445F 
 10626      53434F50 
 10626      455F5052 
 10626      4F434553 
 10627              	.LASF556:
 10628 1026 5F425344 		.ascii	"_BSD_SIZE_T_DEFINED_ \000"
 10628      5F53495A 
 10628      455F545F 
 10628      44454649 
 10628      4E45445F 
 10629              	.LASF589:
 10630 103c 5F5F474E 		.ascii	"__GNUCLIKE_CTOR_SECTION_HANDLING 1\000"
 10630      55434C49 
 10630      4B455F43 
 10630      544F525F 
 10630      53454354 
 10631              	.LASF1238:
 10632 105f 70616E69 		.ascii	"panic\000"
 10632      6300
 10633              	.LASF1602:
 10634 1065 53544D5F 		.ascii	"STM_CONTINUE\000"
 10634      434F4E54 
ARM GAS  /var/folders/65/xyhbx3_n6nd_hs7j3p9nfwv80000gn/T//ccFweXAW.s 			page 200


 10634      494E5545 
 10634      00
 10635              	.LASF1554:
 10636 1072 4558505F 		.ascii	"EXP_MOD\000"
 10636      4D4F4400 
 10637              	.LASF1036:
 10638 107a 5F5F7369 		.ascii	"__signgam_r(ptr) _REENT_SIGNGAM(ptr)\000"
 10638      676E6761 
 10638      6D5F7228 
 10638      70747229 
 10638      205F5245 
 10639              	.LASF122:
 10640 109f 5F5F5549 		.ascii	"__UINT16_C(c) c\000"
 10640      4E543136 
 10640      5F432863 
 10640      29206300 
 10641              	.LASF392:
 10642 10af 5F5F5052 		.ascii	"__PRAGMA_REDEFINE_EXTNAME 1\000"
 10642      41474D41 
 10642      5F524544 
 10642      4546494E 
 10642      455F4558 
 10643              	.LASF53:
 10644 10cb 5F5F494E 		.ascii	"__INT_LEAST64_TYPE__ long long int\000"
 10644      545F4C45 
 10644      41535436 
 10644      345F5459 
 10644      50455F5F 
 10645              	.LASF1624:
 10646 10ee 6A735F74 		.ascii	"js_toobject\000"
 10646      6F6F626A 
 10646      65637400 
 10647              	.LASF1485:
 10648 10fa 4A535F43 		.ascii	"JS_CFUNCTION\000"
 10648      46554E43 
 10648      54494F4E 
 10648      00
 10649              	.LASF534:
 10650 1107 5F5F6861 		.ascii	"__have_longlong64 1\000"
 10650      76655F6C 
 10650      6F6E676C 
 10650      6F6E6736 
 10650      34203100 
 10651              	.LASF1461:
 10652 111b 7661726C 		.ascii	"varlen\000"
 10652      656E00
 10653              	.LASF655:
 10654 1122 5F5F7379 		.ascii	"__sym_compat(sym,impl,verid) __asm__(\".symver \" #"
 10654      6D5F636F 
 10654      6D706174 
 10654      2873796D 
 10654      2C696D70 
 10655 1153 696D706C 		.ascii	"impl \", \" #sym \"@\" #verid)\000"
 10655      20222C20 
 10655      22202373 
 10655      796D2022 
 10655      40222023 
ARM GAS  /var/folders/65/xyhbx3_n6nd_hs7j3p9nfwv80000gn/T//ccFweXAW.s 			page 201


 10656              	.LASF1522:
 10657 116e 4153545F 		.ascii	"AST_FUNDEC\000"
 10657      46554E44 
 10657      454300
 10658              	.LASF734:
 10659 1179 5F5F6C6F 		.ascii	"__lock_acquire(lock) __retarget_lock_acquire(lock)\000"
 10659      636B5F61 
 10659      63717569 
 10659      7265286C 
 10659      6F636B29 
 10660              	.LASF683:
 10661 11ac 5F5F7265 		.ascii	"__requires_unlocked(...) __lock_annotate(locks_excl"
 10661      71756972 
 10661      65735F75 
 10661      6E6C6F63 
 10661      6B656428 
 10662 11df 75646564 		.ascii	"uded(__VA_ARGS__))\000"
 10662      285F5F56 
 10662      415F4152 
 10662      47535F5F 
 10662      292900
 10663              	.LASF736:
 10664 11f2 5F5F6C6F 		.ascii	"__lock_try_acquire(lock) __retarget_lock_try_acquir"
 10664      636B5F74 
 10664      72795F61 
 10664      63717569 
 10664      7265286C 
 10665 1225 65286C6F 		.ascii	"e(lock)\000"
 10665      636B2900 
 10666              	.LASF711:
 10667 122d 5F5F5F69 		.ascii	"___int_wchar_t_h \000"
 10667      6E745F77 
 10667      63686172 
 10667      5F745F68 
 10667      2000
 10668              	.LASF726:
 10669 123f 5F5F5359 		.ascii	"__SYS_LOCK_H__ \000"
 10669      535F4C4F 
 10669      434B5F48 
 10669      5F5F2000 
 10670              	.LASF390:
 10671 124f 5F5F4841 		.ascii	"__HAVE_SPECULATION_SAFE_VALUE 1\000"
 10671      56455F53 
 10671      50454355 
 10671      4C415449 
 10671      4F4E5F53 
 10672              	.LASF1039:
 10673 126f 4F564552 		.ascii	"OVERFLOW 3\000"
 10673      464C4F57 
 10673      203300
 10674              	.LASF425:
 10675 127a 5F5F4152 		.ascii	"__ARMEL__ 1\000"
 10675      4D454C5F 
 10675      5F203100 
 10676              	.LASF773:
 10677 1286 5F524545 		.ascii	"_REENT_CHECK_ASCTIME_BUF(ptr) \000"
 10677      4E545F43 
ARM GAS  /var/folders/65/xyhbx3_n6nd_hs7j3p9nfwv80000gn/T//ccFweXAW.s 			page 202


 10677      4845434B 
 10677      5F415343 
 10677      54494D45 
 10678              	.LASF336:
 10679 12a5 5F5F5151 		.ascii	"__QQ_FBIT__ 7\000"
 10679      5F464249 
 10679      545F5F20 
 10679      3700
 10680              	.LASF1446:
 10681 12b3 63617365 		.ascii	"casejump\000"
 10681      6A756D70 
 10681      00
 10682              	.LASF184:
 10683 12bc 5F5F4C44 		.ascii	"__LDBL_DECIMAL_DIG__ 17\000"
 10683      424C5F44 
 10683      4543494D 
 10683      414C5F44 
 10683      49475F5F 
 10684              	.LASF1568:
 10685 12d4 4558505F 		.ascii	"EXP_STRICTNE\000"
 10685      53545249 
 10685      43544E45 
 10685      00
 10686              	.LASF1521:
 10687 12e1 4153545F 		.ascii	"AST_LIST\000"
 10687      4C495354 
 10687      00
 10688              	.LASF1442:
 10689 12ea 6A735F41 		.ascii	"js_Ast\000"
 10689      737400
 10690              	.LASF231:
 10691 12f1 5F5F464C 		.ascii	"__FLT32X_DENORM_MIN__ 4.9406564584124654e-324F32x\000"
 10691      54333258 
 10691      5F44454E 
 10691      4F524D5F 
 10691      4D494E5F 
 10692              	.LASF1439:
 10693 1323 70726F74 		.ascii	"prototype\000"
 10693      6F747970 
 10693      6500
 10694              	.LASF1576:
 10695 132d 4558505F 		.ascii	"EXP_LOGOR\000"
 10695      4C4F474F 
 10695      5200
 10696              	.LASF967:
 10697 1337 66657272 		.ascii	"ferror(p) __sferror(p)\000"
 10697      6F722870 
 10697      29205F5F 
 10697      73666572 
 10697      726F7228 
 10698              	.LASF998:
 10699 134e 5F5F7661 		.ascii	"__va_list__ \000"
 10699      5F6C6973 
 10699      745F5F20 
 10699      00
 10700              	.LASF1511:
 10701 135b 636F6E73 		.ascii	"constructor\000"
ARM GAS  /var/folders/65/xyhbx3_n6nd_hs7j3p9nfwv80000gn/T//ccFweXAW.s 			page 203


 10701      74727563 
 10701      746F7200 
 10702              	.LASF26:
 10703 1367 5F5F4249 		.ascii	"__BIGGEST_ALIGNMENT__ 8\000"
 10703      47474553 
 10703      545F414C 
 10703      49474E4D 
 10703      454E545F 
 10704              	.LASF1503:
 10705 137f 6F626A65 		.ascii	"object\000"
 10705      637400
 10706              	.LASF417:
 10707 1386 5F5F4152 		.ascii	"__ARM_ARCH\000"
 10707      4D5F4152 
 10707      434800
 10708              	.LASF46:
 10709 1391 5F5F5549 		.ascii	"__UINT8_TYPE__ unsigned char\000"
 10709      4E54385F 
 10709      54595045 
 10709      5F5F2075 
 10709      6E736967 
 10710              	.LASF1188:
 10711 13ae 43484152 		.ascii	"CHAR_MIN 0\000"
 10711      5F4D494E 
 10711      203000
 10712              	.LASF1596:
 10713 13b9 53544D5F 		.ascii	"STM_DO\000"
 10713      444F00
 10714              	.LASF1466:
 10715 13c0 6A735F53 		.ascii	"js_StringNode\000"
 10715      7472696E 
 10715      674E6F64 
 10715      6500
 10716              	.LASF790:
 10717 13ce 5F524545 		.ascii	"_REENT_MBLEN_STATE(ptr) ((ptr)->_new._reent._mblen_"
 10717      4E545F4D 
 10717      424C454E 
 10717      5F535441 
 10717      54452870 
 10718 1401 73746174 		.ascii	"state)\000"
 10718      652900
 10719              	.LASF195:
 10720 1408 5F5F464C 		.ascii	"__FLT32_MIN_10_EXP__ (-37)\000"
 10720      5433325F 
 10720      4D494E5F 
 10720      31305F45 
 10720      58505F5F 
 10721              	.LASF1098:
 10722 1423 4C44424C 		.ascii	"LDBL_MIN_10_EXP __LDBL_MIN_10_EXP__\000"
 10722      5F4D494E 
 10722      5F31305F 
 10722      45585020 
 10722      5F5F4C44 
 10723              	.LASF334:
 10724 1447 5F5F554C 		.ascii	"__ULLACCUM_MAX__ 0XFFFFFFFFFFFFFFFFP-32ULLK\000"
 10724      4C414343 
 10724      554D5F4D 
ARM GAS  /var/folders/65/xyhbx3_n6nd_hs7j3p9nfwv80000gn/T//ccFweXAW.s 			page 204


 10724      41585F5F 
 10724      20305846 
 10725              	.LASF1482:
 10726 1473 6A735F43 		.ascii	"js_Class\000"
 10726      6C617373 
 10726      00
 10727              	.LASF3:
 10728 147c 5F5F5354 		.ascii	"__STDC_UTF_32__ 1\000"
 10728      44435F55 
 10728      54465F33 
 10728      325F5F20 
 10728      3100
 10729              	.LASF110:
 10730 148e 5F5F494E 		.ascii	"__INT_LEAST16_MAX__ 0x7fff\000"
 10730      545F4C45 
 10730      41535431 
 10730      365F4D41 
 10730      585F5F20 
 10731              	.LASF611:
 10732 14a9 5F5F636F 		.ascii	"__const const\000"
 10732      6E737420 
 10732      636F6E73 
 10732      7400
 10733              	.LASF978:
 10734 14b7 5F4D4143 		.ascii	"_MACHSTDLIB_H_ \000"
 10734      48535444 
 10734      4C49425F 
 10734      485F2000 
 10735              	.LASF1243:
 10736 14c7 736F7572 		.ascii	"source\000"
 10736      636500
 10737              	.LASF942:
 10738 14ce 42554653 		.ascii	"BUFSIZ 1024\000"
 10738      495A2031 
 10738      30323400 
 10739              	.LASF1111:
 10740 14da 464C545F 		.ascii	"FLT_MAX\000"
 10740      4D415800 
 10741              	.LASF1177:
 10742 14e2 5F474343 		.ascii	"_GCC_NEXT_LIMITS_H\000"
 10742      5F4E4558 
 10742      545F4C49 
 10742      4D495453 
 10742      5F4800
 10743              	.LASF1431:
 10744 14f5 70726F67 		.ascii	"prog\000"
 10744      00
 10745              	.LASF737:
 10746 14fa 5F5F6C6F 		.ascii	"__lock_try_acquire_recursive(lock) __retarget_lock_"
 10746      636B5F74 
 10746      72795F61 
 10746      63717569 
 10746      72655F72 
 10747 152d 7472795F 		.ascii	"try_acquire_recursive(lock)\000"
 10747      61637175 
 10747      6972655F 
 10747      72656375 
ARM GAS  /var/folders/65/xyhbx3_n6nd_hs7j3p9nfwv80000gn/T//ccFweXAW.s 			page 205


 10747      72736976 
 10748              	.LASF457:
 10749 1549 5F414E53 		.ascii	"_ANSIDECL_H_ \000"
 10749      49444543 
 10749      4C5F485F 
 10749      2000
 10750              	.LASF47:
 10751 1557 5F5F5549 		.ascii	"__UINT16_TYPE__ short unsigned int\000"
 10751      4E543136 
 10751      5F545950 
 10751      455F5F20 
 10751      73686F72 
 10752              	.LASF952:
 10753 157a 7374646F 		.ascii	"stdout (_REENT->_stdout)\000"
 10753      75742028 
 10753      5F524545 
 10753      4E542D3E 
 10753      5F737464 
 10754              	.LASF1555:
 10755 1593 4558505F 		.ascii	"EXP_DIV\000"
 10755      44495600 
 10756              	.LASF1210:
 10757 159b 4C4C4F4E 		.ascii	"LLONG_MIN (-LLONG_MAX - 1LL)\000"
 10757      475F4D49 
 10757      4E20282D 
 10757      4C4C4F4E 
 10757      475F4D41 
 10758              	.LASF549:
 10759 15b8 5F545F53 		.ascii	"_T_SIZE_ \000"
 10759      495A455F 
 10759      2000
 10760              	.LASF496:
 10761 15c2 5F5F4953 		.ascii	"__ISO_C_VISIBLE 2011\000"
 10761      4F5F435F 
 10761      56495349 
 10761      424C4520 
 10761      32303131 
 10762              	.LASF849:
 10763 15d7 5F54494D 		.ascii	"_TIME_T_DECLARED \000"
 10763      455F545F 
 10763      4445434C 
 10763      41524544 
 10763      2000
 10764              	.LASF860:
 10765 15e9 5F534947 		.ascii	"_SIGSET_T_DECLARED \000"
 10765      5345545F 
 10765      545F4445 
 10765      434C4152 
 10765      45442000 
 10766              	.LASF192:
 10767 15fd 5F5F464C 		.ascii	"__FLT32_MANT_DIG__ 24\000"
 10767      5433325F 
 10767      4D414E54 
 10767      5F444947 
 10767      5F5F2032 
 10768              	.LASF233:
 10769 1613 5F5F464C 		.ascii	"__FLT32X_HAS_INFINITY__ 1\000"
ARM GAS  /var/folders/65/xyhbx3_n6nd_hs7j3p9nfwv80000gn/T//ccFweXAW.s 			page 206


 10769      54333258 
 10769      5F484153 
 10769      5F494E46 
 10769      494E4954 
 10770              	.LASF752:
 10771 162d 5F415445 		.ascii	"_ATEXIT_SIZE 32\000"
 10771      5849545F 
 10771      53495A45 
 10771      20333200 
 10772              	.LASF1037:
 10773 163d 444F4D41 		.ascii	"DOMAIN 1\000"
 10773      494E2031 
 10773      00
 10774              	.LASF1361:
 10775 1646 5F646174 		.ascii	"_data\000"
 10775      6100
 10776              	.LASF1284:
 10777 164c 656E7674 		.ascii	"envtop\000"
 10777      6F7000
 10778              	.LASF1218:
 10779 1653 4C4F4E47 		.ascii	"LONG_LONG_MAX __LONG_LONG_MAX__\000"
 10779      5F4C4F4E 
 10779      475F4D41 
 10779      58205F5F 
 10779      4C4F4E47 
 10780              	.LASF125:
 10781 1673 5F5F5549 		.ascii	"__UINT_LEAST64_MAX__ 0xffffffffffffffffULL\000"
 10781      4E545F4C 
 10781      45415354 
 10781      36345F4D 
 10781      41585F5F 
 10782              	.LASF108:
 10783 169e 5F5F494E 		.ascii	"__INT8_C(c) c\000"
 10783      54385F43 
 10783      28632920 
 10783      6300
 10784              	.LASF906:
 10785 16ac 53434845 		.ascii	"SCHED_RR 2\000"
 10785      445F5252 
 10785      203200
 10786              	.LASF442:
 10787 16b7 5F5F4152 		.ascii	"__ARM_EABI__ 1\000"
 10787      4D5F4541 
 10787      42495F5F 
 10787      203100
 10788              	.LASF651:
 10789 16c6 5F5F7072 		.ascii	"__printf0like(fmtarg,firstvararg) \000"
 10789      696E7466 
 10789      306C696B 
 10789      6528666D 
 10789      74617267 
 10790              	.LASF1265:
 10791 16e9 52616E67 		.ascii	"RangeError_prototype\000"
 10791      65457272 
 10791      6F725F70 
 10791      726F746F 
 10791      74797065 
ARM GAS  /var/folders/65/xyhbx3_n6nd_hs7j3p9nfwv80000gn/T//ccFweXAW.s 			page 207


 10792              	.LASF945:
 10793 16fe 4C5F746D 		.ascii	"L_tmpnam FILENAME_MAX\000"
 10793      706E616D 
 10793      2046494C 
 10793      454E414D 
 10793      455F4D41 
 10794              	.LASF1283:
 10795 1714 6D656D6C 		.ascii	"memlimit\000"
 10795      696D6974 
 10795      00
 10796              	.LASF201:
 10797 171d 5F5F464C 		.ascii	"__FLT32_EPSILON__ 1.1920928955078125e-7F32\000"
 10797      5433325F 
 10797      45505349 
 10797      4C4F4E5F 
 10797      5F20312E 
 10798              	.LASF479:
 10799 1748 5F5F4945 		.ascii	"__IEEE_LITTLE_ENDIAN \000"
 10799      45455F4C 
 10799      4954544C 
 10799      455F454E 
 10799      4449414E 
 10800              	.LASF152:
 10801 175e 5F5F464C 		.ascii	"__FLT_MAX_EXP__ 128\000"
 10801      545F4D41 
 10801      585F4558 
 10801      505F5F20 
 10801      31323800 
 10802              	.LASF102:
 10803 1772 5F5F494E 		.ascii	"__INT64_MAX__ 0x7fffffffffffffffLL\000"
 10803      5436345F 
 10803      4D41585F 
 10803      5F203078 
 10803      37666666 
 10804              	.LASF600:
 10805 1795 5F5F4343 		.ascii	"__CC_SUPPORTS___INLINE 1\000"
 10805      5F535550 
 10805      504F5254 
 10805      535F5F5F 
 10805      494E4C49 
 10806              	.LASF1069:
 10807 17ae 5F535649 		.ascii	"_SVID_ __fdlibm_svid\000"
 10807      445F205F 
 10807      5F66646C 
 10807      69626D5F 
 10807      73766964 
 10808              	.LASF559:
 10809 17c3 5F474343 		.ascii	"_GCC_SIZE_T \000"
 10809      5F53495A 
 10809      455F5420 
 10809      00
 10810              	.LASF155:
 10811 17d0 5F5F464C 		.ascii	"__FLT_MAX__ 3.4028234663852886e+38F\000"
 10811      545F4D41 
 10811      585F5F20 
 10811      332E3430 
 10811      32383233 
ARM GAS  /var/folders/65/xyhbx3_n6nd_hs7j3p9nfwv80000gn/T//ccFweXAW.s 			page 208


 10812              	.LASF1417:
 10813 17f4 5F5F6C6F 		.ascii	"__lock\000"
 10813      636B00
 10814              	.LASF776:
 10815 17fb 5F524545 		.ascii	"_REENT_CHECK_SIGNAL_BUF(ptr) \000"
 10815      4E545F43 
 10815      4845434B 
 10815      5F534947 
 10815      4E414C5F 
 10816              	.LASF1254:
 10817 1819 67636173 		.ascii	"gcast\000"
 10817      7400
 10818              	.LASF1166:
 10819 181f 42435F42 		.ascii	"BC_BASE_MAX 99\000"
 10819      4153455F 
 10819      4D415820 
 10819      393900
 10820              	.LASF225:
 10821 182e 5F5F464C 		.ascii	"__FLT32X_MAX_EXP__ 1024\000"
 10821      54333258 
 10821      5F4D4158 
 10821      5F455850 
 10821      5F5F2031 
 10822              	.LASF603:
 10823 1846 5F5F4343 		.ascii	"__CC_SUPPORTS_WARNING 1\000"
 10823      5F535550 
 10823      504F5254 
 10823      535F5741 
 10823      524E494E 
 10824              	.LASF1487:
 10825 185e 4A535F43 		.ascii	"JS_CCFUNCTION\000"
 10825      4346554E 
 10825      4354494F 
 10825      4E00
 10826              	.LASF62:
 10827 186c 5F5F5549 		.ascii	"__UINT_FAST8_TYPE__ unsigned int\000"
 10827      4E545F46 
 10827      41535438 
 10827      5F545950 
 10827      455F5F20 
 10828              	.LASF877:
 10829 188d 5F5F755F 		.ascii	"__u_long_defined \000"
 10829      6C6F6E67 
 10829      5F646566 
 10829      696E6564 
 10829      2000
 10830              	.LASF370:
 10831 189f 5F5F5554 		.ascii	"__UTA_FBIT__ 64\000"
 10831      415F4642 
 10831      49545F5F 
 10831      20363400 
 10832              	.LASF886:
 10833 18af 5F49445F 		.ascii	"_ID_T_DECLARED \000"
 10833      545F4445 
 10833      434C4152 
 10833      45442000 
 10834              	.LASF164:
ARM GAS  /var/folders/65/xyhbx3_n6nd_hs7j3p9nfwv80000gn/T//ccFweXAW.s 			page 209


 10835 18bf 5F5F4442 		.ascii	"__DBL_DIG__ 15\000"
 10835      4C5F4449 
 10835      475F5F20 
 10835      313500
 10836              	.LASF38:
 10837 18ce 5F5F5549 		.ascii	"__UINTMAX_TYPE__ long long unsigned int\000"
 10837      4E544D41 
 10837      585F5459 
 10837      50455F5F 
 10837      206C6F6E 
 10838              	.LASF1386:
 10839 18f6 5F5F7366 		.ascii	"__sf\000"
 10839      00
 10840              	.LASF533:
 10841 18fb 5F5F4558 		.ascii	"__EXP(x) __ ##x ##__\000"
 10841      50287829 
 10841      205F5F20 
 10841      23237820 
 10841      23235F5F 
 10842              	.LASF183:
 10843 1910 5F5F4445 		.ascii	"__DECIMAL_DIG__ 17\000"
 10843      43494D41 
 10843      4C5F4449 
 10843      475F5F20 
 10843      313700
 10844              	.LASF1076:
 10845 1923 44424C5F 		.ascii	"DBL_MANT_DIG\000"
 10845      4D414E54 
 10845      5F444947 
 10845      00
 10846              	.LASF1346:
 10847 1930 5F626173 		.ascii	"_base\000"
 10847      6500
 10848              	.LASF571:
 10849 1936 5F5F6C6F 		.ascii	"__long_double_t long double\000"
 10849      6E675F64 
 10849      6F75626C 
 10849      655F7420 
 10849      6C6F6E67 
 10850              	.LASF917:
 10851 1952 5F5F4649 		.ascii	"__FILE_defined \000"
 10851      4C455F64 
 10851      6566696E 
 10851      65642000 
 10852              	.LASF664:
 10853 1962 5F5F4445 		.ascii	"__DEQUALIFY(type,var) ((type)(__uintptr_t)(const vo"
 10853      5155414C 
 10853      49465928 
 10853      74797065 
 10853      2C766172 
 10854 1995 6C617469 		.ascii	"latile void *)(var))\000"
 10854      6C652076 
 10854      6F696420 
 10854      2A292876 
 10854      61722929 
 10855              	.LASF580:
 10856 19aa 5F5F6861 		.ascii	"__has_feature(x) 0\000"
ARM GAS  /var/folders/65/xyhbx3_n6nd_hs7j3p9nfwv80000gn/T//ccFweXAW.s 			page 210


 10856      735F6665 
 10856      61747572 
 10856      65287829 
 10856      203000
 10857              	.LASF1078:
 10858 19bd 464C545F 		.ascii	"FLT_MANT_DIG __FLT_MANT_DIG__\000"
 10858      4D414E54 
 10858      5F444947 
 10858      205F5F46 
 10858      4C545F4D 
 10859              	.LASF1403:
 10860 19db 5F6D6274 		.ascii	"_mbtowc_state\000"
 10860      6F77635F 
 10860      73746174 
 10860      6500
 10861              	.LASF763:
 10862 19e9 5F524545 		.ascii	"_REENT_EMERGENCY_SIZE 25\000"
 10862      4E545F45 
 10862      4D455247 
 10862      454E4359 
 10862      5F53495A 
 10863              	.LASF371:
 10864 1a02 5F5F5554 		.ascii	"__UTA_IBIT__ 64\000"
 10864      415F4942 
 10864      49545F5F 
 10864      20363400 
 10865              	.LASF505:
 10866 1a12 5F5F5241 		.ascii	"__RAND_MAX 0x7fffffff\000"
 10866      4E445F4D 
 10866      41582030 
 10866      78376666 
 10866      66666666 
 10867              	.LASF353:
 10868 1a28 5F5F5544 		.ascii	"__UDQ_IBIT__ 0\000"
 10868      515F4942 
 10868      49545F5F 
 10868      203000
 10869              	.LASF1477:
 10870 1a37 67657474 		.ascii	"getter\000"
 10870      657200
 10871              	.LASF1086:
 10872 1a3e 4C44424C 		.ascii	"LDBL_DIG __LDBL_DIG__\000"
 10872      5F444947 
 10872      205F5F4C 
 10872      44424C5F 
 10872      4449475F 
 10873              	.LASF1479:
 10874 1a54 6A735F49 		.ascii	"js_Iterator\000"
 10874      74657261 
 10874      746F7200 
 10875              	.LASF297:
 10876 1a60 5F5F5341 		.ascii	"__SACCUM_IBIT__ 8\000"
 10876      4343554D 
 10876      5F494249 
 10876      545F5F20 
 10876      3800
 10877              	.LASF885:
ARM GAS  /var/folders/65/xyhbx3_n6nd_hs7j3p9nfwv80000gn/T//ccFweXAW.s 			page 211


 10878 1a72 5F465342 		.ascii	"_FSBLKCNT_T_DECLARED \000"
 10878      4C4B434E 
 10878      545F545F 
 10878      4445434C 
 10878      41524544 
 10879              	.LASF277:
 10880 1a88 5F5F4C46 		.ascii	"__LFRACT_IBIT__ 0\000"
 10880      52414354 
 10880      5F494249 
 10880      545F5F20 
 10880      3000
 10881              	.LASF1492:
 10882 1a9a 4A535F43 		.ascii	"JS_CREGEXP\000"
 10882      52454745 
 10882      585000
 10883              	.LASF1573:
 10884 1aa5 4558505F 		.ascii	"EXP_BITXOR\000"
 10884      42495458 
 10884      4F5200
 10885              	.LASF373:
 10886 1ab0 5F5F5553 		.ascii	"__USER_LABEL_PREFIX__ \000"
 10886      45525F4C 
 10886      4142454C 
 10886      5F505245 
 10886      4649585F 
 10887              	.LASF1213:
 10888 1ac7 554C4C4F 		.ascii	"ULLONG_MAX\000"
 10888      4E475F4D 
 10888      415800
 10889              	.LASF572:
 10890 1ad2 5F5F6174 		.ascii	"__attribute_malloc__ \000"
 10890      74726962 
 10890      7574655F 
 10890      6D616C6C 
 10890      6F635F5F 
 10891              	.LASF557:
 10892 1ae8 5F53495A 		.ascii	"_SIZE_T_DECLARED \000"
 10892      455F545F 
 10892      4445434C 
 10892      41524544 
 10892      2000
 10893              	.LASF1447:
 10894 1afa 6A735F46 		.ascii	"js_Function\000"
 10894      756E6374 
 10894      696F6E00 
 10895              	.LASF1475:
 10896 1b06 61747473 		.ascii	"atts\000"
 10896      00
 10897              	.LASF787:
 10898 1b0b 5F524545 		.ascii	"_REENT_TM(ptr) (&(ptr)->_new._reent._localtime_buf)"
 10898      4E545F54 
 10898      4D287074 
 10898      72292028 
 10898      26287074 
 10899 1b3e 00       		.ascii	"\000"
 10900              	.LASF847:
 10901 1b3f 5F535553 		.ascii	"_SUSECONDS_T_DECLARED \000"
ARM GAS  /var/folders/65/xyhbx3_n6nd_hs7j3p9nfwv80000gn/T//ccFweXAW.s 			page 212


 10901      45434F4E 
 10901      44535F54 
 10901      5F444543 
 10901      4C415245 
 10902              	.LASF1327:
 10903 1b56 5F5F746D 		.ascii	"__tm\000"
 10903      00
 10904              	.LASF337:
 10905 1b5b 5F5F5151 		.ascii	"__QQ_IBIT__ 0\000"
 10905      5F494249 
 10905      545F5F20 
 10905      3000
 10906              	.LASF1023:
 10907 1b69 69736669 		.ascii	"isfinite(__x) (__builtin_isfinite (__x))\000"
 10907      6E697465 
 10907      285F5F78 
 10907      2920285F 
 10907      5F627569 
 10908              	.LASF946:
 10909 1b92 505F746D 		.ascii	"P_tmpdir \"/tmp\"\000"
 10909      70646972 
 10909      20222F74 
 10909      6D702200 
 10910              	.LASF1617:
 10911 1ba2 42705F74 		.ascii	"Bp_toString\000"
 10911      6F537472 
 10911      696E6700 
 10912              	.LASF662:
 10913 1bae 5F5F4445 		.ascii	"__DECONST(type,var) ((type)(__uintptr_t)(const void"
 10913      434F4E53 
 10913      54287479 
 10913      70652C76 
 10913      61722920 
 10914 1be1 202A2928 		.ascii	" *)(var))\000"
 10914      76617229 
 10914      2900
 10915              	.LASF1607:
 10916 1beb 53544D5F 		.ascii	"STM_THROW\000"
 10916      5448524F 
 10916      5700
 10917              	.LASF314:
 10918 1bf5 5F5F5541 		.ascii	"__UACCUM_MAX__ 0XFFFFFFFFP-16UK\000"
 10918      4343554D 
 10918      5F4D4158 
 10918      5F5F2030 
 10918      58464646 
 10919              	.LASF971:
 10920 1c15 636C6561 		.ascii	"clearerr_unlocked(p) __sclearerr(p)\000"
 10920      72657272 
 10920      5F756E6C 
 10920      6F636B65 
 10920      64287029 
 10921              	.LASF7:
 10922 1c39 5F5F474E 		.ascii	"__GNUC_PATCHLEVEL__ 1\000"
 10922      55435F50 
 10922      41544348 
 10922      4C455645 
ARM GAS  /var/folders/65/xyhbx3_n6nd_hs7j3p9nfwv80000gn/T//ccFweXAW.s 			page 213


 10922      4C5F5F20 
 10923              	.LASF747:
 10924 1c4f 5F54494D 		.ascii	"_TIME_T_ __int_least64_t\000"
 10924      455F545F 
 10924      205F5F69 
 10924      6E745F6C 
 10924      65617374 
 10925              	.LASF127:
 10926 1c68 5F5F494E 		.ascii	"__INT_FAST8_MAX__ 0x7fffffff\000"
 10926      545F4641 
 10926      5354385F 
 10926      4D41585F 
 10926      5F203078 
 10927              	.LASF702:
 10928 1c85 5F574348 		.ascii	"_WCHAR_T \000"
 10928      41525F54 
 10928      2000
 10929              	.LASF1114:
 10930 1c8f 464C545F 		.ascii	"FLT_MAX __FLT_MAX__\000"
 10930      4D415820 
 10930      5F5F464C 
 10930      545F4D41 
 10930      585F5F00 
 10931              	.LASF128:
 10932 1ca3 5F5F494E 		.ascii	"__INT_FAST8_WIDTH__ 32\000"
 10932      545F4641 
 10932      5354385F 
 10932      57494454 
 10932      485F5F20 
 10933              	.LASF1463:
 10934 1cba 6A735F45 		.ascii	"js_Environment\000"
 10934      6E766972 
 10934      6F6E6D65 
 10934      6E7400
 10935              	.LASF1073:
 10936 1cc9 464C545F 		.ascii	"FLT_RADIX\000"
 10936      52414449 
 10936      5800
 10937              	.LASF975:
 10938 1cd3 4C5F6374 		.ascii	"L_ctermid 16\000"
 10938      65726D69 
 10938      64203136 
 10938      00
 10939              	.LASF1335:
 10940 1ce0 5F5F746D 		.ascii	"__tm_yday\000"
 10940      5F796461 
 10940      7900
 10941              	.LASF185:
 10942 1cea 5F5F4C44 		.ascii	"__LDBL_MAX__ 1.7976931348623157e+308L\000"
 10942      424C5F4D 
 10942      41585F5F 
 10942      20312E37 
 10942      39373639 
 10943              	.LASF431:
 10944 1d10 5F5F4152 		.ascii	"__ARM_FP16_ARGS\000"
 10944      4D5F4650 
 10944      31365F41 
ARM GAS  /var/folders/65/xyhbx3_n6nd_hs7j3p9nfwv80000gn/T//ccFweXAW.s 			page 214


 10944      52475300 
 10945              	.LASF1530:
 10946 1d20 4558505F 		.ascii	"EXP_TRUE\000"
 10946      54525545 
 10946      00
 10947              	.LASF194:
 10948 1d29 5F5F464C 		.ascii	"__FLT32_MIN_EXP__ (-125)\000"
 10948      5433325F 
 10948      4D494E5F 
 10948      4558505F 
 10948      5F20282D 
 10949              	.LASF288:
 10950 1d42 5F5F4C4C 		.ascii	"__LLFRACT_MIN__ (-0.5LLR-0.5LLR)\000"
 10950      46524143 
 10950      545F4D49 
 10950      4E5F5F20 
 10950      282D302E 
 10951              	.LASF1435:
 10952 1d63 74797065 		.ascii	"type\000"
 10952      00
 10953              	.LASF1430:
 10954 1d68 6A735F52 		.ascii	"js_Regexp\000"
 10954      65676578 
 10954      7000
 10955              	.LASF179:
 10956 1d72 5F5F4C44 		.ascii	"__LDBL_MIN_EXP__ (-1021)\000"
 10956      424C5F4D 
 10956      494E5F45 
 10956      58505F5F 
 10956      20282D31 
 10957              	.LASF1311:
 10958 1d8b 5F4C4F43 		.ascii	"_LOCK_T\000"
 10958      4B5F5400 
 10959              	.LASF166:
 10960 1d93 5F5F4442 		.ascii	"__DBL_MIN_10_EXP__ (-307)\000"
 10960      4C5F4D49 
 10960      4E5F3130 
 10960      5F455850 
 10960      5F5F2028 
 10961              	.LASF1057:
 10962 1dad 4D5F5457 		.ascii	"M_TWOPI (M_PI * 2.0)\000"
 10962      4F504920 
 10962      284D5F50 
 10962      49202A20 
 10962      322E3029 
 10963              	.LASF273:
 10964 1dc2 5F5F5546 		.ascii	"__UFRACT_MIN__ 0.0UR\000"
 10964      52414354 
 10964      5F4D494E 
 10964      5F5F2030 
 10964      2E305552 
 10965              	.LASF697:
 10966 1dd7 5F474343 		.ascii	"_GCC_PTRDIFF_T \000"
 10966      5F505452 
 10966      44494646 
 10966      5F542000 
 10967              	.LASF1022:
ARM GAS  /var/folders/65/xyhbx3_n6nd_hs7j3p9nfwv80000gn/T//ccFweXAW.s 			page 215


 10968 1de7 6670636C 		.ascii	"fpclassify(__x) (__builtin_fpclassify (FP_NAN, FP_I"
 10968      61737369 
 10968      6679285F 
 10968      5F782920 
 10968      285F5F62 
 10969 1e1a 4E46494E 		.ascii	"NFINITE, FP_NORMAL, FP_SUBNORMAL, FP_ZERO, __x))\000"
 10969      4954452C 
 10969      2046505F 
 10969      4E4F524D 
 10969      414C2C20 
 10970              	.LASF1436:
 10971 1e4b 65787465 		.ascii	"extensible\000"
 10971      6E736962 
 10971      6C6500
 10972              	.LASF151:
 10973 1e56 5F5F464C 		.ascii	"__FLT_MIN_10_EXP__ (-37)\000"
 10973      545F4D49 
 10973      4E5F3130 
 10973      5F455850 
 10973      5F5F2028 
 10974              	.LASF1597:
 10975 1e6f 53544D5F 		.ascii	"STM_WHILE\000"
 10975      5748494C 
 10975      4500
 10976              	.LASF1595:
 10977 1e79 53544D5F 		.ascii	"STM_IF\000"
 10977      494600
 10978              	.LASF222:
 10979 1e80 5F5F464C 		.ascii	"__FLT32X_DIG__ 15\000"
 10979      54333258 
 10979      5F444947 
 10979      5F5F2031 
 10979      3500
 10980              	.LASF1491:
 10981 1e92 4A535F43 		.ascii	"JS_CSTRING\000"
 10981      53545249 
 10981      4E4700
 10982              	.LASF1556:
 10983 1e9d 4558505F 		.ascii	"EXP_MUL\000"
 10983      4D554C00 
 10984              	.LASF1541:
 10985 1ea5 4558505F 		.ascii	"EXP_CALL\000"
 10985      43414C4C 
 10985      00
 10986              	.LASF1180:
 10987 1eae 43484152 		.ascii	"CHAR_BIT __CHAR_BIT__\000"
 10987      5F424954 
 10987      205F5F43 
 10987      4841525F 
 10987      4249545F 
 10988              	.LASF1395:
 10989 1ec4 5F756E75 		.ascii	"_unused_rand\000"
 10989      7365645F 
 10989      72616E64 
 10989      00
 10990              	.LASF163:
 10991 1ed1 5F5F4442 		.ascii	"__DBL_MANT_DIG__ 53\000"
ARM GAS  /var/folders/65/xyhbx3_n6nd_hs7j3p9nfwv80000gn/T//ccFweXAW.s 			page 216


 10991      4C5F4D41 
 10991      4E545F44 
 10991      49475F5F 
 10991      20353300 
 10992              	.LASF298:
 10993 1ee5 5F5F5341 		.ascii	"__SACCUM_MIN__ (-0X1P7HK-0X1P7HK)\000"
 10993      4343554D 
 10993      5F4D494E 
 10993      5F5F2028 
 10993      2D305831 
 10994              	.LASF923:
 10995 1f07 5F5F5352 		.ascii	"__SRD 0x0004\000"
 10995      44203078 
 10995      30303034 
 10995      00
 10996              	.LASF89:
 10997 1f14 5F5F5054 		.ascii	"__PTRDIFF_WIDTH__ 32\000"
 10997      52444946 
 10997      465F5749 
 10997      4454485F 
 10997      5F203332 
 10998              	.LASF657:
 10999 1f29 5F5F4642 		.ascii	"__FBSDID(s) struct __hack\000"
 10999      53444944 
 10999      28732920 
 10999      73747275 
 10999      6374205F 
 11000              	.LASF811:
 11001 1f43 5F55494E 		.ascii	"_UINT8_T_DECLARED \000"
 11001      54385F54 
 11001      5F444543 
 11001      4C415245 
 11001      442000
 11002              	.LASF1552:
 11003 1f56 4558505F 		.ascii	"EXP_BITNOT\000"
 11003      4249544E 
 11003      4F5400
 11004              	.LASF333:
 11005 1f61 5F5F554C 		.ascii	"__ULLACCUM_MIN__ 0.0ULLK\000"
 11005      4C414343 
 11005      554D5F4D 
 11005      494E5F5F 
 11005      20302E30 
 11006              	.LASF712:
 11007 1f7a 5F5F494E 		.ascii	"__INT_WCHAR_T_H \000"
 11007      545F5743 
 11007      4841525F 
 11007      545F4820 
 11007      00
 11008              	.LASF240:
 11009 1f8b 5F5F4445 		.ascii	"__DEC32_EPSILON__ 1E-6DF\000"
 11009      4333325F 
 11009      45505349 
 11009      4C4F4E5F 
 11009      5F203145 
 11010              	.LASF672:
 11011 1fa4 5F5F6C6F 		.ascii	"__lock_annotate(x) \000"
ARM GAS  /var/folders/65/xyhbx3_n6nd_hs7j3p9nfwv80000gn/T//ccFweXAW.s 			page 217


 11011      636B5F61 
 11011      6E6E6F74 
 11011      61746528 
 11011      78292000 
 11012              	.LASF1460:
 11013 1fb8 76617263 		.ascii	"varcap\000"
 11013      617000
 11014              	.LASF1048:
 11015 1fbf 4D5F4C4E 		.ascii	"M_LN10 2.30258509299404568402\000"
 11015      31302032 
 11015      2E333032 
 11015      35383530 
 11015      39323939 
 11016              	.LASF487:
 11017 1fdd 5F504F53 		.ascii	"_POSIX_SOURCE\000"
 11017      49585F53 
 11017      4F555243 
 11017      4500
 11018              	.LASF835:
 11019 1feb 5044505F 		.ascii	"PDP_ENDIAN _PDP_ENDIAN\000"
 11019      454E4449 
 11019      414E205F 
 11019      5044505F 
 11019      454E4449 
 11020              	.LASF561:
 11021 2002 5F5F7369 		.ascii	"__size_t \000"
 11021      7A655F74 
 11021      2000
 11022              	.LASF78:
 11023 200c 5F5F5749 		.ascii	"__WINT_MAX__ 0xffffffffU\000"
 11023      4E545F4D 
 11023      41585F5F 
 11023      20307866 
 11023      66666666 
 11024              	.LASF1003:
 11025 2025 5F4D5F4C 		.ascii	"_M_LN2 0.693147180559945309417\000"
 11025      4E322030 
 11025      2E363933 
 11025      31343731 
 11025      38303535 
 11026              	.LASF1377:
 11027 2044 5F726573 		.ascii	"_result_k\000"
 11027      756C745F 
 11027      6B00
 11028              	.LASF1044:
 11029 204e 4D5F4520 		.ascii	"M_E 2.7182818284590452354\000"
 11029      322E3731 
 11029      38323831 
 11029      38323834 
 11029      35393034 
 11030              	.LASF1369:
 11031 2068 5F737464 		.ascii	"_stderr\000"
 11031      65727200 
 11032              	.LASF1240:
 11033 2070 64656661 		.ascii	"default_strict\000"
 11033      756C745F 
 11033      73747269 
ARM GAS  /var/folders/65/xyhbx3_n6nd_hs7j3p9nfwv80000gn/T//ccFweXAW.s 			page 218


 11033      637400
 11034              	.LASF1376:
 11035 207f 5F726573 		.ascii	"_result\000"
 11035      756C7400 
 11036              	.LASF301:
 11037 2087 5F5F5553 		.ascii	"__USACCUM_FBIT__ 8\000"
 11037      41434355 
 11037      4D5F4642 
 11037      49545F5F 
 11037      203800
 11038              	.LASF1339:
 11039 209a 5F64736F 		.ascii	"_dso_handle\000"
 11039      5F68616E 
 11039      646C6500 
 11040              	.LASF388:
 11041 20a6 5F5F4743 		.ascii	"__GCC_ATOMIC_TEST_AND_SET_TRUEVAL 1\000"
 11041      435F4154 
 11041      4F4D4943 
 11041      5F544553 
 11041      545F414E 
 11042              	.LASF523:
 11043 20ca 4A535F43 		.ascii	"JS_CHECKVERSION(x,y,z) (JS_VERSION >= ((x) * 10000 "
 11043      4845434B 
 11043      56455253 
 11043      494F4E28 
 11043      782C792C 
 11044 20fd 2B202879 		.ascii	"+ (y) * 100 + (z)))\000"
 11044      29202A20 
 11044      31303020 
 11044      2B20287A 
 11044      29292900 
 11045              	.LASF157:
 11046 2111 5F5F464C 		.ascii	"__FLT_EPSILON__ 1.1920928955078125e-7F\000"
 11046      545F4550 
 11046      53494C4F 
 11046      4E5F5F20 
 11046      312E3139 
 11047              	.LASF587:
 11048 2138 5F5F474E 		.ascii	"__GNUCLIKE___OFFSETOF 1\000"
 11048      55434C49 
 11048      4B455F5F 
 11048      5F4F4646 
 11048      5345544F 
 11049              	.LASF1247:
 11050 2150 6C657863 		.ascii	"lexchar\000"
 11050      68617200 
 11051              	.LASF1024:
 11052 2158 6973696E 		.ascii	"isinf(__x) (__builtin_isinf_sign (__x))\000"
 11052      66285F5F 
 11052      78292028 
 11052      5F5F6275 
 11052      696C7469 
 11053              	.LASF120:
 11054 2180 5F5F5549 		.ascii	"__UINT8_C(c) c\000"
 11054      4E54385F 
 11054      43286329 
 11054      206300
ARM GAS  /var/folders/65/xyhbx3_n6nd_hs7j3p9nfwv80000gn/T//ccFweXAW.s 			page 219


 11055              	.LASF1334:
 11056 218f 5F5F746D 		.ascii	"__tm_wday\000"
 11056      5F776461 
 11056      7900
 11057              	.LASF410:
 11058 2199 5F5F4152 		.ascii	"__ARM_FEATURE_NUMERIC_MAXMIN\000"
 11058      4D5F4645 
 11058      41545552 
 11058      455F4E55 
 11058      4D455249 
 11059              	.LASF1336:
 11060 21b6 5F5F746D 		.ascii	"__tm_isdst\000"
 11060      5F697364 
 11060      737400
 11061              	.LASF1428:
 11062 21c1 5F5F6664 		.ascii	"__fdlib_version\000"
 11062      6C69625F 
 11062      76657273 
 11062      696F6E00 
 11063              	.LASF1055:
 11064 21d1 4D5F5351 		.ascii	"M_SQRT2 1.41421356237309504880\000"
 11064      52543220 
 11064      312E3431 
 11064      34323133 
 11064      35363233 
 11065              	.LASF284:
 11066 21f0 5F5F554C 		.ascii	"__ULFRACT_MAX__ 0XFFFFFFFFP-32ULR\000"
 11066      46524143 
 11066      545F4D41 
 11066      585F5F20 
 11066      30584646 
 11067              	.LASF614:
 11068 2212 5F5F7765 		.ascii	"__weak_symbol __attribute__((__weak__))\000"
 11068      616B5F73 
 11068      796D626F 
 11068      6C205F5F 
 11068      61747472 
 11069              	.LASF1279:
 11070 223a 67636F62 		.ascii	"gcobj\000"
 11070      6A00
 11071              	.LASF575:
 11072 2240 5F5F666C 		.ascii	"__flexarr [0]\000"
 11072      65786172 
 11072      72205B30 
 11072      5D00
 11073              	.LASF781:
 11074 224e 5F524545 		.ascii	"_REENT_RAND48_ADD(ptr) ((ptr)->_new._reent._r48._ad"
 11074      4E545F52 
 11074      414E4434 
 11074      385F4144 
 11074      44287074 
 11075 2281 642900   		.ascii	"d)\000"
 11076              	.LASF293:
 11077 2284 5F5F554C 		.ascii	"__ULLFRACT_MIN__ 0.0ULLR\000"
 11077      4C465241 
 11077      43545F4D 
 11077      494E5F5F 
ARM GAS  /var/folders/65/xyhbx3_n6nd_hs7j3p9nfwv80000gn/T//ccFweXAW.s 			page 220


 11077      20302E30 
 11078              	.LASF1456:
 11079 229d 66756E74 		.ascii	"funtab\000"
 11079      616200
 11080              	.LASF1299:
 11081 22a4 756E7369 		.ascii	"unsigned char\000"
 11081      676E6564 
 11081      20636861 
 11081      7200
 11082              	.LASF452:
 11083 22b2 54415247 		.ascii	"TARGET_PLAYDATE 1\000"
 11083      45545F50 
 11083      4C415944 
 11083      41544520 
 11083      3100
 11084              	.LASF1468:
 11085 22c4 6A735F53 		.ascii	"js_StackTrace\000"
 11085      7461636B 
 11085      54726163 
 11085      6500
 11086              	.LASF401:
 11087 22d2 5F5F4152 		.ascii	"__ARM_FEATURE_QRDMX\000"
 11087      4D5F4645 
 11087      41545552 
 11087      455F5152 
 11087      444D5800 
 11088              	.LASF1124:
 11089 22e6 44424C5F 		.ascii	"DBL_MIN\000"
 11089      4D494E00 
 11090              	.LASF257:
 11091 22ee 5F5F5346 		.ascii	"__SFRACT_IBIT__ 0\000"
 11091      52414354 
 11091      5F494249 
 11091      545F5F20 
 11091      3000
 11092              	.LASF27:
 11093 2300 5F5F4F52 		.ascii	"__ORDER_LITTLE_ENDIAN__ 1234\000"
 11093      4445525F 
 11093      4C495454 
 11093      4C455F45 
 11093      4E444941 
 11094              	.LASF698:
 11095 231d 5F505452 		.ascii	"_PTRDIFF_T_DECLARED \000"
 11095      44494646 
 11095      5F545F44 
 11095      45434C41 
 11095      52454420 
 11096              	.LASF777:
 11097 2332 5F524545 		.ascii	"_REENT_SIGNGAM(ptr) ((ptr)->_new._reent._gamma_sign"
 11097      4E545F53 
 11097      49474E47 
 11097      414D2870 
 11097      74722920 
 11098 2365 67616D29 		.ascii	"gam)\000"
 11098      00
 11099              	.LASF430:
 11100 236a 5F5F4152 		.ascii	"__ARM_FP16_FORMAT_ALTERNATIVE\000"
ARM GAS  /var/folders/65/xyhbx3_n6nd_hs7j3p9nfwv80000gn/T//ccFweXAW.s 			page 221


 11100      4D5F4650 
 11100      31365F46 
 11100      4F524D41 
 11100      545F414C 
 11101              	.LASF1038:
 11102 2388 53494E47 		.ascii	"SING 2\000"
 11102      203200
 11103              	.LASF1410:
 11104 238f 5F6D6273 		.ascii	"_mbsrtowcs_state\000"
 11104      72746F77 
 11104      63735F73 
 11104      74617465 
 11104      00
 11105              	.LASF1324:
 11106 23a0 5F6D6178 		.ascii	"_maxwds\000"
 11106      77647300 
 11107              	.LASF1326:
 11108 23a8 5F776473 		.ascii	"_wds\000"
 11108      00
 11109              	.LASF623:
 11110 23ad 5F5F616C 		.ascii	"__alloc_size2(n,x) __attribute__((__alloc_size__(n,"
 11110      6C6F635F 
 11110      73697A65 
 11110      32286E2C 
 11110      7829205F 
 11111 23e0 20782929 		.ascii	" x)))\000"
 11111      2900
 11112              	.LASF1422:
 11113 23e6 666C6F61 		.ascii	"float\000"
 11113      7400
 11114              	.LASF903:
 11115 23ec 5F535953 		.ascii	"_SYS_SCHED_H_ \000"
 11115      5F534348 
 11115      45445F48 
 11115      5F2000
 11116              	.LASF1539:
 11117 23fb 4558505F 		.ascii	"EXP_INDEX\000"
 11117      494E4445 
 11117      5800
 11118              	.LASF786:
 11119 2405 5F524545 		.ascii	"_REENT_ASCTIME_BUF(ptr) ((ptr)->_new._reent._asctim"
 11119      4E545F41 
 11119      53435449 
 11119      4D455F42 
 11119      55462870 
 11120 2438 655F6275 		.ascii	"e_buf)\000"
 11120      662900
 11121              	.LASF167:
 11122 243f 5F5F4442 		.ascii	"__DBL_MAX_EXP__ 1024\000"
 11122      4C5F4D41 
 11122      585F4558 
 11122      505F5F20 
 11122      31303234 
 11123              	.LASF741:
 11124 2454 756E7369 		.ascii	"unsigned signed\000"
 11124      676E6564 
 11124      20736967 
ARM GAS  /var/folders/65/xyhbx3_n6nd_hs7j3p9nfwv80000gn/T//ccFweXAW.s 			page 222


 11124      6E656400 
 11125              	.LASF287:
 11126 2464 5F5F4C4C 		.ascii	"__LLFRACT_IBIT__ 0\000"
 11126      46524143 
 11126      545F4942 
 11126      49545F5F 
 11126      203000
 11127              	.LASF121:
 11128 2477 5F5F5549 		.ascii	"__UINT_LEAST16_MAX__ 0xffff\000"
 11128      4E545F4C 
 11128      45415354 
 11128      31365F4D 
 11128      41585F5F 
 11129              	.LASF1459:
 11130 2493 76617274 		.ascii	"vartab\000"
 11130      616200
 11131              	.LASF1277:
 11132 249a 6763656E 		.ascii	"gcenv\000"
 11132      7600
 11133              	.LASF866:
 11134 24a0 46445F53 		.ascii	"FD_SET(n,p) ((p)->fds_bits[(n)/NFDBITS] |= (1L << ("
 11134      4554286E 
 11134      2C702920 
 11134      28287029 
 11134      2D3E6664 
 11135 24d3 286E2920 		.ascii	"(n) % NFDBITS)))\000"
 11135      25204E46 
 11135      44424954 
 11135      53292929 
 11135      00
 11136              	.LASF640:
 11137 24e4 5F5F6E75 		.ascii	"__null_sentinel __attribute__((__sentinel__))\000"
 11137      6C6C5F73 
 11137      656E7469 
 11137      6E656C20 
 11137      5F5F6174 
 11138              	.LASF434:
 11139 2512 5F5F4152 		.ascii	"__ARM_FEATURE_FP16_FML\000"
 11139      4D5F4645 
 11139      41545552 
 11139      455F4650 
 11139      31365F46 
 11140              	.LASF588:
 11141 2529 5F5F474E 		.ascii	"__GNUCLIKE___SECTION 1\000"
 11141      55434C49 
 11141      4B455F5F 
 11141      5F534543 
 11141      54494F4E 
 11142              	.LASF1094:
 11143 2540 44424C5F 		.ascii	"DBL_MIN_10_EXP\000"
 11143      4D494E5F 
 11143      31305F45 
 11143      585000
 11144              	.LASF1631:
 11145 254f 536F7572 		.ascii	"Source/js/jsboolean.c\000"
 11145      63652F6A 
 11145      732F6A73 
ARM GAS  /var/folders/65/xyhbx3_n6nd_hs7j3p9nfwv80000gn/T//ccFweXAW.s 			page 223


 11145      626F6F6C 
 11145      65616E2E 
 11146              	.LASF1347:
 11147 2565 5F73697A 		.ascii	"_size\000"
 11147      6500
 11148              	.LASF253:
 11149 256b 5F5F4445 		.ascii	"__DEC128_MAX__ 9.999999999999999999999999999999999E"
 11149      43313238 
 11149      5F4D4158 
 11149      5F5F2039 
 11149      2E393939 
 11150 259e 36313434 		.ascii	"6144DL\000"
 11150      444C00
 11151              	.LASF1163:
 11152 25a5 50415448 		.ascii	"PATH_MAX 1024\000"
 11152      5F4D4158 
 11152      20313032 
 11152      3400
 11153              	.LASF690:
 11154 25b3 5F505452 		.ascii	"_PTRDIFF_T \000"
 11154      44494646 
 11154      5F542000 
 11155              	.LASF1514:
 11156 25bf 74617267 		.ascii	"target\000"
 11156      657400
 11157              	.LASF1192:
 11158 25c6 53485254 		.ascii	"SHRT_MIN (-SHRT_MAX - 1)\000"
 11158      5F4D494E 
 11158      20282D53 
 11158      4852545F 
 11158      4D415820 
 11159              	.LASF468:
 11160 25df 48415645 		.ascii	"HAVE_INITFINI_ARRAY 1\000"
 11160      5F494E49 
 11160      5446494E 
 11160      495F4152 
 11160      52415920 
 11161              	.LASF1115:
 11162 25f5 44424C5F 		.ascii	"DBL_MAX __DBL_MAX__\000"
 11162      4D415820 
 11162      5F5F4442 
 11162      4C5F4D41 
 11162      585F5F00 
 11163              	.LASF1589:
 11164 2609 4558505F 		.ascii	"EXP_ASS_BITOR\000"
 11164      4153535F 
 11164      4249544F 
 11164      5200
 11165              	.LASF648:
 11166 2617 5F5F666F 		.ascii	"__format_arg(fmtarg) __attribute__((__format_arg__ "
 11166      726D6174 
 11166      5F617267 
 11166      28666D74 
 11166      61726729 
 11167 264a 28666D74 		.ascii	"(fmtarg)))\000"
 11167      61726729 
 11167      292900
ARM GAS  /var/folders/65/xyhbx3_n6nd_hs7j3p9nfwv80000gn/T//ccFweXAW.s 			page 224


 11168              	.LASF1281:
 11169 2655 6763726F 		.ascii	"gcroot\000"
 11169      6F7400
 11170              	.LASF851:
 11171 265c 74696D65 		.ascii	"timerclear(tvp) ((tvp)->tv_sec = (tvp)->tv_usec = 0"
 11171      72636C65 
 11171      61722874 
 11171      76702920 
 11171      28287476 
 11172 268f 2900     		.ascii	")\000"
 11173              	.LASF1354:
 11174 2691 5F777269 		.ascii	"_write\000"
 11174      746500
 11175              	.LASF1230:
 11176 2698 6A735F74 		.ascii	"js_trypc(J,PC) setjmp(js_savetrypc(J, PC))\000"
 11176      72797063 
 11176      284A2C50 
 11176      43292073 
 11176      65746A6D 
 11177              	.LASF485:
 11178 26c3 5F444546 		.ascii	"_DEFAULT_SOURCE\000"
 11178      41554C54 
 11178      5F534F55 
 11178      52434500 
 11179              	.LASF680:
 11180 26d3 5F5F6173 		.ascii	"__asserts_shared(...) __lock_annotate(assert_shared"
 11180      73657274 
 11180      735F7368 
 11180      61726564 
 11180      282E2E2E 
 11181 2706 5F6C6F63 		.ascii	"_lock(__VA_ARGS__))\000"
 11181      6B285F5F 
 11181      56415F41 
 11181      5247535F 
 11181      5F292900 
 11182              	.LASF256:
 11183 271a 5F5F5346 		.ascii	"__SFRACT_FBIT__ 7\000"
 11183      52414354 
 11183      5F464249 
 11183      545F5F20 
 11183      3700
 11184              	.LASF599:
 11185 272c 5F5F4343 		.ascii	"__CC_SUPPORTS_INLINE 1\000"
 11185      5F535550 
 11185      504F5254 
 11185      535F494E 
 11185      4C494E45 
 11186              	.LASF202:
 11187 2743 5F5F464C 		.ascii	"__FLT32_DENORM_MIN__ 1.4012984643248171e-45F32\000"
 11187      5433325F 
 11187      44454E4F 
 11187      524D5F4D 
 11187      494E5F5F 
 11188              	.LASF828:
 11189 2772 5F424947 		.ascii	"_BIG_ENDIAN 4321\000"
 11189      5F454E44 
 11189      49414E20 
ARM GAS  /var/folders/65/xyhbx3_n6nd_hs7j3p9nfwv80000gn/T//ccFweXAW.s 			page 225


 11189      34333231 
 11189      00
 11190              	.LASF351:
 11191 2783 5F5F5553 		.ascii	"__USQ_IBIT__ 0\000"
 11191      515F4942 
 11191      49545F5F 
 11191      203000
 11192              	.LASF1121:
 11193 2792 44424C5F 		.ascii	"DBL_EPSILON __DBL_EPSILON__\000"
 11193      45505349 
 11193      4C4F4E20 
 11193      5F5F4442 
 11193      4C5F4550 
 11194              	.LASF916:
 11195 27ae 5F5F6E65 		.ascii	"__need_inttypes\000"
 11195      65645F69 
 11195      6E747479 
 11195      70657300 
 11196              	.LASF169:
 11197 27be 5F5F4442 		.ascii	"__DBL_DECIMAL_DIG__ 17\000"
 11197      4C5F4445 
 11197      43494D41 
 11197      4C5F4449 
 11197      475F5F20 
 11198              	.LASF19:
 11199 27d5 5F5F5349 		.ascii	"__SIZEOF_LONG_LONG__ 8\000"
 11199      5A454F46 
 11199      5F4C4F4E 
 11199      475F4C4F 
 11199      4E475F5F 
 11200              	.LASF1449:
 11201 27ec 73637269 		.ascii	"script\000"
 11201      707400
 11202              	.LASF1548:
 11203 27f3 4558505F 		.ascii	"EXP_PREINC\000"
 11203      50524549 
 11203      4E4300
 11204              	.LASF1019:
 11205 27fe 4D415448 		.ascii	"MATH_ERRNO 1\000"
 11205      5F455252 
 11205      4E4F2031 
 11205      00
 11206              	.LASF631:
 11207 280b 5F5F6E6F 		.ascii	"__nonnull(x) __attribute__((__nonnull__ x))\000"
 11207      6E6E756C 
 11207      6C287829 
 11207      205F5F61 
 11207      74747269 
 11208              	.LASF55:
 11209 2837 5F5F5549 		.ascii	"__UINT_LEAST16_TYPE__ short unsigned int\000"
 11209      4E545F4C 
 11209      45415354 
 11209      31365F54 
 11209      5950455F 
 11210              	.LASF198:
 11211 2860 5F5F464C 		.ascii	"__FLT32_DECIMAL_DIG__ 9\000"
 11211      5433325F 
ARM GAS  /var/folders/65/xyhbx3_n6nd_hs7j3p9nfwv80000gn/T//ccFweXAW.s 			page 226


 11211      44454349 
 11211      4D414C5F 
 11211      4449475F 
 11212              	.LASF462:
 11213 2878 5F5F4E45 		.ascii	"__NEWLIB_MINOR__ 1\000"
 11213      574C4942 
 11213      5F4D494E 
 11213      4F525F5F 
 11213      203100
 11214              	.LASF1253:
 11215 288b 6E756D62 		.ascii	"number\000"
 11215      657200
 11216              	.LASF795:
 11217 2892 5F524545 		.ascii	"_REENT_MBSRTOWCS_STATE(ptr) ((ptr)->_new._reent._mb"
 11217      4E545F4D 
 11217      42535254 
 11217      4F574353 
 11217      5F535441 
 11218 28c5 7372746F 		.ascii	"srtowcs_state)\000"
 11218      7763735F 
 11218      73746174 
 11218      652900
 11219              	.LASF848:
 11220 28d4 5F5F7469 		.ascii	"__time_t_defined \000"
 11220      6D655F74 
 11220      5F646566 
 11220      696E6564 
 11220      2000
 11221              	.LASF1016:
 11222 28e6 46505F4E 		.ascii	"FP_NORMAL 4\000"
 11222      4F524D41 
 11222      4C203400 
 11223              	.LASF1189:
 11224 28f2 43484152 		.ascii	"CHAR_MAX\000"
 11224      5F4D4158 
 11224      00
 11225              	.LASF486:
 11226 28fb 5F444546 		.ascii	"_DEFAULT_SOURCE 1\000"
 11226      41554C54 
 11226      5F534F55 
 11226      52434520 
 11226      3100
 11227              	.LASF708:
 11228 290d 5F574348 		.ascii	"_WCHAR_T_DEFINED_ \000"
 11228      41525F54 
 11228      5F444546 
 11228      494E4544 
 11228      5F2000
 11229              	.LASF480:
 11230 2920 5F5F4F42 		.ascii	"__OBSOLETE_MATH_DEFAULT 1\000"
 11230      534F4C45 
 11230      54455F4D 
 11230      4154485F 
 11230      44454641 
 11231              	.LASF576:
 11232 293a 5F5F626F 		.ascii	"__bounded \000"
 11232      756E6465 
ARM GAS  /var/folders/65/xyhbx3_n6nd_hs7j3p9nfwv80000gn/T//ccFweXAW.s 			page 227


 11232      642000
 11233              	.LASF1011:
 11234 2945 464C545F 		.ascii	"FLT_EVAL_METHOD\000"
 11234      4556414C 
 11234      5F4D4554 
 11234      484F4400 
 11235              	.LASF36:
 11236 2955 5F5F5749 		.ascii	"__WINT_TYPE__ unsigned int\000"
 11236      4E545F54 
 11236      5950455F 
 11236      5F20756E 
 11236      7369676E 
 11237              	.LASF1097:
 11238 2970 44424C5F 		.ascii	"DBL_MIN_10_EXP __DBL_MIN_10_EXP__\000"
 11238      4D494E5F 
 11238      31305F45 
 11238      5850205F 
 11238      5F44424C 
 11239              	.LASF1191:
 11240 2992 53485254 		.ascii	"SHRT_MIN\000"
 11240      5F4D494E 
 11240      00
 11241              	.LASF1329:
 11242 299b 5F5F746D 		.ascii	"__tm_min\000"
 11242      5F6D696E 
 11242      00
 11243              	.LASF540:
 11244 29a4 5F5F5F69 		.ascii	"___int_least8_t_defined 1\000"
 11244      6E745F6C 
 11244      65617374 
 11244      385F745F 
 11244      64656669 
 11245              	.LASF670:
 11246 29be 5F5F6172 		.ascii	"__arg_type_tag(arg_kind,arg_idx,type_tag_idx) \000"
 11246      675F7479 
 11246      70655F74 
 11246      61672861 
 11246      72675F6B 
 11247              	.LASF98:
 11248 29ed 5F5F5349 		.ascii	"__SIG_ATOMIC_WIDTH__ 32\000"
 11248      475F4154 
 11248      4F4D4943 
 11248      5F574944 
 11248      54485F5F 
 11249              	.LASF469:
 11250 2a05 5F415445 		.ascii	"_ATEXIT_DYNAMIC_ALLOC 1\000"
 11250      5849545F 
 11250      44594E41 
 11250      4D49435F 
 11250      414C4C4F 
 11251              	.LASF1138:
 11252 2a1d 4C44424C 		.ascii	"LDBL_DECIMAL_DIG __LDBL_DECIMAL_DIG__\000"
 11252      5F444543 
 11252      494D414C 
 11252      5F444947 
 11252      205F5F4C 
 11253              	.LASF100:
ARM GAS  /var/folders/65/xyhbx3_n6nd_hs7j3p9nfwv80000gn/T//ccFweXAW.s 			page 228


 11254 2a43 5F5F494E 		.ascii	"__INT16_MAX__ 0x7fff\000"
 11254      5431365F 
 11254      4D41585F 
 11254      5F203078 
 11254      37666666 
 11255              	.LASF1333:
 11256 2a58 5F5F746D 		.ascii	"__tm_year\000"
 11256      5F796561 
 11256      7200
 11257              	.LASF325:
 11258 2a62 5F5F554C 		.ascii	"__ULACCUM_EPSILON__ 0x1P-32ULK\000"
 11258      41434355 
 11258      4D5F4550 
 11258      53494C4F 
 11258      4E5F5F20 
 11259              	.LASF148:
 11260 2a81 5F5F464C 		.ascii	"__FLT_MANT_DIG__ 24\000"
 11260      545F4D41 
 11260      4E545F44 
 11260      49475F5F 
 11260      20323400 
 11261              	.LASF1155:
 11262 2a95 4152475F 		.ascii	"ARG_MAX 65536\000"
 11262      4D415820 
 11262      36353533 
 11262      3600
 11263              	.LASF1273:
 11264 2aa3 73746163 		.ascii	"stack\000"
 11264      6B00
 11265              	.LASF679:
 11266 2aa9 5F5F6173 		.ascii	"__asserts_exclusive(...) __lock_annotate(assert_exc"
 11266      73657274 
 11266      735F6578 
 11266      636C7573 
 11266      69766528 
 11267 2adc 6C757369 		.ascii	"lusive_lock(__VA_ARGS__))\000"
 11267      76655F6C 
 11267      6F636B28 
 11267      5F5F5641 
 11267      5F415247 
 11268              	.LASF1621:
 11269 2af6 6A73425F 		.ascii	"jsB_propf\000"
 11269      70726F70 
 11269      6600
 11270              	.LASF914:
 11271 2b00 5F505448 		.ascii	"_PTHREAD_COND_INITIALIZER ((pthread_cond_t) 0xFFFFF"
 11271      52454144 
 11271      5F434F4E 
 11271      445F494E 
 11271      49544941 
 11272 2b33 46464629 		.ascii	"FFF)\000"
 11272      00
 11273              	.LASF321:
 11274 2b38 5F5F554C 		.ascii	"__ULACCUM_FBIT__ 32\000"
 11274      41434355 
 11274      4D5F4642 
 11274      49545F5F 
ARM GAS  /var/folders/65/xyhbx3_n6nd_hs7j3p9nfwv80000gn/T//ccFweXAW.s 			page 229


 11274      20333200 
 11275              	.LASF1251:
 11276 2b4c 6C6F6F6B 		.ascii	"lookahead\000"
 11276      61686561 
 11276      6400
 11277              	.LASF994:
 11278 2b56 5F5F7661 		.ascii	"__va_copy(d,s) __builtin_va_copy(d,s)\000"
 11278      5F636F70 
 11278      7928642C 
 11278      7329205F 
 11278      5F627569 
 11279              	.LASF1032:
 11280 2b7c 69736C65 		.ascii	"islessgreater(__x,__y) (__builtin_islessgreater (__"
 11280      73736772 
 11280      65617465 
 11280      72285F5F 
 11280      782C5F5F 
 11281 2baf 782C205F 		.ascii	"x, __y))\000"
 11281      5F792929 
 11281      00
 11282              	.LASF594:
 11283 2bb8 5F5F474E 		.ascii	"__GNUC_VA_LIST_COMPATIBILITY 1\000"
 11283      55435F56 
 11283      415F4C49 
 11283      53545F43 
 11283      4F4D5041 
 11284              	.LASF837:
 11285 2bd7 5F5F6273 		.ascii	"__bswap16(_x) __builtin_bswap16(_x)\000"
 11285      77617031 
 11285      36285F78 
 11285      29205F5F 
 11285      6275696C 
 11286              	.LASF1294:
 11287 2bfb 6A735F48 		.ascii	"js_HasProperty\000"
 11287      61735072 
 11287      6F706572 
 11287      747900
 11288              	.LASF1571:
 11289 2c0a 4558505F 		.ascii	"EXP_EQ\000"
 11289      455100
 11290              	.LASF522:
 11291 2c11 4A535F56 		.ascii	"JS_VERSION (JS_VERSION_MAJOR * 10000 + JS_VERSION_M"
 11291      45525349 
 11291      4F4E2028 
 11291      4A535F56 
 11291      45525349 
 11292 2c44 494E4F52 		.ascii	"INOR * 100 + JS_VERSION_PATCH)\000"
 11292      202A2031 
 11292      3030202B 
 11292      204A535F 
 11292      56455253 
 11293              	.LASF869:
 11294 2c63 46445F5A 		.ascii	"FD_ZERO(p) (__extension__ (void)({ size_t __i; char"
 11294      45524F28 
 11294      70292028 
 11294      5F5F6578 
 11294      74656E73 
ARM GAS  /var/folders/65/xyhbx3_n6nd_hs7j3p9nfwv80000gn/T//ccFweXAW.s 			page 230


 11295 2c96 202A5F5F 		.ascii	" *__tmp = (char *)p; for (__i = 0; __i < sizeof (*("
 11295      746D7020 
 11295      3D202863 
 11295      68617220 
 11295      2A29703B 
 11296 2cc9 7029293B 		.ascii	"p)); ++__i) *__tmp++ = 0; }))\000"
 11296      202B2B5F 
 11296      5F692920 
 11296      2A5F5F74 
 11296      6D702B2B 
 11297              	.LASF537:
 11298 2ce7 5F5F5F69 		.ascii	"___int16_t_defined 1\000"
 11298      6E743136 
 11298      5F745F64 
 11298      6566696E 
 11298      65642031 
 11299              	.LASF1393:
 11300 2cfc 5F6D756C 		.ascii	"_mult\000"
 11300      7400
 11301              	.LASF814:
 11302 2d02 5F55494E 		.ascii	"_UINT16_T_DECLARED \000"
 11302      5431365F 
 11302      545F4445 
 11302      434C4152 
 11302      45442000 
 11303              	.LASF322:
 11304 2d16 5F5F554C 		.ascii	"__ULACCUM_IBIT__ 32\000"
 11304      41434355 
 11304      4D5F4942 
 11304      49545F5F 
 11304      20333200 
 11305              	.LASF447:
 11306 2d2a 5F5F4152 		.ascii	"__ARM_FEATURE_COPROC 15\000"
 11306      4D5F4645 
 11306      41545552 
 11306      455F434F 
 11306      50524F43 
 11307              	.LASF74:
 11308 2d42 5F5F4C4F 		.ascii	"__LONG_MAX__ 0x7fffffffL\000"
 11308      4E475F4D 
 11308      41585F5F 
 11308      20307837 
 11308      66666666 
 11309              	.LASF1523:
 11310 2d5b 4153545F 		.ascii	"AST_IDENTIFIER\000"
 11310      4944454E 
 11310      54494649 
 11310      455200
 11311              	.LASF415:
 11312 2d6a 5F5F4152 		.ascii	"__ARM_ARCH_PROFILE 77\000"
 11312      4D5F4152 
 11312      43485F50 
 11312      524F4649 
 11312      4C452037 
 11313              	.LASF1035:
 11314 2d80 7369676E 		.ascii	"signgam (*__signgam())\000"
 11314      67616D20 
ARM GAS  /var/folders/65/xyhbx3_n6nd_hs7j3p9nfwv80000gn/T//ccFweXAW.s 			page 231


 11314      282A5F5F 
 11314      7369676E 
 11314      67616D28 
 11315              	.LASF710:
 11316 2d97 5F574348 		.ascii	"_WCHAR_T_H \000"
 11316      41525F54 
 11316      5F482000 
 11317              	.LASF238:
 11318 2da3 5F5F4445 		.ascii	"__DEC32_MIN__ 1E-95DF\000"
 11318      4333325F 
 11318      4D494E5F 
 11318      5F203145 
 11318      2D393544 
 11319              	.LASF831:
 11320 2db9 5F515541 		.ascii	"_QUAD_HIGHWORD 1\000"
 11320      445F4849 
 11320      4748574F 
 11320      52442031 
 11320      00
 11321              	.LASF150:
 11322 2dca 5F5F464C 		.ascii	"__FLT_MIN_EXP__ (-125)\000"
 11322      545F4D49 
 11322      4E5F4558 
 11322      505F5F20 
 11322      282D3132 
 11323              	.LASF518:
 11324 2de1 5F4A424C 		.ascii	"_JBLEN 23\000"
 11324      454E2032 
 11324      3300
 11325              	.LASF969:
 11326 2deb 66656F66 		.ascii	"feof_unlocked(p) __sfeof(p)\000"
 11326      5F756E6C 
 11326      6F636B65 
 11326      64287029 
 11326      205F5F73 
 11327              	.LASF1408:
 11328 2e07 5F6D6272 		.ascii	"_mbrlen_state\000"
 11328      6C656E5F 
 11328      73746174 
 11328      6500
 11329              	.LASF1232:
 11330 2e15 6A6D705F 		.ascii	"jmp_buf\000"
 11330      62756600 
 11331              	.LASF30:
 11332 2e1d 5F5F4259 		.ascii	"__BYTE_ORDER__ __ORDER_LITTLE_ENDIAN__\000"
 11332      54455F4F 
 11332      52444552 
 11332      5F5F205F 
 11332      5F4F5244 
 11333              	.LASF126:
 11334 2e44 5F5F5549 		.ascii	"__UINT64_C(c) c ## ULL\000"
 11334      4E543634 
 11334      5F432863 
 11334      29206320 
 11334      23232055 
 11335              	.LASF964:
 11336 2e5b 5F5F7363 		.ascii	"__sclearerr(p) ((void)((p)->_flags &= ~(__SERR|__SE"
ARM GAS  /var/folders/65/xyhbx3_n6nd_hs7j3p9nfwv80000gn/T//ccFweXAW.s 			page 232


 11336      6C656172 
 11336      65727228 
 11336      70292028 
 11336      28766F69 
 11337 2e8e 4F462929 		.ascii	"OF)))\000"
 11337      2900
 11338              	.LASF676:
 11339 2e94 5F5F7472 		.ascii	"__trylocks_exclusive(...) __lock_annotate(exclusive"
 11339      796C6F63 
 11339      6B735F65 
 11339      78636C75 
 11339      73697665 
 11340 2ec7 5F747279 		.ascii	"_trylock_function(__VA_ARGS__))\000"
 11340      6C6F636B 
 11340      5F66756E 
 11340      6374696F 
 11340      6E285F5F 
 11341              	.LASF147:
 11342 2ee7 5F5F464C 		.ascii	"__FLT_RADIX__ 2\000"
 11342      545F5241 
 11342      4449585F 
 11342      5F203200 
 11343              	.LASF366:
 11344 2ef7 5F5F5553 		.ascii	"__USA_FBIT__ 16\000"
 11344      415F4642 
 11344      49545F5F 
 11344      20313600 
 11345              	.LASF989:
 11346 2f07 5F414E53 		.ascii	"_ANSI_STDARG_H_ \000"
 11346      495F5354 
 11346      44415247 
 11346      5F485F20 
 11346      00
 11347              	.LASF1584:
 11348 2f18 4558505F 		.ascii	"EXP_ASS_SHL\000"
 11348      4153535F 
 11348      53484C00 
 11349              	.LASF920:
 11350 2f24 5F66756E 		.ascii	"_funlockfile(fp) (((fp)->_flags & __SSTR) ? 0 : __l"
 11350      6C6F636B 
 11350      66696C65 
 11350      28667029 
 11350      20282828 
 11351 2f57 6F636B5F 		.ascii	"ock_release_recursive((fp)->_lock))\000"
 11351      72656C65 
 11351      6173655F 
 11351      72656375 
 11351      72736976 
 11352              	.LASF1585:
 11353 2f7b 4558505F 		.ascii	"EXP_ASS_SHR\000"
 11353      4153535F 
 11353      53485200 
 11354              	.LASF850:
 11355 2f87 5F54494D 		.ascii	"_TIMEVAL_DEFINED \000"
 11355      4556414C 
 11355      5F444546 
 11355      494E4544 
ARM GAS  /var/folders/65/xyhbx3_n6nd_hs7j3p9nfwv80000gn/T//ccFweXAW.s 			page 233


 11355      2000
 11356              	.LASF145:
 11357 2f99 5F5F464C 		.ascii	"__FLT_EVAL_METHOD_TS_18661_3__ 0\000"
 11357      545F4556 
 11357      414C5F4D 
 11357      4554484F 
 11357      445F5453 
 11358              	.LASF1167:
 11359 2fba 42435F44 		.ascii	"BC_DIM_MAX 2048\000"
 11359      494D5F4D 
 11359      41582032 
 11359      30343800 
 11360              	.LASF340:
 11361 2fca 5F5F5351 		.ascii	"__SQ_FBIT__ 31\000"
 11361      5F464249 
 11361      545F5F20 
 11361      333100
 11362              	.LASF93:
 11363 2fd9 5F5F5549 		.ascii	"__UINTMAX_MAX__ 0xffffffffffffffffULL\000"
 11363      4E544D41 
 11363      585F4D41 
 11363      585F5F20 
 11363      30786666 
 11364              	.LASF855:
 11365 2fff 74696D65 		.ascii	"timersub(tvp,uvp,vvp) do { (vvp)->tv_sec = (tvp)->t"
 11365      72737562 
 11365      28747670 
 11365      2C757670 
 11365      2C767670 
 11366 3032 765F7365 		.ascii	"v_sec - (uvp)->tv_sec; (vvp)->tv_usec = (tvp)->tv_u"
 11366      63202D20 
 11366      28757670 
 11366      292D3E74 
 11366      765F7365 
 11367 3065 73656320 		.ascii	"sec - (uvp)->tv_usec; if ((vvp)->tv_usec < 0) { (vv"
 11367      2D202875 
 11367      7670292D 
 11367      3E74765F 
 11367      75736563 
 11368 3098 70292D3E 		.ascii	"p)->tv_sec--; (vvp)->tv_usec += 1000000; } } while "
 11368      74765F73 
 11368      65632D2D 
 11368      3B202876 
 11368      7670292D 
 11369 30cb 28302900 		.ascii	"(0)\000"
 11370              	.LASF367:
 11371 30cf 5F5F5553 		.ascii	"__USA_IBIT__ 16\000"
 11371      415F4942 
 11371      49545F5F 
 11371      20313600 
 11372              	.LASF310:
 11373 30df 5F5F4143 		.ascii	"__ACCUM_EPSILON__ 0x1P-15K\000"
 11373      43554D5F 
 11373      45505349 
 11373      4C4F4E5F 
 11373      5F203078 
 11374              	.LASF1367:
ARM GAS  /var/folders/65/xyhbx3_n6nd_hs7j3p9nfwv80000gn/T//ccFweXAW.s 			page 234


 11375 30fa 5F737464 		.ascii	"_stdin\000"
 11375      696E00
 11376              	.LASF1126:
 11377 3101 464C545F 		.ascii	"FLT_MIN __FLT_MIN__\000"
 11377      4D494E20 
 11377      5F5F464C 
 11377      545F4D49 
 11377      4E5F5F00 
 11378              	.LASF319:
 11379 3115 5F5F4C41 		.ascii	"__LACCUM_MAX__ 0X7FFFFFFFFFFFFFFFP-31LK\000"
 11379      4343554D 
 11379      5F4D4158 
 11379      5F5F2030 
 11379      58374646 
 11380              	.LASF1272:
 11381 313d 6E657874 		.ascii	"nextref\000"
 11381      72656600 
 11382              	.LASF1415:
 11383 3145 5F6E6D61 		.ascii	"_nmalloc\000"
 11383      6C6C6F63 
 11383      00
 11384              	.LASF772:
 11385 314e 5F524545 		.ascii	"_REENT_CHECK_TM(ptr) \000"
 11385      4E545F43 
 11385      4845434B 
 11385      5F544D28 
 11385      70747229 
 11386              	.LASF1197:
 11387 3164 494E545F 		.ascii	"INT_MIN\000"
 11387      4D494E00 
 11388              	.LASF1065:
 11389 316c 4D5F494E 		.ascii	"M_INVLN2 1.4426950408889633870E0\000"
 11389      564C4E32 
 11389      20312E34 
 11389      34323639 
 11389      35303430 
 11390              	.LASF581:
 11391 318d 5F5F6861 		.ascii	"__has_builtin(x) 0\000"
 11391      735F6275 
 11391      696C7469 
 11391      6E287829 
 11391      203000
 11392              	.LASF1133:
 11393 31a0 464C545F 		.ascii	"FLT_DECIMAL_DIG\000"
 11393      44454349 
 11393      4D414C5F 
 11393      44494700 
 11394              	.LASF1244:
 11395 31b0 6C696E65 		.ascii	"line\000"
 11395      00
 11396              	.LASF241:
 11397 31b5 5F5F4445 		.ascii	"__DEC32_SUBNORMAL_MIN__ 0.000001E-95DF\000"
 11397      4333325F 
 11397      5355424E 
 11397      4F524D41 
 11397      4C5F4D49 
 11398              	.LASF801:
ARM GAS  /var/folders/65/xyhbx3_n6nd_hs7j3p9nfwv80000gn/T//ccFweXAW.s 			page 235


 11399 31dc 5F524545 		.ascii	"_REENT_INIT_PTR(var) { memset((var), 0, sizeof(*(va"
 11399      4E545F49 
 11399      4E49545F 
 11399      50545228 
 11399      76617229 
 11400 320f 72292929 		.ascii	"r))); _REENT_INIT_PTR_ZEROED(var); }\000"
 11400      3B205F52 
 11400      45454E54 
 11400      5F494E49 
 11400      545F5054 
 11401              	.LASF812:
 11402 3234 5F5F696E 		.ascii	"__int8_t_defined 1\000"
 11402      74385F74 
 11402      5F646566 
 11402      696E6564 
 11402      203100
 11403              	.LASF1077:
 11404 3247 4C44424C 		.ascii	"LDBL_MANT_DIG\000"
 11404      5F4D414E 
 11404      545F4449 
 11404      4700
 11405              	.LASF270:
 11406 3255 5F5F4652 		.ascii	"__FRACT_EPSILON__ 0x1P-15R\000"
 11406      4143545F 
 11406      45505349 
 11406      4C4F4E5F 
 11406      5F203078 
 11407              	.LASF221:
 11408 3270 5F5F464C 		.ascii	"__FLT32X_MANT_DIG__ 53\000"
 11408      54333258 
 11408      5F4D414E 
 11408      545F4449 
 11408      475F5F20 
 11409              	.LASF463:
 11410 3287 5F5F4E45 		.ascii	"__NEWLIB_PATCHLEVEL__ 0\000"
 11410      574C4942 
 11410      5F504154 
 11410      43484C45 
 11410      56454C5F 
 11411              	.LASF1564:
 11412 329f 4558505F 		.ascii	"EXP_GE\000"
 11412      474500
 11413              	.LASF816:
 11414 32a6 5F494E54 		.ascii	"_INT32_T_DECLARED \000"
 11414      33325F54 
 11414      5F444543 
 11414      4C415245 
 11414      442000
 11415              	.LASF84:
 11416 32b9 5F5F494E 		.ascii	"__INT_WIDTH__ 32\000"
 11416      545F5749 
 11416      4454485F 
 11416      5F203332 
 11416      00
 11417              	.LASF1144:
 11418 32ca 4C44424C 		.ascii	"LDBL_HAS_SUBNORM __LDBL_HAS_DENORM__\000"
 11418      5F484153 
ARM GAS  /var/folders/65/xyhbx3_n6nd_hs7j3p9nfwv80000gn/T//ccFweXAW.s 			page 236


 11418      5F535542 
 11418      4E4F524D 
 11418      205F5F4C 
 11419              	.LASF1262:
 11420 32ef 44617465 		.ascii	"Date_prototype\000"
 11420      5F70726F 
 11420      746F7479 
 11420      706500
 11421              	.LASF1143:
 11422 32fe 44424C5F 		.ascii	"DBL_HAS_SUBNORM __DBL_HAS_DENORM__\000"
 11422      4841535F 
 11422      5355424E 
 11422      4F524D20 
 11422      5F5F4442 
 11423              	.LASF1208:
 11424 3321 554C4F4E 		.ascii	"ULONG_MAX (LONG_MAX * 2UL + 1UL)\000"
 11424      475F4D41 
 11424      5820284C 
 11424      4F4E475F 
 11424      4D415820 
 11425              	.LASF1566:
 11426 3342 4558505F 		.ascii	"EXP_GT\000"
 11426      475400
 11427              	.LASF1100:
 11428 3349 44424C5F 		.ascii	"DBL_MAX_EXP\000"
 11428      4D41585F 
 11428      45585000 
 11429              	.LASF867:
 11430 3355 46445F43 		.ascii	"FD_CLR(n,p) ((p)->fds_bits[(n)/NFDBITS] &= ~(1L << "
 11430      4C52286E 
 11430      2C702920 
 11430      28287029 
 11430      2D3E6664 
 11431 3388 28286E29 		.ascii	"((n) % NFDBITS)))\000"
 11431      2025204E 
 11431      46444249 
 11431      54532929 
 11431      2900
 11432              	.LASF524:
 11433 339a 4A535F4E 		.ascii	"JS_NORETURN __attribute__((noreturn))\000"
 11433      4F524554 
 11433      55524E20 
 11433      5F5F6174 
 11433      74726962 
 11434              	.LASF807:
 11435 33c0 5F5F4249 		.ascii	"__BIT_TYPES_DEFINED__ 1\000"
 11435      545F5459 
 11435      5045535F 
 11435      44454649 
 11435      4E45445F 
 11436              	.LASF805:
 11437 33d8 5F474C4F 		.ascii	"_GLOBAL_REENT _global_impure_ptr\000"
 11437      42414C5F 
 11437      5245454E 
 11437      54205F67 
 11437      6C6F6261 
 11438              	.LASF823:
ARM GAS  /var/folders/65/xyhbx3_n6nd_hs7j3p9nfwv80000gn/T//ccFweXAW.s 			page 237


 11439 33f9 5F55494E 		.ascii	"_UINTMAX_T_DECLARED \000"
 11439      544D4158 
 11439      5F545F44 
 11439      45434C41 
 11439      52454420 
 11440              	.LASF208:
 11441 340e 5F5F464C 		.ascii	"__FLT64_DIG__ 15\000"
 11441      5436345F 
 11441      4449475F 
 11441      5F203135 
 11441      00
 11442              	.LASF437:
 11443 341f 5F5F4152 		.ascii	"__ARM_NEON\000"
 11443      4D5F4E45 
 11443      4F4E00
 11444              	.LASF653:
 11445 342a 5F5F7765 		.ascii	"__weak_reference(sym,alias) __asm__(\".weak \" #ali"
 11445      616B5F72 
 11445      65666572 
 11445      656E6365 
 11445      2873796D 
 11446 345b 6173293B 		.ascii	"as); __asm__(\".equ \" #alias \", \" #sym)\000"
 11446      205F5F61 
 11446      736D5F5F 
 11446      28222E65 
 11446      71752022 
 11447              	.LASF440:
 11448 3482 5F5F4152 		.ascii	"__ARM_ARCH_7EM__ 1\000"
 11448      4D5F4152 
 11448      43485F37 
 11448      454D5F5F 
 11448      203100
 11449              	.LASF539:
 11450 3495 5F5F5F69 		.ascii	"___int64_t_defined 1\000"
 11450      6E743634 
 11450      5F745F64 
 11450      6566696E 
 11450      65642031 
 11451              	.LASF1473:
 11452 34aa 72696768 		.ascii	"right\000"
 11452      7400
 11453              	.LASF820:
 11454 34b0 5F55494E 		.ascii	"_UINT64_T_DECLARED \000"
 11454      5436345F 
 11454      545F4445 
 11454      434C4152 
 11454      45442000 
 11455              	.LASF227:
 11456 34c4 5F5F464C 		.ascii	"__FLT32X_DECIMAL_DIG__ 17\000"
 11456      54333258 
 11456      5F444543 
 11456      494D414C 
 11456      5F444947 
 11457              	.LASF879:
 11458 34de 5F424C4B 		.ascii	"_BLKCNT_T_DECLARED \000"
 11458      434E545F 
 11458      545F4445 
ARM GAS  /var/folders/65/xyhbx3_n6nd_hs7j3p9nfwv80000gn/T//ccFweXAW.s 			page 238


 11458      434C4152 
 11458      45442000 
 11459              	.LASF382:
 11460 34f2 5F5F4743 		.ascii	"__GCC_ATOMIC_CHAR32_T_LOCK_FREE 2\000"
 11460      435F4154 
 11460      4F4D4943 
 11460      5F434841 
 11460      5233325F 
 11461              	.LASF43:
 11462 3514 5F5F494E 		.ascii	"__INT16_TYPE__ short int\000"
 11462      5431365F 
 11462      54595045 
 11462      5F5F2073 
 11462      686F7274 
 11463              	.LASF728:
 11464 352d 5F5F4C4F 		.ascii	"__LOCK_INIT(class,lock) extern struct __lock __lock"
 11464      434B5F49 
 11464      4E495428 
 11464      636C6173 
 11464      732C6C6F 
 11465 3560 5F202323 		.ascii	"_ ## lock; class _LOCK_T lock = &__lock_ ## lock\000"
 11465      206C6F63 
 11465      6B3B2063 
 11465      6C617373 
 11465      205F4C4F 
 11466              	.LASF865:
 11467 3591 66645F73 		.ascii	"fd_set _types_fd_set\000"
 11467      6574205F 
 11467      74797065 
 11467      735F6664 
 11467      5F736574 
 11468              	.LASF779:
 11469 35a6 5F524545 		.ascii	"_REENT_RAND48_SEED(ptr) ((ptr)->_new._reent._r48._s"
 11469      4E545F52 
 11469      414E4434 
 11469      385F5345 
 11469      45442870 
 11470 35d9 65656429 		.ascii	"eed)\000"
 11470      00
 11471              	.LASF1312:
 11472 35de 5F6F6666 		.ascii	"_off_t\000"
 11472      5F7400
 11473              	.LASF268:
 11474 35e5 5F5F4652 		.ascii	"__FRACT_MIN__ (-0.5R-0.5R)\000"
 11474      4143545F 
 11474      4D494E5F 
 11474      5F20282D 
 11474      302E3552 
 11475              	.LASF281:
 11476 3600 5F5F554C 		.ascii	"__ULFRACT_FBIT__ 32\000"
 11476      46524143 
 11476      545F4642 
 11476      49545F5F 
 11476      20333200 
 11477              	.LASF598:
 11478 3614 5F5F474E 		.ascii	"__GNUCLIKE_BUILTIN_MEMCPY 1\000"
 11478      55434C49 
ARM GAS  /var/folders/65/xyhbx3_n6nd_hs7j3p9nfwv80000gn/T//ccFweXAW.s 			page 239


 11478      4B455F42 
 11478      55494C54 
 11478      494E5F4D 
 11479              	.LASF558:
 11480 3630 5F5F5F69 		.ascii	"___int_size_t_h \000"
 11480      6E745F73 
 11480      697A655F 
 11480      745F6820 
 11480      00
 11481              	.LASF656:
 11482 3641 5F5F7379 		.ascii	"__sym_default(sym,impl,verid) __asm__(\".symver \" "
 11482      6D5F6465 
 11482      6661756C 
 11482      74287379 
 11482      6D2C696D 
 11483 3672 23696D70 		.ascii	"#impl \", \" #sym \"@@\" #verid)\000"
 11483      6C20222C 
 11483      20222023 
 11483      73796D20 
 11483      22404022 
 11484              	.LASF1109:
 11485 368f 44424C5F 		.ascii	"DBL_MAX_10_EXP __DBL_MAX_10_EXP__\000"
 11485      4D41585F 
 11485      31305F45 
 11485      5850205F 
 11485      5F44424C 
 11486              	.LASF873:
 11487 36b1 5F494E5F 		.ascii	"_IN_PORT_T_DECLARED \000"
 11487      504F5254 
 11487      5F545F44 
 11487      45434C41 
 11487      52454420 
 11488              	.LASF1168:
 11489 36c6 42435F53 		.ascii	"BC_SCALE_MAX 99\000"
 11489      43414C45 
 11489      5F4D4158 
 11489      20393900 
 11490              	.LASF554:
 11491 36d6 5F53495A 		.ascii	"_SIZE_T_DEFINED_ \000"
 11491      455F545F 
 11491      44454649 
 11491      4E45445F 
 11491      2000
 11492              	.LASF856:
 11493 36e8 5F535953 		.ascii	"_SYS_TIMESPEC_H_ \000"
 11493      5F54494D 
 11493      45535045 
 11493      435F485F 
 11493      2000
 11494              	.LASF1398:
 11495 36fa 5F6C6F63 		.ascii	"_localtime_buf\000"
 11495      616C7469 
 11495      6D655F62 
 11495      756600
 11496              	.LASF386:
 11497 3709 5F5F4743 		.ascii	"__GCC_ATOMIC_LONG_LOCK_FREE 2\000"
 11497      435F4154 
ARM GAS  /var/folders/65/xyhbx3_n6nd_hs7j3p9nfwv80000gn/T//ccFweXAW.s 			page 240


 11497      4F4D4943 
 11497      5F4C4F4E 
 11497      475F4C4F 
 11498              	.LASF448:
 11499 3727 5F5F4758 		.ascii	"__GXX_TYPEINFO_EQUALITY_INLINE 0\000"
 11499      585F5459 
 11499      5045494E 
 11499      464F5F45 
 11499      5155414C 
 11500              	.LASF542:
 11501 3748 5F5F5F69 		.ascii	"___int_least32_t_defined 1\000"
 11501      6E745F6C 
 11501      65617374 
 11501      33325F74 
 11501      5F646566 
 11502              	.LASF1317:
 11503 3763 5F5F636F 		.ascii	"__count\000"
 11503      756E7400 
 11504              	.LASF348:
 11505 376b 5F5F5548 		.ascii	"__UHQ_FBIT__ 16\000"
 11505      515F4642 
 11505      49545F5F 
 11505      20313600 
 11506              	.LASF1505:
 11507 377b 73696D70 		.ascii	"simple\000"
 11507      6C6500
 11508              	.LASF1010:
 11509 3782 5F5F544D 		.ascii	"__TMP_FLT_EVAL_METHOD \000"
 11509      505F464C 
 11509      545F4556 
 11509      414C5F4D 
 11509      4554484F 
 11510              	.LASF995:
 11511 3799 5F56415F 		.ascii	"_VA_LIST_ \000"
 11511      4C495354 
 11511      5F2000
 11512              	.LASF1263:
 11513 37a4 4572726F 		.ascii	"Error_prototype\000"
 11513      725F7072 
 11513      6F746F74 
 11513      79706500 
 11514              	.LASF893:
 11515 37b4 5F4B4559 		.ascii	"_KEY_T_DECLARED \000"
 11515      5F545F44 
 11515      45434C41 
 11515      52454420 
 11515      00
 11516              	.LASF1341:
 11517 37c5 5F69735F 		.ascii	"_is_cxa\000"
 11517      63786100 
 11518              	.LASF1574:
 11519 37cd 4558505F 		.ascii	"EXP_BITOR\000"
 11519      4249544F 
 11519      5200
 11520              	.LASF473:
 11521 37d7 5F465657 		.ascii	"_FVWRITE_IN_STREAMIO 1\000"
 11521      52495445 
ARM GAS  /var/folders/65/xyhbx3_n6nd_hs7j3p9nfwv80000gn/T//ccFweXAW.s 			page 241


 11521      5F494E5F 
 11521      53545245 
 11521      414D494F 
 11522              	.LASF251:
 11523 37ee 5F5F4445 		.ascii	"__DEC128_MAX_EXP__ 6145\000"
 11523      43313238 
 11523      5F4D4158 
 11523      5F455850 
 11523      5F5F2036 
 11524              	.LASF1079:
 11525 3806 44424C5F 		.ascii	"DBL_MANT_DIG __DBL_MANT_DIG__\000"
 11525      4D414E54 
 11525      5F444947 
 11525      205F5F44 
 11525      424C5F4D 
 11526              	.LASF1108:
 11527 3824 464C545F 		.ascii	"FLT_MAX_10_EXP __FLT_MAX_10_EXP__\000"
 11527      4D41585F 
 11527      31305F45 
 11527      5850205F 
 11527      5F464C54 
 11528              	.LASF595:
 11529 3846 5F5F636F 		.ascii	"__compiler_membar() __asm __volatile(\" \" : : : \""
 11529      6D70696C 
 11529      65725F6D 
 11529      656D6261 
 11529      72282920 
 11530 3876 6D656D6F 		.ascii	"memory\")\000"
 11530      72792229 
 11530      00
 11531              	.LASF1153:
 11532 387f 5F4C4942 		.ascii	"_LIBC_LIMITS_H_ 1\000"
 11532      435F4C49 
 11532      4D495453 
 11532      5F485F20 
 11532      3100
 11533              	.LASF1633:
 11534 3891 6A73425F 		.ascii	"jsB_initboolean\000"
 11534      696E6974 
 11534      626F6F6C 
 11534      65616E00 
 11535              	.LASF500:
 11536 38a1 5F5F5356 		.ascii	"__SVID_VISIBLE 1\000"
 11536      49445F56 
 11536      49534942 
 11536      4C452031 
 11536      00
 11537              	.LASF162:
 11538 38b2 5F5F4650 		.ascii	"__FP_FAST_FMAF 1\000"
 11538      5F464153 
 11538      545F464D 
 11538      41462031 
 11538      00
 11539              	.LASF1562:
 11540 38c3 4558505F 		.ascii	"EXP_IN\000"
 11540      494E00
 11541              	.LASF77:
ARM GAS  /var/folders/65/xyhbx3_n6nd_hs7j3p9nfwv80000gn/T//ccFweXAW.s 			page 242


 11542 38ca 5F5F5743 		.ascii	"__WCHAR_MIN__ 0U\000"
 11542      4841525F 
 11542      4D494E5F 
 11542      5F203055 
 11542      00
 11543              	.LASF1224:
 11544 38db 4A535F45 		.ascii	"JS_ENVLIMIT 1024\000"
 11544      4E564C49 
 11544      4D495420 
 11544      31303234 
 11544      00
 11545              	.LASF842:
 11546 38ec 5F5F6E74 		.ascii	"__ntohl(_x) __bswap32(_x)\000"
 11546      6F686C28 
 11546      5F782920 
 11546      5F5F6273 
 11546      77617033 
 11547              	.LASF771:
 11548 3906 5F524545 		.ascii	"_REENT_CHECK_MP(ptr) \000"
 11548      4E545F43 
 11548      4845434B 
 11548      5F4D5028 
 11548      70747229 
 11549              	.LASF808:
 11550 391c 5F535953 		.ascii	"_SYS_TYPES_H \000"
 11550      5F545950 
 11550      45535F48 
 11550      2000
 11551              	.LASF1381:
 11552 392a 5F637674 		.ascii	"_cvtbuf\000"
 11552      62756600 
 11553              	.LASF713:
 11554 3932 5F474343 		.ascii	"_GCC_WCHAR_T \000"
 11554      5F574348 
 11554      41525F54 
 11554      2000
 11555              	.LASF290:
 11556 3940 5F5F4C4C 		.ascii	"__LLFRACT_EPSILON__ 0x1P-63LLR\000"
 11556      46524143 
 11556      545F4550 
 11556      53494C4F 
 11556      4E5F5F20 
 11557              	.LASF1184:
 11558 395f 53434841 		.ascii	"SCHAR_MAX __SCHAR_MAX__\000"
 11558      525F4D41 
 11558      58205F5F 
 11558      53434841 
 11558      525F4D41 
 11559              	.LASF134:
 11560 3977 5F5F494E 		.ascii	"__INT_FAST64_WIDTH__ 64\000"
 11560      545F4641 
 11560      53543634 
 11560      5F574944 
 11560      54485F5F 
 11561              	.LASF266:
 11562 398f 5F5F4652 		.ascii	"__FRACT_FBIT__ 15\000"
 11562      4143545F 
ARM GAS  /var/folders/65/xyhbx3_n6nd_hs7j3p9nfwv80000gn/T//ccFweXAW.s 			page 243


 11562      46424954 
 11562      5F5F2031 
 11562      3500
 11563              	.LASF1207:
 11564 39a1 554C4F4E 		.ascii	"ULONG_MAX\000"
 11564      475F4D41 
 11564      5800
 11565              	.LASF615:
 11566 39ab 5F5F6465 		.ascii	"__dead2 __attribute__((__noreturn__))\000"
 11566      61643220 
 11566      5F5F6174 
 11566      74726962 
 11566      7574655F 
 11567              	.LASF529:
 11568 39d1 5F5F6E65 		.ascii	"__need_size_t \000"
 11568      65645F73 
 11568      697A655F 
 11568      742000
 11569              	.LASF990:
 11570 39e0 76615F73 		.ascii	"va_start(v,l) __builtin_va_start(v,l)\000"
 11570      74617274 
 11570      28762C6C 
 11570      29205F5F 
 11570      6275696C 
 11571              	.LASF324:
 11572 3a06 5F5F554C 		.ascii	"__ULACCUM_MAX__ 0XFFFFFFFFFFFFFFFFP-32ULK\000"
 11572      41434355 
 11572      4D5F4D41 
 11572      585F5F20 
 11572      30584646 
 11573              	.LASF101:
 11574 3a30 5F5F494E 		.ascii	"__INT32_MAX__ 0x7fffffffL\000"
 11574      5433325F 
 11574      4D41585F 
 11574      5F203078 
 11574      37666666 
 11575              	.LASF613:
 11576 3a4a 5F5F766F 		.ascii	"__volatile volatile\000"
 11576      6C617469 
 11576      6C652076 
 11576      6F6C6174 
 11576      696C6500 
 11577              	.LASF375:
 11578 3a5e 5F5F4348 		.ascii	"__CHAR_UNSIGNED__ 1\000"
 11578      41525F55 
 11578      4E534947 
 11578      4E45445F 
 11578      5F203100 
 11579              	.LASF520:
 11580 3a72 4A535F56 		.ascii	"JS_VERSION_MINOR 3\000"
 11580      45525349 
 11580      4F4E5F4D 
 11580      494E4F52 
 11580      203300
 11581              	.LASF1123:
 11582 3a85 464C545F 		.ascii	"FLT_MIN\000"
 11582      4D494E00 
ARM GAS  /var/folders/65/xyhbx3_n6nd_hs7j3p9nfwv80000gn/T//ccFweXAW.s 			page 244


 11583              	.LASF715:
 11584 3a8d 5F425344 		.ascii	"_BSD_WCHAR_T_\000"
 11584      5F574348 
 11584      41525F54 
 11584      5F00
 11585              	.LASF1501:
 11586 3a9b 6C697473 		.ascii	"litstr\000"
 11586      747200
 11587              	.LASF1092:
 11588 3aa2 4C44424C 		.ascii	"LDBL_MIN_EXP __LDBL_MIN_EXP__\000"
 11588      5F4D494E 
 11588      5F455850 
 11588      205F5F4C 
 11588      44424C5F 
 11589              	.LASF71:
 11590 3ac0 5F5F5343 		.ascii	"__SCHAR_MAX__ 0x7f\000"
 11590      4841525F 
 11590      4D41585F 
 11590      5F203078 
 11590      376600
 11591              	.LASF391:
 11592 3ad3 5F5F4743 		.ascii	"__GCC_HAVE_DWARF2_CFI_ASM 1\000"
 11592      435F4841 
 11592      56455F44 
 11592      57415246 
 11592      325F4346 
 11593              	.LASF552:
 11594 3aef 5F53495A 		.ascii	"_SIZE_T_ \000"
 11594      455F545F 
 11594      2000
 11595              	.LASF1288:
 11596 3af9 74727974 		.ascii	"trytop\000"
 11596      6F7000
 11597              	.LASF300:
 11598 3b00 5F5F5341 		.ascii	"__SACCUM_EPSILON__ 0x1P-7HK\000"
 11598      4343554D 
 11598      5F455053 
 11598      494C4F4E 
 11598      5F5F2030 
 11599              	.LASF932:
 11600 3b1c 5F5F534E 		.ascii	"__SNPT 0x0800\000"
 11600      50542030 
 11600      78303830 
 11600      3000
 11601              	.LASF1316:
 11602 3b2a 5F5F7763 		.ascii	"__wchb\000"
 11602      686200
 11603              	.LASF562:
 11604 3b31 5F5F6E65 		.ascii	"__need_size_t\000"
 11604      65645F73 
 11604      697A655F 
 11604      7400
 11605              	.LASF294:
 11606 3b3f 5F5F554C 		.ascii	"__ULLFRACT_MAX__ 0XFFFFFFFFFFFFFFFFP-64ULLR\000"
 11606      4C465241 
 11606      43545F4D 
 11606      41585F5F 
ARM GAS  /var/folders/65/xyhbx3_n6nd_hs7j3p9nfwv80000gn/T//ccFweXAW.s 			page 245


 11606      20305846 
 11607              	.LASF1330:
 11608 3b6b 5F5F746D 		.ascii	"__tm_hour\000"
 11608      5F686F75 
 11608      7200
 11609              	.LASF731:
 11610 3b75 5F5F6C6F 		.ascii	"__lock_init_recursive(lock) __retarget_lock_init_re"
 11610      636B5F69 
 11610      6E69745F 
 11610      72656375 
 11610      72736976 
 11611 3ba8 63757273 		.ascii	"cursive(&lock)\000"
 11611      69766528 
 11611      266C6F63 
 11611      6B2900
 11612              	.LASF1543:
 11613 3bb7 4558505F 		.ascii	"EXP_POSTINC\000"
 11613      504F5354 
 11613      494E4300 
 11614              	.LASF1241:
 11615 3bc3 73747269 		.ascii	"strict\000"
 11615      637400
 11616              	.LASF356:
 11617 3bca 5F5F4841 		.ascii	"__HA_FBIT__ 7\000"
 11617      5F464249 
 11617      545F5F20 
 11617      3700
 11618              	.LASF1200:
 11619 3bd8 494E545F 		.ascii	"INT_MAX __INT_MAX__\000"
 11619      4D415820 
 11619      5F5F494E 
 11619      545F4D41 
 11619      585F5F00 
 11620              	.LASF313:
 11621 3bec 5F5F5541 		.ascii	"__UACCUM_MIN__ 0.0UK\000"
 11621      4343554D 
 11621      5F4D494E 
 11621      5F5F2030 
 11621      2E30554B 
 11622              	.LASF68:
 11623 3c01 5F5F6861 		.ascii	"__has_include(STR) __has_include__(STR)\000"
 11623      735F696E 
 11623      636C7564 
 11623      65285354 
 11623      5229205F 
 11624              	.LASF840:
 11625 3c29 5F5F6874 		.ascii	"__htonl(_x) __bswap32(_x)\000"
 11625      6F6E6C28 
 11625      5F782920 
 11625      5F5F6273 
 11625      77617033 
 11626              	.LASF1314:
 11627 3c43 77696E74 		.ascii	"wint_t\000"
 11627      5F7400
 11628              	.LASF252:
 11629 3c4a 5F5F4445 		.ascii	"__DEC128_MIN__ 1E-6143DL\000"
 11629      43313238 
ARM GAS  /var/folders/65/xyhbx3_n6nd_hs7j3p9nfwv80000gn/T//ccFweXAW.s 			page 246


 11629      5F4D494E 
 11629      5F5F2031 
 11629      452D3631 
 11630              	.LASF584:
 11631 3c63 5F5F474E 		.ascii	"__GNUCLIKE_ASM 3\000"
 11631      55434C49 
 11631      4B455F41 
 11631      534D2033 
 11631      00
 11632              	.LASF1626:
 11633 3c74 6A735F74 		.ascii	"js_typeerror\000"
 11633      79706565 
 11633      72726F72 
 11633      00
 11634              	.LASF1382:
 11635 3c81 5F6E6577 		.ascii	"_new\000"
 11635      00
 11636              	.LASF1171:
 11637 3c86 45585052 		.ascii	"EXPR_NEST_MAX 32\000"
 11637      5F4E4553 
 11637      545F4D41 
 11637      58203332 
 11637      00
 11638              	.LASF858:
 11639 3c97 54494D45 		.ascii	"TIMEVAL_TO_TIMESPEC(tv,ts) do { (ts)->tv_sec = (tv)"
 11639      56414C5F 
 11639      544F5F54 
 11639      494D4553 
 11639      50454328 
 11640 3cca 2D3E7476 		.ascii	"->tv_sec; (ts)->tv_nsec = (tv)->tv_usec * 1000; } w"
 11640      5F736563 
 11640      3B202874 
 11640      73292D3E 
 11640      74765F6E 
 11641 3cfd 68696C65 		.ascii	"hile (0)\000"
 11641      20283029 
 11641      00
 11642              	.LASF242:
 11643 3d06 5F5F4445 		.ascii	"__DEC64_MANT_DIG__ 16\000"
 11643      4336345F 
 11643      4D414E54 
 11643      5F444947 
 11643      5F5F2031 
 11644              	.LASF161:
 11645 3d1c 5F5F464C 		.ascii	"__FLT_HAS_QUIET_NAN__ 1\000"
 11645      545F4841 
 11645      535F5155 
 11645      4945545F 
 11645      4E414E5F 
 11646              	.LASF1469:
 11647 3d34 66696C65 		.ascii	"file\000"
 11647      00
 11648              	.LASF889:
 11649 3d39 5F444556 		.ascii	"_DEV_T_DECLARED \000"
 11649      5F545F44 
 11649      45434C41 
 11649      52454420 
ARM GAS  /var/folders/65/xyhbx3_n6nd_hs7j3p9nfwv80000gn/T//ccFweXAW.s 			page 247


 11649      00
 11650              	.LASF1389:
 11651 3d4a 5F6E696F 		.ascii	"_niobs\000"
 11651      627300
 11652              	.LASF1116:
 11653 3d51 4C44424C 		.ascii	"LDBL_MAX __LDBL_MAX__\000"
 11653      5F4D4158 
 11653      205F5F4C 
 11653      44424C5F 
 11653      4D41585F 
 11654              	.LASF1252:
 11655 3d67 74657874 		.ascii	"text\000"
 11655      00
 11656              	.LASF1453:
 11657 3d6c 636F6465 		.ascii	"code\000"
 11657      00
 11658              	.LASF769:
 11659 3d71 5F524545 		.ascii	"_REENT_INIT_PTR_ZEROED(var) { (var)->_stdin = _REEN"
 11659      4E545F49 
 11659      4E49545F 
 11659      5054525F 
 11659      5A45524F 
 11660 3da4 545F5354 		.ascii	"T_STDIO_STREAM(var, 0); (var)->_stdout = _REENT_STD"
 11660      44494F5F 
 11660      53545245 
 11660      414D2876 
 11660      61722C20 
 11661 3dd7 494F5F53 		.ascii	"IO_STREAM(var, 1); (var)->_stderr = _REENT_STDIO_ST"
 11661      54524541 
 11661      4D287661 
 11661      722C2031 
 11661      293B2028 
 11662 3e0a 5245414D 		.ascii	"REAM(var, 2); (var)->_new._reent._rand_next = 1; (v"
 11662      28766172 
 11662      2C203229 
 11662      3B202876 
 11662      6172292D 
 11663 3e3d 6172292D 		.ascii	"ar)->_new._reent._r48._seed[0] = _RAND48_SEED_0; (v"
 11663      3E5F6E65 
 11663      772E5F72 
 11663      65656E74 
 11663      2E5F7234 
 11664 3e70 6172292D 		.ascii	"ar)->_new._reent._r48._seed[1] = _RAND48_SEED_1; (v"
 11664      3E5F6E65 
 11664      772E5F72 
 11664      65656E74 
 11664      2E5F7234 
 11665 3ea3 6172292D 		.ascii	"ar)->_new._reent._r48._seed[2] = _RAND48_SEED_2; (v"
 11665      3E5F6E65 
 11665      772E5F72 
 11665      65656E74 
 11665      2E5F7234 
 11666 3ed6 6172292D 		.ascii	"ar)->_new._reent._r48._mult[0] = _RAND48_MULT_0; (v"
 11666      3E5F6E65 
 11666      772E5F72 
 11666      65656E74 
 11666      2E5F7234 
ARM GAS  /var/folders/65/xyhbx3_n6nd_hs7j3p9nfwv80000gn/T//ccFweXAW.s 			page 248


 11667 3f09 6172292D 		.ascii	"ar)->_new._reent._r48._mult[1] = _RAND48_MULT_1; (v"
 11667      3E5F6E65 
 11667      772E5F72 
 11667      65656E74 
 11667      2E5F7234 
 11668 3f3c 6172292D 		.ascii	"ar)->_new._reent._r48._mult[2] = _RAND48_MULT_2; (v"
 11668      3E5F6E65 
 11668      772E5F72 
 11668      65656E74 
 11668      2E5F7234 
 11669 3f6f 6172292D 		.ascii	"ar)->_new._reent._r48._add = _RAND48_ADD; }\000"
 11669      3E5F6E65 
 11669      772E5F72 
 11669      65656E74 
 11669      2E5F7234 
 11670              	.LASF1550:
 11671 3f9b 4558505F 		.ascii	"EXP_POS\000"
 11671      504F5300 
 11672              	.LASF1160:
 11673 3fa3 4E414D45 		.ascii	"NAME_MAX 255\000"
 11673      5F4D4158 
 11673      20323535 
 11673      00
 11674              	.LASF1529:
 11675 3fb0 4558505F 		.ascii	"EXP_NULL\000"
 11675      4E554C4C 
 11675      00
 11676              	.LASF783:
 11677 3fb9 5F524545 		.ascii	"_REENT_MP_RESULT_K(ptr) ((ptr)->_result_k)\000"
 11677      4E545F4D 
 11677      505F5245 
 11677      53554C54 
 11677      5F4B2870 
 11678              	.LASF82:
 11679 3fe4 5F5F5343 		.ascii	"__SCHAR_WIDTH__ 8\000"
 11679      4841525F 
 11679      57494454 
 11679      485F5F20 
 11679      3800
 11680              	.LASF1366:
 11681 3ff6 5F657272 		.ascii	"_errno\000"
 11681      6E6F00
 11682              	.LASF1276:
 11683 3ffd 67637468 		.ascii	"gcthresh\000"
 11683      72657368 
 11683      00
 11684              	.LASF29:
 11685 4006 5F5F4F52 		.ascii	"__ORDER_PDP_ENDIAN__ 3412\000"
 11685      4445525F 
 11685      5044505F 
 11685      454E4449 
 11685      414E5F5F 
 11686              	.LASF48:
 11687 4020 5F5F5549 		.ascii	"__UINT32_TYPE__ long unsigned int\000"
 11687      4E543332 
 11687      5F545950 
 11687      455F5F20 
ARM GAS  /var/folders/65/xyhbx3_n6nd_hs7j3p9nfwv80000gn/T//ccFweXAW.s 			page 249


 11687      6C6F6E67 
 11688              	.LASF11:
 11689 4042 5F5F4154 		.ascii	"__ATOMIC_ACQUIRE 2\000"
 11689      4F4D4943 
 11689      5F414351 
 11689      55495245 
 11689      203200
 11690              	.LASF1494:
 11691 4055 4A535F43 		.ascii	"JS_CMATH\000"
 11691      4D415448 
 11691      00
 11692              	.LASF1286:
 11693 405e 74726163 		.ascii	"tracetop\000"
 11693      65746F70 
 11693      00
 11694              	.LASF1331:
 11695 4067 5F5F746D 		.ascii	"__tm_mday\000"
 11695      5F6D6461 
 11695      7900
 11696              	.LASF815:
 11697 4071 5F5F696E 		.ascii	"__int16_t_defined 1\000"
 11697      7431365F 
 11697      745F6465 
 11697      66696E65 
 11697      64203100 
 11698              	.LASF1565:
 11699 4085 4558505F 		.ascii	"EXP_LE\000"
 11699      4C4500
 11700              	.LASF1441:
 11701 408c 6A735F53 		.ascii	"js_String\000"
 11701      7472696E 
 11701      6700
 11702              	.LASF61:
 11703 4096 5F5F494E 		.ascii	"__INT_FAST64_TYPE__ long long int\000"
 11703      545F4641 
 11703      53543634 
 11703      5F545950 
 11703      455F5F20 
 11704              	.LASF1298:
 11705 40b8 6A735F52 		.ascii	"js_Report\000"
 11705      65706F72 
 11705      7400
 11706              	.LASF630:
 11707 40c2 5F5F6E6F 		.ascii	"__noinline __attribute__ ((__noinline__))\000"
 11707      696E6C69 
 11707      6E65205F 
 11707      5F617474 
 11707      72696275 
 11708              	.LASF306:
 11709 40ec 5F5F4143 		.ascii	"__ACCUM_FBIT__ 15\000"
 11709      43554D5F 
 11709      46424954 
 11709      5F5F2031 
 11709      3500
 11710              	.LASF573:
 11711 40fe 5F5F6174 		.ascii	"__attribute_pure__ \000"
 11711      74726962 
ARM GAS  /var/folders/65/xyhbx3_n6nd_hs7j3p9nfwv80000gn/T//ccFweXAW.s 			page 250


 11711      7574655F 
 11711      70757265 
 11711      5F5F2000 
 11712              	.LASF470:
 11713 4112 5F484156 		.ascii	"_HAVE_LONG_DOUBLE 1\000"
 11713      455F4C4F 
 11713      4E475F44 
 11713      4F55424C 
 11713      45203100 
 11714              	.LASF1567:
 11715 4126 4558505F 		.ascii	"EXP_LT\000"
 11715      4C5400
 11716              	.LASF116:
 11717 412d 5F5F494E 		.ascii	"__INT_LEAST64_MAX__ 0x7fffffffffffffffLL\000"
 11717      545F4C45 
 11717      41535436 
 11717      345F4D41 
 11717      585F5F20 
 11718              	.LASF1338:
 11719 4156 5F666E61 		.ascii	"_fnargs\000"
 11719      72677300 
 11720              	.LASF397:
 11721 415e 5F5F4152 		.ascii	"__ARM_FEATURE_QBIT 1\000"
 11721      4D5F4645 
 11721      41545552 
 11721      455F5142 
 11721      49542031 
 11722              	.LASF981:
 11723 4173 616C6C6F 		.ascii	"alloca(size) __builtin_alloca(size)\000"
 11723      63612873 
 11723      697A6529 
 11723      205F5F62 
 11723      75696C74 
 11724              	.LASF124:
 11725 4197 5F5F5549 		.ascii	"__UINT32_C(c) c ## UL\000"
 11725      4E543332 
 11725      5F432863 
 11725      29206320 
 11725      23232055 
 11726              	.LASF924:
 11727 41ad 5F5F5357 		.ascii	"__SWR 0x0008\000"
 11727      52203078 
 11727      30303038 
 11727      00
 11728              	.LASF400:
 11729 41ba 5F5F4152 		.ascii	"__ARM_FEATURE_UNALIGNED 1\000"
 11729      4D5F4645 
 11729      41545552 
 11729      455F554E 
 11729      414C4947 
 11730              	.LASF1594:
 11731 41d4 53544D5F 		.ascii	"STM_VAR\000"
 11731      56415200 
 11732              	.LASF621:
 11733 41dc 5F5F7365 		.ascii	"__section(x) __attribute__((__section__(x)))\000"
 11733      6374696F 
 11733      6E287829 
ARM GAS  /var/folders/65/xyhbx3_n6nd_hs7j3p9nfwv80000gn/T//ccFweXAW.s 			page 251


 11733      205F5F61 
 11733      74747269 
 11734              	.LASF1211:
 11735 4209 4C4C4F4E 		.ascii	"LLONG_MAX\000"
 11735      475F4D41 
 11735      5800
 11736              	.LASF1255:
 11737 4213 4F626A65 		.ascii	"Object_prototype\000"
 11737      63745F70 
 11737      726F746F 
 11737      74797065 
 11737      00
 11738              	.LASF578:
 11739 4224 5F5F7074 		.ascii	"__ptrvalue \000"
 11739      7276616C 
 11739      75652000 
 11740              	.LASF307:
 11741 4230 5F5F4143 		.ascii	"__ACCUM_IBIT__ 16\000"
 11741      43554D5F 
 11741      49424954 
 11741      5F5F2031 
 11741      3600
 11742              	.LASF1005:
 11743 4242 48554745 		.ascii	"HUGE_VALF (__builtin_huge_valf())\000"
 11743      5F56414C 
 11743      4620285F 
 11743      5F627569 
 11743      6C74696E 
 11744              	.LASF1206:
 11745 4264 4C4F4E47 		.ascii	"LONG_MAX __LONG_MAX__\000"
 11745      5F4D4158 
 11745      205F5F4C 
 11745      4F4E475F 
 11745      4D41585F 
 11746              	.LASF95:
 11747 427a 5F5F494E 		.ascii	"__INTMAX_WIDTH__ 64\000"
 11747      544D4158 
 11747      5F574944 
 11747      54485F5F 
 11747      20363400 
 11748              	.LASF721:
 11749 428e 5F5F474E 		.ascii	"__GNUC_VA_LIST \000"
 11749      55435F56 
 11749      415F4C49 
 11749      53542000 
 11750              	.LASF1313:
 11751 429e 5F66706F 		.ascii	"_fpos_t\000"
 11751      735F7400 
 11752              	.LASF1132:
 11753 42a6 44454349 		.ascii	"DECIMAL_DIG __DECIMAL_DIG__\000"
 11753      4D414C5F 
 11753      44494720 
 11753      5F5F4445 
 11753      43494D41 
 11754              	.LASF1245:
 11755 42c2 6C657862 		.ascii	"lexbuf\000"
 11755      756600
ARM GAS  /var/folders/65/xyhbx3_n6nd_hs7j3p9nfwv80000gn/T//ccFweXAW.s 			page 252


 11756              	.LASF408:
 11757 42c9 5F5F4152 		.ascii	"__ARM_FEATURE_LDREX 7\000"
 11757      4D5F4645 
 11757      41545552 
 11757      455F4C44 
 11757      52455820 
 11758              	.LASF1249:
 11759 42df 6E65776C 		.ascii	"newline\000"
 11759      696E6500 
 11760              	.LASF118:
 11761 42e7 5F5F494E 		.ascii	"__INT_LEAST64_WIDTH__ 64\000"
 11761      545F4C45 
 11761      41535436 
 11761      345F5749 
 11761      4454485F 
 11762              	.LASF453:
 11763 4300 54415247 		.ascii	"TARGET_EXTENSION 1\000"
 11763      45545F45 
 11763      5854454E 
 11763      53494F4E 
 11763      203100
 11764              	.LASF1476:
 11765 4313 76616C75 		.ascii	"value\000"
 11765      6500
 11766              	.LASF669:
 11767 4319 5F5F4E55 		.ascii	"__NULLABILITY_PRAGMA_POP \000"
 11767      4C4C4142 
 11767      494C4954 
 11767      595F5052 
 11767      41474D41 
 11768              	.LASF459:
 11769 4333 5F4E4557 		.ascii	"_NEWLIB_VERSION_H__ 1\000"
 11769      4C49425F 
 11769      56455253 
 11769      494F4E5F 
 11769      485F5F20 
 11770              	.LASF745:
 11771 4349 5F5F6E65 		.ascii	"__need_wint_t\000"
 11771      65645F77 
 11771      696E745F 
 11771      7400
 11772              	.LASF405:
 11773 4357 5F5F4152 		.ascii	"__ARM_32BIT_STATE 1\000"
 11773      4D5F3332 
 11773      4249545F 
 11773      53544154 
 11773      45203100 
 11774              	.LASF9:
 11775 436b 5F5F4154 		.ascii	"__ATOMIC_RELAXED 0\000"
 11775      4F4D4943 
 11775      5F52454C 
 11775      41584544 
 11775      203000
 11776              	.LASF1323:
 11777 437e 5F6E6578 		.ascii	"_next\000"
 11777      7400
 11778              	.LASF279:
ARM GAS  /var/folders/65/xyhbx3_n6nd_hs7j3p9nfwv80000gn/T//ccFweXAW.s 			page 253


 11779 4384 5F5F4C46 		.ascii	"__LFRACT_MAX__ 0X7FFFFFFFP-31LR\000"
 11779      52414354 
 11779      5F4D4158 
 11779      5F5F2030 
 11779      58374646 
 11780              	.LASF186:
 11781 43a4 5F5F4C44 		.ascii	"__LDBL_MIN__ 2.2250738585072014e-308L\000"
 11781      424C5F4D 
 11781      494E5F5F 
 11781      20322E32 
 11781      32353037 
 11782              	.LASF299:
 11783 43ca 5F5F5341 		.ascii	"__SACCUM_MAX__ 0X7FFFP-7HK\000"
 11783      4343554D 
 11783      5F4D4158 
 11783      5F5F2030 
 11783      58374646 
 11784              	.LASF439:
 11785 43e5 5F5F5448 		.ascii	"__THUMB_INTERWORK__ 1\000"
 11785      554D425F 
 11785      494E5445 
 11785      52574F52 
 11785      4B5F5F20 
 11786              	.LASF1406:
 11787 43fb 5F736967 		.ascii	"_signal_buf\000"
 11787      6E616C5F 
 11787      62756600 
 11788              	.LASF846:
 11789 4407 5F535953 		.ascii	"_SYS__TIMEVAL_H_ \000"
 11789      5F5F5449 
 11789      4D455641 
 11789      4C5F485F 
 11789      2000
 11790              	.LASF904:
 11791 4419 53434845 		.ascii	"SCHED_OTHER 0\000"
 11791      445F4F54 
 11791      48455220 
 11791      3000
 11792              	.LASF940:
 11793 4427 5F494F4E 		.ascii	"_IONBF 2\000"
 11793      42462032 
 11793      00
 11794              	.LASF1352:
 11795 4430 5F636F6F 		.ascii	"_cookie\000"
 11795      6B696500 
 11796              	.LASF499:
 11797 4438 5F5F504F 		.ascii	"__POSIX_VISIBLE 200809\000"
 11797      5349585F 
 11797      56495349 
 11797      424C4520 
 11797      32303038 
 11798              	.LASF461:
 11799 444f 5F5F4E45 		.ascii	"__NEWLIB__ 3\000"
 11799      574C4942 
 11799      5F5F2033 
 11799      00
 11800              	.LASF269:
ARM GAS  /var/folders/65/xyhbx3_n6nd_hs7j3p9nfwv80000gn/T//ccFweXAW.s 			page 254


 11801 445c 5F5F4652 		.ascii	"__FRACT_MAX__ 0X7FFFP-15R\000"
 11801      4143545F 
 11801      4D41585F 
 11801      5F203058 
 11801      37464646 
 11802              	.LASF635:
 11803 4476 5F5F7265 		.ascii	"__returns_twice __attribute__((__returns_twice__))\000"
 11803      7475726E 
 11803      735F7477 
 11803      69636520 
 11803      5F5F6174 
 11804              	.LASF1070:
 11805 44a9 5F584F50 		.ascii	"_XOPEN_ __fdlibm_xopen\000"
 11805      454E5F20 
 11805      5F5F6664 
 11805      6C69626D 
 11805      5F786F70 
 11806              	.LASF782:
 11807 44c0 5F524545 		.ascii	"_REENT_MP_RESULT(ptr) ((ptr)->_result)\000"
 11807      4E545F4D 
 11807      505F5245 
 11807      53554C54 
 11807      28707472 
 11808              	.LASF142:
 11809 44e7 5F5F4743 		.ascii	"__GCC_IEC_559 0\000"
 11809      435F4945 
 11809      435F3535 
 11809      39203000 
 11810              	.LASF1150:
 11811 44f7 4C44424C 		.ascii	"LDBL_TRUE_MIN __LDBL_DENORM_MIN__\000"
 11811      5F545255 
 11811      455F4D49 
 11811      4E205F5F 
 11811      4C44424C 
 11812              	.LASF489:
 11813 4519 5F504F53 		.ascii	"_POSIX_C_SOURCE\000"
 11813      49585F43 
 11813      5F534F55 
 11813      52434500 
 11814              	.LASF1570:
 11815 4529 4558505F 		.ascii	"EXP_NE\000"
 11815      4E4500
 11816              	.LASF1107:
 11817 4530 4C44424C 		.ascii	"LDBL_MAX_10_EXP\000"
 11817      5F4D4158 
 11817      5F31305F 
 11817      45585000 
 11818              	.LASF230:
 11819 4540 5F5F464C 		.ascii	"__FLT32X_EPSILON__ 2.2204460492503131e-16F32x\000"
 11819      54333258 
 11819      5F455053 
 11819      494C4F4E 
 11819      5F5F2032 
 11820              	.LASF272:
 11821 456e 5F5F5546 		.ascii	"__UFRACT_IBIT__ 0\000"
 11821      52414354 
 11821      5F494249 
ARM GAS  /var/folders/65/xyhbx3_n6nd_hs7j3p9nfwv80000gn/T//ccFweXAW.s 			page 255


 11821      545F5F20 
 11821      3000
 11822              	.LASF1226:
 11823 4580 4A535F41 		.ascii	"JS_ARRAYLIMIT (1<<26)\000"
 11823      52524159 
 11823      4C494D49 
 11823      54202831 
 11823      3C3C3236 
 11824              	.LASF1172:
 11825 4596 4C494E45 		.ascii	"LINE_MAX 2048\000"
 11825      5F4D4158 
 11825      20323034 
 11825      3800
 11826              	.LASF563:
 11827 45a4 4E554C4C 		.ascii	"NULL\000"
 11827      00
 11828              	.LASF1614:
 11829 45a9 696E7374 		.ascii	"inst\000"
 11829      00
 11830              	.LASF1105:
 11831 45ae 464C545F 		.ascii	"FLT_MAX_10_EXP\000"
 11831      4D41585F 
 11831      31305F45 
 11831      585000
 11832              	.LASF800:
 11833 45bd 5F524545 		.ascii	"_REENT_GETDATE_ERR_P(ptr) (&((ptr)->_new._reent._ge"
 11833      4E545F47 
 11833      45544441 
 11833      54455F45 
 11833      52525F50 
 11834 45f0 74646174 		.ascii	"tdate_err))\000"
 11834      655F6572 
 11834      72292900 
 11835              	.LASF821:
 11836 45fc 5F5F696E 		.ascii	"__int64_t_defined 1\000"
 11836      7436345F 
 11836      745F6465 
 11836      66696E65 
 11836      64203100 
 11837              	.LASF511:
 11838 4610 5F454E44 		.ascii	"_END_STD_C \000"
 11838      5F535444 
 11838      5F432000 
 11839              	.LASF825:
 11840 461c 5F55494E 		.ascii	"_UINTPTR_T_DECLARED \000"
 11840      54505452 
 11840      5F545F44 
 11840      45434C41 
 11840      52454420 
 11841              	.LASF1205:
 11842 4631 4C4F4E47 		.ascii	"LONG_MAX\000"
 11842      5F4D4158 
 11842      00
 11843              	.LASF750:
 11844 463a 5F4E554C 		.ascii	"_NULL 0\000"
 11844      4C203000 
 11845              	.LASF675:
ARM GAS  /var/folders/65/xyhbx3_n6nd_hs7j3p9nfwv80000gn/T//ccFweXAW.s 			page 256


 11846 4642 5F5F6C6F 		.ascii	"__locks_shared(...) __lock_annotate(shared_lock_fun"
 11846      636B735F 
 11846      73686172 
 11846      6564282E 
 11846      2E2E2920 
 11847 4675 6374696F 		.ascii	"ction(__VA_ARGS__))\000"
 11847      6E285F5F 
 11847      56415F41 
 11847      5247535F 
 11847      5F292900 
 11848              	.LASF1204:
 11849 4689 4C4F4E47 		.ascii	"LONG_MIN (-LONG_MAX - 1L)\000"
 11849      5F4D494E 
 11849      20282D4C 
 11849      4F4E475F 
 11849      4D415820 
 11850              	.LASF1075:
 11851 46a3 464C545F 		.ascii	"FLT_MANT_DIG\000"
 11851      4D414E54 
 11851      5F444947 
 11851      00
 11852              	.LASF1268:
 11853 46b0 54797065 		.ascii	"TypeError_prototype\000"
 11853      4572726F 
 11853      725F7072 
 11853      6F746F74 
 11853      79706500 
 11854              	.LASF751:
 11855 46c4 5F5F4C6F 		.ascii	"__Long long\000"
 11855      6E67206C 
 11855      6F6E6700 
 11856              	.LASF686:
 11857 46d0 5F5F7074 		.ascii	"__pt_guarded_by(x) __lock_annotate(pt_guarded_by(x)"
 11857      5F677561 
 11857      72646564 
 11857      5F627928 
 11857      7829205F 
 11858 4703 2900     		.ascii	")\000"
 11859              	.LASF714:
 11860 4705 5F574348 		.ascii	"_WCHAR_T_DECLARED \000"
 11860      41525F54 
 11860      5F444543 
 11860      4C415245 
 11860      442000
 11861              	.LASF622:
 11862 4718 5F5F616C 		.ascii	"__alloc_size(x) __attribute__((__alloc_size__(x)))\000"
 11862      6C6F635F 
 11862      73697A65 
 11862      28782920 
 11862      5F5F6174 
 11863              	.LASF774:
 11864 474b 5F524545 		.ascii	"_REENT_CHECK_EMERGENCY(ptr) \000"
 11864      4E545F43 
 11864      4845434B 
 11864      5F454D45 
 11864      5247454E 
 11865              	.LASF476:
ARM GAS  /var/folders/65/xyhbx3_n6nd_hs7j3p9nfwv80000gn/T//ccFweXAW.s 			page 257


 11866 4768 5F554E42 		.ascii	"_UNBUF_STREAM_OPT 1\000"
 11866      55465F53 
 11866      54524541 
 11866      4D5F4F50 
 11866      54203100 
 11867              	.LASF433:
 11868 477c 5F5F4152 		.ascii	"__ARM_FEATURE_FP16_VECTOR_ARITHMETIC\000"
 11868      4D5F4645 
 11868      41545552 
 11868      455F4650 
 11868      31365F56 
 11869              	.LASF109:
 11870 47a1 5F5F494E 		.ascii	"__INT_LEAST8_WIDTH__ 8\000"
 11870      545F4C45 
 11870      41535438 
 11870      5F574944 
 11870      54485F5F 
 11871              	.LASF757:
 11872 47b8 5F52414E 		.ascii	"_RAND48_SEED_1 (0xabcd)\000"
 11872      4434385F 
 11872      53454544 
 11872      5F312028 
 11872      30786162 
 11873              	.LASF446:
 11874 47d0 5F5F4152 		.ascii	"__ARM_FEATURE_COPROC\000"
 11874      4D5F4645 
 11874      41545552 
 11874      455F434F 
 11874      50524F43 
 11875              	.LASF1303:
 11876 47e5 7369676E 		.ascii	"signed char\000"
 11876      65642063 
 11876      68617200 
 11877              	.LASF59:
 11878 47f1 5F5F494E 		.ascii	"__INT_FAST16_TYPE__ int\000"
 11878      545F4641 
 11878      53543136 
 11878      5F545950 
 11878      455F5F20 
 11879              	.LASF1074:
 11880 4809 464C545F 		.ascii	"FLT_RADIX __FLT_RADIX__\000"
 11880      52414449 
 11880      58205F5F 
 11880      464C545F 
 11880      52414449 
 11881              	.LASF115:
 11882 4821 5F5F494E 		.ascii	"__INT_LEAST32_WIDTH__ 32\000"
 11882      545F4C45 
 11882      41535433 
 11882      325F5749 
 11882      4454485F 
 11883              	.LASF1159:
 11884 483a 4D41585F 		.ascii	"MAX_INPUT 255\000"
 11884      494E5055 
 11884      54203235 
 11884      3500
 11885              	.LASF355:
ARM GAS  /var/folders/65/xyhbx3_n6nd_hs7j3p9nfwv80000gn/T//ccFweXAW.s 			page 258


 11886 4848 5F5F5554 		.ascii	"__UTQ_IBIT__ 0\000"
 11886      515F4942 
 11886      49545F5F 
 11886      203000
 11887              	.LASF1328:
 11888 4857 5F5F746D 		.ascii	"__tm_sec\000"
 11888      5F736563 
 11888      00
 11889              	.LASF960:
 11890 4860 5F5F7367 		.ascii	"__sgetc_raw_r(__ptr,__f) (--(__f)->_r < 0 ? __srget"
 11890      6574635F 
 11890      7261775F 
 11890      72285F5F 
 11890      7074722C 
 11891 4893 5F72285F 		.ascii	"_r(__ptr, __f) : (int)(*(__f)->_p++))\000"
 11891      5F707472 
 11891      2C205F5F 
 11891      6629203A 
 11891      2028696E 
 11892              	.LASF830:
 11893 48b9 5F425954 		.ascii	"_BYTE_ORDER _LITTLE_ENDIAN\000"
 11893      455F4F52 
 11893      44455220 
 11893      5F4C4954 
 11893      544C455F 
 11894              	.LASF1337:
 11895 48d4 5F6F6E5F 		.ascii	"_on_exit_args\000"
 11895      65786974 
 11895      5F617267 
 11895      7300
 11896              	.LASF394:
 11897 48e2 5F5F5349 		.ascii	"__SIZEOF_WINT_T__ 4\000"
 11897      5A454F46 
 11897      5F57494E 
 11897      545F545F 
 11897      5F203400 
 11898              	.LASF911:
 11899 48f6 50544852 		.ascii	"PTHREAD_CREATE_DETACHED 0\000"
 11899      4541445F 
 11899      43524541 
 11899      54455F44 
 11899      45544143 
 11900              	.LASF908:
 11901 4910 50544852 		.ascii	"PTHREAD_SCOPE_SYSTEM 1\000"
 11901      4541445F 
 11901      53434F50 
 11901      455F5359 
 11901      5354454D 
 11902              	.LASF143:
 11903 4927 5F5F4743 		.ascii	"__GCC_IEC_559_COMPLEX 0\000"
 11903      435F4945 
 11903      435F3535 
 11903      395F434F 
 11903      4D504C45 
 11904              	.LASF1059:
 11905 493f 4D5F5351 		.ascii	"M_SQRTPI 1.77245385090551602792981\000"
 11905      52545049 
ARM GAS  /var/folders/65/xyhbx3_n6nd_hs7j3p9nfwv80000gn/T//ccFweXAW.s 			page 259


 11905      20312E37 
 11905      37323435 
 11905      33383530 
 11906              	.LASF1496:
 11907 4962 4A535F43 		.ascii	"JS_CARGUMENTS\000"
 11907      41524755 
 11907      4D454E54 
 11907      5300
 11908              	.LASF1127:
 11909 4970 44424C5F 		.ascii	"DBL_MIN __DBL_MIN__\000"
 11909      4D494E20 
 11909      5F5F4442 
 11909      4C5F4D49 
 11909      4E5F5F00 
 11910              	.LASF398:
 11911 4984 5F5F4152 		.ascii	"__ARM_FEATURE_SAT 1\000"
 11911      4D5F4645 
 11911      41545552 
 11911      455F5341 
 11911      54203100 
 11912              	.LASF73:
 11913 4998 5F5F494E 		.ascii	"__INT_MAX__ 0x7fffffff\000"
 11913      545F4D41 
 11913      585F5F20 
 11913      30783766 
 11913      66666666 
 11914              	.LASF1120:
 11915 49af 464C545F 		.ascii	"FLT_EPSILON __FLT_EPSILON__\000"
 11915      45505349 
 11915      4C4F4E20 
 11915      5F5F464C 
 11915      545F4550 
 11916              	.LASF70:
 11917 49cb 5F5F4758 		.ascii	"__GXX_ABI_VERSION 1013\000"
 11917      585F4142 
 11917      495F5645 
 11917      5253494F 
 11917      4E203130 
 11918              	.LASF50:
 11919 49e2 5F5F494E 		.ascii	"__INT_LEAST8_TYPE__ signed char\000"
 11919      545F4C45 
 11919      41535438 
 11919      5F545950 
 11919      455F5F20 
 11920              	.LASF1237:
 11921 4a02 7265706F 		.ascii	"report\000"
 11921      727400
 11922              	.LASF276:
 11923 4a09 5F5F4C46 		.ascii	"__LFRACT_FBIT__ 31\000"
 11923      52414354 
 11923      5F464249 
 11923      545F5F20 
 11923      333100
 11924              	.LASF1209:
 11925 4a1c 4C4C4F4E 		.ascii	"LLONG_MIN\000"
 11925      475F4D49 
 11925      4E00
ARM GAS  /var/folders/65/xyhbx3_n6nd_hs7j3p9nfwv80000gn/T//ccFweXAW.s 			page 260


 11926              	.LASF423:
 11927 4a26 5F5F4152 		.ascii	"__ARM_ARCH_ISA_THUMB\000"
 11927      4D5F4152 
 11927      43485F49 
 11927      53415F54 
 11927      48554D42 
 11928              	.LASF1411:
 11929 4a3b 5F776372 		.ascii	"_wcrtomb_state\000"
 11929      746F6D62 
 11929      5F737461 
 11929      746500
 11930              	.LASF393:
 11931 4a4a 5F5F5349 		.ascii	"__SIZEOF_WCHAR_T__ 4\000"
 11931      5A454F46 
 11931      5F574348 
 11931      41525F54 
 11931      5F5F2034 
 11932              	.LASF304:
 11933 4a5f 5F5F5553 		.ascii	"__USACCUM_MAX__ 0XFFFFP-8UHK\000"
 11933      41434355 
 11933      4D5F4D41 
 11933      585F5F20 
 11933      30584646 
 11934              	.LASF652:
 11935 4a7c 5F5F7374 		.ascii	"__strong_reference(sym,aliassym) extern __typeof (s"
 11935      726F6E67 
 11935      5F726566 
 11935      6572656E 
 11935      63652873 
 11936 4aaf 796D2920 		.ascii	"ym) aliassym __attribute__ ((__alias__ (#sym)))\000"
 11936      616C6961 
 11936      7373796D 
 11936      205F5F61 
 11936      74747269 
 11937              	.LASF79:
 11938 4adf 5F5F5749 		.ascii	"__WINT_MIN__ 0U\000"
 11938      4E545F4D 
 11938      494E5F5F 
 11938      20305500 
 11939              	.LASF99:
 11940 4aef 5F5F494E 		.ascii	"__INT8_MAX__ 0x7f\000"
 11940      54385F4D 
 11940      41585F5F 
 11940      20307837 
 11940      6600
 11941              	.LASF706:
 11942 4b01 5F574348 		.ascii	"_WCHAR_T_ \000"
 11942      41525F54 
 11942      5F2000
 11943              	.LASF113:
 11944 4b0c 5F5F494E 		.ascii	"__INT_LEAST32_MAX__ 0x7fffffffL\000"
 11944      545F4C45 
 11944      41535433 
 11944      325F4D41 
 11944      585F5F20 
 11945              	.LASF1131:
 11946 4b2c 44454349 		.ascii	"DECIMAL_DIG\000"
ARM GAS  /var/folders/65/xyhbx3_n6nd_hs7j3p9nfwv80000gn/T//ccFweXAW.s 			page 261


 11946      4D414C5F 
 11946      44494700 
 11947              	.LASF591:
 11948 4b38 5F5F474E 		.ascii	"__GNUCLIKE_BUILTIN_VARARGS 1\000"
 11948      55434C49 
 11948      4B455F42 
 11948      55494C54 
 11948      494E5F56 
 11949              	.LASF802:
 11950 4b55 5F4B6D61 		.ascii	"_Kmax (sizeof (size_t) << 3)\000"
 11950      78202873 
 11950      697A656F 
 11950      66202873 
 11950      697A655F 
 11951              	.LASF569:
 11952 4b72 5F5F4153 		.ascii	"__ASMNAME(cname) __XSTRING (__USER_LABEL_PREFIX__) "
 11952      4D4E414D 
 11952      4528636E 
 11952      616D6529 
 11952      205F5F58 
 11953 4ba5 636E616D 		.ascii	"cname\000"
 11953      6500
 11954              	.LASF1256:
 11955 4bab 41727261 		.ascii	"Array_prototype\000"
 11955      795F7072 
 11955      6F746F74 
 11955      79706500 
 11956              	.LASF305:
 11957 4bbb 5F5F5553 		.ascii	"__USACCUM_EPSILON__ 0x1P-8UHK\000"
 11957      41434355 
 11957      4D5F4550 
 11957      53494C4F 
 11957      4E5F5F20 
 11958              	.LASF541:
 11959 4bd9 5F5F5F69 		.ascii	"___int_least16_t_defined 1\000"
 11959      6E745F6C 
 11959      65617374 
 11959      31365F74 
 11959      5F646566 
 11960              	.LASF949:
 11961 4bf4 5345454B 		.ascii	"SEEK_END 2\000"
 11961      5F454E44 
 11961      203200
 11962              	.LASF898:
 11963 4bff 5F434C4F 		.ascii	"_CLOCKID_T_DECLARED \000"
 11963      434B4944 
 11963      5F545F44 
 11963      45434C41 
 11963      52454420 
 11964              	.LASF406:
 11965 4c14 5F5F4152 		.ascii	"__ARM_FEATURE_CMSE\000"
 11965      4D5F4645 
 11965      41545552 
 11965      455F434D 
 11965      534500
 11966              	.LASF330:
 11967 4c27 5F5F4C4C 		.ascii	"__LLACCUM_EPSILON__ 0x1P-31LLK\000"
ARM GAS  /var/folders/65/xyhbx3_n6nd_hs7j3p9nfwv80000gn/T//ccFweXAW.s 			page 262


 11967      41434355 
 11967      4D5F4550 
 11967      53494C4F 
 11967      4E5F5F20 
 11968              	.LASF265:
 11969 4c46 5F5F5553 		.ascii	"__USFRACT_EPSILON__ 0x1P-8UHR\000"
 11969      46524143 
 11969      545F4550 
 11969      53494C4F 
 11969      4E5F5F20 
 11970              	.LASF92:
 11971 4c64 5F5F494E 		.ascii	"__INTMAX_C(c) c ## LL\000"
 11971      544D4158 
 11971      5F432863 
 11971      29206320 
 11971      2323204C 
 11972              	.LASF318:
 11973 4c7a 5F5F4C41 		.ascii	"__LACCUM_MIN__ (-0X1P31LK-0X1P31LK)\000"
 11973      4343554D 
 11973      5F4D494E 
 11973      5F5F2028 
 11973      2D305831 
 11974              	.LASF136:
 11975 4c9e 5F5F5549 		.ascii	"__UINT_FAST16_MAX__ 0xffffffffU\000"
 11975      4E545F46 
 11975      41535431 
 11975      365F4D41 
 11975      585F5F20 
 11976              	.LASF443:
 11977 4cbe 5F5F4152 		.ascii	"__ARM_ARCH_EXT_IDIV__ 1\000"
 11977      4D5F4152 
 11977      43485F45 
 11977      58545F49 
 11977      4449565F 
 11978              	.LASF65:
 11979 4cd6 5F5F5549 		.ascii	"__UINT_FAST64_TYPE__ long long unsigned int\000"
 11979      4E545F46 
 11979      41535436 
 11979      345F5459 
 11979      50455F5F 
 11980              	.LASF1474:
 11981 4d02 6C657665 		.ascii	"level\000"
 11981      6C00
 11982              	.LASF778:
 11983 4d08 5F524545 		.ascii	"_REENT_RAND_NEXT(ptr) ((ptr)->_new._reent._rand_nex"
 11983      4E545F52 
 11983      414E445F 
 11983      4E455854 
 11983      28707472 
 11984 4d3b 742900   		.ascii	"t)\000"
 11985              	.LASF993:
 11986 4d3e 76615F63 		.ascii	"va_copy(d,s) __builtin_va_copy(d,s)\000"
 11986      6F707928 
 11986      642C7329 
 11986      205F5F62 
 11986      75696C74 
 11987              	.LASF1500:
ARM GAS  /var/folders/65/xyhbx3_n6nd_hs7j3p9nfwv80000gn/T//ccFweXAW.s 			page 263


 11988 4d62 626F6F6C 		.ascii	"boolean\000"
 11988      65616E00 
 11989              	.LASF123:
 11990 4d6a 5F5F5549 		.ascii	"__UINT_LEAST32_MAX__ 0xffffffffUL\000"
 11990      4E545F4C 
 11990      45415354 
 11990      33325F4D 
 11990      41585F5F 
 11991              	.LASF275:
 11992 4d8c 5F5F5546 		.ascii	"__UFRACT_EPSILON__ 0x1P-16UR\000"
 11992      52414354 
 11992      5F455053 
 11992      494C4F4E 
 11992      5F5F2030 
 11993              	.LASF1363:
 11994 4da9 5F6D6273 		.ascii	"_mbstate\000"
 11994      74617465 
 11994      00
 11995              	.LASF1448:
 11996 4db2 6E616D65 		.ascii	"name\000"
 11996      00
 11997              	.LASF861:
 11998 4db7 5F535953 		.ascii	"_SYS_TYPES_FD_SET \000"
 11998      5F545950 
 11998      45535F46 
 11998      445F5345 
 11998      542000
 11999              	.LASF832:
 12000 4dca 5F515541 		.ascii	"_QUAD_LOWWORD 0\000"
 12000      445F4C4F 
 12000      57574F52 
 12000      44203000 
 12001              	.LASF759:
 12002 4dda 5F52414E 		.ascii	"_RAND48_MULT_0 (0xe66d)\000"
 12002      4434385F 
 12002      4D554C54 
 12002      5F302028 
 12002      30786536 
 12003              	.LASF24:
 12004 4df2 5F5F5349 		.ascii	"__SIZEOF_SIZE_T__ 4\000"
 12004      5A454F46 
 12004      5F53495A 
 12004      455F545F 
 12004      5F203400 
 12005              	.LASF1061:
 12006 4e06 4D5F4C4E 		.ascii	"M_LN2HI 6.9314718036912381649E-1\000"
 12006      32484920 
 12006      362E3933 
 12006      31343731 
 12006      38303336 
 12007              	.LASF1290:
 12008 4e27 6A735F41 		.ascii	"js_Alloc\000"
 12008      6C6C6F63 
 12008      00
 12009              	.LASF788:
 12010 4e30 5F524545 		.ascii	"_REENT_EMERGENCY(ptr) ((ptr)->_emergency)\000"
 12010      4E545F45 
ARM GAS  /var/folders/65/xyhbx3_n6nd_hs7j3p9nfwv80000gn/T//ccFweXAW.s 			page 264


 12010      4D455247 
 12010      454E4359 
 12010      28707472 
 12011              	.LASF1582:
 12012 4e5a 4558505F 		.ascii	"EXP_ASS_ADD\000"
 12012      4153535F 
 12012      41444400 
 12013              	.LASF1229:
 12014 4e66 4A535F53 		.ascii	"JS_STRLIMIT (1<<28)\000"
 12014      54524C49 
 12014      4D495420 
 12014      28313C3C 
 12014      32382900 
 12015              	.LASF1321:
 12016 4e7a 5F5F554C 		.ascii	"__ULong\000"
 12016      6F6E6700 
 12017              	.LASF1088:
 12018 4e82 44424C5F 		.ascii	"DBL_MIN_EXP\000"
 12018      4D494E5F 
 12018      45585000 
 12019              	.LASF135:
 12020 4e8e 5F5F5549 		.ascii	"__UINT_FAST8_MAX__ 0xffffffffU\000"
 12020      4E545F46 
 12020      41535438 
 12020      5F4D4158 
 12020      5F5F2030 
 12021              	.LASF804:
 12022 4ead 5F524545 		.ascii	"_REENT _impure_ptr\000"
 12022      4E54205F 
 12022      696D7075 
 12022      72655F70 
 12022      747200
 12023              	.LASF792:
 12024 4ec0 5F524545 		.ascii	"_REENT_WCTOMB_STATE(ptr) ((ptr)->_new._reent._wctom"
 12024      4E545F57 
 12024      43544F4D 
 12024      425F5354 
 12024      41544528 
 12025 4ef3 625F7374 		.ascii	"b_state)\000"
 12025      61746529 
 12025      00
 12026              	.LASF1034:
 12027 4efc 6C6F6732 		.ascii	"log2(x) (log (x) / _M_LN2)\000"
 12027      28782920 
 12027      286C6F67 
 12027      20287829 
 12027      202F205F 
 12028              	.LASF341:
 12029 4f17 5F5F5351 		.ascii	"__SQ_IBIT__ 0\000"
 12029      5F494249 
 12029      545F5F20 
 12029      3000
 12030              	.LASF730:
 12031 4f25 5F5F6C6F 		.ascii	"__lock_init(lock) __retarget_lock_init(&lock)\000"
 12031      636B5F69 
 12031      6E697428 
 12031      6C6F636B 
ARM GAS  /var/folders/65/xyhbx3_n6nd_hs7j3p9nfwv80000gn/T//ccFweXAW.s 			page 265


 12031      29205F5F 
 12032              	.LASF1451:
 12033 4f53 61726775 		.ascii	"arguments\000"
 12033      6D656E74 
 12033      7300
 12034              	.LASF411:
 12035 4f5d 5F5F4152 		.ascii	"__ARM_FEATURE_SIMD32 1\000"
 12035      4D5F4645 
 12035      41545552 
 12035      455F5349 
 12035      4D443332 
 12036              	.LASF565:
 12037 4f74 5F5F6E65 		.ascii	"__need_NULL\000"
 12037      65645F4E 
 12037      554C4C00 
 12038              	.LASF717:
 12039 4f80 6F666673 		.ascii	"offsetof(TYPE,MEMBER) __builtin_offsetof (TYPE, MEM"
 12039      65746F66 
 12039      28545950 
 12039      452C4D45 
 12039      4D424552 
 12040 4fb3 42455229 		.ascii	"BER)\000"
 12040      00
 12041              	.LASF349:
 12042 4fb8 5F5F5548 		.ascii	"__UHQ_IBIT__ 0\000"
 12042      515F4942 
 12042      49545F5F 
 12042      203000
 12043              	.LASF645:
 12044 4fc7 5F5F636F 		.ascii	"__containerof(x,s,m) ({ const volatile __typeof(((s"
 12044      6E746169 
 12044      6E65726F 
 12044      6628782C 
 12044      732C6D29 
 12045 4ffa 202A2930 		.ascii	" *)0)->m) *__x = (x); __DEQUALIFY(s *, (const volat"
 12045      292D3E6D 
 12045      29202A5F 
 12045      5F78203D 
 12045      20287829 
 12046 502d 696C6520 		.ascii	"ile char *)__x - __offsetof(s, m));})\000"
 12046      63686172 
 12046      202A295F 
 12046      5F78202D 
 12046      205F5F6F 
 12047              	.LASF749:
 12048 5053 5F54494D 		.ascii	"_TIMER_T_ unsigned long\000"
 12048      45525F54 
 12048      5F20756E 
 12048      7369676E 
 12048      6564206C 
 12049              	.LASF1264:
 12050 506b 4576616C 		.ascii	"EvalError_prototype\000"
 12050      4572726F 
 12050      725F7072 
 12050      6F746F74 
 12050      79706500 
 12051              	.LASF619:
ARM GAS  /var/folders/65/xyhbx3_n6nd_hs7j3p9nfwv80000gn/T//ccFweXAW.s 			page 266


 12052 507f 5F5F7061 		.ascii	"__packed __attribute__((__packed__))\000"
 12052      636B6564 
 12052      205F5F61 
 12052      74747269 
 12052      62757465 
 12053              	.LASF236:
 12054 50a4 5F5F4445 		.ascii	"__DEC32_MIN_EXP__ (-94)\000"
 12054      4333325F 
 12054      4D494E5F 
 12054      4558505F 
 12054      5F20282D 
 12055              	.LASF988:
 12056 50bc 5F535444 		.ascii	"_STDARG_H \000"
 12056      4152475F 
 12056      482000
 12057              	.LASF258:
 12058 50c7 5F5F5346 		.ascii	"__SFRACT_MIN__ (-0.5HR-0.5HR)\000"
 12058      52414354 
 12058      5F4D494E 
 12058      5F5F2028 
 12058      2D302E35 
 12059              	.LASF421:
 12060 50e5 5F5F7468 		.ascii	"__thumb2__ 1\000"
 12060      756D6232 
 12060      5F5F2031 
 12060      00
 12061              	.LASF376:
 12062 50f2 5F5F4743 		.ascii	"__GCC_HAVE_SYNC_COMPARE_AND_SWAP_1 1\000"
 12062      435F4841 
 12062      56455F53 
 12062      594E435F 
 12062      434F4D50 
 12063              	.LASF979:
 12064 5117 5F4E4557 		.ascii	"_NEWLIB_ALLOCA_H \000"
 12064      4C49425F 
 12064      414C4C4F 
 12064      43415F48 
 12064      2000
 12065              	.LASF316:
 12066 5129 5F5F4C41 		.ascii	"__LACCUM_FBIT__ 31\000"
 12066      4343554D 
 12066      5F464249 
 12066      545F5F20 
 12066      333100
 12067              	.LASF1440:
 12068 513c 67636E65 		.ascii	"gcnext\000"
 12068      787400
 12069              	.LASF1137:
 12070 5143 44424C5F 		.ascii	"DBL_DECIMAL_DIG __DBL_DECIMAL_DIG__\000"
 12070      44454349 
 12070      4D414C5F 
 12070      44494720 
 12070      5F5F4442 
 12071              	.LASF323:
 12072 5167 5F5F554C 		.ascii	"__ULACCUM_MIN__ 0.0ULK\000"
 12072      41434355 
 12072      4D5F4D49 
ARM GAS  /var/folders/65/xyhbx3_n6nd_hs7j3p9nfwv80000gn/T//ccFweXAW.s 			page 267


 12072      4E5F5F20 
 12072      302E3055 
 12073              	.LASF1396:
 12074 517e 5F737472 		.ascii	"_strtok_last\000"
 12074      746F6B5F 
 12074      6C617374 
 12074      00
 12075              	.LASF929:
 12076 518b 5F5F5341 		.ascii	"__SAPP 0x0100\000"
 12076      50502030 
 12076      78303130 
 12076      3000
 12077              	.LASF626:
 12078 5199 5F5F6D69 		.ascii	"__min_size(x) static (x)\000"
 12078      6E5F7369 
 12078      7A652878 
 12078      29207374 
 12078      61746963 
 12079              	.LASF724:
 12080 51b2 5F535953 		.ascii	"_SYS__TYPES_H \000"
 12080      5F5F5459 
 12080      5045535F 
 12080      482000
 12081              	.LASF1583:
 12082 51c1 4558505F 		.ascii	"EXP_ASS_SUB\000"
 12082      4153535F 
 12082      53554200 
 12083              	.LASF927:
 12084 51cd 5F5F5345 		.ascii	"__SERR 0x0040\000"
 12084      52522030 
 12084      78303034 
 12084      3000
 12085              	.LASF658:
 12086 51db 5F5F5243 		.ascii	"__RCSID(s) struct __hack\000"
 12086      53494428 
 12086      73292073 
 12086      74727563 
 12086      74205F5F 
 12087              	.LASF114:
 12088 51f4 5F5F494E 		.ascii	"__INT32_C(c) c ## L\000"
 12088      5433325F 
 12088      43286329 
 12088      20632023 
 12088      23204C00 
 12089              	.LASF583:
 12090 5208 5F5F454E 		.ascii	"__END_DECLS \000"
 12090      445F4445 
 12090      434C5320 
 12090      00
 12091              	.LASF543:
 12092 5215 5F5F5F69 		.ascii	"___int_least64_t_defined 1\000"
 12092      6E745F6C 
 12092      65617374 
 12092      36345F74 
 12092      5F646566 
 12093              	.LASF247:
 12094 5230 5F5F4445 		.ascii	"__DEC64_EPSILON__ 1E-15DD\000"
ARM GAS  /var/folders/65/xyhbx3_n6nd_hs7j3p9nfwv80000gn/T//ccFweXAW.s 			page 268


 12094      4336345F 
 12094      45505349 
 12094      4C4F4E5F 
 12094      5F203145 
 12095              	.LASF1392:
 12096 524a 5F736565 		.ascii	"_seed\000"
 12096      6400
 12097              	.LASF1497:
 12098 5250 4A535F43 		.ascii	"JS_CITERATOR\000"
 12098      49544552 
 12098      41544F52 
 12098      00
 12099              	.LASF592:
 12100 525d 5F5F474E 		.ascii	"__GNUCLIKE_BUILTIN_STDARG 1\000"
 12100      55434C49 
 12100      4B455F42 
 12100      55494C54 
 12100      494E5F53 
 12101              	.LASF1484:
 12102 5279 4A535F43 		.ascii	"JS_CARRAY\000"
 12102      41525241 
 12102      5900
 12103              	.LASF1536:
 12104 5283 4558505F 		.ascii	"EXP_PROP_GET\000"
 12104      50524F50 
 12104      5F474554 
 12104      00
 12105              	.LASF237:
 12106 5290 5F5F4445 		.ascii	"__DEC32_MAX_EXP__ 97\000"
 12106      4333325F 
 12106      4D41585F 
 12106      4558505F 
 12106      5F203937 
 12107              	.LASF921:
 12108 52a5 5F5F534C 		.ascii	"__SLBF 0x0001\000"
 12108      42462030 
 12108      78303030 
 12108      3100
 12109              	.LASF1538:
 12110 52b3 4558505F 		.ascii	"EXP_FUN\000"
 12110      46554E00 
 12111              	.LASF1458:
 12112 52bb 66756E6C 		.ascii	"funlen\000"
 12112      656E00
 12113              	.LASF510:
 12114 52c2 5F424547 		.ascii	"_BEGIN_STD_C \000"
 12114      494E5F53 
 12114      54445F43 
 12114      2000
 12115              	.LASF1029:
 12116 52d0 69736772 		.ascii	"isgreaterequal(__x,__y) (__builtin_isgreaterequal ("
 12116      65617465 
 12116      72657175 
 12116      616C285F 
 12116      5F782C5F 
 12117 5303 5F5F782C 		.ascii	"__x, __y))\000"
 12117      205F5F79 
ARM GAS  /var/folders/65/xyhbx3_n6nd_hs7j3p9nfwv80000gn/T//ccFweXAW.s 			page 269


 12117      292900
 12118              	.LASF527:
 12119 530e 5F535444 		.ascii	"_STDIO_H_ \000"
 12119      494F5F48 
 12119      5F2000
 12120              	.LASF1305:
 12121 5319 73686F72 		.ascii	"short unsigned int\000"
 12121      7420756E 
 12121      7369676E 
 12121      65642069 
 12121      6E7400
 12122              	.LASF1258:
 12123 532c 426F6F6C 		.ascii	"Boolean_prototype\000"
 12123      65616E5F 
 12123      70726F74 
 12123      6F747970 
 12123      6500
 12124              	.LASF1467:
 12125 533e 6A735F4A 		.ascii	"js_Jumpbuf\000"
 12125      756D7062 
 12125      756600
 12126              	.LASF1282:
 12127 5349 72756E6C 		.ascii	"runlimit\000"
 12127      696D6974 
 12127      00
 12128              	.LASF974:
 12129 5352 66617374 		.ascii	"fast_putc(x,p) (--(p)->_w < 0 ? __swbuf_r(_REENT, ("
 12129      5F707574 
 12129      6328782C 
 12129      70292028 
 12129      2D2D2870 
 12130 5385 696E7429 		.ascii	"int)(x), p) == EOF : (*(p)->_p = (x), (p)->_p++, 0)"
 12130      2878292C 
 12130      20702920 
 12130      3D3D2045 
 12130      4F46203A 
 12131 53b8 2900     		.ascii	")\000"
 12132              	.LASF829:
 12133 53ba 5F504450 		.ascii	"_PDP_ENDIAN 3412\000"
 12133      5F454E44 
 12133      49414E20 
 12133      33343132 
 12133      00
 12134              	.LASF1234:
 12135 53cb 61637478 		.ascii	"actx\000"
 12135      00
 12136              	.LASF545:
 12137 53d0 5F5F7369 		.ascii	"__size_t__ \000"
 12137      7A655F74 
 12137      5F5F2000 
 12138              	.LASF1028:
 12139 53dc 69736772 		.ascii	"isgreater(__x,__y) (__builtin_isgreater (__x, __y))"
 12139      65617465 
 12139      72285F5F 
 12139      782C5F5F 
 12139      79292028 
 12140 540f 00       		.ascii	"\000"
ARM GAS  /var/folders/65/xyhbx3_n6nd_hs7j3p9nfwv80000gn/T//ccFweXAW.s 			page 270


 12141              	.LASF1489:
 12142 5410 4A535F43 		.ascii	"JS_CBOOLEAN\000"
 12142      424F4F4C 
 12142      45414E00 
 12143              	.LASF639:
 12144 541c 5F5F7072 		.ascii	"__predict_false(exp) __builtin_expect((exp), 0)\000"
 12144      65646963 
 12144      745F6661 
 12144      6C736528 
 12144      65787029 
 12145              	.LASF170:
 12146 544c 5F5F4442 		.ascii	"__DBL_MAX__ ((double)1.7976931348623157e+308L)\000"
 12146      4C5F4D41 
 12146      585F5F20 
 12146      2828646F 
 12146      75626C65 
 12147              	.LASF1516:
 12148 547b 63757272 		.ascii	"current\000"
 12148      656E7400 
 12149              	.LASF1424:
 12150 5483 5F5F6664 		.ascii	"__fdlibm_ieee\000"
 12150      6C69626D 
 12150      5F696565 
 12150      6500
 12151              	.LASF187:
 12152 5491 5F5F4C44 		.ascii	"__LDBL_EPSILON__ 2.2204460492503131e-16L\000"
 12152      424C5F45 
 12152      5053494C 
 12152      4F4E5F5F 
 12152      20322E32 
 12153              	.LASF335:
 12154 54ba 5F5F554C 		.ascii	"__ULLACCUM_EPSILON__ 0x1P-32ULLK\000"
 12154      4C414343 
 12154      554D5F45 
 12154      5053494C 
 12154      4F4E5F5F 
 12155              	.LASF25:
 12156 54db 5F5F4348 		.ascii	"__CHAR_BIT__ 8\000"
 12156      41525F42 
 12156      49545F5F 
 12156      203800
 12157              	.LASF739:
 12158 54ea 5F5F6C6F 		.ascii	"__lock_release_recursive(lock) __retarget_lock_rele"
 12158      636B5F72 
 12158      656C6561 
 12158      73655F72 
 12158      65637572 
 12159 551d 6173655F 		.ascii	"ase_recursive(lock)\000"
 12159      72656375 
 12159      72736976 
 12159      65286C6F 
 12159      636B2900 
 12160              	.LASF1274:
 12161 5531 67636D61 		.ascii	"gcmark\000"
 12161      726B00
 12162              	.LASF37:
 12163 5538 5F5F494E 		.ascii	"__INTMAX_TYPE__ long long int\000"
ARM GAS  /var/folders/65/xyhbx3_n6nd_hs7j3p9nfwv80000gn/T//ccFweXAW.s 			page 271


 12163      544D4158 
 12163      5F545950 
 12163      455F5F20 
 12163      6C6F6E67 
 12164              	.LASF941:
 12165 5556 454F4620 		.ascii	"EOF (-1)\000"
 12165      282D3129 
 12165      00
 12166              	.LASF503:
 12167 555f 5F504F49 		.ascii	"_POINTER_INT long\000"
 12167      4E544552 
 12167      5F494E54 
 12167      206C6F6E 
 12167      6700
 12168              	.LASF892:
 12169 5571 5F504944 		.ascii	"_PID_T_DECLARED \000"
 12169      5F545F44 
 12169      45434C41 
 12169      52454420 
 12169      00
 12170              	.LASF1438:
 12171 5582 636F756E 		.ascii	"count\000"
 12171      7400
 12172              	.LASF768:
 12173 5588 5F524545 		.ascii	"_REENT_INIT(var) { 0, _REENT_STDIO_STREAM(&(var), 0"
 12173      4E545F49 
 12173      4E495428 
 12173      76617229 
 12173      207B2030 
 12174 55bb 292C205F 		.ascii	"), _REENT_STDIO_STREAM(&(var), 1), _REENT_STDIO_STR"
 12174      5245454E 
 12174      545F5354 
 12174      44494F5F 
 12174      53545245 
 12175 55ee 45414D28 		.ascii	"EAM(&(var), 2), 0, \"\", 0, _NULL, 0, _NULL, _NULL,"
 12175      26287661 
 12175      72292C20 
 12175      32292C20 
 12175      302C2022 
 12176 561f 20302C20 		.ascii	" 0, _NULL, _NULL, 0, _NULL, { { 0, _NULL, \"\", {0,"
 12176      5F4E554C 
 12176      4C2C205F 
 12176      4E554C4C 
 12176      2C20302C 
 12177 5650 20302C20 		.ascii	" 0, 0, 0, 0, 0, 0, 0, 0}, 0, 1, { {_RAND48_SEED_0, "
 12177      302C2030 
 12177      2C20302C 
 12177      20302C20 
 12177      302C2030 
 12178 5683 5F52414E 		.ascii	"_RAND48_SEED_1, _RAND48_SEED_2}, {_RAND48_MULT_0, _"
 12178      4434385F 
 12178      53454544 
 12178      5F312C20 
 12178      5F52414E 
 12179 56b6 52414E44 		.ascii	"RAND48_MULT_1, _RAND48_MULT_2}, _RAND48_ADD }, {0, "
 12179      34385F4D 
 12179      554C545F 
ARM GAS  /var/folders/65/xyhbx3_n6nd_hs7j3p9nfwv80000gn/T//ccFweXAW.s 			page 272


 12179      312C205F 
 12179      52414E44 
 12180 56e9 7B307D7D 		.ascii	"{0}}, {0, {0}}, {0, {0}}, \"\", \"\", 0, {0, {0}}, "
 12180      2C207B30 
 12180      2C207B30 
 12180      7D7D2C20 
 12180      7B302C20 
 12181 5718 7B302C20 		.ascii	"{0, {0}}, {0, {0}}, {0, {0}}, {0, {0}} } }, _REENT_"
 12181      7B307D7D 
 12181      2C207B30 
 12181      2C207B30 
 12181      7D7D2C20 
 12182 574b 494E4954 		.ascii	"INIT_ATEXIT _NULL, {_NULL, 0, _NULL} }\000"
 12182      5F415445 
 12182      58495420 
 12182      5F4E554C 
 12182      4C2C207B 
 12183              	.LASF403:
 12184 5772 5F5F4152 		.ascii	"__ARM_FEATURE_DOTPROD\000"
 12184      4D5F4645 
 12184      41545552 
 12184      455F444F 
 12184      5450524F 
 12185              	.LASF806:
 12186 5788 5F474C4F 		.ascii	"_GLOBAL_ATEXIT (_GLOBAL_REENT->_atexit)\000"
 12186      42414C5F 
 12186      41544558 
 12186      49542028 
 12186      5F474C4F 
 12187              	.LASF477:
 12188 57b0 5F524554 		.ascii	"_RETARGETABLE_LOCKING 1\000"
 12188      41524745 
 12188      5441424C 
 12188      455F4C4F 
 12188      434B494E 
 12189              	.LASF553:
 12190 57c8 5F425344 		.ascii	"_BSD_SIZE_T_ \000"
 12190      5F53495A 
 12190      455F545F 
 12190      2000
 12191              	.LASF1379:
 12192 57d6 5F667265 		.ascii	"_freelist\000"
 12192      656C6973 
 12192      7400
 12193              	.LASF727:
 12194 57e0 5F4C4F43 		.ascii	"_LOCK_RECURSIVE_T _LOCK_T\000"
 12194      4B5F5245 
 12194      43555253 
 12194      4956455F 
 12194      54205F4C 
 12195              	.LASF69:
 12196 57fa 5F5F6861 		.ascii	"__has_include_next(STR) __has_include_next__(STR)\000"
 12196      735F696E 
 12196      636C7564 
 12196      655F6E65 
 12196      78742853 
 12197              	.LASF999:
ARM GAS  /var/folders/65/xyhbx3_n6nd_hs7j3p9nfwv80000gn/T//ccFweXAW.s 			page 273


 12198 582c 5F535452 		.ascii	"_STRING_H_ \000"
 12198      494E475F 
 12198      485F2000 
 12199              	.LASF215:
 12200 5838 5F5F464C 		.ascii	"__FLT64_MIN__ 2.2250738585072014e-308F64\000"
 12200      5436345F 
 12200      4D494E5F 
 12200      5F20322E 
 12200      32323530 
 12201              	.LASF139:
 12202 5861 5F5F494E 		.ascii	"__INTPTR_MAX__ 0x7fffffff\000"
 12202      54505452 
 12202      5F4D4158 
 12202      5F5F2030 
 12202      78376666 
 12203              	.LASF881:
 12204 587b 5F5F636C 		.ascii	"__clock_t_defined \000"
 12204      6F636B5F 
 12204      745F6465 
 12204      66696E65 
 12204      642000
 12205              	.LASF884:
 12206 588e 5F5F6361 		.ascii	"__caddr_t_defined \000"
 12206      6464725F 
 12206      745F6465 
 12206      66696E65 
 12206      642000
 12207              	.LASF1297:
 12208 58a1 6A735F44 		.ascii	"js_Delete\000"
 12208      656C6574 
 12208      6500
 12209              	.LASF389:
 12210 58ab 5F5F4743 		.ascii	"__GCC_ATOMIC_POINTER_LOCK_FREE 2\000"
 12210      435F4154 
 12210      4F4D4943 
 12210      5F504F49 
 12210      4E544552 
 12211              	.LASF665:
 12212 58cc 5F4E6F6E 		.ascii	"_Nonnull \000"
 12212      6E756C6C 
 12212      2000
 12213              	.LASF239:
 12214 58d6 5F5F4445 		.ascii	"__DEC32_MAX__ 9.999999E96DF\000"
 12214      4333325F 
 12214      4D41585F 
 12214      5F20392E 
 12214      39393939 
 12215              	.LASF933:
 12216 58f2 5F5F534F 		.ascii	"__SOFF 0x1000\000"
 12216      46462030 
 12216      78313030 
 12216      3000
 12217              	.LASF1228:
 12218 5900 4A535F41 		.ascii	"JS_ASTLIMIT 400\000"
 12218      53544C49 
 12218      4D495420 
 12218      34303000 
ARM GAS  /var/folders/65/xyhbx3_n6nd_hs7j3p9nfwv80000gn/T//ccFweXAW.s 			page 274


 12219              	.LASF760:
 12220 5910 5F52414E 		.ascii	"_RAND48_MULT_1 (0xdeec)\000"
 12220      4434385F 
 12220      4D554C54 
 12220      5F312028 
 12220      30786465 
 12221              	.LASF1360:
 12222 5928 5F6F6666 		.ascii	"_offset\000"
 12222      73657400 
 12223              	.LASF1444:
 12224 5930 73747269 		.ascii	"string\000"
 12224      6E6700
 12225              	.LASF567:
 12226 5937 5F5F444F 		.ascii	"__DOTS , ...\000"
 12226      5453202C 
 12226      202E2E2E 
 12226      00
 12227              	.LASF197:
 12228 5944 5F5F464C 		.ascii	"__FLT32_MAX_10_EXP__ 38\000"
 12228      5433325F 
 12228      4D41585F 
 12228      31305F45 
 12228      58505F5F 
 12229              	.LASF495:
 12230 595c 5F5F474E 		.ascii	"__GNU_VISIBLE 0\000"
 12230      555F5649 
 12230      5349424C 
 12230      45203000 
 12231              	.LASF780:
 12232 596c 5F524545 		.ascii	"_REENT_RAND48_MULT(ptr) ((ptr)->_new._reent._r48._m"
 12232      4E545F52 
 12232      414E4434 
 12232      385F4D55 
 12232      4C542870 
 12233 599f 756C7429 		.ascii	"ult)\000"
 12233      00
 12234              	.LASF1559:
 12235 59a4 4558505F 		.ascii	"EXP_USHR\000"
 12235      55534852 
 12235      00
 12236              	.LASF1526:
 12237 59ad 4558505F 		.ascii	"EXP_STRING\000"
 12237      53545249 
 12237      4E4700
 12238              	.LASF244:
 12239 59b8 5F5F4445 		.ascii	"__DEC64_MAX_EXP__ 385\000"
 12239      4336345F 
 12239      4D41585F 
 12239      4558505F 
 12239      5F203338 
 12240              	.LASF794:
 12241 59ce 5F524545 		.ascii	"_REENT_MBRTOWC_STATE(ptr) ((ptr)->_new._reent._mbrt"
 12241      4E545F4D 
 12241      4252544F 
 12241      57435F53 
 12241      54415445 
 12242 5a01 6F77635F 		.ascii	"owc_state)\000"
ARM GAS  /var/folders/65/xyhbx3_n6nd_hs7j3p9nfwv80000gn/T//ccFweXAW.s 			page 275


 12242      73746174 
 12242      652900
 12243              	.LASF1246:
 12244 5a0c 6C65786C 		.ascii	"lexline\000"
 12244      696E6500 
 12245              	.LASF896:
 12246 5a14 5F4E4C49 		.ascii	"_NLINK_T_DECLARED \000"
 12246      4E4B5F54 
 12246      5F444543 
 12246      4C415245 
 12246      442000
 12247              	.LASF189:
 12248 5a27 5F5F4C44 		.ascii	"__LDBL_HAS_DENORM__ 1\000"
 12248      424C5F48 
 12248      41535F44 
 12248      454E4F52 
 12248      4D5F5F20 
 12249              	.LASF1345:
 12250 5a3d 5F5F7362 		.ascii	"__sbuf\000"
 12250      756600
 12251              	.LASF689:
 12252 5a44 5F414E53 		.ascii	"_ANSI_STDDEF_H \000"
 12252      495F5354 
 12252      44444546 
 12252      5F482000 
 12253              	.LASF1405:
 12254 5a54 5F6C3634 		.ascii	"_l64a_buf\000"
 12254      615F6275 
 12254      6600
 12255              	.LASF1561:
 12256 5a5e 4558505F 		.ascii	"EXP_SHL\000"
 12256      53484C00 
 12257              	.LASF1203:
 12258 5a66 4C4F4E47 		.ascii	"LONG_MIN\000"
 12258      5F4D494E 
 12258      00
 12259              	.LASF1560:
 12260 5a6f 4558505F 		.ascii	"EXP_SHR\000"
 12260      53485200 
 12261              	.LASF761:
 12262 5a77 5F52414E 		.ascii	"_RAND48_MULT_2 (0x0005)\000"
 12262      4434385F 
 12262      4D554C54 
 12262      5F322028 
 12262      30783030 
 12263              	.LASF748:
 12264 5a8f 5F434C4F 		.ascii	"_CLOCKID_T_ unsigned long\000"
 12264      434B4944 
 12264      5F545F20 
 12264      756E7369 
 12264      676E6564 
 12265              	.LASF604:
 12266 5aa9 5F5F4343 		.ascii	"__CC_SUPPORTS_VARADIC_XXX 1\000"
 12266      5F535550 
 12266      504F5254 
 12266      535F5641 
 12266      52414449 
ARM GAS  /var/folders/65/xyhbx3_n6nd_hs7j3p9nfwv80000gn/T//ccFweXAW.s 			page 276


 12267              	.LASF450:
 12268 5ac5 5F5F5553 		.ascii	"__USES_INITFINI__ 1\000"
 12268      45535F49 
 12268      4E495446 
 12268      494E495F 
 12268      5F203100 
 12269              	.LASF663:
 12270 5ad9 5F5F4445 		.ascii	"__DEVOLATILE(type,var) ((type)(__uintptr_t)(volatil"
 12270      564F4C41 
 12270      54494C45 
 12270      28747970 
 12270      652C7661 
 12271 5b0c 6520766F 		.ascii	"e void *)(var))\000"
 12271      6964202A 
 12271      29287661 
 12271      72292900 
 12272              	.LASF385:
 12273 5b1c 5F5F4743 		.ascii	"__GCC_ATOMIC_INT_LOCK_FREE 2\000"
 12273      435F4154 
 12273      4F4D4943 
 12273      5F494E54 
 12273      5F4C4F43 
 12274              	.LASF211:
 12275 5b39 5F5F464C 		.ascii	"__FLT64_MAX_EXP__ 1024\000"
 12275      5436345F 
 12275      4D41585F 
 12275      4558505F 
 12275      5F203130 
 12276              	.LASF673:
 12277 5b50 5F5F6C6F 		.ascii	"__lockable __lock_annotate(lockable)\000"
 12277      636B6162 
 12277      6C65205F 
 12277      5F6C6F63 
 12277      6B5F616E 
 12278              	.LASF854:
 12279 5b75 74696D65 		.ascii	"timeradd(tvp,uvp,vvp) do { (vvp)->tv_sec = (tvp)->t"
 12279      72616464 
 12279      28747670 
 12279      2C757670 
 12279      2C767670 
 12280 5ba8 765F7365 		.ascii	"v_sec + (uvp)->tv_sec; (vvp)->tv_usec = (tvp)->tv_u"
 12280      63202B20 
 12280      28757670 
 12280      292D3E74 
 12280      765F7365 
 12281 5bdb 73656320 		.ascii	"sec + (uvp)->tv_usec; if ((vvp)->tv_usec >= 1000000"
 12281      2B202875 
 12281      7670292D 
 12281      3E74765F 
 12281      75736563 
 12282 5c0e 29207B20 		.ascii	") { (vvp)->tv_sec++; (vvp)->tv_usec -= 1000000; } }"
 12282      28767670 
 12282      292D3E74 
 12282      765F7365 
 12282      632B2B3B 
 12283 5c41 20776869 		.ascii	" while (0)\000"
 12283      6C652028 
ARM GAS  /var/folders/65/xyhbx3_n6nd_hs7j3p9nfwv80000gn/T//ccFweXAW.s 			page 277


 12283      302900
 12284              	.LASF579:
 12285 5c4c 5F5F6861 		.ascii	"__has_extension __has_feature\000"
 12285      735F6578 
 12285      74656E73 
 12285      696F6E20 
 12285      5F5F6861 
 12286              	.LASF372:
 12287 5c6a 5F5F5245 		.ascii	"__REGISTER_PREFIX__ \000"
 12287      47495354 
 12287      45525F50 
 12287      52454649 
 12287      585F5F20 
 12288              	.LASF1050:
 12289 5c7f 4D5F5049 		.ascii	"M_PI_2 1.57079632679489661923\000"
 12289      5F322031 
 12289      2E353730 
 12289      37393633 
 12289      32363739 
 12290              	.LASF678:
 12291 5c9d 5F5F756E 		.ascii	"__unlocks(...) __lock_annotate(unlock_function(__VA"
 12291      6C6F636B 
 12291      73282E2E 
 12291      2E29205F 
 12291      5F6C6F63 
 12292 5cd0 5F415247 		.ascii	"_ARGS__))\000"
 12292      535F5F29 
 12292      2900
 12293              	.LASF264:
 12294 5cda 5F5F5553 		.ascii	"__USFRACT_MAX__ 0XFFP-8UHR\000"
 12294      46524143 
 12294      545F4D41 
 12294      585F5F20 
 12294      30584646 
 12295              	.LASF1620:
 12296 5cf5 6A735F70 		.ascii	"js_pushobject\000"
 12296      7573686F 
 12296      626A6563 
 12296      7400
 12297              	.LASF1026:
 12298 5d03 69736E6F 		.ascii	"isnormal(__x) (__builtin_isnormal (__x))\000"
 12298      726D616C 
 12298      285F5F78 
 12298      2920285F 
 12298      5F627569 
 12299              	.LASF1139:
 12300 5d2c 464C545F 		.ascii	"FLT_HAS_SUBNORM\000"
 12300      4841535F 
 12300      5355424E 
 12300      4F524D00 
 12301              	.LASF81:
 12302 5d3c 5F5F5349 		.ascii	"__SIZE_MAX__ 0xffffffffU\000"
 12302      5A455F4D 
 12302      41585F5F 
 12302      20307866 
 12302      66666666 
 12303              	.LASF1040:
ARM GAS  /var/folders/65/xyhbx3_n6nd_hs7j3p9nfwv80000gn/T//ccFweXAW.s 			page 278


 12304 5d55 554E4445 		.ascii	"UNDERFLOW 4\000"
 12304      52464C4F 
 12304      57203400 
 12305              	.LASF199:
 12306 5d61 5F5F464C 		.ascii	"__FLT32_MAX__ 3.4028234663852886e+38F32\000"
 12306      5433325F 
 12306      4D41585F 
 12306      5F20332E 
 12306      34303238 
 12307              	.LASF1397:
 12308 5d89 5F617363 		.ascii	"_asctime_buf\000"
 12308      74696D65 
 12308      5F627566 
 12308      00
 12309              	.LASF1427:
 12310 5d96 5F5F6664 		.ascii	"__fdlibm_posix\000"
 12310      6C69626D 
 12310      5F706F73 
 12310      697800
 12311              	.LASF1509:
 12312 5da5 66756E63 		.ascii	"function\000"
 12312      74696F6E 
 12312      00
 12313              	.LASF1173:
 12314 5dae 52455F44 		.ascii	"RE_DUP_MAX 255\000"
 12314      55505F4D 
 12314      41582032 
 12314      353500
 12315              	.LASF1315:
 12316 5dbd 5F5F7763 		.ascii	"__wch\000"
 12316      6800
 12317              	.LASF428:
 12318 5dc3 5F5F4152 		.ascii	"__ARM_FP 4\000"
 12318      4D5F4650 
 12318      203400
 12319              	.LASF948:
 12320 5dce 5345454B 		.ascii	"SEEK_CUR 1\000"
 12320      5F435552 
 12320      203100
 12321              	.LASF1014:
 12322 5dd9 46505F5A 		.ascii	"FP_ZERO 2\000"
 12322      45524F20 
 12322      3200
 12323              	.LASF654:
 12324 5de3 5F5F7761 		.ascii	"__warn_references(sym,msg) __asm__(\".section .gnu."
 12324      726E5F72 
 12324      65666572 
 12324      656E6365 
 12324      73287379 
 12325 5e15 7761726E 		.ascii	"warning.\" #sym); __asm__(\".asciz \\\"\" msg \"\\\""
 12325      696E672E 
 12325      22202373 
 12325      796D293B 
 12325      205F5F61 
 12326 5e41 22293B20 		.ascii	"\"); __asm__(\".previous\")\000"
 12326      5F5F6173 
 12326      6D5F5F28 
ARM GAS  /var/folders/65/xyhbx3_n6nd_hs7j3p9nfwv80000gn/T//ccFweXAW.s 			page 279


 12326      222E7072 
 12326      6576696F 
 12327              	.LASF1623:
 12328 5e5a 6A735F64 		.ascii	"js_defglobal\000"
 12328      6566676C 
 12328      6F62616C 
 12328      00
 12329              	.LASF1412:
 12330 5e67 5F776373 		.ascii	"_wcsrtombs_state\000"
 12330      72746F6D 
 12330      62735F73 
 12330      74617465 
 12330      00
 12331              	.LASF1577:
 12332 5e78 4558505F 		.ascii	"EXP_COND\000"
 12332      434F4E44 
 12332      00
 12333              	.LASF1610:
 12334 5e81 53544D5F 		.ascii	"STM_LABEL\000"
 12334      4C414245 
 12334      4C00
 12335              	.LASF350:
 12336 5e8b 5F5F5553 		.ascii	"__USQ_FBIT__ 32\000"
 12336      515F4642 
 12336      49545F5F 
 12336      20333200 
 12337              	.LASF58:
 12338 5e9b 5F5F494E 		.ascii	"__INT_FAST8_TYPE__ int\000"
 12338      545F4641 
 12338      5354385F 
 12338      54595045 
 12338      5F5F2069 
 12339              	.LASF1457:
 12340 5eb2 66756E63 		.ascii	"funcap\000"
 12340      617000
 12341              	.LASF890:
 12342 5eb9 5F554944 		.ascii	"_UID_T_DECLARED \000"
 12342      5F545F44 
 12342      45434C41 
 12342      52454420 
 12342      00
 12343              	.LASF570:
 12344 5eca 5F5F7074 		.ascii	"__ptr_t void *\000"
 12344      725F7420 
 12344      766F6964 
 12344      202A00
 12345              	.LASF267:
 12346 5ed9 5F5F4652 		.ascii	"__FRACT_IBIT__ 0\000"
 12346      4143545F 
 12346      49424954 
 12346      5F5F2030 
 12346      00
 12347              	.LASF742:
 12348 5eea 756E7369 		.ascii	"unsigned\000"
 12348      676E6564 
 12348      00
 12349              	.LASF1270:
ARM GAS  /var/folders/65/xyhbx3_n6nd_hs7j3p9nfwv80000gn/T//ccFweXAW.s 			page 280


 12350 5ef3 73656564 		.ascii	"seed\000"
 12350      00
 12351              	.LASF1481:
 12352 5ef8 5F5F6664 		.ascii	"__fdlibm_version\000"
 12352      6C69626D 
 12352      5F766572 
 12352      73696F6E 
 12352      00
 12353              	.LASF4:
 12354 5f09 5F5F5354 		.ascii	"__STDC_HOSTED__ 1\000"
 12354      44435F48 
 12354      4F535445 
 12354      445F5F20 
 12354      3100
 12355              	.LASF94:
 12356 5f1b 5F5F5549 		.ascii	"__UINTMAX_C(c) c ## ULL\000"
 12356      4E544D41 
 12356      585F4328 
 12356      63292063 
 12356      20232320 
 12357              	.LASF1293:
 12358 5f33 6A735F46 		.ascii	"js_Finalize\000"
 12358      696E616C 
 12358      697A6500 
 12359              	.LASF699:
 12360 5f3f 5F5F6E65 		.ascii	"__need_ptrdiff_t\000"
 12360      65645F70 
 12360      74726469 
 12360      66665F74 
 12360      00
 12361              	.LASF1027:
 12362 5f50 7369676E 		.ascii	"signbit(__x) ((sizeof(__x) == sizeof(float)) ? __bu"
 12362      62697428 
 12362      5F5F7829 
 12362      20282873 
 12362      697A656F 
 12363 5f83 696C7469 		.ascii	"iltin_signbitf(__x) : (sizeof(__x) == sizeof(double"
 12363      6E5F7369 
 12363      676E6269 
 12363      7466285F 
 12363      5F782920 
 12364 5fb6 2929203F 		.ascii	")) ? __builtin_signbit (__x) : __builtin_signbitl(_"
 12364      205F5F62 
 12364      75696C74 
 12364      696E5F73 
 12364      69676E62 
 12365 5fe9 5F782929 		.ascii	"_x))\000"
 12365      00
 12366              	.LASF681:
 12367 5fee 5F5F7265 		.ascii	"__requires_exclusive(...) __lock_annotate(exclusive"
 12367      71756972 
 12367      65735F65 
 12367      78636C75 
 12367      73697665 
 12368 6021 5F6C6F63 		.ascii	"_locks_required(__VA_ARGS__))\000"
 12368      6B735F72 
 12368      65717569 
ARM GAS  /var/folders/65/xyhbx3_n6nd_hs7j3p9nfwv80000gn/T//ccFweXAW.s 			page 281


 12368      72656428 
 12368      5F5F5641 
 12369              	.LASF1296:
 12370 603f 6A735F50 		.ascii	"js_Put\000"
 12370      757400
 12371              	.LASF456:
 12372 6046 5F534554 		.ascii	"_SETJMP_H_ \000"
 12372      4A4D505F 
 12372      485F2000 
 12373              	.LASF1306:
 12374 6052 6C6F6E67 		.ascii	"long int\000"
 12374      20696E74 
 12374      00
 12375              	.LASF1067:
 12376 605b 5F4C4942 		.ascii	"_LIB_VERSION __fdlib_version\000"
 12376      5F564552 
 12376      53494F4E 
 12376      205F5F66 
 12376      646C6962 
 12377              	.LASF784:
 12378 6078 5F524545 		.ascii	"_REENT_MP_P5S(ptr) ((ptr)->_p5s)\000"
 12378      4E545F4D 
 12378      505F5035 
 12378      53287074 
 12378      72292028 
 12379              	.LASF478:
 12380 6099 5F5F5359 		.ascii	"__SYS_CONFIG_H__ \000"
 12380      535F434F 
 12380      4E464947 
 12380      5F485F5F 
 12380      2000
 12381              	.LASF174:
 12382 60ab 5F5F4442 		.ascii	"__DBL_HAS_DENORM__ 1\000"
 12382      4C5F4841 
 12382      535F4445 
 12382      4E4F524D 
 12382      5F5F2031 
 12383              	.LASF1058:
 12384 60c0 4D5F3350 		.ascii	"M_3PI_4 2.3561944901923448370E0\000"
 12384      495F3420 
 12384      322E3335 
 12384      36313934 
 12384      34393031 
 12385              	.LASF493:
 12386 60e0 5F5F4154 		.ascii	"__ATFILE_VISIBLE 1\000"
 12386      46494C45 
 12386      5F564953 
 12386      49424C45 
 12386      203100
 12387              	.LASF377:
 12388 60f3 5F5F4743 		.ascii	"__GCC_HAVE_SYNC_COMPARE_AND_SWAP_2 1\000"
 12388      435F4841 
 12388      56455F53 
 12388      594E435F 
 12388      434F4D50 
 12389              	.LASF212:
 12390 6118 5F5F464C 		.ascii	"__FLT64_MAX_10_EXP__ 308\000"
ARM GAS  /var/folders/65/xyhbx3_n6nd_hs7j3p9nfwv80000gn/T//ccFweXAW.s 			page 282


 12390      5436345F 
 12390      4D41585F 
 12390      31305F45 
 12390      58505F5F 
 12391              	.LASF982:
 12392 6131 5F5F636F 		.ascii	"__compar_fn_t_defined \000"
 12392      6D706172 
 12392      5F666E5F 
 12392      745F6465 
 12392      66696E65 
 12393              	.LASF709:
 12394 6148 5F574348 		.ascii	"_WCHAR_T_DEFINED \000"
 12394      41525F54 
 12394      5F444546 
 12394      494E4544 
 12394      2000
 12395              	.LASF1404:
 12396 615a 5F776374 		.ascii	"_wctomb_state\000"
 12396      6F6D625F 
 12396      73746174 
 12396      6500
 12397              	.LASF766:
 12398 6168 5F4E5F4C 		.ascii	"_N_LISTS 30\000"
 12398      49535453 
 12398      20333000 
 12399              	.LASF1128:
 12400 6174 4C44424C 		.ascii	"LDBL_MIN __LDBL_MIN__\000"
 12400      5F4D494E 
 12400      205F5F4C 
 12400      44424C5F 
 12400      4D494E5F 
 12401              	.LASF34:
 12402 618a 5F5F5054 		.ascii	"__PTRDIFF_TYPE__ int\000"
 12402      52444946 
 12402      465F5459 
 12402      50455F5F 
 12402      20696E74 
 12403              	.LASF973:
 12404 619f 70757463 		.ascii	"putchar_unlocked(_c) _putchar_unlocked(_c)\000"
 12404      6861725F 
 12404      756E6C6F 
 12404      636B6564 
 12404      285F6329 
 12405              	.LASF232:
 12406 61ca 5F5F464C 		.ascii	"__FLT32X_HAS_DENORM__ 1\000"
 12406      54333258 
 12406      5F484153 
 12406      5F44454E 
 12406      4F524D5F 
 12407              	.LASF374:
 12408 61e2 5F5F474E 		.ascii	"__GNUC_STDC_INLINE__ 1\000"
 12408      55435F53 
 12408      5444435F 
 12408      494E4C49 
 12408      4E455F5F 
 12409              	.LASF1236:
 12410 61f9 616C6C6F 		.ascii	"alloc\000"
ARM GAS  /var/folders/65/xyhbx3_n6nd_hs7j3p9nfwv80000gn/T//ccFweXAW.s 			page 283


 12410      6300
 12411              	.LASF1528:
 12412 61ff 4558505F 		.ascii	"EXP_ELISION\000"
 12412      454C4953 
 12412      494F4E00 
 12413              	.LASF320:
 12414 620b 5F5F4C41 		.ascii	"__LACCUM_EPSILON__ 0x1P-31LK\000"
 12414      4343554D 
 12414      5F455053 
 12414      494C4F4E 
 12414      5F5F2030 
 12415              	.LASF427:
 12416 6228 5F5F4152 		.ascii	"__ARM_FP\000"
 12416      4D5F4650 
 12416      00
 12417              	.LASF1606:
 12418 6231 53544D5F 		.ascii	"STM_SWITCH\000"
 12418      53574954 
 12418      434800
 12419              	.LASF506:
 12420 623c 5F5F4558 		.ascii	"__EXPORT \000"
 12420      504F5254 
 12420      2000
 12421              	.LASF566:
 12422 6246 5F5F504D 		.ascii	"__PMT(args) args\000"
 12422      54286172 
 12422      67732920 
 12422      61726773 
 12422      00
 12423              	.LASF843:
 12424 6257 5F5F6E74 		.ascii	"__ntohs(_x) __bswap16(_x)\000"
 12424      6F687328 
 12424      5F782920 
 12424      5F5F6273 
 12424      77617031 
 12425              	.LASF1495:
 12426 6271 4A535F43 		.ascii	"JS_CJSON\000"
 12426      4A534F4E 
 12426      00
 12427              	.LASF694:
 12428 627a 5F505452 		.ascii	"_PTRDIFF_T_ \000"
 12428      44494646 
 12428      5F545F20 
 12428      00
 12429              	.LASF1235:
 12430 6287 75637478 		.ascii	"uctx\000"
 12430      00
 12431              	.LASF87:
 12432 628c 5F5F5743 		.ascii	"__WCHAR_WIDTH__ 32\000"
 12432      4841525F 
 12432      57494454 
 12432      485F5F20 
 12432      333200
 12433              	.LASF1158:
 12434 629f 4D41585F 		.ascii	"MAX_CANON 255\000"
 12434      43414E4F 
 12434      4E203235 
ARM GAS  /var/folders/65/xyhbx3_n6nd_hs7j3p9nfwv80000gn/T//ccFweXAW.s 			page 284


 12434      3500
 12435              	.LASF354:
 12436 62ad 5F5F5554 		.ascii	"__UTQ_FBIT__ 128\000"
 12436      515F4642 
 12436      49545F5F 
 12436      20313238 
 12436      00
 12437              	.LASF650:
 12438 62be 5F5F7374 		.ascii	"__strftimelike(fmtarg,firstvararg) __attribute__((_"
 12438      72667469 
 12438      6D656C69 
 12438      6B652866 
 12438      6D746172 
 12439 62f1 5F666F72 		.ascii	"_format__ (__strftime__, fmtarg, firstvararg)))\000"
 12439      6D61745F 
 12439      5F20285F 
 12439      5F737472 
 12439      6674696D 
 12440              	.LASF1390:
 12441 6321 5F696F62 		.ascii	"_iobs\000"
 12441      7300
 12442              	.LASF1371:
 12443 6327 5F656D65 		.ascii	"_emergency\000"
 12443      7267656E 
 12443      637900
 12444              	.LASF693:
 12445 6332 5F5F5054 		.ascii	"__PTRDIFF_T \000"
 12445      52444946 
 12445      465F5420 
 12445      00
 12446              	.LASF1183:
 12447 633f 53434841 		.ascii	"SCHAR_MAX\000"
 12447      525F4D41 
 12447      5800
 12448              	.LASF799:
 12449 6349 5F524545 		.ascii	"_REENT_SIGNAL_BUF(ptr) ((ptr)->_new._reent._signal_"
 12449      4E545F53 
 12449      49474E41 
 12449      4C5F4255 
 12449      46287074 
 12450 637c 62756629 		.ascii	"buf)\000"
 12450      00
 12451              	.LASF984:
 12452 6381 45584954 		.ascii	"EXIT_SUCCESS 0\000"
 12452      5F535543 
 12452      43455353 
 12452      203000
 12453              	.LASF396:
 12454 6390 5F5F4152 		.ascii	"__ARM_FEATURE_DSP 1\000"
 12454      4D5F4645 
 12454      41545552 
 12454      455F4453 
 12454      50203100 
 12455              	.LASF1110:
 12456 63a4 4C44424C 		.ascii	"LDBL_MAX_10_EXP __LDBL_MAX_10_EXP__\000"
 12456      5F4D4158 
 12456      5F31305F 
ARM GAS  /var/folders/65/xyhbx3_n6nd_hs7j3p9nfwv80000gn/T//ccFweXAW.s 			page 285


 12456      45585020 
 12456      5F5F4C44 
 12457              	.LASF1455:
 12458 63c8 636F6465 		.ascii	"codelen\000"
 12458      6C656E00 
 12459              	.LASF399:
 12460 63d0 5F5F4152 		.ascii	"__ARM_FEATURE_CRYPTO\000"
 12460      4D5F4645 
 12460      41545552 
 12460      455F4352 
 12460      5950544F 
 12461              	.LASF1130:
 12462 63e5 464C545F 		.ascii	"FLT_ROUNDS 1\000"
 12462      524F554E 
 12462      44532031 
 12462      00
 12463              	.LASF1414:
 12464 63f2 5F6E6578 		.ascii	"_nextf\000"
 12464      746600
 12465              	.LASF1470:
 12466 63f9 6A735F49 		.ascii	"js_Instruction\000"
 12466      6E737472 
 12466      75637469 
 12466      6F6E00
 12467              	.LASF1400:
 12468 6408 5F72616E 		.ascii	"_rand_next\000"
 12468      645F6E65 
 12468      787400
 12469              	.LASF203:
 12470 6413 5F5F464C 		.ascii	"__FLT32_HAS_DENORM__ 1\000"
 12470      5433325F 
 12470      4841535F 
 12470      44454E4F 
 12470      524D5F5F 
 12471              	.LASF649:
 12472 642a 5F5F7374 		.ascii	"__strfmonlike(fmtarg,firstvararg) __attribute__((__"
 12472      72666D6F 
 12472      6E6C696B 
 12472      6528666D 
 12472      74617267 
 12473 645d 666F726D 		.ascii	"format__ (__strfmon__, fmtarg, firstvararg)))\000"
 12473      61745F5F 
 12473      20285F5F 
 12473      73747266 
 12473      6D6F6E5F 
 12474              	.LASF1433:
 12475 648b 6C617374 		.ascii	"last\000"
 12475      00
 12476              	.LASF346:
 12477 6490 5F5F5551 		.ascii	"__UQQ_FBIT__ 8\000"
 12477      515F4642 
 12477      49545F5F 
 12477      203800
 12478              	.LASF432:
 12479 649f 5F5F4152 		.ascii	"__ARM_FEATURE_FP16_SCALAR_ARITHMETIC\000"
 12479      4D5F4645 
 12479      41545552 
ARM GAS  /var/folders/65/xyhbx3_n6nd_hs7j3p9nfwv80000gn/T//ccFweXAW.s 			page 286


 12479      455F4650 
 12479      31365F53 
 12480              	.LASF629:
 12481 64c4 5F5F616C 		.ascii	"__always_inline __inline__ __attribute__((__always_"
 12481      77617973 
 12481      5F696E6C 
 12481      696E6520 
 12481      5F5F696E 
 12482 64f7 696E6C69 		.ascii	"inline__))\000"
 12482      6E655F5F 
 12482      292900
 12483              	.LASF296:
 12484 6502 5F5F5341 		.ascii	"__SACCUM_FBIT__ 7\000"
 12484      4343554D 
 12484      5F464249 
 12484      545F5F20 
 12484      3700
 12485              	.LASF732:
 12486 6514 5F5F6C6F 		.ascii	"__lock_close(lock) __retarget_lock_close(lock)\000"
 12486      636B5F63 
 12486      6C6F7365 
 12486      286C6F63 
 12486      6B29205F 
 12487              	.LASF327:
 12488 6543 5F5F4C4C 		.ascii	"__LLACCUM_IBIT__ 32\000"
 12488      41434355 
 12488      4D5F4942 
 12488      49545F5F 
 12488      20333200 
 12489              	.LASF1089:
 12490 6557 4C44424C 		.ascii	"LDBL_MIN_EXP\000"
 12490      5F4D494E 
 12490      5F455850 
 12490      00
 12491              	.LASF551:
 12492 6564 5F5F5349 		.ascii	"__SIZE_T \000"
 12492      5A455F54 
 12492      2000
 12493              	.LASF1287:
 12494 656e 74726163 		.ascii	"trace\000"
 12494      6500
 12495              	.LASF1099:
 12496 6574 464C545F 		.ascii	"FLT_MAX_EXP\000"
 12496      4D41585F 
 12496      45585000 
 12497              	.LASF286:
 12498 6580 5F5F4C4C 		.ascii	"__LLFRACT_FBIT__ 63\000"
 12498      46524143 
 12498      545F4642 
 12498      49545F5F 
 12498      20363300 
 12499              	.LASF178:
 12500 6594 5F5F4C44 		.ascii	"__LDBL_DIG__ 15\000"
 12500      424C5F44 
 12500      49475F5F 
 12500      20313500 
 12501              	.LASF40:
ARM GAS  /var/folders/65/xyhbx3_n6nd_hs7j3p9nfwv80000gn/T//ccFweXAW.s 			page 287


 12502 65a4 5F5F4348 		.ascii	"__CHAR32_TYPE__ long unsigned int\000"
 12502      41523332 
 12502      5F545950 
 12502      455F5F20 
 12502      6C6F6E67 
 12503              	.LASF1629:
 12504 65c6 6A735F6E 		.ascii	"js_newboolean\000"
 12504      6577626F 
 12504      6F6C6561 
 12504      6E00
 12505              	.LASF501:
 12506 65d4 5F5F5853 		.ascii	"__XSI_VISIBLE 0\000"
 12506      495F5649 
 12506      5349424C 
 12506      45203000 
 12507              	.LASF1053:
 12508 65e4 4D5F325F 		.ascii	"M_2_PI 0.63661977236758134308\000"
 12508      50492030 
 12508      2E363336 
 12508      36313937 
 12508      37323336 
 12509              	.LASF384:
 12510 6602 5F5F4743 		.ascii	"__GCC_ATOMIC_SHORT_LOCK_FREE 2\000"
 12510      435F4154 
 12510      4F4D4943 
 12510      5F53484F 
 12510      52545F4C 
 12511              	.LASF1151:
 12512 6621 5F474343 		.ascii	"_GCC_LIMITS_H_ \000"
 12512      5F4C494D 
 12512      4954535F 
 12512      485F2000 
 12513              	.LASF1182:
 12514 6631 53434841 		.ascii	"SCHAR_MIN (-SCHAR_MAX - 1)\000"
 12514      525F4D49 
 12514      4E20282D 
 12514      53434841 
 12514      525F4D41 
 12515              	.LASF1604:
 12516 664c 53544D5F 		.ascii	"STM_RETURN\000"
 12516      52455455 
 12516      524E00
 12517              	.LASF32:
 12518 6657 5F5F5349 		.ascii	"__SIZEOF_POINTER__ 4\000"
 12518      5A454F46 
 12518      5F504F49 
 12518      4E544552 
 12518      5F5F2034 
 12519              	.LASF1549:
 12520 666c 4558505F 		.ascii	"EXP_PREDEC\000"
 12520      50524544 
 12520      454300
 12521              	.LASF454:
 12522 6677 6A73695F 		.ascii	"jsi_h \000"
 12522      682000
 12523              	.LASF628:
 12524 667e 5F5F7075 		.ascii	"__pure __attribute__((__pure__))\000"
ARM GAS  /var/folders/65/xyhbx3_n6nd_hs7j3p9nfwv80000gn/T//ccFweXAW.s 			page 288


 12524      7265205F 
 12524      5F617474 
 12524      72696275 
 12524      74655F5F 
 12525              	.LASF338:
 12526 669f 5F5F4851 		.ascii	"__HQ_FBIT__ 15\000"
 12526      5F464249 
 12526      545F5F20 
 12526      313500
 12527              	.LASF1310:
 12528 66ae 6C6F6E67 		.ascii	"long double\000"
 12528      20646F75 
 12528      626C6500 
 12529              	.LASF895:
 12530 66ba 5F4D4F44 		.ascii	"_MODE_T_DECLARED \000"
 12530      455F545F 
 12530      4445434C 
 12530      41524544 
 12530      2000
 12531              	.LASF550:
 12532 66cc 5F545F53 		.ascii	"_T_SIZE \000"
 12532      495A4520 
 12532      00
 12533              	.LASF1421:
 12534 66d5 7375626F 		.ascii	"suboptarg\000"
 12534      70746172 
 12534      6700
 12535              	.LASF1499:
 12536 66df 73687273 		.ascii	"shrstr\000"
 12536      747200
 12537              	.LASF140:
 12538 66e6 5F5F494E 		.ascii	"__INTPTR_WIDTH__ 32\000"
 12538      54505452 
 12538      5F574944 
 12538      54485F5F 
 12538      20333200 
 12539              	.LASF735:
 12540 66fa 5F5F6C6F 		.ascii	"__lock_acquire_recursive(lock) __retarget_lock_acqu"
 12540      636B5F61 
 12540      63717569 
 12540      72655F72 
 12540      65637572 
 12541 672d 6972655F 		.ascii	"ire_recursive(lock)\000"
 12541      72656375 
 12541      72736976 
 12541      65286C6F 
 12541      636B2900 
 12542              	.LASF677:
 12543 6741 5F5F7472 		.ascii	"__trylocks_shared(...) __lock_annotate(shared_trylo"
 12543      796C6F63 
 12543      6B735F73 
 12543      68617265 
 12543      64282E2E 
 12544 6774 636B5F66 		.ascii	"ck_function(__VA_ARGS__))\000"
 12544      756E6374 
 12544      696F6E28 
 12544      5F5F5641 
ARM GAS  /var/folders/65/xyhbx3_n6nd_hs7j3p9nfwv80000gn/T//ccFweXAW.s 			page 289


 12544      5F415247 
 12545              	.LASF789:
 12546 678e 5F524545 		.ascii	"_REENT_STRTOK_LAST(ptr) ((ptr)->_new._reent._strtok"
 12546      4E545F53 
 12546      5452544F 
 12546      4B5F4C41 
 12546      53542870 
 12547 67c1 5F6C6173 		.ascii	"_last)\000"
 12547      742900
 12548              	.LASF634:
 12549 67c8 5F5F7265 		.ascii	"__result_use_check __attribute__((__warn_unused_res"
 12549      73756C74 
 12549      5F757365 
 12549      5F636865 
 12549      636B205F 
 12550 67fb 756C745F 		.ascii	"ult__))\000"
 12550      5F292900 
 12551              	.LASF1064:
 12552 6803 4D5F4C4F 		.ascii	"M_LOG2_E _M_LN2\000"
 12552      47325F45 
 12552      205F4D5F 
 12552      4C4E3200 
 12553              	.LASF738:
 12554 6813 5F5F6C6F 		.ascii	"__lock_release(lock) __retarget_lock_release(lock)\000"
 12554      636B5F72 
 12554      656C6561 
 12554      7365286C 
 12554      6F636B29 
 12555              	.LASF483:
 12556 6846 5F5F474E 		.ascii	"__GNUC_PREREQ(maj,min) ((__GNUC__ << 16) + __GNUC_M"
 12556      55435F50 
 12556      52455245 
 12556      51286D61 
 12556      6A2C6D69 
 12557 6879 494E4F52 		.ascii	"INOR__ >= ((maj) << 16) + (min))\000"
 12557      5F5F203E 
 12557      3D202828 
 12557      6D616A29 
 12557      203C3C20 
 12558              	.LASF219:
 12559 689a 5F5F464C 		.ascii	"__FLT64_HAS_INFINITY__ 1\000"
 12559      5436345F 
 12559      4841535F 
 12559      494E4649 
 12559      4E495459 
 12560              	.LASF1113:
 12561 68b3 4C44424C 		.ascii	"LDBL_MAX\000"
 12561      5F4D4158 
 12561      00
 12562              	.LASF1510:
 12563 68bc 73636F70 		.ascii	"scope\000"
 12563      6500
 12564              	.LASF1049:
 12565 68c2 4D5F5049 		.ascii	"M_PI 3.14159265358979323846\000"
 12565      20332E31 
 12565      34313539 
 12565      32363533 
ARM GAS  /var/folders/65/xyhbx3_n6nd_hs7j3p9nfwv80000gn/T//ccFweXAW.s 			page 290


 12565      35383937 
 12566              	.LASF451:
 12567 68de 5F5F4650 		.ascii	"__FPU_USED 1\000"
 12567      555F5553 
 12567      45442031 
 12567      00
 12568              	.LASF75:
 12569 68eb 5F5F4C4F 		.ascii	"__LONG_LONG_MAX__ 0x7fffffffffffffffLL\000"
 12569      4E475F4C 
 12569      4F4E475F 
 12569      4D41585F 
 12569      5F203078 
 12570              	.LASF703:
 12571 6912 5F545F57 		.ascii	"_T_WCHAR_ \000"
 12571      43484152 
 12571      5F2000
 12572              	.LASF1452:
 12573 691d 6E756D70 		.ascii	"numparams\000"
 12573      6172616D 
 12573      7300
 12574              	.LASF278:
 12575 6927 5F5F4C46 		.ascii	"__LFRACT_MIN__ (-0.5LR-0.5LR)\000"
 12575      52414354 
 12575      5F4D494E 
 12575      5F5F2028 
 12575      2D302E35 
 12576              	.LASF471:
 12577 6945 5F484156 		.ascii	"_HAVE_CC_INHIBIT_LOOP_TO_LIBCALL 1\000"
 12577      455F4343 
 12577      5F494E48 
 12577      49424954 
 12577      5F4C4F4F 
 12578              	.LASF607:
 12579 6968 5F5F434F 		.ascii	"__CONCAT1(x,y) x ## y\000"
 12579      4E434154 
 12579      3128782C 
 12579      79292078 
 12579      20232320 
 12580              	.LASF1220:
 12581 697e 554C4F4E 		.ascii	"ULONG_LONG_MAX (LONG_LONG_MAX * 2ULL + 1ULL)\000"
 12581      475F4C4F 
 12581      4E475F4D 
 12581      41582028 
 12581      4C4F4E47 
 12582              	.LASF659:
 12583 69ab 5F5F5243 		.ascii	"__RCSID_SOURCE(s) struct __hack\000"
 12583      5349445F 
 12583      534F5552 
 12583      43452873 
 12583      29207374 
 12584              	.LASF387:
 12585 69cb 5F5F4743 		.ascii	"__GCC_ATOMIC_LLONG_LOCK_FREE 1\000"
 12585      435F4154 
 12585      4F4D4943 
 12585      5F4C4C4F 
 12585      4E475F4C 
 12586              	.LASF531:
ARM GAS  /var/folders/65/xyhbx3_n6nd_hs7j3p9nfwv80000gn/T//ccFweXAW.s 			page 291


 12587 69ea 5F535953 		.ascii	"_SYS_CDEFS_H_ \000"
 12587      5F434445 
 12587      46535F48 
 12587      5F2000
 12588              	.LASF857:
 12589 69f9 5F535953 		.ascii	"_SYS__TIMESPEC_H_ \000"
 12589      5F5F5449 
 12589      4D455350 
 12589      45435F48 
 12589      5F2000
 12590              	.LASF1142:
 12591 6a0c 464C545F 		.ascii	"FLT_HAS_SUBNORM __FLT_HAS_DENORM__\000"
 12591      4841535F 
 12591      5355424E 
 12591      4F524D20 
 12591      5F5F464C 
 12592              	.LASF285:
 12593 6a2f 5F5F554C 		.ascii	"__ULFRACT_EPSILON__ 0x1P-32ULR\000"
 12593      46524143 
 12593      545F4550 
 12593      53494C4F 
 12593      4E5F5F20 
 12594              	.LASF86:
 12595 6a4e 5F5F4C4F 		.ascii	"__LONG_LONG_WIDTH__ 64\000"
 12595      4E475F4C 
 12595      4F4E475F 
 12595      57494454 
 12595      485F5F20 
 12596              	.LASF826:
 12597 6a65 5F5F4D41 		.ascii	"__MACHINE_ENDIAN_H__ \000"
 12597      4348494E 
 12597      455F454E 
 12597      4449414E 
 12597      5F485F5F 
 12598              	.LASF1356:
 12599 6a7b 5F636C6F 		.ascii	"_close\000"
 12599      736500
 12600              	.LASF1250:
 12601 6a82 61737464 		.ascii	"astdepth\000"
 12601      65707468 
 12601      00
 12602              	.LASF1112:
 12603 6a8b 44424C5F 		.ascii	"DBL_MAX\000"
 12603      4D415800 
 12604              	.LASF1546:
 12605 6a93 4558505F 		.ascii	"EXP_VOID\000"
 12605      564F4944 
 12605      00
 12606              	.LASF1295:
 12607 6a9c 63686172 		.ascii	"char\000"
 12607      00
 12608              	.LASF1135:
 12609 6aa1 4C44424C 		.ascii	"LDBL_DECIMAL_DIG\000"
 12609      5F444543 
 12609      494D414C 
 12609      5F444947 
 12609      00
ARM GAS  /var/folders/65/xyhbx3_n6nd_hs7j3p9nfwv80000gn/T//ccFweXAW.s 			page 292


 12610              	.LASF1278:
 12611 6ab2 67636675 		.ascii	"gcfun\000"
 12611      6E00
 12612              	.LASF216:
 12613 6ab8 5F5F464C 		.ascii	"__FLT64_EPSILON__ 2.2204460492503131e-16F64\000"
 12613      5436345F 
 12613      45505349 
 12613      4C4F4E5F 
 12613      5F20322E 
 12614              	.LASF1225:
 12615 6ae4 4A535F54 		.ascii	"JS_TRYLIMIT 64\000"
 12615      52594C49 
 12615      4D495420 
 12615      363400
 12616              	.LASF381:
 12617 6af3 5F5F4743 		.ascii	"__GCC_ATOMIC_CHAR16_T_LOCK_FREE 2\000"
 12617      435F4154 
 12617      4F4D4943 
 12617      5F434841 
 12617      5231365F 
 12618              	.LASF1388:
 12619 6b15 5F676C75 		.ascii	"_glue\000"
 12619      6500
 12620              	.LASF458:
 12621 6b1b 5F5F4E45 		.ascii	"__NEWLIB_H__ 1\000"
 12621      574C4942 
 12621      5F485F5F 
 12621      203100
 12622              	.LASF985:
 12623 6b2a 52414E44 		.ascii	"RAND_MAX __RAND_MAX\000"
 12623      5F4D4158 
 12623      205F5F52 
 12623      414E445F 
 12623      4D415800 
 12624              	.LASF331:
 12625 6b3e 5F5F554C 		.ascii	"__ULLACCUM_FBIT__ 32\000"
 12625      4C414343 
 12625      554D5F46 
 12625      4249545F 
 12625      5F203332 
 12626              	.LASF931:
 12627 6b53 5F5F534F 		.ascii	"__SOPT 0x0400\000"
 12627      50542030 
 12627      78303430 
 12627      3000
 12628              	.LASF616:
 12629 6b61 5F5F7075 		.ascii	"__pure2 __attribute__((__const__))\000"
 12629      72653220 
 12629      5F5F6174 
 12629      74726962 
 12629      7574655F 
 12630              	.LASF191:
 12631 6b84 5F5F4C44 		.ascii	"__LDBL_HAS_QUIET_NAN__ 1\000"
 12631      424C5F48 
 12631      41535F51 
 12631      55494554 
 12631      5F4E414E 
ARM GAS  /var/folders/65/xyhbx3_n6nd_hs7j3p9nfwv80000gn/T//ccFweXAW.s 			page 293


 12632              	.LASF76:
 12633 6b9d 5F5F5743 		.ascii	"__WCHAR_MAX__ 0xffffffffU\000"
 12633      4841525F 
 12633      4D41585F 
 12633      5F203078 
 12633      66666666 
 12634              	.LASF547:
 12635 6bb7 5F53495A 		.ascii	"_SIZE_T \000"
 12635      455F5420 
 12635      00
 12636              	.LASF991:
 12637 6bc0 76615F65 		.ascii	"va_end(v) __builtin_va_end(v)\000"
 12637      6E642876 
 12637      29205F5F 
 12637      6275696C 
 12637      74696E5F 
 12638              	.LASF490:
 12639 6bde 5F504F53 		.ascii	"_POSIX_C_SOURCE 200809L\000"
 12639      49585F43 
 12639      5F534F55 
 12639      52434520 
 12639      32303038 
 12640              	.LASF1185:
 12641 6bf6 55434841 		.ascii	"UCHAR_MAX\000"
 12641      525F4D41 
 12641      5800
 12642              	.LASF827:
 12643 6c00 5F4C4954 		.ascii	"_LITTLE_ENDIAN 1234\000"
 12643      544C455F 
 12643      454E4449 
 12643      414E2031 
 12643      32333400 
 12644              	.LASF1537:
 12645 6c14 4558505F 		.ascii	"EXP_PROP_SET\000"
 12645      50524F50 
 12645      5F534554 
 12645      00
 12646              	.LASF876:
 12647 6c21 5F5F755F 		.ascii	"__u_int_defined \000"
 12647      696E745F 
 12647      64656669 
 12647      6E656420 
 12647      00
 12648              	.LASF332:
 12649 6c32 5F5F554C 		.ascii	"__ULLACCUM_IBIT__ 32\000"
 12649      4C414343 
 12649      554D5F49 
 12649      4249545F 
 12649      5F203332 
 12650              	.LASF1534:
 12651 6c47 4558505F 		.ascii	"EXP_OBJECT\000"
 12651      4F424A45 
 12651      435400
 12652              	.LASF963:
 12653 6c52 5F5F7366 		.ascii	"__sferror(p) ((int)(((p)->_flags & __SERR) != 0))\000"
 12653      6572726F 
 12653      72287029 
ARM GAS  /var/folders/65/xyhbx3_n6nd_hs7j3p9nfwv80000gn/T//ccFweXAW.s 			page 294


 12653      20282869 
 12653      6E742928 
 12654              	.LASF90:
 12655 6c84 5F5F5349 		.ascii	"__SIZE_WIDTH__ 32\000"
 12655      5A455F57 
 12655      49445448 
 12655      5F5F2033 
 12655      3200
 12656              	.LASF177:
 12657 6c96 5F5F4C44 		.ascii	"__LDBL_MANT_DIG__ 53\000"
 12657      424C5F4D 
 12657      414E545F 
 12657      4449475F 
 12657      5F203533 
 12658              	.LASF1454:
 12659 6cab 636F6465 		.ascii	"codecap\000"
 12659      63617000 
 12660              	.LASF291:
 12661 6cb3 5F5F554C 		.ascii	"__ULLFRACT_FBIT__ 64\000"
 12661      4C465241 
 12661      43545F46 
 12661      4249545F 
 12661      5F203634 
 12662              	.LASF882:
 12663 6cc8 5F434C4F 		.ascii	"_CLOCK_T_DECLARED \000"
 12663      434B5F54 
 12663      5F444543 
 12663      4C415245 
 12663      442000
 12664              	.LASF343:
 12665 6cdb 5F5F4451 		.ascii	"__DQ_IBIT__ 0\000"
 12665      5F494249 
 12665      545F5F20 
 12665      3000
 12666              	.LASF1322:
 12667 6ce9 5F426967 		.ascii	"_Bigint\000"
 12667      696E7400 
 12668              	.LASF1257:
 12669 6cf1 46756E63 		.ascii	"Function_prototype\000"
 12669      74696F6E 
 12669      5F70726F 
 12669      746F7479 
 12669      706500
 12670              	.LASF214:
 12671 6d04 5F5F464C 		.ascii	"__FLT64_MAX__ 1.7976931348623157e+308F64\000"
 12671      5436345F 
 12671      4D41585F 
 12671      5F20312E 
 12671      37393736 
 12672              	.LASF555:
 12673 6d2d 5F53495A 		.ascii	"_SIZE_T_DEFINED \000"
 12673      455F545F 
 12673      44454649 
 12673      4E454420 
 12673      00
 12674              	.LASF1136:
 12675 6d3e 464C545F 		.ascii	"FLT_DECIMAL_DIG __FLT_DECIMAL_DIG__\000"
ARM GAS  /var/folders/65/xyhbx3_n6nd_hs7j3p9nfwv80000gn/T//ccFweXAW.s 			page 295


 12675      44454349 
 12675      4D414C5F 
 12675      44494720 
 12675      5F5F464C 
 12676              	.LASF347:
 12677 6d62 5F5F5551 		.ascii	"__UQQ_IBIT__ 0\000"
 12677      515F4942 
 12677      49545F5F 
 12677      203000
 12678              	.LASF1605:
 12679 6d71 53544D5F 		.ascii	"STM_WITH\000"
 12679      57495448 
 12679      00
 12680              	.LASF536:
 12681 6d7a 5F5F5F69 		.ascii	"___int8_t_defined 1\000"
 12681      6E74385F 
 12681      745F6465 
 12681      66696E65 
 12681      64203100 
 12682              	.LASF1051:
 12683 6d8e 4D5F5049 		.ascii	"M_PI_4 0.78539816339744830962\000"
 12683      5F342030 
 12683      2E373835 
 12683      33393831 
 12683      36333339 
 12684              	.LASF1149:
 12685 6dac 44424C5F 		.ascii	"DBL_TRUE_MIN __DBL_DENORM_MIN__\000"
 12685      54525545 
 12685      5F4D494E 
 12685      205F5F44 
 12685      424C5F44 
 12686              	.LASF1471:
 12687 6dcc 6A735F50 		.ascii	"js_Property\000"
 12687      726F7065 
 12687      72747900 
 12688              	.LASF494:
 12689 6dd8 5F5F4253 		.ascii	"__BSD_VISIBLE 1\000"
 12689      445F5649 
 12689      5349424C 
 12689      45203100 
 12690              	.LASF530:
 12691 6de8 5F5F6E65 		.ascii	"__need_NULL \000"
 12691      65645F4E 
 12691      554C4C20 
 12691      00
 12692              	.LASF1383:
 12693 6df5 5F617465 		.ascii	"_atexit0\000"
 12693      78697430 
 12693      00
 12694              	.LASF1176:
 12695 6dfe 5F504F53 		.ascii	"_POSIX2_RE_DUP_MAX 255\000"
 12695      4958325F 
 12695      52455F44 
 12695      55505F4D 
 12695      41582032 
 12696              	.LASF1101:
 12697 6e15 4C44424C 		.ascii	"LDBL_MAX_EXP\000"
ARM GAS  /var/folders/65/xyhbx3_n6nd_hs7j3p9nfwv80000gn/T//ccFweXAW.s 			page 296


 12697      5F4D4158 
 12697      5F455850 
 12697      00
 12698              	.LASF407:
 12699 6e22 5F5F4152 		.ascii	"__ARM_FEATURE_LDREX\000"
 12699      4D5F4645 
 12699      41545552 
 12699      455F4C44 
 12699      52455800 
 12700              	.LASF824:
 12701 6e36 5F494E54 		.ascii	"_INTPTR_T_DECLARED \000"
 12701      5054525F 
 12701      545F4445 
 12701      434C4152 
 12701      45442000 
 12702              	.LASF596:
 12703 6e4a 5F5F474E 		.ascii	"__GNUCLIKE_BUILTIN_NEXT_ARG 1\000"
 12703      55434C49 
 12703      4B455F42 
 12703      55494C54 
 12703      494E5F4E 
 12704              	.LASF1575:
 12705 6e68 4558505F 		.ascii	"EXP_LOGAND\000"
 12705      4C4F4741 
 12705      4E4400
 12706              	.LASF564:
 12707 6e73 4E554C4C 		.ascii	"NULL ((void *)0)\000"
 12707      20282876 
 12707      6F696420 
 12707      2A293029 
 12707      00
 12708              	.LASF1462:
 12709 6e84 6C617374 		.ascii	"lastline\000"
 12709      6C696E65 
 12709      00
 12710              	.LASF900:
 12711 6e8d 5F54494D 		.ascii	"_TIMER_T_DECLARED \000"
 12711      45525F54 
 12711      5F444543 
 12711      4C415245 
 12711      442000
 12712              	.LASF28:
 12713 6ea0 5F5F4F52 		.ascii	"__ORDER_BIG_ENDIAN__ 4321\000"
 12713      4445525F 
 12713      4249475F 
 12713      454E4449 
 12713      414E5F5F 
 12714              	.LASF1517:
 12715 6eba 64656C65 		.ascii	"delete\000"
 12715      746500
 12716              	.LASF274:
 12717 6ec1 5F5F5546 		.ascii	"__UFRACT_MAX__ 0XFFFFP-16UR\000"
 12717      52414354 
 12717      5F4D4158 
 12717      5F5F2030 
 12717      58464646 
 12718              	.LASF1615:
ARM GAS  /var/folders/65/xyhbx3_n6nd_hs7j3p9nfwv80000gn/T//ccFweXAW.s 			page 297


 12719 6edd 73656C66 		.ascii	"self\000"
 12719      00
 12720              	.LASF1407:
 12721 6ee2 5F676574 		.ascii	"_getdate_err\000"
 12721      64617465 
 12721      5F657272 
 12721      00
 12722              	.LASF1545:
 12723 6eef 4558505F 		.ascii	"EXP_DELETE\000"
 12723      44454C45 
 12723      544500
 12724              	.LASF532:
 12725 6efa 5F4D4143 		.ascii	"_MACHINE__DEFAULT_TYPES_H \000"
 12725      48494E45 
 12725      5F5F4445 
 12725      4641554C 
 12725      545F5459 
 12726              	.LASF64:
 12727 6f15 5F5F5549 		.ascii	"__UINT_FAST32_TYPE__ unsigned int\000"
 12727      4E545F46 
 12727      41535433 
 12727      325F5459 
 12727      50455F5F 
 12728              	.LASF1157:
 12729 6f37 4C494E4B 		.ascii	"LINK_MAX 32767\000"
 12729      5F4D4158 
 12729      20333237 
 12729      363700
 12730              	.LASF97:
 12731 6f46 5F5F5349 		.ascii	"__SIG_ATOMIC_MIN__ (-__SIG_ATOMIC_MAX__ - 1)\000"
 12731      475F4154 
 12731      4F4D4943 
 12731      5F4D494E 
 12731      5F5F2028 
 12732              	.LASF544:
 12733 6f73 5F5F4558 		.ascii	"__EXP\000"
 12733      5000
 12734              	.LASF891:
 12735 6f79 5F474944 		.ascii	"_GID_T_DECLARED \000"
 12735      5F545F44 
 12735      45434C41 
 12735      52454420 
 12735      00
 12736              	.LASF625:
 12737 6f8a 5F5F6765 		.ascii	"__generic(expr,t,yes,no) _Generic(expr, t: yes, def"
 12737      6E657269 
 12737      63286578 
 12737      70722C74 
 12737      2C796573 
 12738 6fbd 61756C74 		.ascii	"ault: no)\000"
 12738      3A206E6F 
 12738      2900
 12739              	.LASF910:
 12740 6fc7 50544852 		.ascii	"PTHREAD_EXPLICIT_SCHED 2\000"
 12740      4541445F 
 12740      4558504C 
 12740      49434954 
ARM GAS  /var/folders/65/xyhbx3_n6nd_hs7j3p9nfwv80000gn/T//ccFweXAW.s 			page 298


 12740      5F534348 
 12741              	.LASF1513:
 12742 6fe0 66696E61 		.ascii	"finalize\000"
 12742      6C697A65 
 12742      00
 12743              	.LASF943:
 12744 6fe9 464F5045 		.ascii	"FOPEN_MAX 20\000"
 12744      4E5F4D41 
 12744      58203230 
 12744      00
 12745              	.LASF716:
 12746 6ff6 5F5F6E65 		.ascii	"__need_wchar_t\000"
 12746      65645F77 
 12746      63686172 
 12746      5F7400
 12747              	.LASF154:
 12748 7005 5F5F464C 		.ascii	"__FLT_DECIMAL_DIG__ 9\000"
 12748      545F4445 
 12748      43494D41 
 12748      4C5F4449 
 12748      475F5F20 
 12749              	.LASF1164:
 12750 701b 50495045 		.ascii	"PIPE_BUF 512\000"
 12750      5F425546 
 12750      20353132 
 12750      00
 12751              	.LASF44:
 12752 7028 5F5F494E 		.ascii	"__INT32_TYPE__ long int\000"
 12752      5433325F 
 12752      54595045 
 12752      5F5F206C 
 12752      6F6E6720 
 12753              	.LASF692:
 12754 7040 5F545F50 		.ascii	"_T_PTRDIFF \000"
 12754      54524449 
 12754      46462000 
 12755              	.LASF302:
 12756 704c 5F5F5553 		.ascii	"__USACCUM_IBIT__ 8\000"
 12756      41434355 
 12756      4D5F4942 
 12756      49545F5F 
 12756      203800
 12757              	.LASF992:
 12758 705f 76615F61 		.ascii	"va_arg(v,l) __builtin_va_arg(v,l)\000"
 12758      72672876 
 12758      2C6C2920 
 12758      5F5F6275 
 12758      696C7469 
 12759              	.LASF508:
 12760 7081 5F524541 		.ascii	"_READ_WRITE_RETURN_TYPE int\000"
 12760      445F5752 
 12760      4954455F 
 12760      52455455 
 12760      524E5F54 
 12761              	.LASF283:
 12762 709d 5F5F554C 		.ascii	"__ULFRACT_MIN__ 0.0ULR\000"
 12762      46524143 
ARM GAS  /var/folders/65/xyhbx3_n6nd_hs7j3p9nfwv80000gn/T//ccFweXAW.s 			page 299


 12762      545F4D49 
 12762      4E5F5F20 
 12762      302E3055 
 12763              	.LASF357:
 12764 70b4 5F5F4841 		.ascii	"__HA_IBIT__ 8\000"
 12764      5F494249 
 12764      545F5F20 
 12764      3800
 12765              	.LASF841:
 12766 70c2 5F5F6874 		.ascii	"__htons(_x) __bswap16(_x)\000"
 12766      6F6E7328 
 12766      5F782920 
 12766      5F5F6273 
 12766      77617031 
 12767              	.LASF1134:
 12768 70dc 44424C5F 		.ascii	"DBL_DECIMAL_DIG\000"
 12768      44454349 
 12768      4D414C5F 
 12768      44494700 
 12769              	.LASF132:
 12770 70ec 5F5F494E 		.ascii	"__INT_FAST32_WIDTH__ 32\000"
 12770      545F4641 
 12770      53543332 
 12770      5F574944 
 12770      54485F5F 
 12771              	.LASF1502:
 12772 7104 6D656D73 		.ascii	"memstr\000"
 12772      747200
 12773              	.LASF1301:
 12774 710b 4A535F44 		.ascii	"JS_DONTENUM\000"
 12774      4F4E5445 
 12774      4E554D00 
 12775              	.LASF67:
 12776 7117 5F5F5549 		.ascii	"__UINTPTR_TYPE__ unsigned int\000"
 12776      4E545054 
 12776      525F5459 
 12776      50455F5F 
 12776      20756E73 
 12777              	.LASF1012:
 12778 7135 46505F4E 		.ascii	"FP_NAN 0\000"
 12778      414E2030 
 12778      00
 12779              	.LASF16:
 12780 713e 5F5F4649 		.ascii	"__FINITE_MATH_ONLY__ 0\000"
 12780      4E495445 
 12780      5F4D4154 
 12780      485F4F4E 
 12780      4C595F5F 
 12781              	.LASF1419:
 12782 7155 5F696D70 		.ascii	"_impure_ptr\000"
 12782      7572655F 
 12782      70747200 
 12783              	.LASF753:
 12784 7161 5F415445 		.ascii	"_ATEXIT_INIT {_NULL, 0, {_NULL}, {{_NULL}, {_NULL},"
 12784      5849545F 
 12784      494E4954 
 12784      207B5F4E 
ARM GAS  /var/folders/65/xyhbx3_n6nd_hs7j3p9nfwv80000gn/T//ccFweXAW.s 			page 300


 12784      554C4C2C 
 12785 7194 20302C20 		.ascii	" 0, 0}}\000"
 12785      307D7D00 
 12786              	.LASF671:
 12787 719c 5F5F6461 		.ascii	"__datatype_type_tag(kind,type) \000"
 12787      74617479 
 12787      70655F74 
 12787      7970655F 
 12787      74616728 
 12788              	.LASF930:
 12789 71bc 5F5F5353 		.ascii	"__SSTR 0x0200\000"
 12789      54522030 
 12789      78303230 
 12789      3000
 12790              	.LASF352:
 12791 71ca 5F5F5544 		.ascii	"__UDQ_FBIT__ 64\000"
 12791      515F4642 
 12791      49545F5F 
 12791      20363400 
 12792              	.LASF1359:
 12793 71da 5F626C6B 		.ascii	"_blksize\000"
 12793      73697A65 
 12793      00
 12794              	.LASF685:
 12795 71e3 5F5F6775 		.ascii	"__guarded_by(x) __lock_annotate(guarded_by(x))\000"
 12795      61726465 
 12795      645F6279 
 12795      28782920 
 12795      5F5F6C6F 
 12796              	.LASF1046:
 12797 7212 4D5F4C4F 		.ascii	"M_LOG10E 0.43429448190325182765\000"
 12797      47313045 
 12797      20302E34 
 12797      33343239 
 12797      34343831 
 12798              	.LASF1047:
 12799 7232 4D5F4C4E 		.ascii	"M_LN2 _M_LN2\000"
 12799      32205F4D 
 12799      5F4C4E32 
 12799      00
 12800              	.LASF1:
 12801 723f 5F5F5354 		.ascii	"__STDC_VERSION__ 201710L\000"
 12801      44435F56 
 12801      45525349 
 12801      4F4E5F5F 
 12801      20323031 
 12802              	.LASF548:
 12803 7258 5F535953 		.ascii	"_SYS_SIZE_T_H \000"
 12803      5F53495A 
 12803      455F545F 
 12803      482000
 12804              	.LASF280:
 12805 7267 5F5F4C46 		.ascii	"__LFRACT_EPSILON__ 0x1P-31LR\000"
 12805      52414354 
 12805      5F455053 
 12805      494C4F4E 
 12805      5F5F2030 
ARM GAS  /var/folders/65/xyhbx3_n6nd_hs7j3p9nfwv80000gn/T//ccFweXAW.s 			page 301


 12806              	.LASF758:
 12807 7284 5F52414E 		.ascii	"_RAND48_SEED_2 (0x1234)\000"
 12807      4434385F 
 12807      53454544 
 12807      5F322028 
 12807      30783132 
 12808              	.LASF962:
 12809 729c 5F5F7366 		.ascii	"__sfeof(p) ((int)(((p)->_flags & __SEOF) != 0))\000"
 12809      656F6628 
 12809      70292028 
 12809      28696E74 
 12809      29282828 
 12810              	.LASF1402:
 12811 72cc 5F6D626C 		.ascii	"_mblen_state\000"
 12811      656E5F73 
 12811      74617465 
 12811      00
 12812              	.LASF1385:
 12813 72d9 5F5F7367 		.ascii	"__sglue\000"
 12813      6C756500 
 12814              	.LASF1418:
 12815 72e1 5F5F6C6F 		.ascii	"__locale_t\000"
 12815      63616C65 
 12815      5F7400
 12816              	.LASF883:
 12817 72ec 5F5F6461 		.ascii	"__daddr_t_defined \000"
 12817      6464725F 
 12817      745F6465 
 12817      66696E65 
 12817      642000
 12818              	.LASF1375:
 12819 72ff 5F5F636C 		.ascii	"__cleanup\000"
 12819      65616E75 
 12819      7000
 12820              	.LASF412:
 12821 7309 5F5F4152 		.ascii	"__ARM_SIZEOF_MINIMAL_ENUM 1\000"
 12821      4D5F5349 
 12821      5A454F46 
 12821      5F4D494E 
 12821      494D414C 
 12822              	.LASF117:
 12823 7325 5F5F494E 		.ascii	"__INT64_C(c) c ## LL\000"
 12823      5436345F 
 12823      43286329 
 12823      20632023 
 12823      23204C4C 
 12824              	.LASF1478:
 12825 733a 73657474 		.ascii	"setter\000"
 12825      657200
 12826              	.LASF1506:
 12827 7341 666C6174 		.ascii	"flat_length\000"
 12827      5F6C656E 
 12827      67746800 
 12828              	.LASF1302:
 12829 734d 4A535F44 		.ascii	"JS_DONTCONF\000"
 12829      4F4E5443 
 12829      4F4E4600 
ARM GAS  /var/folders/65/xyhbx3_n6nd_hs7j3p9nfwv80000gn/T//ccFweXAW.s 			page 302


 12830              	.LASF360:
 12831 7359 5F5F4441 		.ascii	"__DA_FBIT__ 31\000"
 12831      5F464249 
 12831      545F5F20 
 12831      333100
 12832              	.LASF200:
 12833 7368 5F5F464C 		.ascii	"__FLT32_MIN__ 1.1754943508222875e-38F32\000"
 12833      5433325F 
 12833      4D494E5F 
 12833      5F20312E 
 12833      31373534 
 12834              	.LASF1217:
 12835 7390 4C4F4E47 		.ascii	"LONG_LONG_MAX\000"
 12835      5F4C4F4E 
 12835      475F4D41 
 12835      5800
 12836              	.LASF1223:
 12837 739e 4A535F53 		.ascii	"JS_STACKSIZE 4096\000"
 12837      5441434B 
 12837      53495A45 
 12837      20343039 
 12837      3600
 12838              	.LASF1616:
 12839 73b0 42705F76 		.ascii	"Bp_valueOf\000"
 12839      616C7565 
 12839      4F6600
 12840              	.LASF809:
 12841 73bb 5F535953 		.ascii	"_SYS__STDINT_H \000"
 12841      5F5F5354 
 12841      44494E54 
 12841      5F482000 
 12842              	.LASF610:
 12843 73cb 5F5F5853 		.ascii	"__XSTRING(x) __STRING(x)\000"
 12843      5452494E 
 12843      47287829 
 12843      205F5F53 
 12843      5452494E 
 12844              	.LASF660:
 12845 73e4 5F5F5343 		.ascii	"__SCCSID(s) struct __hack\000"
 12845      43534944 
 12845      28732920 
 12845      73747275 
 12845      6374205F 
 12846              	.LASF1066:
 12847 73fe 5F4C4942 		.ascii	"_LIB_VERSION_TYPE enum __fdlibm_version\000"
 12847      5F564552 
 12847      53494F4E 
 12847      5F545950 
 12847      4520656E 
 12848              	.LASF379:
 12849 7426 5F5F4743 		.ascii	"__GCC_ATOMIC_BOOL_LOCK_FREE 2\000"
 12849      435F4154 
 12849      4F4D4943 
 12849      5F424F4F 
 12849      4C5F4C4F 
 12850              	.LASF1544:
 12851 7444 4558505F 		.ascii	"EXP_POSTDEC\000"
ARM GAS  /var/folders/65/xyhbx3_n6nd_hs7j3p9nfwv80000gn/T//ccFweXAW.s 			page 303


 12851      504F5354 
 12851      44454300 
 12852              	.LASF246:
 12853 7450 5F5F4445 		.ascii	"__DEC64_MAX__ 9.999999999999999E384DD\000"
 12853      4336345F 
 12853      4D41585F 
 12853      5F20392E 
 12853      39393939 
 12854              	.LASF131:
 12855 7476 5F5F494E 		.ascii	"__INT_FAST32_MAX__ 0x7fffffff\000"
 12855      545F4641 
 12855      53543332 
 12855      5F4D4158 
 12855      5F5F2030 
 12856              	.LASF1350:
 12857 7494 5F66696C 		.ascii	"_file\000"
 12857      6500
 12858              	.LASF1349:
 12859 749a 5F666C61 		.ascii	"_flags\000"
 12859      677300
 12860              	.LASF813:
 12861 74a1 5F494E54 		.ascii	"_INT16_T_DECLARED \000"
 12861      31365F54 
 12861      5F444543 
 12861      4C415245 
 12861      442000
 12862              	.LASF465:
 12863 74b4 5F57414E 		.ascii	"_WANT_IO_LONG_LONG 1\000"
 12863      545F494F 
 12863      5F4C4F4E 
 12863      475F4C4F 
 12863      4E472031 
 12864              	.LASF803:
 12865 74c9 5F5F4154 		.ascii	"__ATTRIBUTE_IMPURE_PTR__ \000"
 12865      54524942 
 12865      5554455F 
 12865      494D5055 
 12865      52455F50 
 12866              	.LASF361:
 12867 74e3 5F5F4441 		.ascii	"__DA_IBIT__ 32\000"
 12867      5F494249 
 12867      545F5F20 
 12867      333200
 12868              	.LASF1021:
 12869 74f2 6D617468 		.ascii	"math_errhandling MATH_ERRNO\000"
 12869      5F657272 
 12869      68616E64 
 12869      6C696E67 
 12869      204D4154 
 12870              	.LASF344:
 12871 750e 5F5F5451 		.ascii	"__TQ_FBIT__ 127\000"
 12871      5F464249 
 12871      545F5F20 
 12871      31323700 
 12872              	.LASF426:
 12873 751e 5F5F5646 		.ascii	"__VFP_FP__ 1\000"
 12873      505F4650 
ARM GAS  /var/folders/65/xyhbx3_n6nd_hs7j3p9nfwv80000gn/T//ccFweXAW.s 			page 304


 12873      5F5F2031 
 12873      00
 12874              	.LASF445:
 12875 752b 5F5F4152 		.ascii	"__ARM_ASM_SYNTAX_UNIFIED__ 1\000"
 12875      4D5F4153 
 12875      4D5F5359 
 12875      4E544158 
 12875      5F554E49 
 12876              	.LASF872:
 12877 7548 5F494E5F 		.ascii	"_IN_ADDR_T_DECLARED \000"
 12877      41444452 
 12877      5F545F44 
 12877      45434C41 
 12877      52454420 
 12878              	.LASF1348:
 12879 755d 5F5F7346 		.ascii	"__sFILE\000"
 12879      494C4500 
 12880              	.LASF775:
 12881 7565 5F524545 		.ascii	"_REENT_CHECK_MISC(ptr) \000"
 12881      4E545F43 
 12881      4845434B 
 12881      5F4D4953 
 12881      43287074 
 12882              	.LASF1612:
 12883 757d 53544D5F 		.ascii	"STM_DEFAULT\000"
 12883      44454641 
 12883      554C5400 
 12884              	.LASF1423:
 12885 7589 646F7562 		.ascii	"double\000"
 12885      6C6500
 12886              	.LASF1344:
 12887 7590 5F666E73 		.ascii	"_fns\000"
 12887      00
 12888              	.LASF1558:
 12889 7595 4558505F 		.ascii	"EXP_ADD\000"
 12889      41444400 
 12890              	.LASF1248:
 12891 759d 6C617374 		.ascii	"lasttoken\000"
 12891      746F6B65 
 12891      6E00
 12892              	.LASF282:
 12893 75a7 5F5F554C 		.ascii	"__ULFRACT_IBIT__ 0\000"
 12893      46524143 
 12893      545F4942 
 12893      49545F5F 
 12893      203000
 12894              	.LASF1146:
 12895 75ba 44424C5F 		.ascii	"DBL_TRUE_MIN\000"
 12895      54525545 
 12895      5F4D494E 
 12895      00
 12896              	.LASF647:
 12897 75c7 5F5F7363 		.ascii	"__scanflike(fmtarg,firstvararg) __attribute__((__fo"
 12897      616E666C 
 12897      696B6528 
 12897      666D7461 
 12897      72672C66 
ARM GAS  /var/folders/65/xyhbx3_n6nd_hs7j3p9nfwv80000gn/T//ccFweXAW.s 			page 305


 12898 75fa 726D6174 		.ascii	"rmat__ (__scanf__, fmtarg, firstvararg)))\000"
 12898      5F5F2028 
 12898      5F5F7363 
 12898      616E665F 
 12898      5F2C2066 
 12899              	.LASF1387:
 12900 7624 5F5F4649 		.ascii	"__FILE\000"
 12900      4C4500
 12901              	.LASF1413:
 12902 762b 5F685F65 		.ascii	"_h_errno\000"
 12902      72726E6F 
 12902      00
 12903              	.LASF96:
 12904 7634 5F5F5349 		.ascii	"__SIG_ATOMIC_MAX__ 0x7fffffff\000"
 12904      475F4154 
 12904      4F4D4943 
 12904      5F4D4158 
 12904      5F5F2030 
 12905              	.LASF413:
 12906 7652 5F5F4152 		.ascii	"__ARM_SIZEOF_WCHAR_T 4\000"
 12906      4D5F5349 
 12906      5A454F46 
 12906      5F574348 
 12906      41525F54 
 12907              	.LASF844:
 12908 7669 5F535953 		.ascii	"_SYS_SELECT_H \000"
 12908      5F53454C 
 12908      4543545F 
 12908      482000
 12909              	.LASF1524:
 12910 7678 4558505F 		.ascii	"EXP_IDENTIFIER\000"
 12910      4944454E 
 12910      54494649 
 12910      455200
 12911              	.LASF1169:
 12912 7687 42435F53 		.ascii	"BC_STRING_MAX 1000\000"
 12912      5452494E 
 12912      475F4D41 
 12912      58203130 
 12912      303000
 12913              	.LASF926:
 12914 769a 5F5F5345 		.ascii	"__SEOF 0x0020\000"
 12914      4F462030 
 12914      78303032 
 12914      3000
 12915              	.LASF22:
 12916 76a8 5F5F5349 		.ascii	"__SIZEOF_DOUBLE__ 8\000"
 12916      5A454F46 
 12916      5F444F55 
 12916      424C455F 
 12916      5F203800 
 12917              	.LASF137:
 12918 76bc 5F5F5549 		.ascii	"__UINT_FAST32_MAX__ 0xffffffffU\000"
 12918      4E545F46 
 12918      41535433 
 12918      325F4D41 
 12918      585F5F20 
ARM GAS  /var/folders/65/xyhbx3_n6nd_hs7j3p9nfwv80000gn/T//ccFweXAW.s 			page 306


 12919              	.LASF181:
 12920 76dc 5F5F4C44 		.ascii	"__LDBL_MAX_EXP__ 1024\000"
 12920      424C5F4D 
 12920      41585F45 
 12920      58505F5F 
 12920      20313032 
 12921              	.LASF838:
 12922 76f2 5F5F6273 		.ascii	"__bswap32(_x) __builtin_bswap32(_x)\000"
 12922      77617033 
 12922      32285F78 
 12922      29205F5F 
 12922      6275696C 
 12923              	.LASF729:
 12924 7716 5F5F4C4F 		.ascii	"__LOCK_INIT_RECURSIVE(class,lock) __LOCK_INIT(class"
 12924      434B5F49 
 12924      4E49545F 
 12924      52454355 
 12924      52534956 
 12925 7749 2C6C6F63 		.ascii	",lock)\000"
 12925      6B2900
 12926              	.LASF1437:
 12927 7750 70726F70 		.ascii	"properties\000"
 12927      65727469 
 12927      657300
 12928              	.LASF853:
 12929 775b 74696D65 		.ascii	"timercmp(tvp,uvp,cmp) (((tvp)->tv_sec == (uvp)->tv_"
 12929      72636D70 
 12929      28747670 
 12929      2C757670 
 12929      2C636D70 
 12930 778e 73656329 		.ascii	"sec) ? ((tvp)->tv_usec cmp (uvp)->tv_usec) : ((tvp)"
 12930      203F2028 
 12930      28747670 
 12930      292D3E74 
 12930      765F7573 
 12931 77c1 2D3E7476 		.ascii	"->tv_sec cmp (uvp)->tv_sec))\000"
 12931      5F736563 
 12931      20636D70 
 12931      20287576 
 12931      70292D3E 
 12932              	.LASF707:
 12933 77de 5F425344 		.ascii	"_BSD_WCHAR_T_ \000"
 12933      5F574348 
 12933      41525F54 
 12933      5F2000
 12934              	.LASF1242:
 12935 77ed 66696C65 		.ascii	"filename\000"
 12935      6E616D65 
 12935      00
 12936              	.LASF497:
 12937 77f6 5F5F4C41 		.ascii	"__LARGEFILE_VISIBLE 0\000"
 12937      52474546 
 12937      494C455F 
 12937      56495349 
 12937      424C4520 
 12938              	.LASF762:
 12939 780c 5F52414E 		.ascii	"_RAND48_ADD (0x000b)\000"
ARM GAS  /var/folders/65/xyhbx3_n6nd_hs7j3p9nfwv80000gn/T//ccFweXAW.s 			page 307


 12939      4434385F 
 12939      41444420 
 12939      28307830 
 12939      30306229 
 12940              	.LASF687:
 12941 7821 5F535444 		.ascii	"_STDDEF_H \000"
 12941      4445465F 
 12941      482000
 12942              	.LASF894:
 12943 782c 5F535349 		.ascii	"_SSIZE_T_DECLARED \000"
 12943      5A455F54 
 12943      5F444543 
 12943      4C415245 
 12943      442000
 12944              	.LASF1178:
 12945 783f 5F4C494D 		.ascii	"_LIMITS_H___ \000"
 12945      4954535F 
 12945      485F5F5F 
 12945      2000
 12946              	.LASF756:
 12947 784d 5F52414E 		.ascii	"_RAND48_SEED_0 (0x330e)\000"
 12947      4434385F 
 12947      53454544 
 12947      5F302028 
 12947      30783333 
 12948              	.LASF429:
 12949 7865 5F5F4152 		.ascii	"__ARM_FP16_FORMAT_IEEE\000"
 12949      4D5F4650 
 12949      31365F46 
 12949      4F524D41 
 12949      545F4945 
 12950              	.LASF514:
 12951 787c 5F415454 		.ascii	"_ATTRIBUTE(attrs) __attribute__ (attrs)\000"
 12951      52494255 
 12951      54452861 
 12951      74747273 
 12951      29205F5F 
 12952              	.LASF1622:
 12953 78a4 6A735F6E 		.ascii	"js_newcconstructor\000"
 12953      65776363 
 12953      6F6E7374 
 12953      72756374 
 12953      6F7200
 12954              	.LASF1547:
 12955 78b7 4558505F 		.ascii	"EXP_TYPEOF\000"
 12955      54595045 
 12955      4F4600
 12956              	.LASF91:
 12957 78c2 5F5F494E 		.ascii	"__INTMAX_MAX__ 0x7fffffffffffffffLL\000"
 12957      544D4158 
 12957      5F4D4158 
 12957      5F5F2030 
 12957      78376666 
 12958              	.LASF682:
 12959 78e6 5F5F7265 		.ascii	"__requires_shared(...) __lock_annotate(shared_locks"
 12959      71756972 
 12959      65735F73 
ARM GAS  /var/folders/65/xyhbx3_n6nd_hs7j3p9nfwv80000gn/T//ccFweXAW.s 			page 308


 12959      68617265 
 12959      64282E2E 
 12960 7919 5F726571 		.ascii	"_required(__VA_ARGS__))\000"
 12960      75697265 
 12960      64285F5F 
 12960      56415F41 
 12960      5247535F 
 12961              	.LASF597:
 12962 7931 5F5F474E 		.ascii	"__GNUCLIKE_MATH_BUILTIN_RELOPS \000"
 12962      55434C49 
 12962      4B455F4D 
 12962      4154485F 
 12962      4255494C 
 12963              	.LASF1557:
 12964 7951 4558505F 		.ascii	"EXP_SUB\000"
 12964      53554200 
 12965              	.LASF1122:
 12966 7959 4C44424C 		.ascii	"LDBL_EPSILON __LDBL_EPSILON__\000"
 12966      5F455053 
 12966      494C4F4E 
 12966      205F5F4C 
 12966      44424C5F 
 12967              	.LASF35:
 12968 7977 5F5F5743 		.ascii	"__WCHAR_TYPE__ unsigned int\000"
 12968      4841525F 
 12968      54595045 
 12968      5F5F2075 
 12968      6E736967 
 12969              	.LASF593:
 12970 7993 5F5F474E 		.ascii	"__GNUCLIKE_BUILTIN_VAALIST 1\000"
 12970      55434C49 
 12970      4B455F42 
 12970      55494C54 
 12970      494E5F56 
 12971              	.LASF85:
 12972 79b0 5F5F4C4F 		.ascii	"__LONG_WIDTH__ 32\000"
 12972      4E475F57 
 12972      49445448 
 12972      5F5F2033 
 12972      3200
 12973              	.LASF785:
 12974 79c2 5F524545 		.ascii	"_REENT_MP_FREELIST(ptr) ((ptr)->_freelist)\000"
 12974      4E545F4D 
 12974      505F4652 
 12974      45454C49 
 12974      53542870 
 12975              	.LASF15:
 12976 79ed 5F5F4F50 		.ascii	"__OPTIMIZE__ 1\000"
 12976      54494D49 
 12976      5A455F5F 
 12976      203100
 12977              	.LASF612:
 12978 79fc 5F5F7369 		.ascii	"__signed signed\000"
 12978      676E6564 
 12978      20736967 
 12978      6E656400 
 12979              	.LASF502:
ARM GAS  /var/folders/65/xyhbx3_n6nd_hs7j3p9nfwv80000gn/T//ccFweXAW.s 			page 309


 12980 7a0c 5F5F5353 		.ascii	"__SSP_FORTIFY_LEVEL 0\000"
 12980      505F464F 
 12980      52544946 
 12980      595F4C45 
 12980      56454C20 
 12981              	.LASF1318:
 12982 7a22 5F5F7661 		.ascii	"__value\000"
 12982      6C756500 
 12983              	.LASF482:
 12984 7a2a 5F535953 		.ascii	"_SYS_FEATURES_H \000"
 12984      5F464541 
 12984      54555245 
 12984      535F4820 
 12984      00
 12985              	.LASF1618:
 12986 7a3b 6A73425F 		.ascii	"jsB_Boolean\000"
 12986      426F6F6C 
 12986      65616E00 
 12987              	.LASF1593:
 12988 7a47 53544D5F 		.ascii	"STM_EMPTY\000"
 12988      454D5054 
 12988      5900
 12989              	.LASF416:
 12990 7a51 5F5F6172 		.ascii	"__arm__ 1\000"
 12990      6D5F5F20 
 12990      3100
 12991              	.LASF878:
 12992 7a5b 5F425344 		.ascii	"_BSDTYPES_DEFINED \000"
 12992      54595045 
 12992      535F4445 
 12992      46494E45 
 12992      442000
 12993              	.LASF1515:
 12994 7a6e 68656164 		.ascii	"head\000"
 12994      00
 12995              	.LASF637:
 12996 7a73 5F5F7265 		.ascii	"__restrict restrict\000"
 12996      73747269 
 12996      63742072 
 12996      65737472 
 12996      69637400 
 12997              	.LASF875:
 12998 7a87 5F5F755F 		.ascii	"__u_short_defined \000"
 12998      73686F72 
 12998      745F6465 
 12998      66696E65 
 12998      642000
 12999              	.LASF1518:
 13000 7a9a 69746572 		.ascii	"iter\000"
 13000      00
 13001              	.LASF1117:
 13002 7a9f 464C545F 		.ascii	"FLT_EPSILON\000"
 13002      45505349 
 13002      4C4F4E00 
 13003              	.LASF1320:
 13004 7aab 5F666C6F 		.ascii	"_flock_t\000"
 13004      636B5F74 
ARM GAS  /var/folders/65/xyhbx3_n6nd_hs7j3p9nfwv80000gn/T//ccFweXAW.s 			page 310


 13004      00
 13005              	.LASF977:
 13006 7ab4 5F5F6E65 		.ascii	"__need_wchar_t \000"
 13006      65645F77 
 13006      63686172 
 13006      5F742000 
 13007              	.LASF740:
 13008 7ac4 5F5F7369 		.ascii	"__size_t\000"
 13008      7A655F74 
 13008      00
 13009              	.LASF632:
 13010 7acd 5F5F6E6F 		.ascii	"__nonnull_all __attribute__((__nonnull__))\000"
 13010      6E6E756C 
 13010      6C5F616C 
 13010      6C205F5F 
 13010      61747472 
 13011              	.LASF1378:
 13012 7af8 5F703573 		.ascii	"_p5s\000"
 13012      00
 13013              	.LASF13:
 13014 7afd 5F5F4154 		.ascii	"__ATOMIC_ACQ_REL 4\000"
 13014      4F4D4943 
 13014      5F414351 
 13014      5F52454C 
 13014      203400
 13015              	.LASF1095:
 13016 7b10 4C44424C 		.ascii	"LDBL_MIN_10_EXP\000"
 13016      5F4D494E 
 13016      5F31305F 
 13016      45585000 
 13017              	.LASF1355:
 13018 7b20 5F736565 		.ascii	"_seek\000"
 13018      6B00
 13019              	.LASF624:
 13020 7b26 5F5F616C 		.ascii	"__alloc_align(x) __attribute__((__alloc_align__(x))"
 13020      6C6F635F 
 13020      616C6967 
 13020      6E287829 
 13020      205F5F61 
 13021 7b59 2900     		.ascii	")\000"
 13022              	.LASF704:
 13023 7b5b 5F545F57 		.ascii	"_T_WCHAR \000"
 13023      43484152 
 13023      2000
 13024              	.LASF1368:
 13025 7b65 5F737464 		.ascii	"_stdout\000"
 13025      6F757400 
 13026              	.LASF560:
 13027 7b6d 5F53495A 		.ascii	"_SIZET_ \000"
 13027      45545F20 
 13027      00
 13028              	.LASF42:
 13029 7b76 5F5F494E 		.ascii	"__INT8_TYPE__ signed char\000"
 13029      54385F54 
 13029      5950455F 
 13029      5F207369 
 13029      676E6564 
ARM GAS  /var/folders/65/xyhbx3_n6nd_hs7j3p9nfwv80000gn/T//ccFweXAW.s 			page 311


 13030              	.LASF188:
 13031 7b90 5F5F4C44 		.ascii	"__LDBL_DENORM_MIN__ 4.9406564584124654e-324L\000"
 13031      424C5F44 
 13031      454E4F52 
 13031      4D5F4D49 
 13031      4E5F5F20 
 13032              	.LASF1118:
 13033 7bbd 44424C5F 		.ascii	"DBL_EPSILON\000"
 13033      45505349 
 13033      4C4F4E00 
 13034              	.LASF378:
 13035 7bc9 5F5F4743 		.ascii	"__GCC_HAVE_SYNC_COMPARE_AND_SWAP_4 1\000"
 13035      435F4841 
 13035      56455F53 
 13035      594E435F 
 13035      434F4D50 
 13036              	.LASF1093:
 13037 7bee 464C545F 		.ascii	"FLT_MIN_10_EXP\000"
 13037      4D494E5F 
 13037      31305F45 
 13037      585000
 13038              	.LASF642:
 13039 7bfd 5F5F6869 		.ascii	"__hidden __attribute__((__visibility__(\"hidden\"))"
 13039      6464656E 
 13039      205F5F61 
 13039      74747269 
 13039      62757465 
 13040 7c2e 2900     		.ascii	")\000"
 13041              	.LASF958:
 13042 7c30 66726F70 		.ascii	"fropen(__cookie,__fn) funopen(__cookie, __fn, (int "
 13042      656E285F 
 13042      5F636F6F 
 13042      6B69652C 
 13042      5F5F666E 
 13043 7c63 282A2928 		.ascii	"(*)())0, (fpos_t (*)())0, (int (*)())0)\000"
 13043      2929302C 
 13043      20286670 
 13043      6F735F74 
 13043      20282A29 
 13044              	.LASF688:
 13045 7c8b 5F535444 		.ascii	"_STDDEF_H_ \000"
 13045      4445465F 
 13045      485F2000 
 13046              	.LASF492:
 13047 7c97 5F415446 		.ascii	"_ATFILE_SOURCE 1\000"
 13047      494C455F 
 13047      534F5552 
 13047      43452031 
 13047      00
 13048              	.LASF504:
 13049 7ca8 5F5F5241 		.ascii	"__RAND_MAX\000"
 13049      4E445F4D 
 13049      415800
 13050              	.LASF965:
 13051 7cb3 5F5F7366 		.ascii	"__sfileno(p) ((p)->_file)\000"
 13051      696C656E 
 13051      6F287029 
ARM GAS  /var/folders/65/xyhbx3_n6nd_hs7j3p9nfwv80000gn/T//ccFweXAW.s 			page 312


 13051      20282870 
 13051      292D3E5F 
 13052              	.LASF1472:
 13053 7ccd 6C656674 		.ascii	"left\000"
 13053      00
 13054              	.LASF1071:
 13055 7cd2 5F504F53 		.ascii	"_POSIX_ __fdlibm_posix\000"
 13055      49585F20 
 13055      5F5F6664 
 13055      6C69626D 
 13055      5F706F73 
 13056              	.LASF484:
 13057 7ce9 5F5F474E 		.ascii	"__GNUC_PREREQ__(ma,mi) __GNUC_PREREQ(ma, mi)\000"
 13057      55435F50 
 13057      52455245 
 13057      515F5F28 
 13057      6D612C6D 
 13058              	.LASF939:
 13059 7d16 5F494F4C 		.ascii	"_IOLBF 1\000"
 13059      42462031 
 13059      00
 13060              	.LASF902:
 13061 7d1f 5F535953 		.ascii	"_SYS__PTHREADTYPES_H_ \000"
 13061      5F5F5054 
 13061      48524541 
 13061      44545950 
 13061      45535F48 
 13062              	.LASF1084:
 13063 7d36 464C545F 		.ascii	"FLT_DIG __FLT_DIG__\000"
 13063      44494720 
 13063      5F5F464C 
 13063      545F4449 
 13063      475F5F00 
 13064              	.LASF209:
 13065 7d4a 5F5F464C 		.ascii	"__FLT64_MIN_EXP__ (-1021)\000"
 13065      5436345F 
 13065      4D494E5F 
 13065      4558505F 
 13065      5F20282D 
 13066              	.LASF60:
 13067 7d64 5F5F494E 		.ascii	"__INT_FAST32_TYPE__ int\000"
 13067      545F4641 
 13067      53543332 
 13067      5F545950 
 13067      455F5F20 
 13068              	.LASF1563:
 13069 7d7c 4558505F 		.ascii	"EXP_INSTANCEOF\000"
 13069      494E5354 
 13069      414E4345 
 13069      4F4600
 13070              	.LASF1181:
 13071 7d8b 53434841 		.ascii	"SCHAR_MIN\000"
 13071      525F4D49 
 13071      4E00
 13072              	.LASF666:
 13073 7d95 5F4E756C 		.ascii	"_Nullable \000"
 13073      6C61626C 
ARM GAS  /var/folders/65/xyhbx3_n6nd_hs7j3p9nfwv80000gn/T//ccFweXAW.s 			page 313


 13073      652000
 13074              	.LASF959:
 13075 7da0 66776F70 		.ascii	"fwopen(__cookie,__fn) funopen(__cookie, (int (*)())"
 13075      656E285F 
 13075      5F636F6F 
 13075      6B69652C 
 13075      5F5F666E 
 13076 7dd3 302C205F 		.ascii	"0, __fn, (fpos_t (*)())0, (int (*)())0)\000"
 13076      5F666E2C 
 13076      20286670 
 13076      6F735F74 
 13076      20282A29 
 13077              	.LASF436:
 13078 7dfb 5F5F4152 		.ascii	"__ARM_NEON__\000"
 13078      4D5F4E45 
 13078      4F4E5F5F 
 13078      00
 13079              	.LASF512:
 13080 7e08 5F4E4F54 		.ascii	"_NOTHROW \000"
 13080      48524F57 
 13080      2000
 13081              	.LASF601:
 13082 7e12 5F5F4343 		.ascii	"__CC_SUPPORTS___INLINE__ 1\000"
 13082      5F535550 
 13082      504F5254 
 13082      535F5F5F 
 13082      494E4C49 
 13083              	.LASF1587:
 13084 7e2d 4558505F 		.ascii	"EXP_ASS_BITAND\000"
 13084      4153535F 
 13084      42495441 
 13084      4E4400
 13085              	.LASF955:
 13086 7e3c 5F737464 		.ascii	"_stdout_r(x) ((x)->_stdout)\000"
 13086      6F75745F 
 13086      72287829 
 13086      20282878 
 13086      292D3E5F 
 13087              	.LASF515:
 13088 7e58 5F454C49 		.ascii	"_ELIDABLE_INLINE static __inline__\000"
 13088      4441424C 
 13088      455F494E 
 13088      4C494E45 
 13088      20737461 
 13089              	.LASF1239:
 13090 7e7b 73747269 		.ascii	"strings\000"
 13090      6E677300 
 13091              	.LASF1170:
 13092 7e83 434F4C4C 		.ascii	"COLL_WEIGHTS_MAX 0\000"
 13092      5F574549 
 13092      47485453 
 13092      5F4D4158 
 13092      203000
 13093              	.LASF1054:
 13094 7e96 4D5F325F 		.ascii	"M_2_SQRTPI 1.12837916709551257390\000"
 13094      53515254 
 13094      50492031 
ARM GAS  /var/folders/65/xyhbx3_n6nd_hs7j3p9nfwv80000gn/T//ccFweXAW.s 			page 314


 13094      2E313238 
 13094      33373931 
 13095              	.LASF1199:
 13096 7eb8 494E545F 		.ascii	"INT_MAX\000"
 13096      4D415800 
 13097              	.LASF1619:
 13098 7ec0 6A73425F 		.ascii	"jsB_new_Boolean\000"
 13098      6E65775F 
 13098      426F6F6C 
 13098      65616E00 
 13099              	.LASF754:
 13100 7ed0 5F524545 		.ascii	"_REENT_INIT_ATEXIT _NULL, _ATEXIT_INIT,\000"
 13100      4E545F49 
 13100      4E49545F 
 13100      41544558 
 13100      4954205F 
 13101              	.LASF765:
 13102 7ef8 5F524545 		.ascii	"_REENT_SIGNAL_SIZE 24\000"
 13102      4E545F53 
 13102      49474E41 
 13102      4C5F5349 
 13102      5A452032 
 13103              	.LASF723:
 13104 7f0e 5F535953 		.ascii	"_SYS_REENT_H_ \000"
 13104      5F524545 
 13104      4E545F48 
 13104      5F2000
 13105              	.LASF223:
 13106 7f1d 5F5F464C 		.ascii	"__FLT32X_MIN_EXP__ (-1021)\000"
 13106      54333258 
 13106      5F4D494E 
 13106      5F455850 
 13106      5F5F2028 
 13107              	.LASF862:
 13108 7f38 46445F53 		.ascii	"FD_SETSIZE 64\000"
 13108      45545349 
 13108      5A452036 
 13108      3400
 13109              	.LASF695:
 13110 7f46 5F425344 		.ascii	"_BSD_PTRDIFF_T_ \000"
 13110      5F505452 
 13110      44494646 
 13110      5F545F20 
 13110      00
 13111              	.LASF705:
 13112 7f57 5F5F5743 		.ascii	"__WCHAR_T \000"
 13112      4841525F 
 13112      542000
 13113              	.LASF602:
 13114 7f62 5F5F4343 		.ascii	"__CC_SUPPORTS___FUNC__ 1\000"
 13114      5F535550 
 13114      504F5254 
 13114      535F5F5F 
 13114      46554E43 
 13115              	.LASF414:
 13116 7f7b 5F5F4152 		.ascii	"__ARM_ARCH_PROFILE\000"
 13116      4D5F4152 
ARM GAS  /var/folders/65/xyhbx3_n6nd_hs7j3p9nfwv80000gn/T//ccFweXAW.s 			page 315


 13116      43485F50 
 13116      524F4649 
 13116      4C4500
 13117              	.LASF874:
 13118 7f8e 5F5F755F 		.ascii	"__u_char_defined \000"
 13118      63686172 
 13118      5F646566 
 13118      696E6564 
 13118      2000
 13119              	.LASF317:
 13120 7fa0 5F5F4C41 		.ascii	"__LACCUM_IBIT__ 32\000"
 13120      4343554D 
 13120      5F494249 
 13120      545F5F20 
 13120      333200
 13121              	.LASF488:
 13122 7fb3 5F504F53 		.ascii	"_POSIX_SOURCE 1\000"
 13122      49585F53 
 13122      4F555243 
 13122      45203100 
 13123              	.LASF1179:
 13124 7fc3 43484152 		.ascii	"CHAR_BIT\000"
 13124      5F424954 
 13124      00
 13125              	.LASF245:
 13126 7fcc 5F5F4445 		.ascii	"__DEC64_MIN__ 1E-383DD\000"
 13126      4336345F 
 13126      4D494E5F 
 13126      5F203145 
 13126      2D333833 
 13127              	.LASF111:
 13128 7fe3 5F5F494E 		.ascii	"__INT16_C(c) c\000"
 13128      5431365F 
 13128      43286329 
 13128      206300
 13129              	.LASF696:
 13130 7ff2 5F5F5F69 		.ascii	"___int_ptrdiff_t_h \000"
 13130      6E745F70 
 13130      74726469 
 13130      66665F74 
 13130      5F682000 
 13131              	.LASF888:
 13132 8006 5F4F4646 		.ascii	"_OFF_T_DECLARED \000"
 13132      5F545F44 
 13132      45434C41 
 13132      52454420 
 13132      00
 13133              	.LASF1015:
 13134 8017 46505F53 		.ascii	"FP_SUBNORMAL 3\000"
 13134      55424E4F 
 13134      524D414C 
 13134      203300
 13135              	.LASF574:
 13136 8026 5F5F6174 		.ascii	"__attribute_format_strfmon__(a,b) \000"
 13136      74726962 
 13136      7574655F 
 13136      666F726D 
ARM GAS  /var/folders/65/xyhbx3_n6nd_hs7j3p9nfwv80000gn/T//ccFweXAW.s 			page 316


 13136      61745F73 
 13137              	.LASF733:
 13138 8049 5F5F6C6F 		.ascii	"__lock_close_recursive(lock) __retarget_lock_close_"
 13138      636B5F63 
 13138      6C6F7365 
 13138      5F726563 
 13138      75727369 
 13139 807c 72656375 		.ascii	"recursive(lock)\000"
 13139      72736976 
 13139      65286C6F 
 13139      636B2900 
 13140              	.LASF1309:
 13141 808c 6C6F6E67 		.ascii	"long long unsigned int\000"
 13141      206C6F6E 
 13141      6720756E 
 13141      7369676E 
 13141      65642069 
 13142              	.LASF1609:
 13143 80a3 53544D5F 		.ascii	"STM_DEBUGGER\000"
 13143      44454255 
 13143      47474552 
 13143      00
 13144              	.LASF1443:
 13145 80b0 70617265 		.ascii	"parent\000"
 13145      6E7400
 13146              	.LASF535:
 13147 80b7 5F5F6861 		.ascii	"__have_long32 1\000"
 13147      76655F6C 
 13147      6F6E6733 
 13147      32203100 
 13148              	.LASF987:
 13149 80c7 73747274 		.ascii	"strtodf strtof\000"
 13149      6F646620 
 13149      73747274 
 13149      6F6600
 13150              	.LASF103:
 13151 80d6 5F5F5549 		.ascii	"__UINT8_MAX__ 0xff\000"
 13151      4E54385F 
 13151      4D41585F 
 13151      5F203078 
 13151      666600
 13152              	.LASF913:
 13153 80e9 5F505448 		.ascii	"_PTHREAD_MUTEX_INITIALIZER ((pthread_mutex_t) 0xFFF"
 13153      52454144 
 13153      5F4D5554 
 13153      45585F49 
 13153      4E495449 
 13154 811c 46464646 		.ascii	"FFFFF)\000"
 13154      462900
 13155              	.LASF928:
 13156 8123 5F5F534D 		.ascii	"__SMBF 0x0080\000"
 13156      42462030 
 13156      78303038 
 13156      3000
 13157              	.LASF1581:
 13158 8131 4558505F 		.ascii	"EXP_ASS_MOD\000"
 13158      4153535F 
ARM GAS  /var/folders/65/xyhbx3_n6nd_hs7j3p9nfwv80000gn/T//ccFweXAW.s 			page 317


 13158      4D4F4400 
 13159              	.LASF1351:
 13160 813d 5F6C6266 		.ascii	"_lbfsize\000"
 13160      73697A65 
 13160      00
 13161              	.LASF1399:
 13162 8146 5F67616D 		.ascii	"_gamma_signgam\000"
 13162      6D615F73 
 13162      69676E67 
 13162      616D00
 13163              	.LASF171:
 13164 8155 5F5F4442 		.ascii	"__DBL_MIN__ ((double)2.2250738585072014e-308L)\000"
 13164      4C5F4D49 
 13164      4E5F5F20 
 13164      2828646F 
 13164      75626C65 
 13165              	.LASF796:
 13166 8184 5F524545 		.ascii	"_REENT_WCRTOMB_STATE(ptr) ((ptr)->_new._reent._wcrt"
 13166      4E545F57 
 13166      4352544F 
 13166      4D425F53 
 13166      54415445 
 13167 81b7 6F6D625F 		.ascii	"omb_state)\000"
 13167      73746174 
 13167      652900
 13168              	.LASF582:
 13169 81c2 5F5F4245 		.ascii	"__BEGIN_DECLS \000"
 13169      47494E5F 
 13169      4445434C 
 13169      532000
 13170              	.LASF1018:
 13171 81d1 46505F49 		.ascii	"FP_ILOGBNAN __INT_MAX__\000"
 13171      4C4F4742 
 13171      4E414E20 
 13171      5F5F494E 
 13171      545F4D41 
 13172              	.LASF1590:
 13173 81e9 4558505F 		.ascii	"EXP_COMMA\000"
 13173      434F4D4D 
 13173      4100
 13174              	.LASF1540:
 13175 81f3 4558505F 		.ascii	"EXP_MEMBER\000"
 13175      4D454D42 
 13175      455200
 13176              	.LASF755:
 13177 81fe 5F524545 		.ascii	"_REENT_SMALL_CHECK_INIT(ptr) \000"
 13177      4E545F53 
 13177      4D414C4C 
 13177      5F434845 
 13177      434B5F49 
 13178              	.LASF1214:
 13179 821c 554C4C4F 		.ascii	"ULLONG_MAX (LLONG_MAX * 2ULL + 1ULL)\000"
 13179      4E475F4D 
 13179      41582028 
 13179      4C4C4F4E 
 13179      475F4D41 
 13180              	.LASF213:
ARM GAS  /var/folders/65/xyhbx3_n6nd_hs7j3p9nfwv80000gn/T//ccFweXAW.s 			page 318


 13181 8241 5F5F464C 		.ascii	"__FLT64_DECIMAL_DIG__ 17\000"
 13181      5436345F 
 13181      44454349 
 13181      4D414C5F 
 13181      4449475F 
 13182              	.LASF141:
 13183 825a 5F5F5549 		.ascii	"__UINTPTR_MAX__ 0xffffffffU\000"
 13183      4E545054 
 13183      525F4D41 
 13183      585F5F20 
 13183      30786666 
 13184              	.LASF404:
 13185 8276 5F5F4152 		.ascii	"__ARM_FEATURE_COMPLEX\000"
 13185      4D5F4645 
 13185      41545552 
 13185      455F434F 
 13185      4D504C45 
 13186              	.LASF996:
 13187 828c 5F56415F 		.ascii	"_VA_LIST \000"
 13187      4C495354 
 13187      2000
 13188              	.LASF1275:
 13189 8296 6763636F 		.ascii	"gccounter\000"
 13189      756E7465 
 13189      7200
 13190              	.LASF1613:
 13191 82a0 6A735F4A 		.ascii	"js_JumpList\000"
 13191      756D704C 
 13191      69737400 
 13192              	.LASF260:
 13193 82ac 5F5F5346 		.ascii	"__SFRACT_EPSILON__ 0x1P-7HR\000"
 13193      52414354 
 13193      5F455053 
 13193      494C4F4E 
 13193      5F5F2030 
 13194              	.LASF14:
 13195 82c8 5F5F4154 		.ascii	"__ATOMIC_CONSUME 1\000"
 13195      4F4D4943 
 13195      5F434F4E 
 13195      53554D45 
 13195      203100
 13196              	.LASF617:
 13197 82db 5F5F756E 		.ascii	"__unused __attribute__((__unused__))\000"
 13197      75736564 
 13197      205F5F61 
 13197      74747269 
 13197      62757465 
 13198              	.LASF156:
 13199 8300 5F5F464C 		.ascii	"__FLT_MIN__ 1.1754943508222875e-38F\000"
 13199      545F4D49 
 13199      4E5F5F20 
 13199      312E3137 
 13199      35343934 
 13200              	.LASF51:
 13201 8324 5F5F494E 		.ascii	"__INT_LEAST16_TYPE__ short int\000"
 13201      545F4C45 
 13201      41535431 
ARM GAS  /var/folders/65/xyhbx3_n6nd_hs7j3p9nfwv80000gn/T//ccFweXAW.s 			page 319


 13201      365F5459 
 13201      50455F5F 
 13202              	.LASF57:
 13203 8343 5F5F5549 		.ascii	"__UINT_LEAST64_TYPE__ long long unsigned int\000"
 13203      4E545F4C 
 13203      45415354 
 13203      36345F54 
 13203      5950455F 
 13204              	.LASF674:
 13205 8370 5F5F6C6F 		.ascii	"__locks_exclusive(...) __lock_annotate(exclusive_lo"
 13205      636B735F 
 13205      6578636C 
 13205      75736976 
 13205      65282E2E 
 13206 83a3 636B5F66 		.ascii	"ck_function(__VA_ARGS__))\000"
 13206      756E6374 
 13206      696F6E28 
 13206      5F5F5641 
 13206      5F415247 
 13207              	.LASF261:
 13208 83bd 5F5F5553 		.ascii	"__USFRACT_FBIT__ 8\000"
 13208      46524143 
 13208      545F4642 
 13208      49545F5F 
 13208      203800
 13209              	.LASF887:
 13210 83d0 5F494E4F 		.ascii	"_INO_T_DECLARED \000"
 13210      5F545F44 
 13210      45434C41 
 13210      52454420 
 13210      00
 13211              	.LASF839:
 13212 83e1 5F5F6273 		.ascii	"__bswap64(_x) __builtin_bswap64(_x)\000"
 13212      77617036 
 13212      34285F78 
 13212      29205F5F 
 13212      6275696C 
 13213              	.LASF383:
 13214 8405 5F5F4743 		.ascii	"__GCC_ATOMIC_WCHAR_T_LOCK_FREE 2\000"
 13214      435F4154 
 13214      4F4D4943 
 13214      5F574348 
 13214      41525F54 
 13215              	.LASF899:
 13216 8426 5F5F7469 		.ascii	"__timer_t_defined \000"
 13216      6D65725F 
 13216      745F6465 
 13216      66696E65 
 13216      642000
 13217              	.LASF395:
 13218 8439 5F5F5349 		.ascii	"__SIZEOF_PTRDIFF_T__ 4\000"
 13218      5A454F46 
 13218      5F505452 
 13218      44494646 
 13218      5F545F5F 
 13219              	.LASF1420:
 13220 8450 5F676C6F 		.ascii	"_global_impure_ptr\000"
ARM GAS  /var/folders/65/xyhbx3_n6nd_hs7j3p9nfwv80000gn/T//ccFweXAW.s 			page 320


 13220      62616C5F 
 13220      696D7075 
 13220      72655F70 
 13220      747200
 13221              	.LASF1372:
 13222 8463 5F756E73 		.ascii	"_unspecified_locale_info\000"
 13222      70656369 
 13222      66696564 
 13222      5F6C6F63 
 13222      616C655F 
 13223              	.LASF538:
 13224 847c 5F5F5F69 		.ascii	"___int32_t_defined 1\000"
 13224      6E743332 
 13224      5F745F64 
 13224      6566696E 
 13224      65642031 
 13225              	.LASF1508:
 13226 8491 61727261 		.ascii	"array\000"
 13226      7900
 13227              	.LASF1465:
 13228 8497 76617269 		.ascii	"variables\000"
 13228      61626C65 
 13228      7300
 13229              	.LASF817:
 13230 84a1 5F55494E 		.ascii	"_UINT32_T_DECLARED \000"
 13230      5433325F 
 13230      545F4445 
 13230      434C4152 
 13230      45442000 
 13231              	.LASF919:
 13232 84b5 5F666C6F 		.ascii	"_flockfile(fp) (((fp)->_flags & __SSTR) ? 0 : __loc"
 13232      636B6669 
 13232      6C652866 
 13232      70292028 
 13232      28286670 
 13233 84e8 6B5F6163 		.ascii	"k_acquire_recursive((fp)->_lock))\000"
 13233      71756972 
 13233      655F7265 
 13233      63757273 
 13233      69766528 
 13234              	.LASF997:
 13235 850a 5F56415F 		.ascii	"_VA_LIST_T_H \000"
 13235      4C495354 
 13235      5F545F48 
 13235      2000
 13236              	.LASF234:
 13237 8518 5F5F464C 		.ascii	"__FLT32X_HAS_QUIET_NAN__ 1\000"
 13237      54333258 
 13237      5F484153 
 13237      5F515549 
 13237      45545F4E 
 13238              	.LASF1625:
 13239 8533 6A735F70 		.ascii	"js_pushboolean\000"
 13239      75736862 
 13239      6F6F6C65 
 13239      616E00
 13240              	.LASF1429:
ARM GAS  /var/folders/65/xyhbx3_n6nd_hs7j3p9nfwv80000gn/T//ccFweXAW.s 			page 321


 13241 8542 6A735F56 		.ascii	"js_Value\000"
 13241      616C7565 
 13241      00
 13242              	.LASF491:
 13243 854b 5F415446 		.ascii	"_ATFILE_SOURCE\000"
 13243      494C455F 
 13243      534F5552 
 13243      434500
 13244              	.LASF1041:
 13245 855a 544C4F53 		.ascii	"TLOSS 5\000"
 13245      53203500 
 13246              	.LASF1030:
 13247 8562 69736C65 		.ascii	"isless(__x,__y) (__builtin_isless (__x, __y))\000"
 13247      7373285F 
 13247      5F782C5F 
 13247      5F792920 
 13247      285F5F62 
 13248              	.LASF56:
 13249 8590 5F5F5549 		.ascii	"__UINT_LEAST32_TYPE__ long unsigned int\000"
 13249      4E545F4C 
 13249      45415354 
 13249      33325F54 
 13249      5950455F 
 13250              	.LASF1507:
 13251 85b8 666C6174 		.ascii	"flat_capacity\000"
 13251      5F636170 
 13251      61636974 
 13251      7900
 13252              	.LASF1374:
 13253 85c6 5F5F7364 		.ascii	"__sdidinit\000"
 13253      6964696E 
 13253      697400
 13254              	.LASF1285:
 13255 85d1 656E7673 		.ascii	"envstack\000"
 13255      7461636B 
 13255      00
 13256              	.LASF165:
 13257 85da 5F5F4442 		.ascii	"__DBL_MIN_EXP__ (-1021)\000"
 13257      4C5F4D49 
 13257      4E5F4558 
 13257      505F5F20 
 13257      282D3130 
 13258              	.LASF641:
 13259 85f2 5F5F6578 		.ascii	"__exported __attribute__((__visibility__(\"default\""
 13259      706F7274 
 13259      6564205F 
 13259      5F617474 
 13259      72696275 
 13260 8624 29292900 		.ascii	")))\000"
 13261              	.LASF668:
 13262 8628 5F5F4E55 		.ascii	"__NULLABILITY_PRAGMA_PUSH \000"
 13262      4C4C4142 
 13262      494C4954 
 13262      595F5052 
 13262      41474D41 
 13263              	.LASF793:
 13264 8643 5F524545 		.ascii	"_REENT_MBRLEN_STATE(ptr) ((ptr)->_new._reent._mbrle"
ARM GAS  /var/folders/65/xyhbx3_n6nd_hs7j3p9nfwv80000gn/T//ccFweXAW.s 			page 322


 13264      4E545F4D 
 13264      42524C45 
 13264      4E5F5354 
 13264      41544528 
 13265 8676 6E5F7374 		.ascii	"n_state)\000"
 13265      61746529 
 13265      00
 13266              	.LASF1221:
 13267 867f 736F6666 		.ascii	"soffsetof(x,y) ((int)offsetof(x,y))\000"
 13267      7365746F 
 13267      6628782C 
 13267      79292028 
 13267      28696E74 
 13268              	.LASF1608:
 13269 86a3 53544D5F 		.ascii	"STM_TRY\000"
 13269      54525900 
 13270              	.LASF1580:
 13271 86ab 4558505F 		.ascii	"EXP_ASS_DIV\000"
 13271      4153535F 
 13271      44495600 
 13272              	.LASF605:
 13273 86b7 5F5F4343 		.ascii	"__CC_SUPPORTS_DYNAMIC_ARRAY_INIT 1\000"
 13273      5F535550 
 13273      504F5254 
 13273      535F4459 
 13273      4E414D49 
 13274              	.LASF1201:
 13275 86da 55494E54 		.ascii	"UINT_MAX\000"
 13275      5F4D4158 
 13275      00
 13276              	.LASF41:
 13277 86e3 5F5F5349 		.ascii	"__SIG_ATOMIC_TYPE__ int\000"
 13277      475F4154 
 13277      4F4D4943 
 13277      5F545950 
 13277      455F5F20 
 13278              	.LASF182:
 13279 86fb 5F5F4C44 		.ascii	"__LDBL_MAX_10_EXP__ 308\000"
 13279      424C5F4D 
 13279      41585F31 
 13279      305F4558 
 13279      505F5F20 
 13280              	.LASF1215:
 13281 8713 4C4F4E47 		.ascii	"LONG_LONG_MIN\000"
 13281      5F4C4F4E 
 13281      475F4D49 
 13281      4E00
 13282              	.LASF309:
 13283 8721 5F5F4143 		.ascii	"__ACCUM_MAX__ 0X7FFFFFFFP-15K\000"
 13283      43554D5F 
 13283      4D41585F 
 13283      5F203058 
 13283      37464646 
 13284              	.LASF1062:
 13285 873f 4D5F5351 		.ascii	"M_SQRT3 1.73205080756887719000\000"
 13285      52543320 
 13285      312E3733 
ARM GAS  /var/folders/65/xyhbx3_n6nd_hs7j3p9nfwv80000gn/T//ccFweXAW.s 			page 323


 13285      32303530 
 13285      38303735 
 13286              	.LASF905:
 13287 875e 53434845 		.ascii	"SCHED_FIFO 1\000"
 13287      445F4649 
 13287      464F2031 
 13287      00
 13288              	.LASF507:
 13289 876b 5F5F494D 		.ascii	"__IMPORT \000"
 13289      504F5254 
 13289      2000
 13290              	.LASF864:
 13291 8775 5F686F77 		.ascii	"_howmany(x,y) (((x)+((y)-1))/(y))\000"
 13291      6D616E79 
 13291      28782C79 
 13291      29202828 
 13291      2878292B 
 13292              	.LASF1008:
 13293 8797 4E414E20 		.ascii	"NAN (__builtin_nanf(\"\"))\000"
 13293      285F5F62 
 13293      75696C74 
 13293      696E5F6E 
 13293      616E6628 
 13294              	.LASF1603:
 13295 87b0 53544D5F 		.ascii	"STM_BREAK\000"
 13295      42524541 
 13295      4B00
 13296              	.LASF45:
 13297 87ba 5F5F494E 		.ascii	"__INT64_TYPE__ long long int\000"
 13297      5436345F 
 13297      54595045 
 13297      5F5F206C 
 13297      6F6E6720 
 13298              	.LASF863:
 13299 87d7 4E464442 		.ascii	"NFDBITS (sizeof (fd_mask) * 8)\000"
 13299      49545320 
 13299      2873697A 
 13299      656F6620 
 13299      2866645F 
 13300              	.LASF402:
 13301 87f6 5F5F4152 		.ascii	"__ARM_FEATURE_CRC32\000"
 13301      4D5F4645 
 13301      41545552 
 13301      455F4352 
 13301      43333200 
 13302              	.LASF362:
 13303 880a 5F5F5441 		.ascii	"__TA_FBIT__ 63\000"
 13303      5F464249 
 13303      545F5F20 
 13303      363300
 13304              	.LASF644:
 13305 8819 5F5F7261 		.ascii	"__rangeof(type,start,end) (__offsetof(type, end) - "
 13305      6E67656F 
 13305      66287479 
 13305      70652C73 
 13305      74617274 
 13306 884c 5F5F6F66 		.ascii	"__offsetof(type, start))\000"
ARM GAS  /var/folders/65/xyhbx3_n6nd_hs7j3p9nfwv80000gn/T//ccFweXAW.s 			page 324


 13306      66736574 
 13306      6F662874 
 13306      7970652C 
 13306      20737461 
 13307              	.LASF1017:
 13308 8865 46505F49 		.ascii	"FP_ILOGB0 (-__INT_MAX__)\000"
 13308      4C4F4742 
 13308      3020282D 
 13308      5F5F494E 
 13308      545F4D41 
 13309              	.LASF627:
 13310 887e 5F5F6D61 		.ascii	"__malloc_like __attribute__((__malloc__))\000"
 13310      6C6C6F63 
 13310      5F6C696B 
 13310      65205F5F 
 13310      61747472 
 13311              	.LASF217:
 13312 88a8 5F5F464C 		.ascii	"__FLT64_DENORM_MIN__ 4.9406564584124654e-324F64\000"
 13312      5436345F 
 13312      44454E4F 
 13312      524D5F4D 
 13312      494E5F5F 
 13313              	.LASF922:
 13314 88d8 5F5F534E 		.ascii	"__SNBF 0x0002\000"
 13314      42462030 
 13314      78303030 
 13314      3200
 13315              	.LASF915:
 13316 88e6 5F505448 		.ascii	"_PTHREAD_ONCE_INIT { 1, 0 }\000"
 13316      52454144 
 13316      5F4F4E43 
 13316      455F494E 
 13316      4954207B 
 13317              	.LASF972:
 13318 8902 67657463 		.ascii	"getchar_unlocked() _getchar_unlocked()\000"
 13318      6861725F 
 13318      756E6C6F 
 13318      636B6564 
 13318      2829205F 
 13319              	.LASF517:
 13320 8929 5F4E4F49 		.ascii	"_NOINLINE_STATIC _NOINLINE static\000"
 13320      4E4C494E 
 13320      455F5354 
 13320      41544943 
 13320      205F4E4F 
 13321              	.LASF513:
 13322 894b 5F4C4F4E 		.ascii	"_LONG_DOUBLE long double\000"
 13322      475F444F 
 13322      55424C45 
 13322      206C6F6E 
 13322      6720646F 
 13323              	.LASF618:
 13324 8964 5F5F7573 		.ascii	"__used __attribute__((__used__))\000"
 13324      6564205F 
 13324      5F617474 
 13324      72696275 
 13324      74655F5F 
ARM GAS  /var/folders/65/xyhbx3_n6nd_hs7j3p9nfwv80000gn/T//ccFweXAW.s 			page 325


 13325              	.LASF1187:
 13326 8985 43484152 		.ascii	"CHAR_MIN\000"
 13326      5F4D494E 
 13326      00
 13327              	.LASF1007:
 13328 898e 494E4649 		.ascii	"INFINITY (__builtin_inff())\000"
 13328      4E495459 
 13328      20285F5F 
 13328      6275696C 
 13328      74696E5F 
 13329              	.LASF481:
 13330 89aa 5F5F4F42 		.ascii	"__OBSOLETE_MATH __OBSOLETE_MATH_DEFAULT\000"
 13330      534F4C45 
 13330      54455F4D 
 13330      41544820 
 13330      5F5F4F42 
 13331              	.LASF363:
 13332 89d2 5F5F5441 		.ascii	"__TA_IBIT__ 64\000"
 13332      5F494249 
 13332      545F5F20 
 13332      363400
 13333              	.LASF1260:
 13334 89e1 53747269 		.ascii	"String_prototype\000"
 13334      6E675F70 
 13334      726F746F 
 13334      74797065 
 13334      00
 13335              	.LASF1001:
 13336 89f2 5F535452 		.ascii	"_STRINGS_H_ \000"
 13336      494E4753 
 13336      5F485F20 
 13336      00
 13337              	.LASF1106:
 13338 89ff 44424C5F 		.ascii	"DBL_MAX_10_EXP\000"
 13338      4D41585F 
 13338      31305F45 
 13338      585000
 13339              	.LASF767:
 13340 8a0e 5F524545 		.ascii	"_REENT_STDIO_STREAM(var,index) &(var)->__sf[index]\000"
 13340      4E545F53 
 13340      5444494F 
 13340      5F535452 
 13340      45414D28 
 13341              	.LASF1216:
 13342 8a41 4C4F4E47 		.ascii	"LONG_LONG_MIN (-LONG_LONG_MAX - 1LL)\000"
 13342      5F4C4F4E 
 13342      475F4D49 
 13342      4E20282D 
 13342      4C4F4E47 
 13343              	.LASF205:
 13344 8a66 5F5F464C 		.ascii	"__FLT32_HAS_QUIET_NAN__ 1\000"
 13344      5433325F 
 13344      4841535F 
 13344      51554945 
 13344      545F4E41 
 13345              	.LASF12:
 13346 8a80 5F5F4154 		.ascii	"__ATOMIC_RELEASE 3\000"
ARM GAS  /var/folders/65/xyhbx3_n6nd_hs7j3p9nfwv80000gn/T//ccFweXAW.s 			page 326


 13346      4F4D4943 
 13346      5F52454C 
 13346      45415345 
 13346      203300
 13347              	.LASF339:
 13348 8a93 5F5F4851 		.ascii	"__HQ_IBIT__ 0\000"
 13348      5F494249 
 13348      545F5F20 
 13348      3000
 13349              	.LASF1308:
 13350 8aa1 6C6F6E67 		.ascii	"long long int\000"
 13350      206C6F6E 
 13350      6720696E 
 13350      7400
 13351              	.LASF1269:
 13352 8aaf 55524945 		.ascii	"URIError_prototype\000"
 13352      72726F72 
 13352      5F70726F 
 13352      746F7479 
 13352      706500
 13353              	.LASF144:
 13354 8ac2 5F5F464C 		.ascii	"__FLT_EVAL_METHOD__ 0\000"
 13354      545F4556 
 13354      414C5F4D 
 13354      4554484F 
 13354      445F5F20 
 13355              	.LASF661:
 13356 8ad8 5F5F434F 		.ascii	"__COPYRIGHT(s) struct __hack\000"
 13356      50595249 
 13356      47485428 
 13356      73292073 
 13356      74727563 
 13357              	.LASF1364:
 13358 8af5 5F666C61 		.ascii	"_flags2\000"
 13358      67733200 
 13359              	.LASF475:
 13360 8afd 5F574944 		.ascii	"_WIDE_ORIENT 1\000"
 13360      455F4F52 
 13360      49454E54 
 13360      203100
 13361              	.LASF983:
 13362 8b0c 45584954 		.ascii	"EXIT_FAILURE 1\000"
 13362      5F464149 
 13362      4C555245 
 13362      203100
 13363              	.LASF364:
 13364 8b1b 5F5F5548 		.ascii	"__UHA_FBIT__ 8\000"
 13364      415F4642 
 13364      49545F5F 
 13364      203800
 13365              	.LASF1033:
 13366 8b2a 6973756E 		.ascii	"isunordered(__x,__y) (__builtin_isunordered (__x, _"
 13366      6F726465 
 13366      72656428 
 13366      5F5F782C 
 13366      5F5F7929 
 13367 8b5d 5F792929 		.ascii	"_y))\000"
ARM GAS  /var/folders/65/xyhbx3_n6nd_hs7j3p9nfwv80000gn/T//ccFweXAW.s 			page 327


 13367      00
 13368              	.LASF295:
 13369 8b62 5F5F554C 		.ascii	"__ULLFRACT_EPSILON__ 0x1P-64ULLR\000"
 13369      4C465241 
 13369      43545F45 
 13369      5053494C 
 13369      4F4E5F5F 
 13370              	.LASF255:
 13371 8b83 5F5F4445 		.ascii	"__DEC128_SUBNORMAL_MIN__ 0.000000000000000000000000"
 13371      43313238 
 13371      5F535542 
 13371      4E4F524D 
 13371      414C5F4D 
 13372 8bb6 30303030 		.ascii	"000000001E-6143DL\000"
 13372      30303030 
 13372      31452D36 
 13372      31343344 
 13372      4C00
 13373              	.LASF409:
 13374 8bc8 5F5F4152 		.ascii	"__ARM_FEATURE_CLZ 1\000"
 13374      4D5F4645 
 13374      41545552 
 13374      455F434C 
 13374      5A203100 
 13375              	.LASF210:
 13376 8bdc 5F5F464C 		.ascii	"__FLT64_MIN_10_EXP__ (-307)\000"
 13376      5436345F 
 13376      4D494E5F 
 13376      31305F45 
 13376      58505F5F 
 13377              	.LASF435:
 13378 8bf8 5F5F4152 		.ascii	"__ARM_FEATURE_FMA 1\000"
 13378      4D5F4645 
 13378      41545552 
 13378      455F464D 
 13378      41203100 
 13379              	.LASF833:
 13380 8c0c 4C495454 		.ascii	"LITTLE_ENDIAN _LITTLE_ENDIAN\000"
 13380      4C455F45 
 13380      4E444941 
 13380      4E205F4C 
 13380      4954544C 
 13381              	.LASF1373:
 13382 8c29 5F6C6F63 		.ascii	"_locale\000"
 13382      616C6500 
 13383              	.LASF438:
 13384 8c31 5F5F4152 		.ascii	"__ARM_NEON_FP\000"
 13384      4D5F4E45 
 13384      4F4E5F46 
 13384      5000
 13385              	.LASF1535:
 13386 8c3f 4558505F 		.ascii	"EXP_PROP_VAL\000"
 13386      50524F50 
 13386      5F56414C 
 13386      00
 13387              	.LASF1259:
 13388 8c4c 4E756D62 		.ascii	"Number_prototype\000"
ARM GAS  /var/folders/65/xyhbx3_n6nd_hs7j3p9nfwv80000gn/T//ccFweXAW.s 			page 328


 13388      65725F70 
 13388      726F746F 
 13388      74797065 
 13388      00
 13389              	.LASF880:
 13390 8c5d 5F424C4B 		.ascii	"_BLKSIZE_T_DECLARED \000"
 13390      53495A45 
 13390      5F545F44 
 13390      45434C41 
 13390      52454420 
 13391              	.LASF1083:
 13392 8c72 4C44424C 		.ascii	"LDBL_DIG\000"
 13392      5F444947 
 13392      00
 13393              	.LASF104:
 13394 8c7b 5F5F5549 		.ascii	"__UINT16_MAX__ 0xffff\000"
 13394      4E543136 
 13394      5F4D4158 
 13394      5F5F2030 
 13394      78666666 
 13395              	.LASF418:
 13396 8c91 5F5F4152 		.ascii	"__ARM_ARCH 7\000"
 13396      4D5F4152 
 13396      43482037 
 13396      00
 13397              	.LASF1212:
 13398 8c9e 4C4C4F4E 		.ascii	"LLONG_MAX __LONG_LONG_MAX__\000"
 13398      475F4D41 
 13398      58205F5F 
 13398      4C4F4E47 
 13398      5F4C4F4E 
 13399              	.LASF105:
 13400 8cba 5F5F5549 		.ascii	"__UINT32_MAX__ 0xffffffffUL\000"
 13400      4E543332 
 13400      5F4D4158 
 13400      5F5F2030 
 13400      78666666 
 13401              	.LASF1087:
 13402 8cd6 464C545F 		.ascii	"FLT_MIN_EXP\000"
 13402      4D494E5F 
 13402      45585000 
 13403              	.LASF1280:
 13404 8ce2 67637374 		.ascii	"gcstr\000"
 13404      7200
 13405              	.LASF845:
 13406 8ce8 5F535953 		.ascii	"_SYS__SIGSET_H_ \000"
 13406      5F5F5349 
 13406      47534554 
 13406      5F485F20 
 13406      00
 13407              	.LASF608:
 13408 8cf9 5F5F434F 		.ascii	"__CONCAT(x,y) __CONCAT1(x,y)\000"
 13408      4E434154 
 13408      28782C79 
 13408      29205F5F 
 13408      434F4E43 
 13409              	.LASF1527:
ARM GAS  /var/folders/65/xyhbx3_n6nd_hs7j3p9nfwv80000gn/T//ccFweXAW.s 			page 329


 13410 8d16 4558505F 		.ascii	"EXP_REGEXP\000"
 13410      52454745 
 13410      585000
 13411              	.LASF176:
 13412 8d21 5F5F4442 		.ascii	"__DBL_HAS_QUIET_NAN__ 1\000"
 13412      4C5F4841 
 13412      535F5155 
 13412      4945545F 
 13412      4E414E5F 
 13413              	.LASF180:
 13414 8d39 5F5F4C44 		.ascii	"__LDBL_MIN_10_EXP__ (-307)\000"
 13414      424C5F4D 
 13414      494E5F31 
 13414      305F4558 
 13414      505F5F20 
 13415              	.LASF1068:
 13416 8d54 5F494545 		.ascii	"_IEEE_ __fdlibm_ieee\000"
 13416      455F205F 
 13416      5F66646C 
 13416      69626D5F 
 13416      69656565 
 13417              	.LASF235:
 13418 8d69 5F5F4445 		.ascii	"__DEC32_MANT_DIG__ 7\000"
 13418      4333325F 
 13418      4D414E54 
 13418      5F444947 
 13418      5F5F2037 
 13419              	.LASF1056:
 13420 8d7e 4D5F5351 		.ascii	"M_SQRT1_2 0.70710678118654752440\000"
 13420      5254315F 
 13420      3220302E 
 13420      37303731 
 13420      30363738 
 13421              	.LASF1519:
 13422 8d9f 75736572 		.ascii	"user\000"
 13422      00
 13423              	.LASF262:
 13424 8da4 5F5F5553 		.ascii	"__USFRACT_IBIT__ 0\000"
 13424      46524143 
 13424      545F4942 
 13424      49545F5F 
 13424      203000
 13425              	.LASF1147:
 13426 8db7 4C44424C 		.ascii	"LDBL_TRUE_MIN\000"
 13426      5F545255 
 13426      455F4D49 
 13426      4E00
 13427              	.LASF224:
 13428 8dc5 5F5F464C 		.ascii	"__FLT32X_MIN_10_EXP__ (-307)\000"
 13428      54333258 
 13428      5F4D494E 
 13428      5F31305F 
 13428      4558505F 
 13429              	.LASF764:
 13430 8de2 5F524545 		.ascii	"_REENT_ASCTIME_SIZE 26\000"
 13430      4E545F41 
 13430      53435449 
ARM GAS  /var/folders/65/xyhbx3_n6nd_hs7j3p9nfwv80000gn/T//ccFweXAW.s 			page 330


 13430      4D455F53 
 13430      495A4520 
 13431              	.LASF146:
 13432 8df9 5F5F4445 		.ascii	"__DEC_EVAL_METHOD__ 2\000"
 13432      435F4556 
 13432      414C5F4D 
 13432      4554484F 
 13432      445F5F20 
 13433              	.LASF1190:
 13434 8e0f 43484152 		.ascii	"CHAR_MAX UCHAR_MAX\000"
 13434      5F4D4158 
 13434      20554348 
 13434      41525F4D 
 13434      415800
 13435              	.LASF912:
 13436 8e22 50544852 		.ascii	"PTHREAD_CREATE_JOINABLE 1\000"
 13436      4541445F 
 13436      43524541 
 13436      54455F4A 
 13436      4F494E41 
 13437              	.LASF190:
 13438 8e3c 5F5F4C44 		.ascii	"__LDBL_HAS_INFINITY__ 1\000"
 13438      424C5F48 
 13438      41535F49 
 13438      4E46494E 
 13438      4954595F 
 13439              	.LASF859:
 13440 8e54 54494D45 		.ascii	"TIMESPEC_TO_TIMEVAL(tv,ts) do { (tv)->tv_sec = (ts)"
 13440      53504543 
 13440      5F544F5F 
 13440      54494D45 
 13440      56414C28 
 13441 8e87 2D3E7476 		.ascii	"->tv_sec; (tv)->tv_usec = (ts)->tv_nsec / 1000; } w"
 13441      5F736563 
 13441      3B202874 
 13441      76292D3E 
 13441      74765F75 
 13442 8eba 68696C65 		.ascii	"hile (0)\000"
 13442      20283029 
 13442      00
 13443              	.LASF519:
 13444 8ec3 4A535F56 		.ascii	"JS_VERSION_MAJOR 1\000"
 13444      45525349 
 13444      4F4E5F4D 
 13444      414A4F52 
 13444      203100
 13445              	.LASF1140:
 13446 8ed6 44424C5F 		.ascii	"DBL_HAS_SUBNORM\000"
 13446      4841535F 
 13446      5355424E 
 13446      4F524D00 
 13447              	.LASF474:
 13448 8ee6 5F465345 		.ascii	"_FSEEK_OPTIMIZATION 1\000"
 13448      454B5F4F 
 13448      5054494D 
 13448      495A4154 
 13448      494F4E20 
ARM GAS  /var/folders/65/xyhbx3_n6nd_hs7j3p9nfwv80000gn/T//ccFweXAW.s 			page 331


 13449              	.LASF1307:
 13450 8efc 6C6F6E67 		.ascii	"long unsigned int\000"
 13450      20756E73 
 13450      69676E65 
 13450      6420696E 
 13450      7400
 13451              	.LASF938:
 13452 8f0e 5F494F46 		.ascii	"_IOFBF 0\000"
 13452      42462030 
 13452      00
 13453              	.LASF1025:
 13454 8f17 69736E61 		.ascii	"isnan(__x) (__builtin_isnan (__x))\000"
 13454      6E285F5F 
 13454      78292028 
 13454      5F5F6275 
 13454      696C7469 
 13455              	.LASF1082:
 13456 8f3a 44424C5F 		.ascii	"DBL_DIG\000"
 13456      44494700 
 13457              	.LASF259:
 13458 8f42 5F5F5346 		.ascii	"__SFRACT_MAX__ 0X7FP-7HR\000"
 13458      52414354 
 13458      5F4D4158 
 13458      5F5F2030 
 13458      58374650 
 13459              	.LASF1498:
 13460 8f5b 4A535F43 		.ascii	"JS_CUSERDATA\000"
 13460      55534552 
 13460      44415441 
 13460      00
 13461              	.LASF1572:
 13462 8f68 4558505F 		.ascii	"EXP_BITAND\000"
 13462      42495441 
 13462      4E4400
 13463              	.LASF719:
 13464 8f73 5F5F6E65 		.ascii	"__need___va_list \000"
 13464      65645F5F 
 13464      5F76615F 
 13464      6C697374 
 13464      2000
 13465              	.LASF936:
 13466 8f85 5F5F534E 		.ascii	"__SNLK 0x0001\000"
 13466      4C4B2030 
 13466      78303030 
 13466      3100
 13467              	.LASF1342:
 13468 8f93 5F617465 		.ascii	"_atexit\000"
 13468      78697400 
 13469              	.LASF248:
 13470 8f9b 5F5F4445 		.ascii	"__DEC64_SUBNORMAL_MIN__ 0.000000000000001E-383DD\000"
 13470      4336345F 
 13470      5355424E 
 13470      4F524D41 
 13470      4C5F4D49 
 13471              	.LASF23:
 13472 8fcc 5F5F5349 		.ascii	"__SIZEOF_LONG_DOUBLE__ 8\000"
 13472      5A454F46 
ARM GAS  /var/folders/65/xyhbx3_n6nd_hs7j3p9nfwv80000gn/T//ccFweXAW.s 			page 332


 13472      5F4C4F4E 
 13472      475F444F 
 13472      55424C45 
 13473              	.LASF218:
 13474 8fe5 5F5F464C 		.ascii	"__FLT64_HAS_DENORM__ 1\000"
 13474      5436345F 
 13474      4841535F 
 13474      44454E4F 
 13474      524D5F5F 
 13475              	.LASF1141:
 13476 8ffc 4C44424C 		.ascii	"LDBL_HAS_SUBNORM\000"
 13476      5F484153 
 13476      5F535542 
 13476      4E4F524D 
 13476      00
 13477              	.LASF1450:
 13478 900d 6C696768 		.ascii	"lightweight\000"
 13478      74776569 
 13478      67687400 
 13479              	.LASF173:
 13480 9019 5F5F4442 		.ascii	"__DBL_DENORM_MIN__ ((double)4.9406564584124654e-324"
 13480      4C5F4445 
 13480      4E4F524D 
 13480      5F4D494E 
 13480      5F5F2028 
 13481 904c 4C2900   		.ascii	"L)\000"
 13482              	.LASF159:
 13483 904f 5F5F464C 		.ascii	"__FLT_HAS_DENORM__ 1\000"
 13483      545F4841 
 13483      535F4445 
 13483      4E4F524D 
 13483      5F5F2031 
 13484              	.LASF585:
 13485 9064 5F5F474E 		.ascii	"__GNUCLIKE_MATH_BUILTIN_CONSTANTS \000"
 13485      55434C49 
 13485      4B455F4D 
 13485      4154485F 
 13485      4255494C 
 13486              	.LASF422:
 13487 9087 5F5F5448 		.ascii	"__THUMBEL__ 1\000"
 13487      554D4245 
 13487      4C5F5F20 
 13487      3100
 13488              	.LASF1579:
 13489 9095 4558505F 		.ascii	"EXP_ASS_MUL\000"
 13489      4153535F 
 13489      4D554C00 
 13490              	.LASF968:
 13491 90a1 636C6561 		.ascii	"clearerr(p) __sclearerr(p)\000"
 13491      72657272 
 13491      28702920 
 13491      5F5F7363 
 13491      6C656172 
 13492              	.LASF521:
 13493 90bc 4A535F56 		.ascii	"JS_VERSION_PATCH 8\000"
 13493      45525349 
 13493      4F4E5F50 
ARM GAS  /var/folders/65/xyhbx3_n6nd_hs7j3p9nfwv80000gn/T//ccFweXAW.s 			page 333


 13493      41544348 
 13493      203800
 13494              	.LASF718:
 13495 90cf 5F474343 		.ascii	"_GCC_MAX_ALIGN_T \000"
 13495      5F4D4158 
 13495      5F414C49 
 13495      474E5F54 
 13495      2000
 13496              	.LASF345:
 13497 90e1 5F5F5451 		.ascii	"__TQ_IBIT__ 0\000"
 13497      5F494249 
 13497      545F5F20 
 13497      3000
 13498              	.LASF1325:
 13499 90ef 5F736967 		.ascii	"_sign\000"
 13499      6E00
 13500              	.LASF229:
 13501 90f5 5F5F464C 		.ascii	"__FLT32X_MIN__ 2.2250738585072014e-308F32x\000"
 13501      54333258 
 13501      5F4D494E 
 13501      5F5F2032 
 13501      2E323235 
 13502              	.LASF1063:
 13503 9120 4D5F4956 		.ascii	"M_IVLN10 0.43429448190325182765\000"
 13503      4C4E3130 
 13503      20302E34 
 13503      33343239 
 13503      34343831 
 13504              	.LASF1483:
 13505 9140 4A535F43 		.ascii	"JS_COBJECT\000"
 13505      4F424A45 
 13505      435400
 13506              	.LASF1289:
 13507 914b 74727962 		.ascii	"trybuf\000"
 13507      756600
 13508              	.LASF1365:
 13509 9152 5F726565 		.ascii	"_reent\000"
 13509      6E7400
 13510              	.LASF21:
 13511 9159 5F5F5349 		.ascii	"__SIZEOF_FLOAT__ 4\000"
 13511      5A454F46 
 13511      5F464C4F 
 13511      41545F5F 
 13511      203400
 13512              	.LASF254:
 13513 916c 5F5F4445 		.ascii	"__DEC128_EPSILON__ 1E-33DL\000"
 13513      43313238 
 13513      5F455053 
 13513      494C4F4E 
 13513      5F5F2031 
 13514              	.LASF546:
 13515 9187 5F5F5349 		.ascii	"__SIZE_T__ \000"
 13515      5A455F54 
 13515      5F5F2000 
 13516              	.LASF1165:
 13517 9193 494F565F 		.ascii	"IOV_MAX 1024\000"
 13517      4D415820 
ARM GAS  /var/folders/65/xyhbx3_n6nd_hs7j3p9nfwv80000gn/T//ccFweXAW.s 			page 334


 13517      31303234 
 13517      00
 13518              	.LASF33:
 13519 91a0 5F5F5349 		.ascii	"__SIZE_TYPE__ unsigned int\000"
 13519      5A455F54 
 13519      5950455F 
 13519      5F20756E 
 13519      7369676E 
 13520              	.LASF1031:
 13521 91bb 69736C65 		.ascii	"islessequal(__x,__y) (__builtin_islessequal (__x, _"
 13521      73736571 
 13521      75616C28 
 13521      5F5F782C 
 13521      5F5F7929 
 13522 91ee 5F792929 		.ascii	"_y))\000"
 13522      00
 13523              	.LASF643:
 13524 91f3 5F5F6F66 		.ascii	"__offsetof(type,field) offsetof(type, field)\000"
 13524      66736574 
 13524      6F662874 
 13524      7970652C 
 13524      6669656C 
 13525              	.LASF810:
 13526 9220 5F494E54 		.ascii	"_INT8_T_DECLARED \000"
 13526      385F545F 
 13526      4445434C 
 13526      41524544 
 13526      2000
 13527              	.LASF54:
 13528 9232 5F5F5549 		.ascii	"__UINT_LEAST8_TYPE__ unsigned char\000"
 13528      4E545F4C 
 13528      45415354 
 13528      385F5459 
 13528      50455F5F 
 13529              	.LASF526:
 13530 9255 6A735F74 		.ascii	"js_try(J) setjmp(js_savetry(J))\000"
 13530      7279284A 
 13530      29207365 
 13530      746A6D70 
 13530      286A735F 
 13531              	.LASF636:
 13532 9275 5F5F756E 		.ascii	"__unreachable() __builtin_unreachable()\000"
 13532      72656163 
 13532      6861626C 
 13532      65282920 
 13532      5F5F6275 
 13533              	.LASF1464:
 13534 929d 6F757465 		.ascii	"outer\000"
 13534      7200
 13535              	.LASF609:
 13536 92a3 5F5F5354 		.ascii	"__STRING(x) #x\000"
 13536      52494E47 
 13536      28782920 
 13536      237800
 13537              	.LASF819:
 13538 92b2 5F494E54 		.ascii	"_INT64_T_DECLARED \000"
 13538      36345F54 
ARM GAS  /var/folders/65/xyhbx3_n6nd_hs7j3p9nfwv80000gn/T//ccFweXAW.s 			page 335


 13538      5F444543 
 13538      4C415245 
 13538      442000
 13539              	.LASF1161:
 13540 92c5 4E47524F 		.ascii	"NGROUPS_MAX 16\000"
 13540      5550535F 
 13540      4D415820 
 13540      313600
 13541              	.LASF39:
 13542 92d4 5F5F4348 		.ascii	"__CHAR16_TYPE__ short unsigned int\000"
 13542      41523136 
 13542      5F545950 
 13542      455F5F20 
 13542      73686F72 
 13543              	.LASF791:
 13544 92f7 5F524545 		.ascii	"_REENT_MBTOWC_STATE(ptr) ((ptr)->_new._reent._mbtow"
 13544      4E545F4D 
 13544      42544F57 
 13544      435F5354 
 13544      41544528 
 13545 932a 635F7374 		.ascii	"c_state)\000"
 13545      61746529 
 13545      00
 13546              	.LASF271:
 13547 9333 5F5F5546 		.ascii	"__UFRACT_FBIT__ 16\000"
 13547      52414354 
 13547      5F464249 
 13547      545F5F20 
 13547      313600
 13548              	.LASF1533:
 13549 9346 4558505F 		.ascii	"EXP_ARRAY\000"
 13549      41525241 
 13549      5900
 13550              	.LASF1231:
 13551 9350 756E7369 		.ascii	"unsigned int\000"
 13551      676E6564 
 13551      20696E74 
 13551      00
 13552              	.LASF1119:
 13553 935d 4C44424C 		.ascii	"LDBL_EPSILON\000"
 13553      5F455053 
 13553      494C4F4E 
 13553      00
 13554              	.LASF1401:
 13555 936a 5F723438 		.ascii	"_r48\000"
 13555      00
 13556              	.LASF1125:
 13557 936f 4C44424C 		.ascii	"LDBL_MIN\000"
 13557      5F4D494E 
 13557      00
 13558              	.LASF944:
 13559 9378 46494C45 		.ascii	"FILENAME_MAX 1024\000"
 13559      4E414D45 
 13559      5F4D4158 
 13559      20313032 
 13559      3400
 13560              	.LASF925:
ARM GAS  /var/folders/65/xyhbx3_n6nd_hs7j3p9nfwv80000gn/T//ccFweXAW.s 			page 336


 13561 938a 5F5F5352 		.ascii	"__SRW 0x0010\000"
 13561      57203078 
 13561      30303130 
 13561      00
 13562              	.LASF1292:
 13563 9397 6A735F43 		.ascii	"js_CFunction\000"
 13563      46756E63 
 13563      74696F6E 
 13563      00
 13564              	.LASF568:
 13565 93a4 5F5F5448 		.ascii	"__THROW \000"
 13565      524F5720 
 13565      00
 13566              	.LASF1000:
 13567 93ad 5F584C4F 		.ascii	"_XLOCALE_H \000"
 13567      43414C45 
 13567      5F482000 
 13568              	.LASF1196:
 13569 93b9 55534852 		.ascii	"USHRT_MAX (SHRT_MAX * 2 + 1)\000"
 13569      545F4D41 
 13569      58202853 
 13569      4852545F 
 13569      4D415820 
 13570              	.LASF1434:
 13571 93d6 6A735F4F 		.ascii	"js_Object\000"
 13571      626A6563 
 13571      7400
 13572              	.LASF365:
 13573 93e0 5F5F5548 		.ascii	"__UHA_IBIT__ 8\000"
 13573      415F4942 
 13573      49545F5F 
 13573      203800
 13574              	.LASF897:
 13575 93ef 5F5F636C 		.ascii	"__clockid_t_defined \000"
 13575      6F636B69 
 13575      645F745F 
 13575      64656669 
 13575      6E656420 
 13576              	.LASF852:
 13577 9404 74696D65 		.ascii	"timerisset(tvp) ((tvp)->tv_sec || (tvp)->tv_usec)\000"
 13577      72697373 
 13577      65742874 
 13577      76702920 
 13577      28287476 
 13578              	.LASF289:
 13579 9436 5F5F4C4C 		.ascii	"__LLFRACT_MAX__ 0X7FFFFFFFFFFFFFFFP-63LLR\000"
 13579      46524143 
 13579      545F4D41 
 13579      585F5F20 
 13579      30583746 
 13580              	.LASF1080:
 13581 9460 4C44424C 		.ascii	"LDBL_MANT_DIG __LDBL_MANT_DIG__\000"
 13581      5F4D414E 
 13581      545F4449 
 13581      47205F5F 
 13581      4C44424C 
 13582              	.LASF951:
ARM GAS  /var/folders/65/xyhbx3_n6nd_hs7j3p9nfwv80000gn/T//ccFweXAW.s 			page 337


 13583 9480 73746469 		.ascii	"stdin (_REENT->_stdin)\000"
 13583      6E20285F 
 13583      5245454E 
 13583      542D3E5F 
 13583      73746469 
 13584              	.LASF1304:
 13585 9497 73686F72 		.ascii	"short int\000"
 13585      7420696E 
 13585      7400
 13586              	.LASF1174:
 13587 94a1 4D425F4C 		.ascii	"MB_LEN_MAX _MB_LEN_MAX\000"
 13587      454E5F4D 
 13587      4158205F 
 13587      4D425F4C 
 13587      454E5F4D 
 13588              	.LASF725:
 13589 94b8 5F4D4143 		.ascii	"_MACHINE__TYPES_H \000"
 13589      48494E45 
 13589      5F5F5459 
 13589      5045535F 
 13589      482000
 13590              	.LASF6:
 13591 94cb 5F5F474E 		.ascii	"__GNUC_MINOR__ 2\000"
 13591      55435F4D 
 13591      494E4F52 
 13591      5F5F2032 
 13591      00
 13592              	.LASF1569:
 13593 94dc 4558505F 		.ascii	"EXP_STRICTEQ\000"
 13593      53545249 
 13593      43544551 
 13593      00
 13594              	.LASF818:
 13595 94e9 5F5F696E 		.ascii	"__int32_t_defined 1\000"
 13595      7433325F 
 13595      745F6465 
 13595      66696E65 
 13595      64203100 
 13596              	.LASF2:
 13597 94fd 5F5F5354 		.ascii	"__STDC_UTF_16__ 1\000"
 13597      44435F55 
 13597      54465F31 
 13597      365F5F20 
 13597      3100
 13598              	.LASF1353:
 13599 950f 5F726561 		.ascii	"_read\000"
 13599      6400
 13600              	.LASF1060:
 13601 9515 4D5F4C4E 		.ascii	"M_LN2LO 1.9082149292705877000E-10\000"
 13601      324C4F20 
 13601      312E3930 
 13601      38323134 
 13601      39323932 
 13602              	.LASF1162:
 13603 9537 4F50454E 		.ascii	"OPEN_MAX 64\000"
 13603      5F4D4158 
 13603      20363400 
ARM GAS  /var/folders/65/xyhbx3_n6nd_hs7j3p9nfwv80000gn/T//ccFweXAW.s 			page 338


 13604              	.LASF1599:
 13605 9543 53544D5F 		.ascii	"STM_FOR_VAR\000"
 13605      464F525F 
 13605      56415200 
 13606              	.LASF1195:
 13607 954f 55534852 		.ascii	"USHRT_MAX\000"
 13607      545F4D41 
 13607      5800
 13608              	.LASF472:
 13609 9559 5F4C4442 		.ascii	"_LDBL_EQ_DBL 1\000"
 13609      4C5F4551 
 13609      5F44424C 
 13609      203100
 13610              	.LASF1391:
 13611 9568 5F72616E 		.ascii	"_rand48\000"
 13611      64343800 
 13612              	.LASF5:
 13613 9570 5F5F474E 		.ascii	"__GNUC__ 9\000"
 13613      55435F5F 
 13613      203900
 13614              	.LASF1045:
 13615 957b 4D5F4C4F 		.ascii	"M_LOG2E 1.4426950408889634074\000"
 13615      47324520 
 13615      312E3434 
 13615      32363935 
 13615      30343038 
 13616              	.LASF1072:
 13617 9599 5F464C4F 		.ascii	"_FLOAT_H___ \000"
 13617      41545F48 
 13617      5F5F5F20 
 13617      00
 13618              	.LASF8:
 13619 95a6 5F5F5645 		.ascii	"__VERSION__ \"9.2.1 20191025 (release) [ARM/arm-9-b"
 13619      5253494F 
 13619      4E5F5F20 
 13619      22392E32 
 13619      2E312032 
 13620 95d8 72616E63 		.ascii	"ranch revision 277599]\"\000"
 13620      68207265 
 13620      76697369 
 13620      6F6E2032 
 13620      37373539 
 13621              	.LASF220:
 13622 95f0 5F5F464C 		.ascii	"__FLT64_HAS_QUIET_NAN__ 1\000"
 13622      5436345F 
 13622      4841535F 
 13622      51554945 
 13622      545F4E41 
 13623              	.LASF158:
 13624 960a 5F5F464C 		.ascii	"__FLT_DENORM_MIN__ 1.4012984643248171e-45F\000"
 13624      545F4445 
 13624      4E4F524D 
 13624      5F4D494E 
 13624      5F5F2031 
 13625              	.LASF1628:
 13626 9635 6A735F74 		.ascii	"js_toboolean\000"
 13626      6F626F6F 
ARM GAS  /var/folders/65/xyhbx3_n6nd_hs7j3p9nfwv80000gn/T//ccFweXAW.s 			page 339


 13626      6C65616E 
 13626      00
 13627              	.LASF1291:
 13628 9642 6A735F50 		.ascii	"js_Panic\000"
 13628      616E6963 
 13628      00
 13629              	.LASF1553:
 13630 964b 4558505F 		.ascii	"EXP_LOGNOT\000"
 13630      4C4F474E 
 13630      4F5400
 13631              	.LASF1227:
 13632 9656 4A535F47 		.ascii	"JS_GCFACTOR 5.0\000"
 13632      43464143 
 13632      544F5220 
 13632      352E3000 
 13633              	.LASF1266:
 13634 9666 52656665 		.ascii	"ReferenceError_prototype\000"
 13634      72656E63 
 13634      65457272 
 13634      6F725F70 
 13634      726F746F 
 13635              	.LASF119:
 13636 967f 5F5F5549 		.ascii	"__UINT_LEAST8_MAX__ 0xff\000"
 13636      4E545F4C 
 13636      45415354 
 13636      385F4D41 
 13636      585F5F20 
 13637              	.LASF10:
 13638 9698 5F5F4154 		.ascii	"__ATOMIC_SEQ_CST 5\000"
 13638      4F4D4943 
 13638      5F534551 
 13638      5F435354 
 13638      203500
 13639              	.LASF424:
 13640 96ab 5F5F4152 		.ascii	"__ARM_ARCH_ISA_THUMB 2\000"
 13640      4D5F4152 
 13640      43485F49 
 13640      53415F54 
 13640      48554D42 
 13641              	.LASF1592:
 13642 96c2 53544D5F 		.ascii	"STM_BLOCK\000"
 13642      424C4F43 
 13642      4B00
 13643              	.LASF1432:
 13644 96cc 666C6167 		.ascii	"flags\000"
 13644      7300
 13645              	.LASF107:
 13646 96d2 5F5F494E 		.ascii	"__INT_LEAST8_MAX__ 0x7f\000"
 13646      545F4C45 
 13646      41535438 
 13646      5F4D4158 
 13646      5F5F2030 
 13647              	.LASF954:
 13648 96ea 5F737464 		.ascii	"_stdin_r(x) ((x)->_stdin)\000"
 13648      696E5F72 
 13648      28782920 
 13648      28287829 
ARM GAS  /var/folders/65/xyhbx3_n6nd_hs7j3p9nfwv80000gn/T//ccFweXAW.s 			page 340


 13648      2D3E5F73 
 13649              	.LASF956:
 13650 9704 5F737464 		.ascii	"_stderr_r(x) ((x)->_stderr)\000"
 13650      6572725F 
 13650      72287829 
 13650      20282878 
 13650      292D3E5F 
 13651              	.LASF1586:
 13652 9720 4558505F 		.ascii	"EXP_ASS_USHR\000"
 13652      4153535F 
 13652      55534852 
 13652      00
 13653              	.LASF918:
 13654 972d 5F4E4557 		.ascii	"_NEWLIB_STDIO_H \000"
 13654      4C49425F 
 13654      53544449 
 13654      4F5F4820 
 13654      00
 13655              	.LASF961:
 13656 973e 5F5F7367 		.ascii	"__sgetc_r(__ptr,__p) __sgetc_raw_r(__ptr, __p)\000"
 13656      6574635F 
 13656      72285F5F 
 13656      7074722C 
 13656      5F5F7029 
 13657              	.LASF1102:
 13658 976d 464C545F 		.ascii	"FLT_MAX_EXP __FLT_MAX_EXP__\000"
 13658      4D41585F 
 13658      45585020 
 13658      5F5F464C 
 13658      545F4D41 
 13659              	.LASF1009:
 13660 9789 464C545F 		.ascii	"FLT_EVAL_METHOD __FLT_EVAL_METHOD__\000"
 13660      4556414C 
 13660      5F4D4554 
 13660      484F4420 
 13660      5F5F464C 
 13661              		.ident	"GCC: (GNU Tools for Arm Embedded Processors 9-2019-q4-major) 9.2.1 20191025 (release) [ARM
ARM GAS  /var/folders/65/xyhbx3_n6nd_hs7j3p9nfwv80000gn/T//ccFweXAW.s 			page 341


DEFINED SYMBOLS
                            *ABS*:0000000000000000 jsboolean.c
/var/folders/65/xyhbx3_n6nd_hs7j3p9nfwv80000gn/T//ccFweXAW.s:81     .text.jsB_new_Boolean:0000000000000000 $t
/var/folders/65/xyhbx3_n6nd_hs7j3p9nfwv80000gn/T//ccFweXAW.s:89     .text.jsB_new_Boolean:0000000000000000 jsB_new_Boolean
/var/folders/65/xyhbx3_n6nd_hs7j3p9nfwv80000gn/T//ccFweXAW.s:133    .text.jsB_Boolean:0000000000000000 $t
/var/folders/65/xyhbx3_n6nd_hs7j3p9nfwv80000gn/T//ccFweXAW.s:140    .text.jsB_Boolean:0000000000000000 jsB_Boolean
/var/folders/65/xyhbx3_n6nd_hs7j3p9nfwv80000gn/T//ccFweXAW.s:183    .rodata.Bp_valueOf.str1.4:0000000000000000 $d
/var/folders/65/xyhbx3_n6nd_hs7j3p9nfwv80000gn/T//ccFweXAW.s:187    .text.Bp_valueOf:0000000000000000 $t
/var/folders/65/xyhbx3_n6nd_hs7j3p9nfwv80000gn/T//ccFweXAW.s:194    .text.Bp_valueOf:0000000000000000 Bp_valueOf
/var/folders/65/xyhbx3_n6nd_hs7j3p9nfwv80000gn/T//ccFweXAW.s:255    .text.Bp_valueOf:0000000000000024 $d
/var/folders/65/xyhbx3_n6nd_hs7j3p9nfwv80000gn/T//ccFweXAW.s:260    .rodata.Bp_toString.str1.4:0000000000000000 $d
/var/folders/65/xyhbx3_n6nd_hs7j3p9nfwv80000gn/T//ccFweXAW.s:267    .text.Bp_toString:0000000000000000 $t
/var/folders/65/xyhbx3_n6nd_hs7j3p9nfwv80000gn/T//ccFweXAW.s:274    .text.Bp_toString:0000000000000000 Bp_toString
/var/folders/65/xyhbx3_n6nd_hs7j3p9nfwv80000gn/T//ccFweXAW.s:342    .text.Bp_toString:0000000000000030 $d
/var/folders/65/xyhbx3_n6nd_hs7j3p9nfwv80000gn/T//ccFweXAW.s:349    .rodata.jsB_initboolean.str1.4:0000000000000000 $d
/var/folders/65/xyhbx3_n6nd_hs7j3p9nfwv80000gn/T//ccFweXAW.s:359    .text.jsB_initboolean:0000000000000000 $t
/var/folders/65/xyhbx3_n6nd_hs7j3p9nfwv80000gn/T//ccFweXAW.s:367    .text.jsB_initboolean:0000000000000000 jsB_initboolean
/var/folders/65/xyhbx3_n6nd_hs7j3p9nfwv80000gn/T//ccFweXAW.s:450    .text.jsB_initboolean:000000000000004c $d
                           .group:0000000000000000 wm4.0.5597035cabc44eed625cd1ebc7e67b87
                           .group:0000000000000000 wm4._newlib_version.h.4.9ba035841e762c3308916a0ce96032e7
                           .group:0000000000000000 wm4.newlib.h.18.5e5ca3429233af402d406a202f1fc1ac
                           .group:0000000000000000 wm4.ieeefp.h.77.d5685ba212d3ed6e914898d045f873e3
                           .group:0000000000000000 wm4.features.h.22.fad1cec3bc7ff06488171438dbdcfd02
                           .group:0000000000000000 wm4.config.h.220.6cac6a9685cfce5e83c17784171638d9
                           .group:0000000000000000 wm4._ansi.h.31.de524f58584151836e90d8620a16f8e8
                           .group:0000000000000000 wm4.mujs.h.10.4d559cf57b9d924909e322de983c4de2
                           .group:0000000000000000 wm4.stdio.h.27.3fc80220048df77954e38daec3bb9670
                           .group:0000000000000000 wm4._default_types.h.6.959254cf5f09734ea7516c89e8bb21bd
                           .group:0000000000000000 wm4.stddef.h.181.c3f52a3b0f4c288bddb5dda1562858e2
                           .group:0000000000000000 wm4.cdefs.h.49.6260d97adb8d27534cbdc0f868b8ea87
                           .group:0000000000000000 wm4.stddef.h.39.b727a6c3269d9d6ef9fc646b721a8287
                           .group:0000000000000000 wm4.stdarg.h.34.3a23a216c0c293b3d2ea2e89281481e6
                           .group:0000000000000000 wm4.lock.h.2.1461d1fff82dffe8bfddc23307f6484f
                           .group:0000000000000000 wm4._types.h.125.5cf8a495f1f7ef36777ad868a1e32068
                           .group:0000000000000000 wm4.stddef.h.155.3588ebfdd1e8c7ede80509bb9c3b8009
                           .group:0000000000000000 wm4._types.h.184.03611d4f6b5bec9997bcf4279eceba07
                           .group:0000000000000000 wm4.reent.h.17.90c2574d4acdcfce933db5cb09ff35fe
                           .group:0000000000000000 wm4.types.h.40.e8c16e7ec36ba55f133d0616070e25fc
                           .group:0000000000000000 wm4._stdint.h.10.c24fa3af3bc1706662bb5593a907e841
                           .group:0000000000000000 wm4._endian.h.31.65a10590763c3dde1ac4a7f66d7d4891
                           .group:0000000000000000 wm4.endian.h.9.49f3a4695c1b61e8a0808de3c4a106cb
                           .group:0000000000000000 wm4._timeval.h.30.0e8bfd94e85db17dda3286ee81496fe6
                           .group:0000000000000000 wm4.timespec.h.41.d855182eb0e690443ab8651bcedca6e1
                           .group:0000000000000000 wm4.select.h.19.97ca6fd0c752a0f3b6719fd314d361e6
                           .group:0000000000000000 wm4.types.h.69.ed3eae3cf73030a737515151ebcab7a1
                           .group:0000000000000000 wm4.sched.h.22.c60982713a5c428609783c78f9c78d95
                           .group:0000000000000000 wm4._pthreadtypes.h.36.fcee9961c35163dde6267ef772ad1972
                           .group:0000000000000000 wm4.stdio.h.2.4aa87247282eca6c8f36f9de33d8df1a
                           .group:0000000000000000 wm4.stdio.h.81.932d0c162786b883f622b8d05c120c78
                           .group:0000000000000000 wm4.stdlib.h.13.4ed386f5c1a80d71e72172885d946ef2
                           .group:0000000000000000 wm4.stddef.h.155.ba788add86a0e365f264484f110c3c29
                           .group:0000000000000000 wm4.alloca.h.8.dfc0c703c47ec3e69746825b17d9e66d
                           .group:0000000000000000 wm4.stdlib.h.56.d4493cd3736e51e9d56335045f26df45
                           .group:0000000000000000 wm4.stdarg.h.31.3fa7b8f6daaa31edd1696c08c77f2a73
                           .group:0000000000000000 wm4.string.h.8.c4b8571ce60dff2817f43fec8b86aecd
                           .group:0000000000000000 wm4.math.h.13.adb102f7bd7860b1f241e149d6914a1e
                           .group:0000000000000000 wm4.float.h.29.0e9d9baf95ec39f9555dc80c6e28186b
ARM GAS  /var/folders/65/xyhbx3_n6nd_hs7j3p9nfwv80000gn/T//ccFweXAW.s 			page 342


                           .group:0000000000000000 wm4.syslimits.h.38.a5cadcb164df32bfe95032c693331b67
                           .group:0000000000000000 wm4.limits.h.9.70fb0ada6f71b16202a66baaa6d8ea70
                           .group:0000000000000000 wm4.limits.h.60.56a1ae353e2028a24298ec6463b8b593
                           .group:0000000000000000 wm4.jsi.h.60.36926f71eb871f54934de2e413c7edb9

UNDEFINED SYMBOLS
js_toboolean
js_newboolean
js_pushboolean
js_toobject
js_typeerror
js_pushliteral
js_pushobject
jsB_propf
js_newcconstructor
js_defglobal
