ARM GAS  /var/folders/65/xyhbx3_n6nd_hs7j3p9nfwv80000gn/T//ccls3DQP.s 			page 1


   1              		.cpu cortex-m7
   2              		.eabi_attribute 27, 1	@ Tag_ABI_HardFP_use
   3              		.eabi_attribute 28, 1	@ Tag_ABI_VFP_args
   4              		.eabi_attribute 20, 1	@ Tag_ABI_FP_denormal
   5              		.eabi_attribute 21, 1	@ Tag_ABI_FP_exceptions
   6              		.eabi_attribute 23, 3	@ Tag_ABI_FP_number_model
   7              		.eabi_attribute 24, 1	@ Tag_ABI_align8_needed
   8              		.eabi_attribute 25, 1	@ Tag_ABI_align8_preserved
   9              		.eabi_attribute 26, 1	@ Tag_ABI_enum_size
  10              		.eabi_attribute 30, 2	@ Tag_ABI_optimization_goals
  11              		.eabi_attribute 34, 1	@ Tag_CPU_unaligned_access
  12              		.eabi_attribute 18, 4	@ Tag_ABI_PCS_wchar_t
  13              		.file	"jsrepr.c"
  14              	@ GNU C17 (GNU Tools for Arm Embedded Processors 9-2019-q4-major) version 9.2.1 20191025 (release) 
  15              	@	compiled by GNU C version 4.2.1 Compatible Apple LLVM 9.0.0 (clang-900.0.39.2), GMP version 6.1.0
  16              	
  17              	@ GGC heuristics: --param ggc-min-expand=100 --param ggc-min-heapsize=131072
  18              	@ options passed:  -I . -I .
  19              	@ -I /Users/bwandrych/Developer/PlaydateSDK/C_API -I Source -I Source/core
  20              	@ -I Source/util -I Source/html -I Source/render -I Source/render/decoders
  21              	@ -I Source/ui -I Source/keyboard -imultilib thumb/v7e-m+fp/hard
  22              	@ -iprefix /usr/local/playdate/gcc-arm-none-eabi-9-2019-q4-major/bin/../lib/gcc/arm-none-eabi/9.2.1
  23              	@ -isysroot /usr/local/playdate/gcc-arm-none-eabi-9-2019-q4-major/bin/../arm-none-eabi
  24              	@ -MD build/Source/js/jsrepr.d -MF build/dep/jsrepr.o.d -MP
  25              	@ -MQ build/Source/js/jsrepr.o -D__USES_INITFINI__ -D __FPU_USED=1
  26              	@ -D TARGET_PLAYDATE=1 -D TARGET_EXTENSION=1 Source/js/jsrepr.c -mthumb
  27              	@ -mcpu=cortex-m7 -mfloat-abi=hard -mfpu=fpv5-sp-d16 -mword-relocations
  28              	@ -march=armv7e-m+fpv5 -auxbase-strip build/Source/js/jsrepr.o -g3
  29              	@ -gdwarf-2 -O2 -Wall -Wno-unused -Wstrict-prototypes -Wno-unknown-pragmas
  30              	@ -Wdouble-promotion -Wstack-usage=8192 -Walloca-larger-than=8192
  31              	@ -falign-functions=16 -fomit-frame-pointer -fverbose-asm -fno-common
  32              	@ -ffunction-sections -fdata-sections -fstack-usage
  33              	@ options enabled:  -faggressive-loop-optimizations -falign-functions
  34              	@ -falign-jumps -falign-labels -falign-loops -fassume-phsa -fauto-inc-dec
  35              	@ -fbranch-count-reg -fcaller-saves -fcombine-stack-adjustments
  36              	@ -fcompare-elim -fcprop-registers -fcrossjumping -fcse-follow-jumps
  37              	@ -fdata-sections -fdefer-pop -fdelete-null-pointer-checks -fdevirtualize
  38              	@ -fdevirtualize-speculatively -fdwarf2-cfi-asm -fearly-inlining
  39              	@ -feliminate-unused-debug-types -fexpensive-optimizations
  40              	@ -fforward-propagate -ffp-int-builtin-inexact -ffunction-cse
  41              	@ -ffunction-sections -fgcse -fgcse-lm -fgnu-runtime -fgnu-unique
  42              	@ -fguess-branch-probability -fhoist-adjacent-loads -fident -fif-conversion
  43              	@ -fif-conversion2 -findirect-inlining -finline -finline-atomics
  44              	@ -finline-functions-called-once -finline-small-functions -fipa-bit-cp
  45              	@ -fipa-cp -fipa-icf -fipa-icf-functions -fipa-icf-variables -fipa-profile
  46              	@ -fipa-pure-const -fipa-ra -fipa-reference -fipa-reference-addressable
  47              	@ -fipa-sra -fipa-stack-alignment -fipa-vrp -fira-hoist-pressure
  48              	@ -fira-share-save-slots -fira-share-spill-slots
  49              	@ -fisolate-erroneous-paths-dereference -fivopts -fkeep-static-consts
  50              	@ -fleading-underscore -flifetime-dse -flra-remat -flto-odr-type-merging
  51              	@ -fmath-errno -fmerge-constants -fmerge-debug-strings
  52              	@ -fmove-loop-invariants -fomit-frame-pointer -foptimize-sibling-calls
  53              	@ -foptimize-strlen -fpartial-inlining -fpeephole -fpeephole2 -fplt
  54              	@ -fprefetch-loop-arrays -freg-struct-return -freorder-blocks
  55              	@ -freorder-functions -frerun-cse-after-loop
  56              	@ -fsched-critical-path-heuristic -fsched-dep-count-heuristic
  57              	@ -fsched-group-heuristic -fsched-interblock -fsched-last-insn-heuristic
ARM GAS  /var/folders/65/xyhbx3_n6nd_hs7j3p9nfwv80000gn/T//ccls3DQP.s 			page 2


  58              	@ -fsched-pressure -fsched-rank-heuristic -fsched-spec
  59              	@ -fsched-spec-insn-heuristic -fsched-stalled-insns-dep -fschedule-insns
  60              	@ -fschedule-insns2 -fsection-anchors -fsemantic-interposition
  61              	@ -fshow-column -fshrink-wrap -fshrink-wrap-separate -fsigned-zeros
  62              	@ -fsplit-ivs-in-unroller -fsplit-wide-types -fssa-backprop -fssa-phiopt
  63              	@ -fstdarg-opt -fstore-merging -fstrict-aliasing
  64              	@ -fstrict-volatile-bitfields -fsync-libcalls -fthread-jumps
  65              	@ -ftoplevel-reorder -ftrapping-math -ftree-bit-ccp -ftree-builtin-call-dce
  66              	@ -ftree-ccp -ftree-ch -ftree-coalesce-vars -ftree-copy-prop -ftree-cselim
  67              	@ -ftree-dce -ftree-dominator-opts -ftree-dse -ftree-forwprop -ftree-fre
  68              	@ -ftree-loop-if-convert -ftree-loop-im -ftree-loop-ivcanon
  69              	@ -ftree-loop-optimize -ftree-parallelize-loops= -ftree-phiprop -ftree-pre
  70              	@ -ftree-pta -ftree-reassoc -ftree-scev-cprop -ftree-sink -ftree-slsr
  71              	@ -ftree-sra -ftree-switch-conversion -ftree-tail-merge -ftree-ter
  72              	@ -ftree-vrp -funit-at-a-time -fvar-tracking -fvar-tracking-assignments
  73              	@ -fverbose-asm -fzero-initialized-in-bss -masm-syntax-unified -mbe32
  74              	@ -mlittle-endian -mpic-data-is-text-relative -msched-prolog -mthumb
  75              	@ -munaligned-access -mvectorize-with-neon-quad -mword-relocations
  76              	
  77              		.text
  78              	.Ltext0:
  79              		.cfi_sections	.debug_frame
  80              		.global	__aeabi_dcmpeq
  81              		.section	.rodata.reprnum.str1.4,"aMS",%progbits,1
  82              		.align	2
  83              	.LC0:
  84 0000 2D3000   		.ascii	"-0\000"
  85              		.section	.text.reprnum,"ax",%progbits
  86              		.align	1
  87              		.p2align 4,,15
  88              		.arch armv7e-m
  89              		.syntax unified
  90              		.thumb
  91              		.thumb_func
  92              		.fpu fpv5-sp-d16
  93              		.type	reprnum, %function
  94              	reprnum:
  95              	.LVL0:
  96              	.LFB3:
  97              		.file 1 "Source/js/jsrepr.c"
   1:Source/js/jsrepr.c **** #include "jsi.h"
   2:Source/js/jsrepr.c **** #include "utf.h"
   3:Source/js/jsrepr.c **** 
   4:Source/js/jsrepr.c **** static void reprvalue(js_State *J, js_Buffer **sb);
   5:Source/js/jsrepr.c **** 
   6:Source/js/jsrepr.c **** static void reprnum(js_State *J, js_Buffer **sb, double n)
   7:Source/js/jsrepr.c **** {
  98              		.loc 1 7 1 view -0
  99              		.cfi_startproc
 100              		@ args = 0, pretend = 0, frame = 40
 101              		@ frame_needed = 0, uses_anonymous_args = 0
   8:Source/js/jsrepr.c **** 	char buf[40];
 102              		.loc 1 8 2 view .LVU1
   9:Source/js/jsrepr.c **** 	if (n == 0 && signbit(n))
 103              		.loc 1 9 2 view .LVU2
 104              	@ Source/js/jsrepr.c:7: {
   7:Source/js/jsrepr.c **** 	char buf[40];
ARM GAS  /var/folders/65/xyhbx3_n6nd_hs7j3p9nfwv80000gn/T//ccls3DQP.s 			page 3


 105              		.loc 1 7 1 is_stmt 0 view .LVU3
 106 0000 F0B5     		push	{r4, r5, r6, r7, lr}	@
 107              	.LCFI0:
 108              		.cfi_def_cfa_offset 20
 109              		.cfi_offset 4, -20
 110              		.cfi_offset 5, -16
 111              		.cfi_offset 6, -12
 112              		.cfi_offset 7, -8
 113              		.cfi_offset 14, -4
 114 0002 1446     		mov	r4, r2	@ n, tmp123
 115 0004 1D46     		mov	r5, r3	@ n,
 116 0006 8BB0     		sub	sp, sp, #44	@,,
 117              	.LCFI1:
 118              		.cfi_def_cfa_offset 64
 119              	@ Source/js/jsrepr.c:7: {
   7:Source/js/jsrepr.c **** 	char buf[40];
 120              		.loc 1 7 1 view .LVU4
 121 0008 0646     		mov	r6, r0	@ tmp121, J
 122 000a 0F46     		mov	r7, r1	@ tmp122, sb
 123              	@ Source/js/jsrepr.c:9: 	if (n == 0 && signbit(n))
 124              		.loc 1 9 5 view .LVU5
 125 000c 0022     		movs	r2, #0	@,
 126              	.LVL1:
 127              		.loc 1 9 5 view .LVU6
 128 000e 0023     		movs	r3, #0	@,
 129 0010 2046     		mov	r0, r4	@, n
 130              	.LVL2:
 131              		.loc 1 9 5 view .LVU7
 132 0012 2946     		mov	r1, r5	@, n
 133              	.LVL3:
 134              		.loc 1 9 5 view .LVU8
 135 0014 FFF7FEFF 		bl	__aeabi_dcmpeq		@
 136              	.LVL4:
 137 0018 08B1     		cbz	r0, .L2	@ tmp124,
 138              	@ Source/js/jsrepr.c:9: 	if (n == 0 && signbit(n))
 139              		.loc 1 9 13 discriminator 1 view .LVU9
 140 001a 002D     		cmp	r5, #0	@ tmp117,
 141 001c 0CDB     		blt	.L11		@,
 142              	.L2:
  10:Source/js/jsrepr.c **** 		js_puts(J, sb, "-0");
  11:Source/js/jsrepr.c **** 	else
  12:Source/js/jsrepr.c **** 		js_puts(J, sb, jsV_numbertostring(J, buf, n));
 143              		.loc 1 12 3 is_stmt 1 view .LVU10
 144 001e 6946     		mov	r1, sp	@,
 145 0020 3046     		mov	r0, r6	@, J
 146 0022 45EC104B 		vmov	d0, r4, r5	@, n
 147 0026 FFF7FEFF 		bl	jsV_numbertostring		@
 148              	.LVL5:
 149 002a 3946     		mov	r1, r7	@, sb
 150 002c 0246     		mov	r2, r0	@ tmp125,
 151 002e 3046     		mov	r0, r6	@, J
 152 0030 FFF7FEFF 		bl	js_puts		@
 153              	.LVL6:
 154              	@ Source/js/jsrepr.c:13: }
  13:Source/js/jsrepr.c **** }
 155              		.loc 1 13 1 is_stmt 0 view .LVU11
 156 0034 0BB0     		add	sp, sp, #44	@,,
ARM GAS  /var/folders/65/xyhbx3_n6nd_hs7j3p9nfwv80000gn/T//ccls3DQP.s 			page 4


 157              	.LCFI2:
 158              		.cfi_remember_state
 159              		.cfi_def_cfa_offset 20
 160              		@ sp needed	@
 161 0036 F0BD     		pop	{r4, r5, r6, r7, pc}	@
 162              	.LVL7:
 163              	.L11:
 164              	.LCFI3:
 165              		.cfi_restore_state
  10:Source/js/jsrepr.c **** 		js_puts(J, sb, "-0");
 166              		.loc 1 10 3 is_stmt 1 view .LVU12
 167 0038 3946     		mov	r1, r7	@, sb
 168 003a 3046     		mov	r0, r6	@, J
 169 003c 024A     		ldr	r2, .L12	@,
 170 003e FFF7FEFF 		bl	js_puts		@
 171              	.LVL8:
 172              	@ Source/js/jsrepr.c:13: }
 173              		.loc 1 13 1 is_stmt 0 view .LVU13
 174 0042 0BB0     		add	sp, sp, #44	@,,
 175              	.LCFI4:
 176              		.cfi_def_cfa_offset 20
 177              		@ sp needed	@
 178 0044 F0BD     		pop	{r4, r5, r6, r7, pc}	@
 179              	.LVL9:
 180              	.L13:
 181              		.loc 1 13 1 view .LVU14
 182 0046 00BF     		.align	2
 183              	.L12:
 184 0048 00000000 		.word	.LC0
 185              		.cfi_endproc
 186              	.LFE3:
 187              		.size	reprnum, .-reprnum
 188              		.section	.rodata.reprstr.str1.4,"aMS",%progbits,1
 189              		.align	2
 190              	.LC1:
 191 0000 5C2200   		.ascii	"\\\"\000"
 192 0003 00       		.align	2
 193              	.LC2:
 194 0004 5C5C00   		.ascii	"\\\\\000"
 195 0007 00       		.align	2
 196              	.LC3:
 197 0008 5C6200   		.ascii	"\\b\000"
 198 000b 00       		.align	2
 199              	.LC4:
 200 000c 5C6600   		.ascii	"\\f\000"
 201 000f 00       		.align	2
 202              	.LC5:
 203 0010 5C6E00   		.ascii	"\\n\000"
 204 0013 00       		.align	2
 205              	.LC6:
 206 0014 5C7200   		.ascii	"\\r\000"
 207 0017 00       		.align	2
 208              	.LC7:
 209 0018 5C7400   		.ascii	"\\t\000"
 210 001b 00       		.align	2
 211              	.LC8:
 212 001c 30313233 		.ascii	"0123456789ABCDEF\000"
ARM GAS  /var/folders/65/xyhbx3_n6nd_hs7j3p9nfwv80000gn/T//ccls3DQP.s 			page 5


 212      34353637 
 212      38394142 
 212      43444546 
 212      00
 213              		.section	.text.reprstr,"ax",%progbits
 214              		.align	1
 215              		.p2align 4,,15
 216              		.syntax unified
 217              		.thumb
 218              		.thumb_func
 219              		.fpu fpv5-sp-d16
 220              		.type	reprstr, %function
 221              	reprstr:
 222              	.LVL10:
 223              	.LFB4:
  14:Source/js/jsrepr.c **** 
  15:Source/js/jsrepr.c **** static void reprstr(js_State *J, js_Buffer **sb, const char *s)
  16:Source/js/jsrepr.c **** {
 224              		.loc 1 16 1 is_stmt 1 view -0
 225              		.cfi_startproc
 226              		@ args = 0, pretend = 0, frame = 8
 227              		@ frame_needed = 0, uses_anonymous_args = 0
 228              		.loc 1 16 1 is_stmt 0 view .LVU16
 229 0000 2DE9F04F 		push	{r4, r5, r6, r7, r8, r9, r10, fp, lr}	@
 230              	.LCFI5:
 231              		.cfi_def_cfa_offset 36
 232              		.cfi_offset 4, -36
 233              		.cfi_offset 5, -32
 234              		.cfi_offset 6, -28
 235              		.cfi_offset 7, -24
 236              		.cfi_offset 8, -20
 237              		.cfi_offset 9, -16
 238              		.cfi_offset 10, -12
 239              		.cfi_offset 11, -8
 240              		.cfi_offset 14, -4
 241 0004 9246     		mov	r10, r2	@ tmp221, s
 242 0006 83B0     		sub	sp, sp, #12	@,,
 243              	.LCFI6:
 244              		.cfi_def_cfa_offset 48
 245              	@ Source/js/jsrepr.c:20: 	js_putc(J, sb, '"');
  17:Source/js/jsrepr.c **** 	static const char *HEX = "0123456789ABCDEF";
  18:Source/js/jsrepr.c **** 	int i, n;
  19:Source/js/jsrepr.c **** 	Rune c;
  20:Source/js/jsrepr.c **** 	js_putc(J, sb, '"');
 246              		.loc 1 20 2 view .LVU17
 247 0008 2222     		movs	r2, #34	@,
 248              	.LVL11:
 249              	@ Source/js/jsrepr.c:16: {
  16:Source/js/jsrepr.c **** 	static const char *HEX = "0123456789ABCDEF";
 250              		.loc 1 16 1 view .LVU18
 251 000a 0546     		mov	r5, r0	@ J, tmp219
 252 000c 0E46     		mov	r6, r1	@ sb, tmp220
  17:Source/js/jsrepr.c **** 	static const char *HEX = "0123456789ABCDEF";
 253              		.loc 1 17 2 is_stmt 1 view .LVU19
  18:Source/js/jsrepr.c **** 	Rune c;
 254              		.loc 1 18 2 view .LVU20
  19:Source/js/jsrepr.c **** 	js_putc(J, sb, '"');
ARM GAS  /var/folders/65/xyhbx3_n6nd_hs7j3p9nfwv80000gn/T//ccls3DQP.s 			page 6


 255              		.loc 1 19 2 view .LVU21
 256              		.loc 1 20 2 view .LVU22
 257 000e FFF7FEFF 		bl	js_putc		@
 258              	.LVL12:
  21:Source/js/jsrepr.c **** 	while (*s) {
 259              		.loc 1 21 2 view .LVU23
 260              		.loc 1 21 8 view .LVU24
 261 0012 9AF80030 		ldrb	r3, [r10]	@ zero_extendqisi2	@ *s_63(D), *s_63(D)
 262 0016 6BB3     		cbz	r3, .L15	@ *s_63(D),
 263              	@ Source/js/jsrepr.c:42: 				js_putc(J, sb, HEX[(c>>12)&15]);
  22:Source/js/jsrepr.c **** 		n = chartorune(&c, s);
  23:Source/js/jsrepr.c **** 		switch (c) {
  24:Source/js/jsrepr.c **** 		case '"': js_puts(J, sb, "\\\""); break;
  25:Source/js/jsrepr.c **** 		case '\\': js_puts(J, sb, "\\\\"); break;
  26:Source/js/jsrepr.c **** 		case '\b': js_puts(J, sb, "\\b"); break;
  27:Source/js/jsrepr.c **** 		case '\f': js_puts(J, sb, "\\f"); break;
  28:Source/js/jsrepr.c **** 		case '\n': js_puts(J, sb, "\\n"); break;
  29:Source/js/jsrepr.c **** 		case '\r': js_puts(J, sb, "\\r"); break;
  30:Source/js/jsrepr.c **** 		case '\t': js_puts(J, sb, "\\t"); break;
  31:Source/js/jsrepr.c **** 		default:
  32:Source/js/jsrepr.c **** 			if (c < ' ') {
  33:Source/js/jsrepr.c **** 				js_putc(J, sb, '\\');
  34:Source/js/jsrepr.c **** 				js_putc(J, sb, 'x');
  35:Source/js/jsrepr.c **** 				js_putc(J, sb, HEX[(c>>4)&15]);
  36:Source/js/jsrepr.c **** 				js_putc(J, sb, HEX[c&15]);
  37:Source/js/jsrepr.c **** 			} else if (c < 128) {
  38:Source/js/jsrepr.c **** 				js_putc(J, sb, c);
  39:Source/js/jsrepr.c **** 			} else if (c < 0x10000) {
  40:Source/js/jsrepr.c **** 				js_putc(J, sb, '\\');
  41:Source/js/jsrepr.c **** 				js_putc(J, sb, 'u');
  42:Source/js/jsrepr.c **** 				js_putc(J, sb, HEX[(c>>12)&15]);
 264              		.loc 1 42 23 is_stmt 0 view .LVU25
 265 0018 5A4F     		ldr	r7, .L46	@ tmp216,
 266              	@ Source/js/jsrepr.c:25: 		case '\\': js_puts(J, sb, "\\\\"); break;
  25:Source/js/jsrepr.c **** 		case '\b': js_puts(J, sb, "\\b"); break;
 267              		.loc 1 25 14 view .LVU26
 268 001a DFF88091 		ldr	r9, .L46+24	@ tmp217,
 269              	@ Source/js/jsrepr.c:30: 		case '\t': js_puts(J, sb, "\\t"); break;
  30:Source/js/jsrepr.c **** 		default:
 270              		.loc 1 30 14 view .LVU27
 271 001e DFF88081 		ldr	r8, .L46+28	@ tmp218,
 272              	.L35:
  22:Source/js/jsrepr.c **** 		n = chartorune(&c, s);
 273              		.loc 1 22 3 is_stmt 1 view .LVU28
 274              	@ Source/js/jsrepr.c:22: 		n = chartorune(&c, s);
  22:Source/js/jsrepr.c **** 		n = chartorune(&c, s);
 275              		.loc 1 22 7 is_stmt 0 view .LVU29
 276 0022 5146     		mov	r1, r10	@, s
 277 0024 01A8     		add	r0, sp, #4	@ tmp224,,
 278 0026 FFF7FEFF 		bl	jsU_chartorune		@
 279              	.LVL13:
 280              	@ Source/js/jsrepr.c:23: 		switch (c) {
  23:Source/js/jsrepr.c **** 		case '"': js_puts(J, sb, "\\\""); break;
 281              		.loc 1 23 3 view .LVU30
 282 002a 019B     		ldr	r3, [sp, #4]	@ c.9_1, c
 283              	@ Source/js/jsrepr.c:22: 		n = chartorune(&c, s);
  22:Source/js/jsrepr.c **** 		switch (c) {
ARM GAS  /var/folders/65/xyhbx3_n6nd_hs7j3p9nfwv80000gn/T//ccls3DQP.s 			page 7


 284              		.loc 1 22 7 view .LVU31
 285 002c 0446     		mov	r4, r0	@ n, tmp222
 286              	.LVL14:
  23:Source/js/jsrepr.c **** 		case '"': js_puts(J, sb, "\\\""); break;
 287              		.loc 1 23 3 is_stmt 1 view .LVU32
 288 002e 222B     		cmp	r3, #34	@ c.9_1,
 289 0030 4BDC     		bgt	.L16		@,
 290 0032 072B     		cmp	r3, #7	@ c.9_1,
 291 0034 40F38C80 		ble	.L17		@,
 292 0038 A3F10802 		sub	r2, r3, #8	@ tmp169, c.9_1,
 293 003c 1A2A     		cmp	r2, #26	@ tmp169,
 294 003e 7ED8     		bhi	.L18		@
 295 0040 DFE802F0 		tbb	[pc, r2]	@ tmp169
 296              	.L20:
 297 0044 3C       		.byte	(.L25-.L20)/2
 298 0045 35       		.byte	(.L24-.L20)/2
 299 0046 2E       		.byte	(.L23-.L20)/2
 300 0047 7D       		.byte	(.L18-.L20)/2
 301 0048 27       		.byte	(.L22-.L20)/2
 302 0049 20       		.byte	(.L21-.L20)/2
 303 004a 7D       		.byte	(.L18-.L20)/2
 304 004b 7D       		.byte	(.L18-.L20)/2
 305 004c 7D       		.byte	(.L18-.L20)/2
 306 004d 7D       		.byte	(.L18-.L20)/2
 307 004e 7D       		.byte	(.L18-.L20)/2
 308 004f 7D       		.byte	(.L18-.L20)/2
 309 0050 7D       		.byte	(.L18-.L20)/2
 310 0051 7D       		.byte	(.L18-.L20)/2
 311 0052 7D       		.byte	(.L18-.L20)/2
 312 0053 7D       		.byte	(.L18-.L20)/2
 313 0054 7D       		.byte	(.L18-.L20)/2
 314 0055 7D       		.byte	(.L18-.L20)/2
 315 0056 7D       		.byte	(.L18-.L20)/2
 316 0057 7D       		.byte	(.L18-.L20)/2
 317 0058 7D       		.byte	(.L18-.L20)/2
 318 0059 7D       		.byte	(.L18-.L20)/2
 319 005a 7D       		.byte	(.L18-.L20)/2
 320 005b 7D       		.byte	(.L18-.L20)/2
 321 005c 7D       		.byte	(.L18-.L20)/2
 322 005d 7D       		.byte	(.L18-.L20)/2
 323 005e 0E       		.byte	(.L19-.L20)/2
 324 005f 00       		.p2align 1
 325              	.L19:
  24:Source/js/jsrepr.c **** 		case '\\': js_puts(J, sb, "\\\\"); break;
 326              		.loc 1 24 13 view .LVU33
 327 0060 494A     		ldr	r2, .L46+4	@,
 328 0062 3146     		mov	r1, r6	@, sb
 329 0064 2846     		mov	r0, r5	@, J
 330              	.LVL15:
  24:Source/js/jsrepr.c **** 		case '\\': js_puts(J, sb, "\\\\"); break;
 331              		.loc 1 24 13 is_stmt 0 view .LVU34
 332 0066 5444     		add	r4, r4, r10	@ s, s
 333              	.LVL16:
  24:Source/js/jsrepr.c **** 		case '\\': js_puts(J, sb, "\\\\"); break;
 334              		.loc 1 24 13 view .LVU35
 335 0068 FFF7FEFF 		bl	js_puts		@
 336              	.LVL17:
ARM GAS  /var/folders/65/xyhbx3_n6nd_hs7j3p9nfwv80000gn/T//ccls3DQP.s 			page 8


  24:Source/js/jsrepr.c **** 		case '\\': js_puts(J, sb, "\\\\"); break;
 337              		.loc 1 24 37 is_stmt 1 view .LVU36
 338              	.L28:
  43:Source/js/jsrepr.c **** 				js_putc(J, sb, HEX[(c>>8)&15]);
  44:Source/js/jsrepr.c **** 				js_putc(J, sb, HEX[(c>>4)&15]);
  45:Source/js/jsrepr.c **** 				js_putc(J, sb, HEX[c&15]);
  46:Source/js/jsrepr.c **** 			} else {
  47:Source/js/jsrepr.c **** 				for (i = 0; i < n; ++i)
  48:Source/js/jsrepr.c **** 					js_putc(J, sb, s[i]);
  49:Source/js/jsrepr.c **** 			}
  50:Source/js/jsrepr.c **** 			break;
  51:Source/js/jsrepr.c **** 		}
  52:Source/js/jsrepr.c **** 		s += n;
 339              		.loc 1 52 3 view .LVU37
 340              	@ Source/js/jsrepr.c:21: 	while (*s) {
  21:Source/js/jsrepr.c **** 		n = chartorune(&c, s);
 341              		.loc 1 21 8 is_stmt 0 view .LVU38
 342 006c 2378     		ldrb	r3, [r4]	@ zero_extendqisi2	@ *s_88, *s_88
 343              	@ Source/js/jsrepr.c:52: 		s += n;
 344              		.loc 1 52 5 view .LVU39
 345 006e A246     		mov	r10, r4	@ s, s
  21:Source/js/jsrepr.c **** 		n = chartorune(&c, s);
 346              		.loc 1 21 8 is_stmt 1 view .LVU40
 347 0070 002B     		cmp	r3, #0	@ *s_88
 348 0072 D6D1     		bne	.L35	@
 349              	.LVL18:
 350              	.L15:
  53:Source/js/jsrepr.c **** 	}
  54:Source/js/jsrepr.c **** 	js_putc(J, sb, '"');
 351              		.loc 1 54 2 view .LVU41
 352 0074 3146     		mov	r1, r6	@, sb
 353 0076 2846     		mov	r0, r5	@, J
 354 0078 2222     		movs	r2, #34	@,
 355 007a FFF7FEFF 		bl	js_putc		@
 356              	.LVL19:
 357              	@ Source/js/jsrepr.c:55: }
  55:Source/js/jsrepr.c **** }
 358              		.loc 1 55 1 is_stmt 0 view .LVU42
 359 007e 03B0     		add	sp, sp, #12	@,,
 360              	.LCFI7:
 361              		.cfi_remember_state
 362              		.cfi_def_cfa_offset 36
 363              		@ sp needed	@
 364 0080 BDE8F08F 		pop	{r4, r5, r6, r7, r8, r9, r10, fp, pc}	@
 365              	.LVL20:
 366              	.L21:
 367              	.LCFI8:
 368              		.cfi_restore_state
  29:Source/js/jsrepr.c **** 		case '\t': js_puts(J, sb, "\\t"); break;
 369              		.loc 1 29 14 is_stmt 1 view .LVU43
 370 0084 414A     		ldr	r2, .L46+8	@,
 371 0086 3146     		mov	r1, r6	@, sb
 372 0088 2846     		mov	r0, r5	@, J
 373              	.LVL21:
  29:Source/js/jsrepr.c **** 		case '\t': js_puts(J, sb, "\\t"); break;
 374              		.loc 1 29 14 is_stmt 0 view .LVU44
 375 008a 5444     		add	r4, r4, r10	@ s, s
ARM GAS  /var/folders/65/xyhbx3_n6nd_hs7j3p9nfwv80000gn/T//ccls3DQP.s 			page 9


 376              	.LVL22:
  29:Source/js/jsrepr.c **** 		case '\t': js_puts(J, sb, "\\t"); break;
 377              		.loc 1 29 14 view .LVU45
 378 008c FFF7FEFF 		bl	js_puts		@
 379              	.LVL23:
  29:Source/js/jsrepr.c **** 		case '\t': js_puts(J, sb, "\\t"); break;
 380              		.loc 1 29 37 is_stmt 1 view .LVU46
 381              	@ Source/js/jsrepr.c:29: 		case '\r': js_puts(J, sb, "\\r"); break;
  29:Source/js/jsrepr.c **** 		case '\t': js_puts(J, sb, "\\t"); break;
 382              		.loc 1 29 3 is_stmt 0 view .LVU47
 383 0090 ECE7     		b	.L28		@
 384              	.LVL24:
 385              	.L22:
  27:Source/js/jsrepr.c **** 		case '\n': js_puts(J, sb, "\\n"); break;
 386              		.loc 1 27 14 is_stmt 1 view .LVU48
 387 0092 3F4A     		ldr	r2, .L46+12	@,
 388 0094 3146     		mov	r1, r6	@, sb
 389 0096 2846     		mov	r0, r5	@, J
 390              	.LVL25:
  27:Source/js/jsrepr.c **** 		case '\n': js_puts(J, sb, "\\n"); break;
 391              		.loc 1 27 14 is_stmt 0 view .LVU49
 392 0098 5444     		add	r4, r4, r10	@ s, s
 393              	.LVL26:
  27:Source/js/jsrepr.c **** 		case '\n': js_puts(J, sb, "\\n"); break;
 394              		.loc 1 27 14 view .LVU50
 395 009a FFF7FEFF 		bl	js_puts		@
 396              	.LVL27:
  27:Source/js/jsrepr.c **** 		case '\n': js_puts(J, sb, "\\n"); break;
 397              		.loc 1 27 37 is_stmt 1 view .LVU51
 398              	@ Source/js/jsrepr.c:27: 		case '\f': js_puts(J, sb, "\\f"); break;
  27:Source/js/jsrepr.c **** 		case '\n': js_puts(J, sb, "\\n"); break;
 399              		.loc 1 27 3 is_stmt 0 view .LVU52
 400 009e E5E7     		b	.L28		@
 401              	.LVL28:
 402              	.L23:
  28:Source/js/jsrepr.c **** 		case '\r': js_puts(J, sb, "\\r"); break;
 403              		.loc 1 28 14 is_stmt 1 view .LVU53
 404 00a0 3C4A     		ldr	r2, .L46+16	@,
 405 00a2 3146     		mov	r1, r6	@, sb
 406 00a4 2846     		mov	r0, r5	@, J
 407              	.LVL29:
  28:Source/js/jsrepr.c **** 		case '\r': js_puts(J, sb, "\\r"); break;
 408              		.loc 1 28 14 is_stmt 0 view .LVU54
 409 00a6 5444     		add	r4, r4, r10	@ s, s
 410              	.LVL30:
  28:Source/js/jsrepr.c **** 		case '\r': js_puts(J, sb, "\\r"); break;
 411              		.loc 1 28 14 view .LVU55
 412 00a8 FFF7FEFF 		bl	js_puts		@
 413              	.LVL31:
  28:Source/js/jsrepr.c **** 		case '\r': js_puts(J, sb, "\\r"); break;
 414              		.loc 1 28 37 is_stmt 1 view .LVU56
 415              	@ Source/js/jsrepr.c:28: 		case '\n': js_puts(J, sb, "\\n"); break;
  28:Source/js/jsrepr.c **** 		case '\r': js_puts(J, sb, "\\r"); break;
 416              		.loc 1 28 3 is_stmt 0 view .LVU57
 417 00ac DEE7     		b	.L28		@
 418              	.LVL32:
 419              	.L24:
ARM GAS  /var/folders/65/xyhbx3_n6nd_hs7j3p9nfwv80000gn/T//ccls3DQP.s 			page 10


  30:Source/js/jsrepr.c **** 		default:
 420              		.loc 1 30 14 is_stmt 1 view .LVU58
 421 00ae 4246     		mov	r2, r8	@, tmp218
 422 00b0 3146     		mov	r1, r6	@, sb
 423 00b2 2846     		mov	r0, r5	@, J
 424              	.LVL33:
  30:Source/js/jsrepr.c **** 		default:
 425              		.loc 1 30 14 is_stmt 0 view .LVU59
 426 00b4 5444     		add	r4, r4, r10	@ s, s
 427              	.LVL34:
  30:Source/js/jsrepr.c **** 		default:
 428              		.loc 1 30 14 view .LVU60
 429 00b6 FFF7FEFF 		bl	js_puts		@
 430              	.LVL35:
  30:Source/js/jsrepr.c **** 		default:
 431              		.loc 1 30 37 is_stmt 1 view .LVU61
 432              	@ Source/js/jsrepr.c:30: 		case '\t': js_puts(J, sb, "\\t"); break;
  30:Source/js/jsrepr.c **** 		default:
 433              		.loc 1 30 3 is_stmt 0 view .LVU62
 434 00ba D7E7     		b	.L28		@
 435              	.LVL36:
 436              	.L25:
  26:Source/js/jsrepr.c **** 		case '\f': js_puts(J, sb, "\\f"); break;
 437              		.loc 1 26 14 is_stmt 1 view .LVU63
 438 00bc 364A     		ldr	r2, .L46+20	@,
 439 00be 3146     		mov	r1, r6	@, sb
 440 00c0 2846     		mov	r0, r5	@, J
 441              	.LVL37:
  26:Source/js/jsrepr.c **** 		case '\f': js_puts(J, sb, "\\f"); break;
 442              		.loc 1 26 14 is_stmt 0 view .LVU64
 443 00c2 5444     		add	r4, r4, r10	@ s, s
 444              	.LVL38:
  26:Source/js/jsrepr.c **** 		case '\f': js_puts(J, sb, "\\f"); break;
 445              		.loc 1 26 14 view .LVU65
 446 00c4 FFF7FEFF 		bl	js_puts		@
 447              	.LVL39:
  26:Source/js/jsrepr.c **** 		case '\f': js_puts(J, sb, "\\f"); break;
 448              		.loc 1 26 37 is_stmt 1 view .LVU66
 449              	@ Source/js/jsrepr.c:26: 		case '\b': js_puts(J, sb, "\\b"); break;
  26:Source/js/jsrepr.c **** 		case '\f': js_puts(J, sb, "\\f"); break;
 450              		.loc 1 26 3 is_stmt 0 view .LVU67
 451 00c8 D0E7     		b	.L28		@
 452              	.LVL40:
 453              	.L16:
 454              	@ Source/js/jsrepr.c:23: 		switch (c) {
  23:Source/js/jsrepr.c **** 		case '"': js_puts(J, sb, "\\\""); break;
 455              		.loc 1 23 3 view .LVU68
 456 00ca 5C2B     		cmp	r3, #92	@ c.9_1,
 457 00cc 06D1     		bne	.L44		@,
  25:Source/js/jsrepr.c **** 		case '\b': js_puts(J, sb, "\\b"); break;
 458              		.loc 1 25 14 is_stmt 1 view .LVU69
 459 00ce 4A46     		mov	r2, r9	@, tmp217
 460 00d0 3146     		mov	r1, r6	@, sb
 461 00d2 2846     		mov	r0, r5	@, J
 462              	.LVL41:
  25:Source/js/jsrepr.c **** 		case '\b': js_puts(J, sb, "\\b"); break;
 463              		.loc 1 25 14 is_stmt 0 view .LVU70
ARM GAS  /var/folders/65/xyhbx3_n6nd_hs7j3p9nfwv80000gn/T//ccls3DQP.s 			page 11


 464 00d4 5444     		add	r4, r4, r10	@ s, s
 465              	.LVL42:
  25:Source/js/jsrepr.c **** 		case '\b': js_puts(J, sb, "\\b"); break;
 466              		.loc 1 25 14 view .LVU71
 467 00d6 FFF7FEFF 		bl	js_puts		@
 468              	.LVL43:
  25:Source/js/jsrepr.c **** 		case '\b': js_puts(J, sb, "\\b"); break;
 469              		.loc 1 25 38 is_stmt 1 view .LVU72
 470              	@ Source/js/jsrepr.c:25: 		case '\\': js_puts(J, sb, "\\\\"); break;
  25:Source/js/jsrepr.c **** 		case '\b': js_puts(J, sb, "\\b"); break;
 471              		.loc 1 25 3 is_stmt 0 view .LVU73
 472 00da C7E7     		b	.L28		@
 473              	.LVL44:
 474              	.L44:
  37:Source/js/jsrepr.c **** 				js_putc(J, sb, c);
 475              		.loc 1 37 11 is_stmt 1 view .LVU74
 476              	@ Source/js/jsrepr.c:37: 			} else if (c < 128) {
  37:Source/js/jsrepr.c **** 				js_putc(J, sb, c);
 477              		.loc 1 37 14 is_stmt 0 view .LVU75
 478 00dc 7F2B     		cmp	r3, #127	@ c.9_1,
 479 00de 30DD     		ble	.L29		@,
  39:Source/js/jsrepr.c **** 				js_putc(J, sb, '\\');
 480              		.loc 1 39 11 is_stmt 1 view .LVU76
 481              	@ Source/js/jsrepr.c:39: 			} else if (c < 0x10000) {
  39:Source/js/jsrepr.c **** 				js_putc(J, sb, '\\');
 482              		.loc 1 39 14 is_stmt 0 view .LVU77
 483 00e0 B3F5803F 		cmp	r3, #65536	@ c.9_1,
 484 00e4 3EDA     		bge	.L45		@,
  40:Source/js/jsrepr.c **** 				js_putc(J, sb, 'u');
 485              		.loc 1 40 5 is_stmt 1 view .LVU78
 486 00e6 5C22     		movs	r2, #92	@,
 487 00e8 3146     		mov	r1, r6	@, sb
 488 00ea 2846     		mov	r0, r5	@, J
 489              	.LVL45:
  40:Source/js/jsrepr.c **** 				js_putc(J, sb, 'u');
 490              		.loc 1 40 5 is_stmt 0 view .LVU79
 491 00ec 5444     		add	r4, r4, r10	@ s, s
 492              	.LVL46:
  40:Source/js/jsrepr.c **** 				js_putc(J, sb, 'u');
 493              		.loc 1 40 5 view .LVU80
 494 00ee FFF7FEFF 		bl	js_putc		@
 495              	.LVL47:
  41:Source/js/jsrepr.c **** 				js_putc(J, sb, HEX[(c>>12)&15]);
 496              		.loc 1 41 5 is_stmt 1 view .LVU81
 497 00f2 7522     		movs	r2, #117	@,
 498 00f4 3146     		mov	r1, r6	@, sb
 499 00f6 2846     		mov	r0, r5	@, J
 500 00f8 FFF7FEFF 		bl	js_putc		@
 501              	.LVL48:
  42:Source/js/jsrepr.c **** 				js_putc(J, sb, HEX[(c>>8)&15]);
 502              		.loc 1 42 5 view .LVU82
 503              	@ Source/js/jsrepr.c:42: 				js_putc(J, sb, HEX[(c>>12)&15]);
  42:Source/js/jsrepr.c **** 				js_putc(J, sb, HEX[(c>>8)&15]);
 504              		.loc 1 42 26 is_stmt 0 view .LVU83
 505 00fc 019B     		ldr	r3, [sp, #4]	@ c, c
 506              	@ Source/js/jsrepr.c:42: 				js_putc(J, sb, HEX[(c>>12)&15]);
  42:Source/js/jsrepr.c **** 				js_putc(J, sb, HEX[(c>>8)&15]);
ARM GAS  /var/folders/65/xyhbx3_n6nd_hs7j3p9nfwv80000gn/T//ccls3DQP.s 			page 12


 507              		.loc 1 42 5 view .LVU84
 508 00fe 3146     		mov	r1, r6	@, sb
 509 0100 2846     		mov	r0, r5	@, J
 510              	@ Source/js/jsrepr.c:42: 				js_putc(J, sb, HEX[(c>>12)&15]);
  42:Source/js/jsrepr.c **** 				js_putc(J, sb, HEX[(c>>8)&15]);
 511              		.loc 1 42 31 view .LVU85
 512 0102 C3F30333 		ubfx	r3, r3, #12, #4	@ tmp190, c,,
 513              	@ Source/js/jsrepr.c:42: 				js_putc(J, sb, HEX[(c>>12)&15]);
  42:Source/js/jsrepr.c **** 				js_putc(J, sb, HEX[(c>>8)&15]);
 514              		.loc 1 42 5 view .LVU86
 515 0106 FA5C     		ldrb	r2, [r7, r3]	@ zero_extendqisi2	@, *_22
 516 0108 FFF7FEFF 		bl	js_putc		@
 517              	.LVL49:
  43:Source/js/jsrepr.c **** 				js_putc(J, sb, HEX[(c>>4)&15]);
 518              		.loc 1 43 5 is_stmt 1 view .LVU87
 519              	@ Source/js/jsrepr.c:43: 				js_putc(J, sb, HEX[(c>>8)&15]);
  43:Source/js/jsrepr.c **** 				js_putc(J, sb, HEX[(c>>4)&15]);
 520              		.loc 1 43 26 is_stmt 0 view .LVU88
 521 010c 019B     		ldr	r3, [sp, #4]	@ c, c
 522              	@ Source/js/jsrepr.c:43: 				js_putc(J, sb, HEX[(c>>8)&15]);
  43:Source/js/jsrepr.c **** 				js_putc(J, sb, HEX[(c>>4)&15]);
 523              		.loc 1 43 5 view .LVU89
 524 010e 3146     		mov	r1, r6	@, sb
 525 0110 2846     		mov	r0, r5	@, J
 526              	@ Source/js/jsrepr.c:43: 				js_putc(J, sb, HEX[(c>>8)&15]);
  43:Source/js/jsrepr.c **** 				js_putc(J, sb, HEX[(c>>4)&15]);
 527              		.loc 1 43 30 view .LVU90
 528 0112 C3F30323 		ubfx	r3, r3, #8, #4	@ tmp196, c,,
 529              	@ Source/js/jsrepr.c:43: 				js_putc(J, sb, HEX[(c>>8)&15]);
  43:Source/js/jsrepr.c **** 				js_putc(J, sb, HEX[(c>>4)&15]);
 530              		.loc 1 43 5 view .LVU91
 531 0116 FA5C     		ldrb	r2, [r7, r3]	@ zero_extendqisi2	@, *_30
 532              	.LVL50:
 533              	.L43:
  43:Source/js/jsrepr.c **** 				js_putc(J, sb, HEX[(c>>4)&15]);
 534              		.loc 1 43 5 view .LVU92
 535 0118 FFF7FEFF 		bl	js_putc		@
 536              	.LVL51:
  44:Source/js/jsrepr.c **** 				js_putc(J, sb, HEX[c&15]);
 537              		.loc 1 44 5 is_stmt 1 view .LVU93
 538              	@ Source/js/jsrepr.c:44: 				js_putc(J, sb, HEX[(c>>4)&15]);
  44:Source/js/jsrepr.c **** 				js_putc(J, sb, HEX[c&15]);
 539              		.loc 1 44 26 is_stmt 0 view .LVU94
 540 011c 019B     		ldr	r3, [sp, #4]	@ c, c
 541              	@ Source/js/jsrepr.c:44: 				js_putc(J, sb, HEX[(c>>4)&15]);
  44:Source/js/jsrepr.c **** 				js_putc(J, sb, HEX[c&15]);
 542              		.loc 1 44 5 view .LVU95
 543 011e 3146     		mov	r1, r6	@, sb
 544 0120 2846     		mov	r0, r5	@, J
 545              	@ Source/js/jsrepr.c:44: 				js_putc(J, sb, HEX[(c>>4)&15]);
  44:Source/js/jsrepr.c **** 				js_putc(J, sb, HEX[c&15]);
 546              		.loc 1 44 30 view .LVU96
 547 0122 C3F30313 		ubfx	r3, r3, #4, #4	@ tmp202, c,,
 548              	@ Source/js/jsrepr.c:44: 				js_putc(J, sb, HEX[(c>>4)&15]);
  44:Source/js/jsrepr.c **** 				js_putc(J, sb, HEX[c&15]);
 549              		.loc 1 44 5 view .LVU97
 550 0126 FA5C     		ldrb	r2, [r7, r3]	@ zero_extendqisi2	@,
ARM GAS  /var/folders/65/xyhbx3_n6nd_hs7j3p9nfwv80000gn/T//ccls3DQP.s 			page 13


 551 0128 FFF7FEFF 		bl	js_putc		@
 552              	.LVL52:
  45:Source/js/jsrepr.c **** 			} else {
 553              		.loc 1 45 5 is_stmt 1 view .LVU98
 554              	@ Source/js/jsrepr.c:45: 				js_putc(J, sb, HEX[c&15]);
  45:Source/js/jsrepr.c **** 			} else {
 555              		.loc 1 45 25 is_stmt 0 view .LVU99
 556 012c 019B     		ldr	r3, [sp, #4]	@ c, c
 557              	@ Source/js/jsrepr.c:45: 				js_putc(J, sb, HEX[c&15]);
  45:Source/js/jsrepr.c **** 			} else {
 558              		.loc 1 45 5 view .LVU100
 559 012e 3146     		mov	r1, r6	@, sb
 560 0130 2846     		mov	r0, r5	@, J
 561              	@ Source/js/jsrepr.c:45: 				js_putc(J, sb, HEX[c&15]);
  45:Source/js/jsrepr.c **** 			} else {
 562              		.loc 1 45 25 view .LVU101
 563 0132 03F00F03 		and	r3, r3, #15	@ tmp206, c,
 564              	@ Source/js/jsrepr.c:45: 				js_putc(J, sb, HEX[c&15]);
  45:Source/js/jsrepr.c **** 			} else {
 565              		.loc 1 45 5 view .LVU102
 566 0136 FA5C     		ldrb	r2, [r7, r3]	@ zero_extendqisi2	@,
 567 0138 FFF7FEFF 		bl	js_putc		@
 568              	.LVL53:
 569 013c 96E7     		b	.L28		@
 570              	.LVL54:
 571              	.L18:
  32:Source/js/jsrepr.c **** 				js_putc(J, sb, '\\');
 572              		.loc 1 32 4 is_stmt 1 view .LVU103
 573              	@ Source/js/jsrepr.c:32: 			if (c < ' ') {
  32:Source/js/jsrepr.c **** 				js_putc(J, sb, '\\');
 574              		.loc 1 32 7 is_stmt 0 view .LVU104
 575 013e 1F2B     		cmp	r3, #31	@ c.9_1,
 576 0140 06DD     		ble	.L17		@,
 577              	.L29:
  38:Source/js/jsrepr.c **** 			} else if (c < 0x10000) {
 578              		.loc 1 38 5 is_stmt 1 view .LVU105
 579 0142 1A46     		mov	r2, r3	@, c.9_1
 580 0144 3146     		mov	r1, r6	@, sb
 581 0146 2846     		mov	r0, r5	@, J
 582              	.LVL55:
  38:Source/js/jsrepr.c **** 			} else if (c < 0x10000) {
 583              		.loc 1 38 5 is_stmt 0 view .LVU106
 584 0148 5444     		add	r4, r4, r10	@ s, s
 585              	.LVL56:
  38:Source/js/jsrepr.c **** 			} else if (c < 0x10000) {
 586              		.loc 1 38 5 view .LVU107
 587 014a FFF7FEFF 		bl	js_putc		@
 588              	.LVL57:
 589 014e 8DE7     		b	.L28		@
 590              	.LVL58:
 591              	.L17:
  33:Source/js/jsrepr.c **** 				js_putc(J, sb, 'x');
 592              		.loc 1 33 5 is_stmt 1 view .LVU108
 593 0150 5C22     		movs	r2, #92	@,
 594 0152 3146     		mov	r1, r6	@, sb
 595 0154 2846     		mov	r0, r5	@, J
 596              	.LVL59:
ARM GAS  /var/folders/65/xyhbx3_n6nd_hs7j3p9nfwv80000gn/T//ccls3DQP.s 			page 14


  33:Source/js/jsrepr.c **** 				js_putc(J, sb, 'x');
 597              		.loc 1 33 5 is_stmt 0 view .LVU109
 598 0156 5444     		add	r4, r4, r10	@ s, s
 599              	.LVL60:
  33:Source/js/jsrepr.c **** 				js_putc(J, sb, 'x');
 600              		.loc 1 33 5 view .LVU110
 601 0158 FFF7FEFF 		bl	js_putc		@
 602              	.LVL61:
  34:Source/js/jsrepr.c **** 				js_putc(J, sb, HEX[(c>>4)&15]);
 603              		.loc 1 34 5 is_stmt 1 view .LVU111
 604 015c 7822     		movs	r2, #120	@,
 605 015e 3146     		mov	r1, r6	@, sb
 606 0160 2846     		mov	r0, r5	@, J
 607 0162 D9E7     		b	.L43		@
 608              	.LVL62:
 609              	.L45:
  47:Source/js/jsrepr.c **** 					js_putc(J, sb, s[i]);
 610              		.loc 1 47 17 view .LVU112
 611              	@ Source/js/jsrepr.c:47: 				for (i = 0; i < n; ++i)
  47:Source/js/jsrepr.c **** 					js_putc(J, sb, s[i]);
 612              		.loc 1 47 5 is_stmt 0 view .LVU113
 613 0164 0028     		cmp	r0, #0	@ n,
 614 0166 5444     		add	r4, r4, r10	@ s, s
 615 0168 80DD     		ble	.L28		@,
 616 016a 0AF1FF3A 		add	r10, r10, #-1	@ ivtmp.50, s,
 617 016e 04F1FF3B 		add	fp, r4, #-1	@ _94, s,
 618              	.LVL63:
 619              	.L34:
  48:Source/js/jsrepr.c **** 			}
 620              		.loc 1 48 6 is_stmt 1 discriminator 3 view .LVU114
 621 0172 1AF8012F 		ldrb	r2, [r10, #1]!	@ zero_extendqisi2	@, MEM[base: _10, offset: 0B]
  48:Source/js/jsrepr.c **** 			}
 622              		.loc 1 48 6 is_stmt 0 discriminator 3 view .LVU115
 623 0176 3146     		mov	r1, r6	@, sb
 624 0178 2846     		mov	r0, r5	@, J
 625 017a FFF7FEFF 		bl	js_putc		@
 626              	.LVL64:
  47:Source/js/jsrepr.c **** 					js_putc(J, sb, s[i]);
 627              		.loc 1 47 24 is_stmt 1 discriminator 3 view .LVU116
  47:Source/js/jsrepr.c **** 					js_putc(J, sb, s[i]);
 628              		.loc 1 47 17 discriminator 3 view .LVU117
 629              	@ Source/js/jsrepr.c:47: 				for (i = 0; i < n; ++i)
  47:Source/js/jsrepr.c **** 					js_putc(J, sb, s[i]);
 630              		.loc 1 47 5 is_stmt 0 discriminator 3 view .LVU118
 631 017e DA45     		cmp	r10, fp	@ ivtmp.50, _94
 632 0180 F7D1     		bne	.L34		@,
 633 0182 73E7     		b	.L28		@
 634              	.L47:
 635              		.align	2
 636              	.L46:
 637 0184 1C000000 		.word	.LC8
 638 0188 00000000 		.word	.LC1
 639 018c 14000000 		.word	.LC6
 640 0190 0C000000 		.word	.LC4
 641 0194 10000000 		.word	.LC5
 642 0198 08000000 		.word	.LC3
 643 019c 04000000 		.word	.LC2
ARM GAS  /var/folders/65/xyhbx3_n6nd_hs7j3p9nfwv80000gn/T//ccls3DQP.s 			page 15


 644 01a0 18000000 		.word	.LC7
 645              		.cfi_endproc
 646              	.LFE4:
 647              		.size	reprstr, .-reprstr
 648              		.section	.rodata.reprvalue.str1.4,"aMS",%progbits,1
 649              		.align	2
 650              	.LC9:
 651 0000 74727565 		.ascii	"true\000"
 651      00
 652 0005 000000   		.align	2
 653              	.LC10:
 654 0008 66616C73 		.ascii	"false\000"
 654      6500
 655 000e 0000     		.align	2
 656              	.LC11:
 657 0010 756E6465 		.ascii	"undefined\000"
 657      66696E65 
 657      6400
 658 001a 0000     		.align	2
 659              	.LC12:
 660 001c 6E756C6C 		.ascii	"null\000"
 660      00
 661 0021 000000   		.align	2
 662              	.LC13:
 663 0024 7B7D00   		.ascii	"{}\000"
 664 0027 00       		.align	2
 665              	.LC14:
 666 0028 2C2000   		.ascii	", \000"
 667 002b 00       		.align	2
 668              	.LC15:
 669 002c 3A2000   		.ascii	": \000"
 670 002f 00       		.align	2
 671              	.LC16:
 672 0030 5B5D00   		.ascii	"[]\000"
 673 0033 00       		.align	2
 674              	.LC17:
 675 0034 66756E63 		.ascii	"function \000"
 675      74696F6E 
 675      2000
 676 003e 0000     		.align	2
 677              	.LC18:
 678 0040 29207B20 		.ascii	") { [byte code] }\000"
 678      5B627974 
 678      6520636F 
 678      64655D20 
 678      7D00
 679 0052 0000     		.align	2
 680              	.LC19:
 681 0054 2829207B 		.ascii	"() { [native code] }\000"
 681      205B6E61 
 681      74697665 
 681      20636F64 
 681      655D207D 
 682 0069 000000   		.align	2
 683              	.LC20:
 684 006c 286E6577 		.ascii	"(new Boolean(\000"
 684      20426F6F 
ARM GAS  /var/folders/65/xyhbx3_n6nd_hs7j3p9nfwv80000gn/T//ccls3DQP.s 			page 16


 684      6C65616E 
 684      2800
 685 007a 0000     		.align	2
 686              	.LC21:
 687 007c 292900   		.ascii	"))\000"
 688 007f 00       		.align	2
 689              	.LC22:
 690 0080 286E6577 		.ascii	"(new Number(\000"
 690      204E756D 
 690      62657228 
 690      00
 691 008d 000000   		.align	2
 692              	.LC23:
 693 0090 286E6577 		.ascii	"(new String(\000"
 693      20537472 
 693      696E6728 
 693      00
 694 009d 000000   		.align	2
 695              	.LC24:
 696 00a0 286E6577 		.ascii	"(new Date(\000"
 696      20446174 
 696      652800
 697 00ab 00       		.align	2
 698              	.LC25:
 699 00ac 286E6577 		.ascii	"(new \000"
 699      2000
 700 00b2 0000     		.align	2
 701              	.LC26:
 702 00b4 6E616D65 		.ascii	"name\000"
 702      00
 703 00b9 000000   		.align	2
 704              	.LC27:
 705 00bc 6D657373 		.ascii	"message\000"
 705      61676500 
 706              		.align	2
 707              	.LC28:
 708 00c4 4D617468 		.ascii	"Math\000"
 708      00
 709 00c9 000000   		.align	2
 710              	.LC29:
 711 00cc 4A534F4E 		.ascii	"JSON\000"
 711      00
 712 00d1 000000   		.align	2
 713              	.LC30:
 714 00d4 5B697465 		.ascii	"[iterator \000"
 714      7261746F 
 714      722000
 715 00df 00       		.align	2
 716              	.LC31:
 717 00e0 5B757365 		.ascii	"[userdata \000"
 717      72646174 
 717      612000
 718              		.section	.text.reprvalue,"ax",%progbits
 719              		.align	1
 720              		.p2align 4,,15
 721              		.syntax unified
 722              		.thumb
ARM GAS  /var/folders/65/xyhbx3_n6nd_hs7j3p9nfwv80000gn/T//ccls3DQP.s 			page 17


 723              		.thumb_func
 724              		.fpu fpv5-sp-d16
 725              		.type	reprvalue, %function
 726              	reprvalue:
 727              	.LVL65:
 728              	.LFB9:
  56:Source/js/jsrepr.c **** 
  57:Source/js/jsrepr.c **** #ifndef isalpha
  58:Source/js/jsrepr.c **** #define isalpha(c) ((c >= 'a' && c <= 'z') || (c >= 'A' && c <= 'Z'))
  59:Source/js/jsrepr.c **** #endif
  60:Source/js/jsrepr.c **** #ifndef isdigit
  61:Source/js/jsrepr.c **** #define isdigit(c) (c >= '0' && c <= '9')
  62:Source/js/jsrepr.c **** #endif
  63:Source/js/jsrepr.c **** 
  64:Source/js/jsrepr.c **** static void reprident(js_State *J, js_Buffer **sb, const char *name)
  65:Source/js/jsrepr.c **** {
  66:Source/js/jsrepr.c **** 	const char *p = name;
  67:Source/js/jsrepr.c **** 	if (isdigit(*p))
  68:Source/js/jsrepr.c **** 		while (isdigit(*p))
  69:Source/js/jsrepr.c **** 			++p;
  70:Source/js/jsrepr.c **** 	else if (isalpha(*p) || *p == '_')
  71:Source/js/jsrepr.c **** 		while (isdigit(*p) || isalpha(*p) || *p == '_')
  72:Source/js/jsrepr.c **** 			++p;
  73:Source/js/jsrepr.c **** 	if (p > name && *p == 0)
  74:Source/js/jsrepr.c **** 		js_puts(J, sb, name);
  75:Source/js/jsrepr.c **** 	else
  76:Source/js/jsrepr.c **** 		reprstr(J, sb, name);
  77:Source/js/jsrepr.c **** }
  78:Source/js/jsrepr.c **** 
  79:Source/js/jsrepr.c **** static void reprobject(js_State *J, js_Buffer **sb)
  80:Source/js/jsrepr.c **** {
  81:Source/js/jsrepr.c **** 	const char *key;
  82:Source/js/jsrepr.c **** 	int i, n;
  83:Source/js/jsrepr.c **** 
  84:Source/js/jsrepr.c **** 	n = js_gettop(J) - 1;
  85:Source/js/jsrepr.c **** 	for (i = 0; i < n; ++i) {
  86:Source/js/jsrepr.c **** 		if (js_isobject(J, i)) {
  87:Source/js/jsrepr.c **** 			if (js_toobject(J, i) == js_toobject(J, -1)) {
  88:Source/js/jsrepr.c **** 				js_puts(J, sb, "{}");
  89:Source/js/jsrepr.c **** 				return;
  90:Source/js/jsrepr.c **** 			}
  91:Source/js/jsrepr.c **** 		}
  92:Source/js/jsrepr.c **** 	}
  93:Source/js/jsrepr.c **** 
  94:Source/js/jsrepr.c **** 	n = 0;
  95:Source/js/jsrepr.c **** 	js_putc(J, sb, '{');
  96:Source/js/jsrepr.c **** 	js_pushiterator(J, -1, 1);
  97:Source/js/jsrepr.c **** 	while ((key = js_nextiterator(J, -1))) {
  98:Source/js/jsrepr.c **** 		if (n++ > 0)
  99:Source/js/jsrepr.c **** 			js_puts(J, sb, ", ");
 100:Source/js/jsrepr.c **** 		reprident(J, sb, key);
 101:Source/js/jsrepr.c **** 		js_puts(J, sb, ": ");
 102:Source/js/jsrepr.c **** 		js_getproperty(J, -2, key);
 103:Source/js/jsrepr.c **** 		reprvalue(J, sb);
 104:Source/js/jsrepr.c **** 		js_pop(J, 1);
 105:Source/js/jsrepr.c **** 	}
 106:Source/js/jsrepr.c **** 	js_pop(J, 1);
ARM GAS  /var/folders/65/xyhbx3_n6nd_hs7j3p9nfwv80000gn/T//ccls3DQP.s 			page 18


 107:Source/js/jsrepr.c **** 	js_putc(J, sb, '}');
 108:Source/js/jsrepr.c **** }
 109:Source/js/jsrepr.c **** 
 110:Source/js/jsrepr.c **** static void reprarray(js_State *J, js_Buffer **sb)
 111:Source/js/jsrepr.c **** {
 112:Source/js/jsrepr.c **** 	int n, i;
 113:Source/js/jsrepr.c **** 
 114:Source/js/jsrepr.c **** 	n = js_gettop(J) - 1;
 115:Source/js/jsrepr.c **** 	for (i = 0; i < n; ++i) {
 116:Source/js/jsrepr.c **** 		if (js_isobject(J, i)) {
 117:Source/js/jsrepr.c **** 			if (js_toobject(J, i) == js_toobject(J, -1)) {
 118:Source/js/jsrepr.c **** 				js_puts(J, sb, "[]");
 119:Source/js/jsrepr.c **** 				return;
 120:Source/js/jsrepr.c **** 			}
 121:Source/js/jsrepr.c **** 		}
 122:Source/js/jsrepr.c **** 	}
 123:Source/js/jsrepr.c **** 
 124:Source/js/jsrepr.c **** 	js_putc(J, sb, '[');
 125:Source/js/jsrepr.c **** 	n = js_getlength(J, -1);
 126:Source/js/jsrepr.c **** 	for (i = 0; i < n; ++i) {
 127:Source/js/jsrepr.c **** 		if (i > 0)
 128:Source/js/jsrepr.c **** 			js_puts(J, sb, ", ");
 129:Source/js/jsrepr.c **** 		if (js_hasindex(J, -1, i)) {
 130:Source/js/jsrepr.c **** 			reprvalue(J, sb);
 131:Source/js/jsrepr.c **** 			js_pop(J, 1);
 132:Source/js/jsrepr.c **** 		}
 133:Source/js/jsrepr.c **** 	}
 134:Source/js/jsrepr.c **** 	js_putc(J, sb, ']');
 135:Source/js/jsrepr.c **** }
 136:Source/js/jsrepr.c **** 
 137:Source/js/jsrepr.c **** static void reprfun(js_State *J, js_Buffer **sb, js_Function *fun)
 138:Source/js/jsrepr.c **** {
 139:Source/js/jsrepr.c **** 	int i;
 140:Source/js/jsrepr.c **** 	js_puts(J, sb, "function ");
 141:Source/js/jsrepr.c **** 	js_puts(J, sb, fun->name);
 142:Source/js/jsrepr.c **** 	js_putc(J, sb, '(');
 143:Source/js/jsrepr.c **** 	for (i = 0; i < fun->numparams; ++i) {
 144:Source/js/jsrepr.c **** 		if (i > 0)
 145:Source/js/jsrepr.c **** 			js_puts(J, sb, ", ");
 146:Source/js/jsrepr.c **** 		js_puts(J, sb, fun->vartab[i]);
 147:Source/js/jsrepr.c **** 	}
 148:Source/js/jsrepr.c **** 	js_puts(J, sb, ") { [byte code] }");
 149:Source/js/jsrepr.c **** }
 150:Source/js/jsrepr.c **** 
 151:Source/js/jsrepr.c **** static void reprvalue(js_State *J, js_Buffer **sb)
 152:Source/js/jsrepr.c **** {
 729              		.loc 1 152 1 is_stmt 1 view -0
 730              		.cfi_startproc
 731              		@ args = 0, pretend = 0, frame = 40
 732              		@ frame_needed = 0, uses_anonymous_args = 0
 153:Source/js/jsrepr.c **** 	if (js_isundefined(J, -1))
 733              		.loc 1 153 2 view .LVU120
 734              	@ Source/js/jsrepr.c:152: {
 152:Source/js/jsrepr.c **** 	if (js_isundefined(J, -1))
 735              		.loc 1 152 1 is_stmt 0 view .LVU121
 736 0000 2DE9F043 		push	{r4, r5, r6, r7, r8, r9, lr}	@
 737              	.LCFI9:
ARM GAS  /var/folders/65/xyhbx3_n6nd_hs7j3p9nfwv80000gn/T//ccls3DQP.s 			page 19


 738              		.cfi_def_cfa_offset 28
 739              		.cfi_offset 4, -28
 740              		.cfi_offset 5, -24
 741              		.cfi_offset 6, -20
 742              		.cfi_offset 7, -16
 743              		.cfi_offset 8, -12
 744              		.cfi_offset 9, -8
 745              		.cfi_offset 14, -4
 746 0004 0D46     		mov	r5, r1	@ tmp291, sb
 747 0006 8BB0     		sub	sp, sp, #44	@,,
 748              	.LCFI10:
 749              		.cfi_def_cfa_offset 72
 750              	@ Source/js/jsrepr.c:153: 	if (js_isundefined(J, -1))
 751              		.loc 1 153 6 view .LVU122
 752 0008 4FF0FF31 		mov	r1, #-1	@,
 753              	.LVL66:
 754              	@ Source/js/jsrepr.c:152: {
 152:Source/js/jsrepr.c **** 	if (js_isundefined(J, -1))
 755              		.loc 1 152 1 view .LVU123
 756 000c 0446     		mov	r4, r0	@ J, tmp290
 757              	@ Source/js/jsrepr.c:153: 	if (js_isundefined(J, -1))
 758              		.loc 1 153 6 view .LVU124
 759 000e FFF7FEFF 		bl	js_isundefined		@
 760              	.LVL67:
 761              	@ Source/js/jsrepr.c:153: 	if (js_isundefined(J, -1))
 762              		.loc 1 153 5 view .LVU125
 763 0012 38B1     		cbz	r0, .L49	@ tmp292,
 154:Source/js/jsrepr.c **** 		js_puts(J, sb, "undefined");
 764              		.loc 1 154 3 is_stmt 1 view .LVU126
 765 0014 2946     		mov	r1, r5	@, sb
 766 0016 2046     		mov	r0, r4	@, J
 767 0018 C64A     		ldr	r2, .L145	@,
 768 001a FFF7FEFF 		bl	js_puts		@
 769              	.LVL68:
 770              	.L48:
 771              	@ Source/js/jsrepr.c:240: }
 155:Source/js/jsrepr.c **** 	else if (js_isnull(J, -1))
 156:Source/js/jsrepr.c **** 		js_puts(J, sb, "null");
 157:Source/js/jsrepr.c **** 	else if (js_isboolean(J, -1))
 158:Source/js/jsrepr.c **** 		js_puts(J, sb, js_toboolean(J, -1) ? "true" : "false");
 159:Source/js/jsrepr.c **** 	else if (js_isnumber(J, -1))
 160:Source/js/jsrepr.c **** 		reprnum(J, sb, js_tonumber(J, -1));
 161:Source/js/jsrepr.c **** 	else if (js_isstring(J, -1))
 162:Source/js/jsrepr.c **** 		reprstr(J, sb, js_tostring(J, -1));
 163:Source/js/jsrepr.c **** 	else if (js_isobject(J, -1)) {
 164:Source/js/jsrepr.c **** 		js_Object *obj = js_toobject(J, -1);
 165:Source/js/jsrepr.c **** 		switch (obj->type) {
 166:Source/js/jsrepr.c **** 		default:
 167:Source/js/jsrepr.c **** 			reprobject(J, sb);
 168:Source/js/jsrepr.c **** 			break;
 169:Source/js/jsrepr.c **** 		case JS_CARRAY:
 170:Source/js/jsrepr.c **** 			reprarray(J, sb);
 171:Source/js/jsrepr.c **** 			break;
 172:Source/js/jsrepr.c **** 		case JS_CFUNCTION:
 173:Source/js/jsrepr.c **** 		case JS_CSCRIPT:
 174:Source/js/jsrepr.c **** 			reprfun(J, sb, obj->u.f.function);
 175:Source/js/jsrepr.c **** 			break;
ARM GAS  /var/folders/65/xyhbx3_n6nd_hs7j3p9nfwv80000gn/T//ccls3DQP.s 			page 20


 176:Source/js/jsrepr.c **** 		case JS_CCFUNCTION:
 177:Source/js/jsrepr.c **** 			js_puts(J, sb, "function ");
 178:Source/js/jsrepr.c **** 			js_puts(J, sb, obj->u.c.name);
 179:Source/js/jsrepr.c **** 			js_puts(J, sb, "() { [native code] }");
 180:Source/js/jsrepr.c **** 			break;
 181:Source/js/jsrepr.c **** 		case JS_CBOOLEAN:
 182:Source/js/jsrepr.c **** 			js_puts(J, sb, "(new Boolean(");
 183:Source/js/jsrepr.c **** 			js_puts(J, sb, obj->u.boolean ? "true" : "false");
 184:Source/js/jsrepr.c **** 			js_puts(J, sb, "))");
 185:Source/js/jsrepr.c **** 			break;
 186:Source/js/jsrepr.c **** 		case JS_CNUMBER:
 187:Source/js/jsrepr.c **** 			js_puts(J, sb, "(new Number(");
 188:Source/js/jsrepr.c **** 			reprnum(J, sb, obj->u.number);
 189:Source/js/jsrepr.c **** 			js_puts(J, sb, "))");
 190:Source/js/jsrepr.c **** 			break;
 191:Source/js/jsrepr.c **** 		case JS_CSTRING:
 192:Source/js/jsrepr.c **** 			js_puts(J, sb, "(new String(");
 193:Source/js/jsrepr.c **** 			reprstr(J, sb, obj->u.s.string);
 194:Source/js/jsrepr.c **** 			js_puts(J, sb, "))");
 195:Source/js/jsrepr.c **** 			break;
 196:Source/js/jsrepr.c **** 		case JS_CREGEXP:
 197:Source/js/jsrepr.c **** 			js_putc(J, sb, '/');
 198:Source/js/jsrepr.c **** 			js_puts(J, sb, obj->u.r.source);
 199:Source/js/jsrepr.c **** 			js_putc(J, sb, '/');
 200:Source/js/jsrepr.c **** 			if (obj->u.r.flags & JS_REGEXP_G) js_putc(J, sb, 'g');
 201:Source/js/jsrepr.c **** 			if (obj->u.r.flags & JS_REGEXP_I) js_putc(J, sb, 'i');
 202:Source/js/jsrepr.c **** 			if (obj->u.r.flags & JS_REGEXP_M) js_putc(J, sb, 'm');
 203:Source/js/jsrepr.c **** 			break;
 204:Source/js/jsrepr.c **** 		case JS_CDATE:
 205:Source/js/jsrepr.c **** 			{
 206:Source/js/jsrepr.c **** 				char buf[40];
 207:Source/js/jsrepr.c **** 				js_puts(J, sb, "(new Date(");
 208:Source/js/jsrepr.c **** 				js_puts(J, sb, jsV_numbertostring(J, buf, obj->u.number));
 209:Source/js/jsrepr.c **** 				js_puts(J, sb, "))");
 210:Source/js/jsrepr.c **** 			}
 211:Source/js/jsrepr.c **** 			break;
 212:Source/js/jsrepr.c **** 		case JS_CERROR:
 213:Source/js/jsrepr.c **** 			js_puts(J, sb, "(new ");
 214:Source/js/jsrepr.c **** 			js_getproperty(J, -1, "name");
 215:Source/js/jsrepr.c **** 			js_puts(J, sb, js_tostring(J, -1));
 216:Source/js/jsrepr.c **** 			js_pop(J, 1);
 217:Source/js/jsrepr.c **** 			js_putc(J, sb, '(');
 218:Source/js/jsrepr.c **** 			if (js_hasproperty(J, -1, "message")) {
 219:Source/js/jsrepr.c **** 				reprvalue(J, sb);
 220:Source/js/jsrepr.c **** 				js_pop(J, 1);
 221:Source/js/jsrepr.c **** 			}
 222:Source/js/jsrepr.c **** 			js_puts(J, sb, "))");
 223:Source/js/jsrepr.c **** 			break;
 224:Source/js/jsrepr.c **** 		case JS_CMATH:
 225:Source/js/jsrepr.c **** 			js_puts(J, sb, "Math");
 226:Source/js/jsrepr.c **** 			break;
 227:Source/js/jsrepr.c **** 		case JS_CJSON:
 228:Source/js/jsrepr.c **** 			js_puts(J, sb, "JSON");
 229:Source/js/jsrepr.c **** 			break;
 230:Source/js/jsrepr.c **** 		case JS_CITERATOR:
 231:Source/js/jsrepr.c **** 			js_puts(J, sb, "[iterator ");
 232:Source/js/jsrepr.c **** 			break;
ARM GAS  /var/folders/65/xyhbx3_n6nd_hs7j3p9nfwv80000gn/T//ccls3DQP.s 			page 21


 233:Source/js/jsrepr.c **** 		case JS_CUSERDATA:
 234:Source/js/jsrepr.c **** 			js_puts(J, sb, "[userdata ");
 235:Source/js/jsrepr.c **** 			js_puts(J, sb, obj->u.user.tag);
 236:Source/js/jsrepr.c **** 			js_putc(J, sb, ']');
 237:Source/js/jsrepr.c **** 			break;
 238:Source/js/jsrepr.c **** 		}
 239:Source/js/jsrepr.c **** 	}
 240:Source/js/jsrepr.c **** }
 772              		.loc 1 240 1 is_stmt 0 view .LVU127
 773 001e 0BB0     		add	sp, sp, #44	@,,
 774              	.LCFI11:
 775              		.cfi_remember_state
 776              		.cfi_def_cfa_offset 28
 777              		@ sp needed	@
 778 0020 BDE8F083 		pop	{r4, r5, r6, r7, r8, r9, pc}	@
 779              	.LVL69:
 780              	.L49:
 781              	.LCFI12:
 782              		.cfi_restore_state
 155:Source/js/jsrepr.c **** 	else if (js_isnull(J, -1))
 783              		.loc 1 155 7 is_stmt 1 view .LVU128
 784              	@ Source/js/jsrepr.c:155: 	else if (js_isnull(J, -1))
 155:Source/js/jsrepr.c **** 	else if (js_isnull(J, -1))
 785              		.loc 1 155 11 is_stmt 0 view .LVU129
 786 0024 4FF0FF31 		mov	r1, #-1	@,
 787 0028 2046     		mov	r0, r4	@, J
 788 002a FFF7FEFF 		bl	js_isnull		@
 789              	.LVL70:
 790              	@ Source/js/jsrepr.c:155: 	else if (js_isnull(J, -1))
 155:Source/js/jsrepr.c **** 	else if (js_isnull(J, -1))
 791              		.loc 1 155 10 view .LVU130
 792 002e 38B1     		cbz	r0, .L51	@ tmp293,
 156:Source/js/jsrepr.c **** 	else if (js_isboolean(J, -1))
 793              		.loc 1 156 3 is_stmt 1 view .LVU131
 794 0030 2946     		mov	r1, r5	@, sb
 795 0032 2046     		mov	r0, r4	@, J
 796 0034 C04A     		ldr	r2, .L145+4	@,
 797 0036 FFF7FEFF 		bl	js_puts		@
 798              	.LVL71:
 799              	@ Source/js/jsrepr.c:240: }
 800              		.loc 1 240 1 is_stmt 0 view .LVU132
 801 003a 0BB0     		add	sp, sp, #44	@,,
 802              	.LCFI13:
 803              		.cfi_remember_state
 804              		.cfi_def_cfa_offset 28
 805              		@ sp needed	@
 806 003c BDE8F083 		pop	{r4, r5, r6, r7, r8, r9, pc}	@
 807              	.LVL72:
 808              	.L51:
 809              	.LCFI14:
 810              		.cfi_restore_state
 811              	.LBB16:
 812              	.LBI16:
 151:Source/js/jsrepr.c **** {
 813              		.loc 1 151 13 is_stmt 1 view .LVU133
 814              	.LBB17:
 157:Source/js/jsrepr.c **** 		js_puts(J, sb, js_toboolean(J, -1) ? "true" : "false");
ARM GAS  /var/folders/65/xyhbx3_n6nd_hs7j3p9nfwv80000gn/T//ccls3DQP.s 			page 22


 815              		.loc 1 157 7 view .LVU134
 816              	@ Source/js/jsrepr.c:157: 	else if (js_isboolean(J, -1))
 157:Source/js/jsrepr.c **** 		js_puts(J, sb, js_toboolean(J, -1) ? "true" : "false");
 817              		.loc 1 157 11 is_stmt 0 view .LVU135
 818 0040 4FF0FF31 		mov	r1, #-1	@,
 819 0044 2046     		mov	r0, r4	@, J
 820 0046 FFF7FEFF 		bl	js_isboolean		@
 821              	.LVL73:
 822              	@ Source/js/jsrepr.c:158: 		js_puts(J, sb, js_toboolean(J, -1) ? "true" : "false");
 158:Source/js/jsrepr.c **** 	else if (js_isnumber(J, -1))
 823              		.loc 1 158 18 view .LVU136
 824 004a 4FF0FF31 		mov	r1, #-1	@,
 825              	@ Source/js/jsrepr.c:157: 	else if (js_isboolean(J, -1))
 157:Source/js/jsrepr.c **** 		js_puts(J, sb, js_toboolean(J, -1) ? "true" : "false");
 826              		.loc 1 157 10 view .LVU137
 827 004e 78B9     		cbnz	r0, .L138	@ tmp294,
 159:Source/js/jsrepr.c **** 		reprnum(J, sb, js_tonumber(J, -1));
 828              		.loc 1 159 7 is_stmt 1 view .LVU138
 829              	@ Source/js/jsrepr.c:159: 	else if (js_isnumber(J, -1))
 159:Source/js/jsrepr.c **** 		reprnum(J, sb, js_tonumber(J, -1));
 830              		.loc 1 159 11 is_stmt 0 view .LVU139
 831 0050 2046     		mov	r0, r4	@, J
 832 0052 FFF7FEFF 		bl	js_isnumber		@
 833              	.LVL74:
 834              	@ Source/js/jsrepr.c:160: 		reprnum(J, sb, js_tonumber(J, -1));
 160:Source/js/jsrepr.c **** 	else if (js_isstring(J, -1))
 835              		.loc 1 160 3 view .LVU140
 836 0056 4FF0FF31 		mov	r1, #-1	@,
 837              	@ Source/js/jsrepr.c:159: 	else if (js_isnumber(J, -1))
 159:Source/js/jsrepr.c **** 		reprnum(J, sb, js_tonumber(J, -1));
 838              		.loc 1 159 10 view .LVU141
 839 005a D0B1     		cbz	r0, .L54	@ tmp296,
 160:Source/js/jsrepr.c **** 	else if (js_isstring(J, -1))
 840              		.loc 1 160 3 is_stmt 1 view .LVU142
 841 005c 2046     		mov	r0, r4	@, J
 842 005e FFF7FEFF 		bl	js_tonumber		@
 843              	.LVL75:
 844 0062 2946     		mov	r1, r5	@, sb
 845 0064 2046     		mov	r0, r4	@, J
 846 0066 53EC102B 		vmov	r2, r3, d0	@ tmp297,
 847 006a FFF7FEFF 		bl	reprnum		@
 848              	.LVL76:
 849 006e D6E7     		b	.L48		@
 850              	.L138:
 158:Source/js/jsrepr.c **** 	else if (js_isnumber(J, -1))
 851              		.loc 1 158 3 view .LVU143
 852              	@ Source/js/jsrepr.c:158: 		js_puts(J, sb, js_toboolean(J, -1) ? "true" : "false");
 158:Source/js/jsrepr.c **** 	else if (js_isnumber(J, -1))
 853              		.loc 1 158 18 is_stmt 0 view .LVU144
 854 0070 2046     		mov	r0, r4	@, J
 855              	@ Source/js/jsrepr.c:158: 		js_puts(J, sb, js_toboolean(J, -1) ? "true" : "false");
 158:Source/js/jsrepr.c **** 	else if (js_isnumber(J, -1))
 856              		.loc 1 158 3 view .LVU145
 857 0072 B24E     		ldr	r6, .L145+8	@ tmp277,
 858              	@ Source/js/jsrepr.c:158: 		js_puts(J, sb, js_toboolean(J, -1) ? "true" : "false");
 158:Source/js/jsrepr.c **** 	else if (js_isnumber(J, -1))
 859              		.loc 1 158 18 view .LVU146
ARM GAS  /var/folders/65/xyhbx3_n6nd_hs7j3p9nfwv80000gn/T//ccls3DQP.s 			page 23


 860 0074 FFF7FEFF 		bl	js_toboolean		@
 861              	.LVL77:
 862              	@ Source/js/jsrepr.c:158: 		js_puts(J, sb, js_toboolean(J, -1) ? "true" : "false");
 158:Source/js/jsrepr.c **** 	else if (js_isnumber(J, -1))
 863              		.loc 1 158 3 view .LVU147
 864 0078 B14B     		ldr	r3, .L145+12	@ tmp278,
 865              	@ Source/js/jsrepr.c:158: 		js_puts(J, sb, js_toboolean(J, -1) ? "true" : "false");
 158:Source/js/jsrepr.c **** 	else if (js_isnumber(J, -1))
 866              		.loc 1 158 18 view .LVU148
 867 007a 0246     		mov	r2, r0	@ tmp295,
 868              	@ Source/js/jsrepr.c:158: 		js_puts(J, sb, js_toboolean(J, -1) ? "true" : "false");
 158:Source/js/jsrepr.c **** 	else if (js_isnumber(J, -1))
 869              		.loc 1 158 3 view .LVU149
 870 007c 2946     		mov	r1, r5	@, sb
 871 007e 2046     		mov	r0, r4	@, J
 872 0080 002A     		cmp	r2, #0	@ tmp295,
 873 0082 14BF     		ite	ne		@
 874 0084 3246     		movne	r2, r6	@,, tmp277
 875 0086 1A46     		moveq	r2, r3	@,, tmp278
 876 0088 FFF7FEFF 		bl	js_puts		@
 877              	.LVL78:
 878              	.LBE17:
 879              	.LBE16:
 880              	@ Source/js/jsrepr.c:240: }
 881              		.loc 1 240 1 view .LVU150
 882 008c 0BB0     		add	sp, sp, #44	@,,
 883              	.LCFI15:
 884              		.cfi_remember_state
 885              		.cfi_def_cfa_offset 28
 886              		@ sp needed	@
 887 008e BDE8F083 		pop	{r4, r5, r6, r7, r8, r9, pc}	@
 888              	.LVL79:
 889              	.L54:
 890              	.LCFI16:
 891              		.cfi_restore_state
 892              	.LBB38:
 893              	.LBB36:
 161:Source/js/jsrepr.c **** 		reprstr(J, sb, js_tostring(J, -1));
 894              		.loc 1 161 7 is_stmt 1 view .LVU151
 895              	@ Source/js/jsrepr.c:161: 	else if (js_isstring(J, -1))
 161:Source/js/jsrepr.c **** 		reprstr(J, sb, js_tostring(J, -1));
 896              		.loc 1 161 11 is_stmt 0 view .LVU152
 897 0092 2046     		mov	r0, r4	@, J
 898 0094 FFF7FEFF 		bl	js_isstring		@
 899              	.LVL80:
 900              	@ Source/js/jsrepr.c:161: 	else if (js_isstring(J, -1))
 161:Source/js/jsrepr.c **** 		reprstr(J, sb, js_tostring(J, -1));
 901              		.loc 1 161 10 view .LVU153
 902 0098 0646     		mov	r6, r0	@ i, tmp298
 903              	@ Source/js/jsrepr.c:162: 		reprstr(J, sb, js_tostring(J, -1));
 162:Source/js/jsrepr.c **** 	else if (js_isobject(J, -1)) {
 904              		.loc 1 162 3 view .LVU154
 905 009a 4FF0FF31 		mov	r1, #-1	@,
 906 009e 2046     		mov	r0, r4	@, J
 907              	@ Source/js/jsrepr.c:161: 	else if (js_isstring(J, -1))
 161:Source/js/jsrepr.c **** 		reprstr(J, sb, js_tostring(J, -1));
 908              		.loc 1 161 10 view .LVU155
ARM GAS  /var/folders/65/xyhbx3_n6nd_hs7j3p9nfwv80000gn/T//ccls3DQP.s 			page 24


 909 00a0 FEB9     		cbnz	r6, .L139	@ i,
 910              	.LVL81:
 163:Source/js/jsrepr.c **** 		js_Object *obj = js_toobject(J, -1);
 911              		.loc 1 163 7 is_stmt 1 view .LVU156
 912              	@ Source/js/jsrepr.c:163: 	else if (js_isobject(J, -1)) {
 163:Source/js/jsrepr.c **** 		js_Object *obj = js_toobject(J, -1);
 913              		.loc 1 163 11 is_stmt 0 view .LVU157
 914 00a2 FFF7FEFF 		bl	js_isobject		@
 915              	.LVL82:
 916              	@ Source/js/jsrepr.c:163: 	else if (js_isobject(J, -1)) {
 163:Source/js/jsrepr.c **** 		js_Object *obj = js_toobject(J, -1);
 917              		.loc 1 163 10 view .LVU158
 918 00a6 0028     		cmp	r0, #0	@ tmp300
 919 00a8 B9D0     		beq	.L48	@
 920              	.LBB18:
 164:Source/js/jsrepr.c **** 		switch (obj->type) {
 921              		.loc 1 164 3 is_stmt 1 view .LVU159
 922              	@ Source/js/jsrepr.c:164: 		js_Object *obj = js_toobject(J, -1);
 164:Source/js/jsrepr.c **** 		switch (obj->type) {
 923              		.loc 1 164 20 is_stmt 0 view .LVU160
 924 00aa 4FF0FF31 		mov	r1, #-1	@,
 925 00ae 2046     		mov	r0, r4	@, J
 926 00b0 FFF7FEFF 		bl	js_toobject		@
 927              	.LVL83:
 928 00b4 0378     		ldrb	r3, [r0]	@ zero_extendqisi2	@ obj_20->type, obj_20->type
 929 00b6 0746     		mov	r7, r0	@ obj, tmp301
 930              	.LVL84:
 165:Source/js/jsrepr.c **** 		default:
 931              		.loc 1 165 3 is_stmt 1 view .LVU161
 932 00b8 013B     		subs	r3, r3, #1	@ tmp189, obj_20->type,
 933 00ba 0E2B     		cmp	r3, #14	@ tmp189,
 934 00bc 00F23181 		bhi	.L57		@
 935 00c0 DFE813F0 		tbh	[pc, r3, lsl #1]	@ tmp189
 936              	.L59:
 937 00c4 0901     		.2byte	(.L71-.L59)/2
 938 00c6 1700     		.2byte	(.L70-.L59)/2
 939 00c8 1700     		.2byte	(.L70-.L59)/2
 940 00ca 4300     		.2byte	(.L69-.L59)/2
 941 00cc D900     		.2byte	(.L68-.L59)/2
 942 00ce CB00     		.2byte	(.L67-.L59)/2
 943 00d0 BA00     		.2byte	(.L66-.L59)/2
 944 00d2 AA00     		.2byte	(.L65-.L59)/2
 945 00d4 7500     		.2byte	(.L64-.L59)/2
 946 00d6 5F00     		.2byte	(.L63-.L59)/2
 947 00d8 5900     		.2byte	(.L62-.L59)/2
 948 00da 5300     		.2byte	(.L61-.L59)/2
 949 00dc 2F01     		.2byte	(.L57-.L59)/2
 950 00de A400     		.2byte	(.L60-.L59)/2
 951 00e0 9400     		.2byte	(.L58-.L59)/2
 952              	.LVL85:
 953              		.p2align 1
 954              	.L139:
 165:Source/js/jsrepr.c **** 		default:
 955              		.loc 1 165 3 is_stmt 0 view .LVU162
 956              	.LBE18:
 162:Source/js/jsrepr.c **** 	else if (js_isobject(J, -1)) {
 957              		.loc 1 162 3 is_stmt 1 view .LVU163
ARM GAS  /var/folders/65/xyhbx3_n6nd_hs7j3p9nfwv80000gn/T//ccls3DQP.s 			page 25


 958 00e2 FFF7FEFF 		bl	js_tostring		@
 959              	.LVL86:
 162:Source/js/jsrepr.c **** 	else if (js_isobject(J, -1)) {
 960              		.loc 1 162 3 is_stmt 0 view .LVU164
 961 00e6 2946     		mov	r1, r5	@, sb
 962 00e8 0246     		mov	r2, r0	@ tmp299,
 963 00ea 2046     		mov	r0, r4	@, J
 964 00ec FFF7FEFF 		bl	reprstr		@
 965              	.LVL87:
 966 00f0 95E7     		b	.L48		@
 967              	.LVL88:
 968              	.L70:
 969              	.LBB34:
 174:Source/js/jsrepr.c **** 			break;
 970              		.loc 1 174 4 is_stmt 1 view .LVU165
 971 00f2 8769     		ldr	r7, [r0, #24]	@ _22, obj_20->u.f.function
 972              	.LVL89:
 973              	.LBB19:
 974              	.LBI19:
 137:Source/js/jsrepr.c **** {
 975              		.loc 1 137 13 view .LVU166
 976              	.LBB20:
 139:Source/js/jsrepr.c **** 	js_puts(J, sb, "function ");
 977              		.loc 1 139 2 view .LVU167
 140:Source/js/jsrepr.c **** 	js_puts(J, sb, fun->name);
 978              		.loc 1 140 2 view .LVU168
 979 00f4 2946     		mov	r1, r5	@, sb
 980 00f6 934A     		ldr	r2, .L145+16	@,
 981 00f8 2046     		mov	r0, r4	@, J
 982              	.LVL90:
 140:Source/js/jsrepr.c **** 	js_puts(J, sb, fun->name);
 983              		.loc 1 140 2 is_stmt 0 view .LVU169
 984 00fa FFF7FEFF 		bl	js_puts		@
 985              	.LVL91:
 141:Source/js/jsrepr.c **** 	js_putc(J, sb, '(');
 986              		.loc 1 141 2 is_stmt 1 view .LVU170
 987 00fe 3A68     		ldr	r2, [r7]	@, _22->name
 988 0100 2946     		mov	r1, r5	@, sb
 989 0102 2046     		mov	r0, r4	@, J
 990 0104 FFF7FEFF 		bl	js_puts		@
 991              	.LVL92:
 142:Source/js/jsrepr.c **** 	for (i = 0; i < fun->numparams; ++i) {
 992              		.loc 1 142 2 view .LVU171
 993 0108 2822     		movs	r2, #40	@,
 994 010a 2946     		mov	r1, r5	@, sb
 995 010c 2046     		mov	r0, r4	@, J
 996 010e FFF7FEFF 		bl	js_putc		@
 997              	.LVL93:
 143:Source/js/jsrepr.c **** 		if (i > 0)
 998              		.loc 1 143 2 view .LVU172
 143:Source/js/jsrepr.c **** 		if (i > 0)
 999              		.loc 1 143 14 view .LVU173
 1000              	@ Source/js/jsrepr.c:143: 	for (i = 0; i < fun->numparams; ++i) {
 143:Source/js/jsrepr.c **** 		if (i > 0)
 1001              		.loc 1 143 2 is_stmt 0 view .LVU174
 1002 0112 7B69     		ldr	r3, [r7, #20]	@ _22->numparams, _22->numparams
 1003 0114 002B     		cmp	r3, #0	@ _22->numparams,
ARM GAS  /var/folders/65/xyhbx3_n6nd_hs7j3p9nfwv80000gn/T//ccls3DQP.s 			page 26


 1004 0116 12DD     		ble	.L96		@,
 1005              	@ Source/js/jsrepr.c:145: 			js_puts(J, sb, ", ");
 145:Source/js/jsrepr.c **** 		js_puts(J, sb, fun->vartab[i]);
 1006              		.loc 1 145 4 view .LVU175
 1007 0118 DFF86882 		ldr	r8, .L145+80	@ tmp289,
 1008 011c 01E0     		b	.L94		@
 1009              	.LVL94:
 1010              	.L95:
 145:Source/js/jsrepr.c **** 		js_puts(J, sb, fun->vartab[i]);
 1011              		.loc 1 145 4 view .LVU176
 1012 011e FFF7FEFF 		bl	js_puts		@
 1013              	.LVL95:
 1014              	.L94:
 146:Source/js/jsrepr.c **** 	}
 1015              		.loc 1 146 3 is_stmt 1 view .LVU177
 1016 0122 3B6B     		ldr	r3, [r7, #48]	@ _22->vartab, _22->vartab
 1017 0124 2946     		mov	r1, r5	@, sb
 1018 0126 2046     		mov	r0, r4	@, J
 1019 0128 53F82620 		ldr	r2, [r3, r6, lsl #2]	@, *_89
 1020              	@ Source/js/jsrepr.c:143: 	for (i = 0; i < fun->numparams; ++i) {
 143:Source/js/jsrepr.c **** 		if (i > 0)
 1021              		.loc 1 143 34 is_stmt 0 view .LVU178
 1022 012c 0136     		adds	r6, r6, #1	@ i, i,
 1023              	@ Source/js/jsrepr.c:146: 		js_puts(J, sb, fun->vartab[i]);
 146:Source/js/jsrepr.c **** 	}
 1024              		.loc 1 146 3 view .LVU179
 1025 012e FFF7FEFF 		bl	js_puts		@
 1026              	.LVL96:
 144:Source/js/jsrepr.c **** 			js_puts(J, sb, ", ");
 1027              		.loc 1 144 3 is_stmt 1 view .LVU180
 145:Source/js/jsrepr.c **** 		js_puts(J, sb, fun->vartab[i]);
 1028              		.loc 1 145 4 view .LVU181
 143:Source/js/jsrepr.c **** 		if (i > 0)
 1029              		.loc 1 143 34 view .LVU182
 143:Source/js/jsrepr.c **** 		if (i > 0)
 1030              		.loc 1 143 14 view .LVU183
 1031              	@ Source/js/jsrepr.c:143: 	for (i = 0; i < fun->numparams; ++i) {
 143:Source/js/jsrepr.c **** 		if (i > 0)
 1032              		.loc 1 143 2 is_stmt 0 view .LVU184
 1033 0132 7B69     		ldr	r3, [r7, #20]	@ _22->numparams, _22->numparams
 1034              	@ Source/js/jsrepr.c:145: 			js_puts(J, sb, ", ");
 145:Source/js/jsrepr.c **** 		js_puts(J, sb, fun->vartab[i]);
 1035              		.loc 1 145 4 view .LVU185
 1036 0134 4246     		mov	r2, r8	@, tmp289
 1037 0136 2946     		mov	r1, r5	@, sb
 1038              	@ Source/js/jsrepr.c:143: 	for (i = 0; i < fun->numparams; ++i) {
 143:Source/js/jsrepr.c **** 		if (i > 0)
 1039              		.loc 1 143 2 view .LVU186
 1040 0138 9E42     		cmp	r6, r3	@ i, _22->numparams
 1041              	@ Source/js/jsrepr.c:145: 			js_puts(J, sb, ", ");
 145:Source/js/jsrepr.c **** 		js_puts(J, sb, fun->vartab[i]);
 1042              		.loc 1 145 4 view .LVU187
 1043 013a 2046     		mov	r0, r4	@, J
 1044              	@ Source/js/jsrepr.c:143: 	for (i = 0; i < fun->numparams; ++i) {
 143:Source/js/jsrepr.c **** 		if (i > 0)
 1045              		.loc 1 143 2 view .LVU188
 1046 013c EFDB     		blt	.L95		@,
ARM GAS  /var/folders/65/xyhbx3_n6nd_hs7j3p9nfwv80000gn/T//ccls3DQP.s 			page 27


 1047              	.LVL97:
 1048              	.L96:
 148:Source/js/jsrepr.c **** }
 1049              		.loc 1 148 2 is_stmt 1 view .LVU189
 1050 013e 2946     		mov	r1, r5	@, sb
 1051 0140 2046     		mov	r0, r4	@, J
 1052 0142 814A     		ldr	r2, .L145+20	@,
 1053 0144 FFF7FEFF 		bl	js_puts		@
 1054              	.LVL98:
 1055              	@ Source/js/jsrepr.c:149: }
 149:Source/js/jsrepr.c **** 
 1056              		.loc 1 149 1 is_stmt 0 view .LVU190
 1057 0148 69E7     		b	.L48		@
 1058              	.LVL99:
 1059              	.L69:
 149:Source/js/jsrepr.c **** 
 1060              		.loc 1 149 1 view .LVU191
 1061              	.LBE20:
 1062              	.LBE19:
 177:Source/js/jsrepr.c **** 			js_puts(J, sb, obj->u.c.name);
 1063              		.loc 1 177 4 is_stmt 1 view .LVU192
 1064 014a 2946     		mov	r1, r5	@, sb
 1065 014c 2046     		mov	r0, r4	@, J
 1066              	.LVL100:
 177:Source/js/jsrepr.c **** 			js_puts(J, sb, obj->u.c.name);
 1067              		.loc 1 177 4 is_stmt 0 view .LVU193
 1068 014e 7D4A     		ldr	r2, .L145+16	@,
 1069 0150 FFF7FEFF 		bl	js_puts		@
 1070              	.LVL101:
 178:Source/js/jsrepr.c **** 			js_puts(J, sb, "() { [native code] }");
 1071              		.loc 1 178 4 is_stmt 1 view .LVU194
 1072 0154 BA69     		ldr	r2, [r7, #24]	@, obj_20->u.c.name
 1073 0156 2946     		mov	r1, r5	@, sb
 1074 0158 2046     		mov	r0, r4	@, J
 1075 015a FFF7FEFF 		bl	js_puts		@
 1076              	.LVL102:
 179:Source/js/jsrepr.c **** 			break;
 1077              		.loc 1 179 4 view .LVU195
 1078 015e 2946     		mov	r1, r5	@, sb
 1079 0160 2046     		mov	r0, r4	@, J
 1080 0162 7A4A     		ldr	r2, .L145+24	@,
 1081 0164 FFF7FEFF 		bl	js_puts		@
 1082              	.LVL103:
 180:Source/js/jsrepr.c **** 		case JS_CBOOLEAN:
 1083              		.loc 1 180 4 view .LVU196
 1084 0168 59E7     		b	.L48		@
 1085              	.LVL104:
 1086              	.L61:
 228:Source/js/jsrepr.c **** 			break;
 1087              		.loc 1 228 4 view .LVU197
 1088 016a 2946     		mov	r1, r5	@, sb
 1089 016c 2046     		mov	r0, r4	@, J
 1090              	.LVL105:
 228:Source/js/jsrepr.c **** 			break;
 1091              		.loc 1 228 4 is_stmt 0 view .LVU198
 1092 016e 784A     		ldr	r2, .L145+28	@,
 1093 0170 FFF7FEFF 		bl	js_puts		@
ARM GAS  /var/folders/65/xyhbx3_n6nd_hs7j3p9nfwv80000gn/T//ccls3DQP.s 			page 28


 1094              	.LVL106:
 229:Source/js/jsrepr.c **** 		case JS_CITERATOR:
 1095              		.loc 1 229 4 is_stmt 1 view .LVU199
 1096 0174 53E7     		b	.L48		@
 1097              	.LVL107:
 1098              	.L62:
 225:Source/js/jsrepr.c **** 			break;
 1099              		.loc 1 225 4 view .LVU200
 1100 0176 2946     		mov	r1, r5	@, sb
 1101 0178 2046     		mov	r0, r4	@, J
 1102              	.LVL108:
 225:Source/js/jsrepr.c **** 			break;
 1103              		.loc 1 225 4 is_stmt 0 view .LVU201
 1104 017a 764A     		ldr	r2, .L145+32	@,
 1105 017c FFF7FEFF 		bl	js_puts		@
 1106              	.LVL109:
 226:Source/js/jsrepr.c **** 		case JS_CJSON:
 1107              		.loc 1 226 4 is_stmt 1 view .LVU202
 1108 0180 4DE7     		b	.L48		@
 1109              	.LVL110:
 1110              	.L63:
 1111              	.LBB21:
 206:Source/js/jsrepr.c **** 				js_puts(J, sb, "(new Date(");
 1112              		.loc 1 206 5 view .LVU203
 207:Source/js/jsrepr.c **** 				js_puts(J, sb, jsV_numbertostring(J, buf, obj->u.number));
 1113              		.loc 1 207 5 view .LVU204
 1114 0182 754A     		ldr	r2, .L145+36	@,
 1115 0184 2946     		mov	r1, r5	@, sb
 1116 0186 2046     		mov	r0, r4	@, J
 1117              	.LVL111:
 207:Source/js/jsrepr.c **** 				js_puts(J, sb, jsV_numbertostring(J, buf, obj->u.number));
 1118              		.loc 1 207 5 is_stmt 0 view .LVU205
 1119 0188 FFF7FEFF 		bl	js_puts		@
 1120              	.LVL112:
 208:Source/js/jsrepr.c **** 				js_puts(J, sb, "))");
 1121              		.loc 1 208 5 is_stmt 1 view .LVU206
 1122 018c 6946     		mov	r1, sp	@,
 1123 018e 2046     		mov	r0, r4	@, J
 1124 0190 97ED060B 		vldr.64	d0, [r7, #24]	@, obj_20->u.number
 1125 0194 FFF7FEFF 		bl	jsV_numbertostring		@
 1126              	.LVL113:
 1127 0198 2946     		mov	r1, r5	@, sb
 1128 019a 0246     		mov	r2, r0	@ tmp313,
 1129 019c 2046     		mov	r0, r4	@, J
 1130              	.LVL114:
 1131              	.L136:
 208:Source/js/jsrepr.c **** 				js_puts(J, sb, "))");
 1132              		.loc 1 208 5 is_stmt 0 view .LVU207
 1133 019e FFF7FEFF 		bl	js_puts		@
 1134              	.LVL115:
 1135              	.L137:
 209:Source/js/jsrepr.c **** 			}
 1136              		.loc 1 209 5 is_stmt 1 view .LVU208
 1137 01a2 2946     		mov	r1, r5	@, sb
 1138 01a4 2046     		mov	r0, r4	@, J
 1139 01a6 6D4A     		ldr	r2, .L145+40	@,
 1140 01a8 FFF7FEFF 		bl	js_puts		@
ARM GAS  /var/folders/65/xyhbx3_n6nd_hs7j3p9nfwv80000gn/T//ccls3DQP.s 			page 29


 1141              	.LVL116:
 1142              	.LBE21:
 211:Source/js/jsrepr.c **** 		case JS_CERROR:
 1143              		.loc 1 211 4 view .LVU209
 1144 01ac 37E7     		b	.L48		@
 1145              	.LVL117:
 1146              	.L64:
 197:Source/js/jsrepr.c **** 			js_puts(J, sb, obj->u.r.source);
 1147              		.loc 1 197 4 view .LVU210
 1148 01ae 2F22     		movs	r2, #47	@,
 1149 01b0 2946     		mov	r1, r5	@, sb
 1150 01b2 2046     		mov	r0, r4	@, J
 1151              	.LVL118:
 197:Source/js/jsrepr.c **** 			js_puts(J, sb, obj->u.r.source);
 1152              		.loc 1 197 4 is_stmt 0 view .LVU211
 1153 01b4 FFF7FEFF 		bl	js_putc		@
 1154              	.LVL119:
 198:Source/js/jsrepr.c **** 			js_putc(J, sb, '/');
 1155              		.loc 1 198 4 is_stmt 1 view .LVU212
 1156 01b8 FA69     		ldr	r2, [r7, #28]	@, obj_20->u.r.source
 1157 01ba 2946     		mov	r1, r5	@, sb
 1158 01bc 2046     		mov	r0, r4	@, J
 1159 01be FFF7FEFF 		bl	js_puts		@
 1160              	.LVL120:
 199:Source/js/jsrepr.c **** 			if (obj->u.r.flags & JS_REGEXP_G) js_putc(J, sb, 'g');
 1161              		.loc 1 199 4 view .LVU213
 1162 01c2 2946     		mov	r1, r5	@, sb
 1163 01c4 2F22     		movs	r2, #47	@,
 1164 01c6 2046     		mov	r0, r4	@, J
 1165 01c8 FFF7FEFF 		bl	js_putc		@
 1166              	.LVL121:
 200:Source/js/jsrepr.c **** 			if (obj->u.r.flags & JS_REGEXP_I) js_putc(J, sb, 'i');
 1167              		.loc 1 200 4 view .LVU214
 1168              	@ Source/js/jsrepr.c:200: 			if (obj->u.r.flags & JS_REGEXP_G) js_putc(J, sb, 'g');
 200:Source/js/jsrepr.c **** 			if (obj->u.r.flags & JS_REGEXP_I) js_putc(J, sb, 'i');
 1169              		.loc 1 200 7 is_stmt 0 view .LVU215
 1170 01cc 3B8C     		ldrh	r3, [r7, #32]	@, obj_20->u.r.flags
 1171 01ce D907     		lsls	r1, r3, #31	@, obj_20->u.r.flags,
 1172 01d0 00F19981 		bmi	.L140		@,
 1173              	.L98:
 201:Source/js/jsrepr.c **** 			if (obj->u.r.flags & JS_REGEXP_M) js_putc(J, sb, 'm');
 1174              		.loc 1 201 4 is_stmt 1 view .LVU216
 1175              	@ Source/js/jsrepr.c:201: 			if (obj->u.r.flags & JS_REGEXP_I) js_putc(J, sb, 'i');
 201:Source/js/jsrepr.c **** 			if (obj->u.r.flags & JS_REGEXP_M) js_putc(J, sb, 'm');
 1176              		.loc 1 201 7 is_stmt 0 view .LVU217
 1177 01d4 9A07     		lsls	r2, r3, #30	@, obj_20->u.r.flags,
 1178 01d6 00F18F81 		bmi	.L141		@,
 1179              	.L99:
 202:Source/js/jsrepr.c **** 			break;
 1180              		.loc 1 202 4 is_stmt 1 view .LVU218
 1181              	@ Source/js/jsrepr.c:202: 			if (obj->u.r.flags & JS_REGEXP_M) js_putc(J, sb, 'm');
 202:Source/js/jsrepr.c **** 			break;
 1182              		.loc 1 202 7 is_stmt 0 view .LVU219
 1183 01da 5B07     		lsls	r3, r3, #29	@, obj_20->u.r.flags,
 1184 01dc 7FF51FAF 		bpl	.L48		@,
 202:Source/js/jsrepr.c **** 			break;
 1185              		.loc 1 202 38 is_stmt 1 view .LVU220
ARM GAS  /var/folders/65/xyhbx3_n6nd_hs7j3p9nfwv80000gn/T//ccls3DQP.s 			page 30


 1186 01e0 2946     		mov	r1, r5	@, sb
 1187 01e2 2046     		mov	r0, r4	@, J
 1188 01e4 6D22     		movs	r2, #109	@,
 1189 01e6 FFF7FEFF 		bl	js_putc		@
 1190              	.LVL122:
 1191 01ea 18E7     		b	.L48		@
 1192              	.LVL123:
 1193              	.L58:
 234:Source/js/jsrepr.c **** 			js_puts(J, sb, obj->u.user.tag);
 1194              		.loc 1 234 4 view .LVU221
 1195 01ec 5C4A     		ldr	r2, .L145+44	@,
 1196 01ee 2946     		mov	r1, r5	@, sb
 1197 01f0 2046     		mov	r0, r4	@, J
 1198              	.LVL124:
 234:Source/js/jsrepr.c **** 			js_puts(J, sb, obj->u.user.tag);
 1199              		.loc 1 234 4 is_stmt 0 view .LVU222
 1200 01f2 FFF7FEFF 		bl	js_puts		@
 1201              	.LVL125:
 235:Source/js/jsrepr.c **** 			js_putc(J, sb, ']');
 1202              		.loc 1 235 4 is_stmt 1 view .LVU223
 1203 01f6 BA69     		ldr	r2, [r7, #24]	@, obj_20->u.user.tag
 1204 01f8 2946     		mov	r1, r5	@, sb
 1205 01fa 2046     		mov	r0, r4	@, J
 1206 01fc FFF7FEFF 		bl	js_puts		@
 1207              	.LVL126:
 1208              	.L135:
 236:Source/js/jsrepr.c **** 			break;
 1209              		.loc 1 236 4 view .LVU224
 1210 0200 2946     		mov	r1, r5	@, sb
 1211 0202 2046     		mov	r0, r4	@, J
 1212 0204 5D22     		movs	r2, #93	@,
 1213 0206 FFF7FEFF 		bl	js_putc		@
 1214              	.LVL127:
 237:Source/js/jsrepr.c **** 		}
 1215              		.loc 1 237 4 view .LVU225
 237:Source/js/jsrepr.c **** 		}
 1216              		.loc 1 237 4 is_stmt 0 view .LVU226
 1217              	.LBE34:
 1218              	.LBE36:
 1219              	.LBE38:
 1220              	@ Source/js/jsrepr.c:240: }
 1221              		.loc 1 240 1 view .LVU227
 1222 020a 08E7     		b	.L48		@
 1223              	.LVL128:
 1224              	.L60:
 1225              	.LBB39:
 1226              	.LBB37:
 1227              	.LBB35:
 231:Source/js/jsrepr.c **** 			break;
 1228              		.loc 1 231 4 is_stmt 1 view .LVU228
 1229 020c 2946     		mov	r1, r5	@, sb
 1230 020e 2046     		mov	r0, r4	@, J
 1231              	.LVL129:
 231:Source/js/jsrepr.c **** 			break;
 1232              		.loc 1 231 4 is_stmt 0 view .LVU229
 1233 0210 544A     		ldr	r2, .L145+48	@,
 1234 0212 FFF7FEFF 		bl	js_puts		@
ARM GAS  /var/folders/65/xyhbx3_n6nd_hs7j3p9nfwv80000gn/T//ccls3DQP.s 			page 31


 1235              	.LVL130:
 232:Source/js/jsrepr.c **** 		case JS_CUSERDATA:
 1236              		.loc 1 232 4 is_stmt 1 view .LVU230
 1237 0216 02E7     		b	.L48		@
 1238              	.LVL131:
 1239              	.L65:
 192:Source/js/jsrepr.c **** 			reprstr(J, sb, obj->u.s.string);
 1240              		.loc 1 192 4 view .LVU231
 1241 0218 2946     		mov	r1, r5	@, sb
 1242 021a 2046     		mov	r0, r4	@, J
 1243              	.LVL132:
 192:Source/js/jsrepr.c **** 			reprstr(J, sb, obj->u.s.string);
 1244              		.loc 1 192 4 is_stmt 0 view .LVU232
 1245 021c 524A     		ldr	r2, .L145+52	@,
 1246 021e FFF7FEFF 		bl	js_puts		@
 1247              	.LVL133:
 193:Source/js/jsrepr.c **** 			js_puts(J, sb, "))");
 1248              		.loc 1 193 4 is_stmt 1 view .LVU233
 1249 0222 FA69     		ldr	r2, [r7, #28]	@, obj_20->u.s.string
 1250 0224 2946     		mov	r1, r5	@, sb
 1251 0226 2046     		mov	r0, r4	@, J
 1252 0228 FFF7FEFF 		bl	reprstr		@
 1253              	.LVL134:
 194:Source/js/jsrepr.c **** 			break;
 1254              		.loc 1 194 4 view .LVU234
 1255 022c 2946     		mov	r1, r5	@, sb
 1256 022e 2046     		mov	r0, r4	@, J
 1257 0230 4A4A     		ldr	r2, .L145+40	@,
 1258 0232 FFF7FEFF 		bl	js_puts		@
 1259              	.LVL135:
 195:Source/js/jsrepr.c **** 		case JS_CREGEXP:
 1260              		.loc 1 195 4 view .LVU235
 1261 0236 F2E6     		b	.L48		@
 1262              	.LVL136:
 1263              	.L66:
 187:Source/js/jsrepr.c **** 			reprnum(J, sb, obj->u.number);
 1264              		.loc 1 187 4 view .LVU236
 1265 0238 2946     		mov	r1, r5	@, sb
 1266 023a 2046     		mov	r0, r4	@, J
 1267              	.LVL137:
 187:Source/js/jsrepr.c **** 			reprnum(J, sb, obj->u.number);
 1268              		.loc 1 187 4 is_stmt 0 view .LVU237
 1269 023c 4B4A     		ldr	r2, .L145+56	@,
 1270 023e FFF7FEFF 		bl	js_puts		@
 1271              	.LVL138:
 188:Source/js/jsrepr.c **** 			js_puts(J, sb, "))");
 1272              		.loc 1 188 4 is_stmt 1 view .LVU238
 1273 0242 2946     		mov	r1, r5	@, sb
 1274 0244 2046     		mov	r0, r4	@, J
 1275 0246 D7E90623 		ldrd	r2, [r7, #24]	@, obj,
 1276 024a FFF7FEFF 		bl	reprnum		@
 1277              	.LVL139:
 189:Source/js/jsrepr.c **** 			break;
 1278              		.loc 1 189 4 view .LVU239
 1279 024e 2946     		mov	r1, r5	@, sb
 1280 0250 2046     		mov	r0, r4	@, J
 1281 0252 424A     		ldr	r2, .L145+40	@,
ARM GAS  /var/folders/65/xyhbx3_n6nd_hs7j3p9nfwv80000gn/T//ccls3DQP.s 			page 32


 1282 0254 FFF7FEFF 		bl	js_puts		@
 1283              	.LVL140:
 190:Source/js/jsrepr.c **** 		case JS_CSTRING:
 1284              		.loc 1 190 4 view .LVU240
 1285 0258 E1E6     		b	.L48		@
 1286              	.LVL141:
 1287              	.L67:
 182:Source/js/jsrepr.c **** 			js_puts(J, sb, obj->u.boolean ? "true" : "false");
 1288              		.loc 1 182 4 view .LVU241
 1289 025a 454A     		ldr	r2, .L145+60	@,
 1290 025c 2946     		mov	r1, r5	@, sb
 1291 025e 2046     		mov	r0, r4	@, J
 1292              	.LVL142:
 182:Source/js/jsrepr.c **** 			js_puts(J, sb, obj->u.boolean ? "true" : "false");
 1293              		.loc 1 182 4 is_stmt 0 view .LVU242
 1294 0260 FFF7FEFF 		bl	js_puts		@
 1295              	.LVL143:
 183:Source/js/jsrepr.c **** 			js_puts(J, sb, "))");
 1296              		.loc 1 183 4 is_stmt 1 view .LVU243
 1297 0264 BE69     		ldr	r6, [r7, #24]	@ obj_20->u.boolean, obj_20->u.boolean
 1298 0266 354A     		ldr	r2, .L145+8	@ tmp279,
 1299 0268 2946     		mov	r1, r5	@, sb
 1300 026a 354B     		ldr	r3, .L145+12	@ tmp280,
 1301 026c 2046     		mov	r0, r4	@, J
 1302 026e 002E     		cmp	r6, #0	@ obj_20->u.boolean,
 1303 0270 08BF     		it	eq		@
 1304 0272 1A46     		moveq	r2, r3	@,, tmp280
 1305 0274 93E7     		b	.L136		@
 1306              	.LVL144:
 1307              	.L68:
 213:Source/js/jsrepr.c **** 			js_getproperty(J, -1, "name");
 1308              		.loc 1 213 4 view .LVU244
 1309 0276 3F4A     		ldr	r2, .L145+64	@,
 1310 0278 2946     		mov	r1, r5	@, sb
 1311 027a 2046     		mov	r0, r4	@, J
 1312              	.LVL145:
 213:Source/js/jsrepr.c **** 			js_getproperty(J, -1, "name");
 1313              		.loc 1 213 4 is_stmt 0 view .LVU245
 1314 027c FFF7FEFF 		bl	js_puts		@
 1315              	.LVL146:
 214:Source/js/jsrepr.c **** 			js_puts(J, sb, js_tostring(J, -1));
 1316              		.loc 1 214 4 is_stmt 1 view .LVU246
 1317 0280 3D4A     		ldr	r2, .L145+68	@,
 1318 0282 4FF0FF31 		mov	r1, #-1	@,
 1319 0286 2046     		mov	r0, r4	@, J
 1320 0288 FFF7FEFF 		bl	js_getproperty		@
 1321              	.LVL147:
 215:Source/js/jsrepr.c **** 			js_pop(J, 1);
 1322              		.loc 1 215 4 view .LVU247
 1323 028c 4FF0FF31 		mov	r1, #-1	@,
 1324 0290 2046     		mov	r0, r4	@, J
 1325 0292 FFF7FEFF 		bl	js_tostring		@
 1326              	.LVL148:
 1327 0296 2946     		mov	r1, r5	@, sb
 1328 0298 0246     		mov	r2, r0	@ tmp314,
 1329 029a 2046     		mov	r0, r4	@, J
 1330 029c FFF7FEFF 		bl	js_puts		@
ARM GAS  /var/folders/65/xyhbx3_n6nd_hs7j3p9nfwv80000gn/T//ccls3DQP.s 			page 33


 1331              	.LVL149:
 216:Source/js/jsrepr.c **** 			js_putc(J, sb, '(');
 1332              		.loc 1 216 4 view .LVU248
 1333 02a0 0121     		movs	r1, #1	@,
 1334 02a2 2046     		mov	r0, r4	@, J
 1335 02a4 FFF7FEFF 		bl	js_pop		@
 1336              	.LVL150:
 217:Source/js/jsrepr.c **** 			if (js_hasproperty(J, -1, "message")) {
 1337              		.loc 1 217 4 view .LVU249
 1338 02a8 2822     		movs	r2, #40	@,
 1339 02aa 2946     		mov	r1, r5	@, sb
 1340 02ac 2046     		mov	r0, r4	@, J
 1341 02ae FFF7FEFF 		bl	js_putc		@
 1342              	.LVL151:
 218:Source/js/jsrepr.c **** 				reprvalue(J, sb);
 1343              		.loc 1 218 4 view .LVU250
 1344              	@ Source/js/jsrepr.c:218: 			if (js_hasproperty(J, -1, "message")) {
 218:Source/js/jsrepr.c **** 				reprvalue(J, sb);
 1345              		.loc 1 218 8 is_stmt 0 view .LVU251
 1346 02b2 324A     		ldr	r2, .L145+72	@,
 1347 02b4 4FF0FF31 		mov	r1, #-1	@,
 1348 02b8 2046     		mov	r0, r4	@, J
 1349 02ba FFF7FEFF 		bl	js_hasproperty		@
 1350              	.LVL152:
 1351              	@ Source/js/jsrepr.c:218: 			if (js_hasproperty(J, -1, "message")) {
 218:Source/js/jsrepr.c **** 				reprvalue(J, sb);
 1352              		.loc 1 218 7 view .LVU252
 1353 02be 0028     		cmp	r0, #0	@ tmp315
 1354 02c0 3FF46FAF 		beq	.L137	@
 219:Source/js/jsrepr.c **** 				js_pop(J, 1);
 1355              		.loc 1 219 5 is_stmt 1 view .LVU253
 1356 02c4 2946     		mov	r1, r5	@, sb
 1357 02c6 2046     		mov	r0, r4	@, J
 1358 02c8 FFF79AFE 		bl	reprvalue		@
 1359              	.LVL153:
 220:Source/js/jsrepr.c **** 			}
 1360              		.loc 1 220 5 view .LVU254
 1361 02cc 0121     		movs	r1, #1	@,
 1362 02ce 2046     		mov	r0, r4	@, J
 1363 02d0 FFF7FEFF 		bl	js_pop		@
 1364              	.LVL154:
 222:Source/js/jsrepr.c **** 			break;
 1365              		.loc 1 222 4 view .LVU255
 1366 02d4 65E7     		b	.L137		@
 1367              	.LVL155:
 1368              	.L71:
 170:Source/js/jsrepr.c **** 			break;
 1369              		.loc 1 170 4 view .LVU256
 1370              	.LBB22:
 1371              	.LBI22:
 110:Source/js/jsrepr.c **** {
 1372              		.loc 1 110 13 view .LVU257
 1373              	.LBB23:
 112:Source/js/jsrepr.c **** 
 1374              		.loc 1 112 2 view .LVU258
 114:Source/js/jsrepr.c **** 	for (i = 0; i < n; ++i) {
 1375              		.loc 1 114 2 view .LVU259
ARM GAS  /var/folders/65/xyhbx3_n6nd_hs7j3p9nfwv80000gn/T//ccls3DQP.s 			page 34


 1376              	@ Source/js/jsrepr.c:114: 	n = js_gettop(J) - 1;
 114:Source/js/jsrepr.c **** 	for (i = 0; i < n; ++i) {
 1377              		.loc 1 114 6 is_stmt 0 view .LVU260
 1378 02d6 2046     		mov	r0, r4	@, J
 1379              	.LVL156:
 114:Source/js/jsrepr.c **** 	for (i = 0; i < n; ++i) {
 1380              		.loc 1 114 6 view .LVU261
 1381 02d8 FFF7FEFF 		bl	js_gettop		@
 1382              	.LVL157:
 115:Source/js/jsrepr.c **** 		if (js_isobject(J, i)) {
 1383              		.loc 1 115 2 is_stmt 1 view .LVU262
 115:Source/js/jsrepr.c **** 		if (js_isobject(J, i)) {
 1384              		.loc 1 115 14 view .LVU263
 1385              	@ Source/js/jsrepr.c:115: 	for (i = 0; i < n; ++i) {
 115:Source/js/jsrepr.c **** 		if (js_isobject(J, i)) {
 1386              		.loc 1 115 2 is_stmt 0 view .LVU264
 1387 02dc 0128     		cmp	r0, #1	@ _73,
 1388 02de 40F3E180 		ble	.L91		@,
 1389 02e2 00F1FF38 		add	r8, r0, #-1	@ _85, _73,
 1390              	.LVL158:
 1391              	@ Source/js/jsrepr.c:115: 	for (i = 0; i < n; ++i) {
 115:Source/js/jsrepr.c **** 		if (js_isobject(J, i)) {
 1392              		.loc 1 115 9 view .LVU265
 1393 02e6 0027     		movs	r7, #0	@ i,
 1394              	.LVL159:
 115:Source/js/jsrepr.c **** 		if (js_isobject(J, i)) {
 1395              		.loc 1 115 9 view .LVU266
 1396 02e8 03E0     		b	.L90		@
 1397              	.LVL160:
 1398              	.L89:
 115:Source/js/jsrepr.c **** 		if (js_isobject(J, i)) {
 1399              		.loc 1 115 21 is_stmt 1 view .LVU267
 1400 02ea 0137     		adds	r7, r7, #1	@ i, i,
 1401              	.LVL161:
 115:Source/js/jsrepr.c **** 		if (js_isobject(J, i)) {
 1402              		.loc 1 115 14 view .LVU268
 1403              	@ Source/js/jsrepr.c:115: 	for (i = 0; i < n; ++i) {
 115:Source/js/jsrepr.c **** 		if (js_isobject(J, i)) {
 1404              		.loc 1 115 2 is_stmt 0 view .LVU269
 1405 02ec 4745     		cmp	r7, r8	@ i, _85
 1406 02ee 00F0D980 		beq	.L91		@,
 1407              	.LVL162:
 1408              	.L90:
 116:Source/js/jsrepr.c **** 			if (js_toobject(J, i) == js_toobject(J, -1)) {
 1409              		.loc 1 116 3 is_stmt 1 view .LVU270
 1410              	@ Source/js/jsrepr.c:116: 		if (js_isobject(J, i)) {
 116:Source/js/jsrepr.c **** 			if (js_toobject(J, i) == js_toobject(J, -1)) {
 1411              		.loc 1 116 7 is_stmt 0 view .LVU271
 1412 02f2 3946     		mov	r1, r7	@, i
 1413 02f4 2046     		mov	r0, r4	@, J
 1414 02f6 FFF7FEFF 		bl	js_isobject		@
 1415              	.LVL163:
 1416              	@ Source/js/jsrepr.c:116: 		if (js_isobject(J, i)) {
 116:Source/js/jsrepr.c **** 			if (js_toobject(J, i) == js_toobject(J, -1)) {
 1417              		.loc 1 116 6 view .LVU272
 1418 02fa 0028     		cmp	r0, #0	@ tmp309
 1419 02fc F5D0     		beq	.L89	@
ARM GAS  /var/folders/65/xyhbx3_n6nd_hs7j3p9nfwv80000gn/T//ccls3DQP.s 			page 35


 117:Source/js/jsrepr.c **** 				js_puts(J, sb, "[]");
 1420              		.loc 1 117 4 is_stmt 1 view .LVU273
 1421              	@ Source/js/jsrepr.c:117: 			if (js_toobject(J, i) == js_toobject(J, -1)) {
 117:Source/js/jsrepr.c **** 				js_puts(J, sb, "[]");
 1422              		.loc 1 117 8 is_stmt 0 view .LVU274
 1423 02fe 3946     		mov	r1, r7	@, i
 1424 0300 2046     		mov	r0, r4	@, J
 1425 0302 FFF7FEFF 		bl	js_toobject		@
 1426              	.LVL164:
 1427 0306 8146     		mov	r9, r0	@ tmp310,
 1428              	@ Source/js/jsrepr.c:117: 			if (js_toobject(J, i) == js_toobject(J, -1)) {
 117:Source/js/jsrepr.c **** 				js_puts(J, sb, "[]");
 1429              		.loc 1 117 29 view .LVU275
 1430 0308 4FF0FF31 		mov	r1, #-1	@,
 1431 030c 2046     		mov	r0, r4	@, J
 1432 030e FFF7FEFF 		bl	js_toobject		@
 1433              	.LVL165:
 1434              	@ Source/js/jsrepr.c:117: 			if (js_toobject(J, i) == js_toobject(J, -1)) {
 117:Source/js/jsrepr.c **** 				js_puts(J, sb, "[]");
 1435              		.loc 1 117 7 view .LVU276
 1436 0312 8145     		cmp	r9, r0	@ _77, tmp311
 1437 0314 E9D1     		bne	.L89		@,
 118:Source/js/jsrepr.c **** 				return;
 1438              		.loc 1 118 5 is_stmt 1 view .LVU277
 1439 0316 2946     		mov	r1, r5	@, sb
 1440 0318 2046     		mov	r0, r4	@, J
 1441 031a 194A     		ldr	r2, .L145+76	@,
 1442 031c FFF7FEFF 		bl	js_puts		@
 1443              	.LVL166:
 119:Source/js/jsrepr.c **** 			}
 1444              		.loc 1 119 5 view .LVU278
 1445 0320 7DE6     		b	.L48		@
 1446              	.LVL167:
 1447              	.L57:
 119:Source/js/jsrepr.c **** 			}
 1448              		.loc 1 119 5 is_stmt 0 view .LVU279
 1449              	.LBE23:
 1450              	.LBE22:
 167:Source/js/jsrepr.c **** 			break;
 1451              		.loc 1 167 4 is_stmt 1 view .LVU280
 1452              	.LBB25:
 1453              	.LBI25:
  79:Source/js/jsrepr.c **** {
 1454              		.loc 1 79 13 view .LVU281
 1455              	.LBB26:
  81:Source/js/jsrepr.c **** 	int i, n;
 1456              		.loc 1 81 2 view .LVU282
  82:Source/js/jsrepr.c **** 
 1457              		.loc 1 82 2 view .LVU283
  84:Source/js/jsrepr.c **** 	for (i = 0; i < n; ++i) {
 1458              		.loc 1 84 2 view .LVU284
 1459              	@ Source/js/jsrepr.c:84: 	n = js_gettop(J) - 1;
  84:Source/js/jsrepr.c **** 	for (i = 0; i < n; ++i) {
 1460              		.loc 1 84 6 is_stmt 0 view .LVU285
 1461 0322 2046     		mov	r0, r4	@, J
 1462              	.LVL168:
  84:Source/js/jsrepr.c **** 	for (i = 0; i < n; ++i) {
ARM GAS  /var/folders/65/xyhbx3_n6nd_hs7j3p9nfwv80000gn/T//ccls3DQP.s 			page 36


 1463              		.loc 1 84 6 view .LVU286
 1464 0324 FFF7FEFF 		bl	js_gettop		@
 1465              	.LVL169:
  85:Source/js/jsrepr.c **** 		if (js_isobject(J, i)) {
 1466              		.loc 1 85 2 is_stmt 1 view .LVU287
  85:Source/js/jsrepr.c **** 		if (js_isobject(J, i)) {
 1467              		.loc 1 85 14 view .LVU288
 1468              	@ Source/js/jsrepr.c:85: 	for (i = 0; i < n; ++i) {
  85:Source/js/jsrepr.c **** 		if (js_isobject(J, i)) {
 1469              		.loc 1 85 2 is_stmt 0 view .LVU289
 1470 0328 0128     		cmp	r0, #1	@ _40,
 1471 032a C8BF     		it	gt
 1472 032c 00F1FF37 		addgt	r7, r0, #-1	@ _215, _40,
 1473              	.LVL170:
  85:Source/js/jsrepr.c **** 		if (js_isobject(J, i)) {
 1474              		.loc 1 85 2 view .LVU290
 1475 0330 2DDC     		bgt	.L75		@,
 1476 0332 44E0     		b	.L76		@
 1477              	.L146:
 1478              		.align	2
 1479              	.L145:
 1480 0334 10000000 		.word	.LC11
 1481 0338 1C000000 		.word	.LC12
 1482 033c 00000000 		.word	.LC9
 1483 0340 08000000 		.word	.LC10
 1484 0344 34000000 		.word	.LC17
 1485 0348 40000000 		.word	.LC18
 1486 034c 54000000 		.word	.LC19
 1487 0350 CC000000 		.word	.LC29
 1488 0354 C4000000 		.word	.LC28
 1489 0358 A0000000 		.word	.LC24
 1490 035c 7C000000 		.word	.LC21
 1491 0360 E0000000 		.word	.LC31
 1492 0364 D4000000 		.word	.LC30
 1493 0368 90000000 		.word	.LC23
 1494 036c 80000000 		.word	.LC22
 1495 0370 6C000000 		.word	.LC20
 1496 0374 AC000000 		.word	.LC25
 1497 0378 B4000000 		.word	.LC26
 1498 037c BC000000 		.word	.LC27
 1499 0380 30000000 		.word	.LC16
 1500 0384 28000000 		.word	.LC14
 1501              	.LVL171:
 1502              	.L74:
  85:Source/js/jsrepr.c **** 		if (js_isobject(J, i)) {
 1503              		.loc 1 85 21 is_stmt 1 view .LVU291
 1504 0388 0136     		adds	r6, r6, #1	@ i, i,
 1505              	.LVL172:
  85:Source/js/jsrepr.c **** 		if (js_isobject(J, i)) {
 1506              		.loc 1 85 14 view .LVU292
 1507              	@ Source/js/jsrepr.c:85: 	for (i = 0; i < n; ++i) {
  85:Source/js/jsrepr.c **** 		if (js_isobject(J, i)) {
 1508              		.loc 1 85 2 is_stmt 0 view .LVU293
 1509 038a BE42     		cmp	r6, r7	@ i, _215
 1510 038c 17D0     		beq	.L76		@,
 1511              	.LVL173:
 1512              	.L75:
ARM GAS  /var/folders/65/xyhbx3_n6nd_hs7j3p9nfwv80000gn/T//ccls3DQP.s 			page 37


  86:Source/js/jsrepr.c **** 			if (js_toobject(J, i) == js_toobject(J, -1)) {
 1513              		.loc 1 86 3 is_stmt 1 view .LVU294
 1514              	@ Source/js/jsrepr.c:86: 		if (js_isobject(J, i)) {
  86:Source/js/jsrepr.c **** 			if (js_toobject(J, i) == js_toobject(J, -1)) {
 1515              		.loc 1 86 7 is_stmt 0 view .LVU295
 1516 038e 3146     		mov	r1, r6	@, i
 1517 0390 2046     		mov	r0, r4	@, J
 1518 0392 FFF7FEFF 		bl	js_isobject		@
 1519              	.LVL174:
 1520              	@ Source/js/jsrepr.c:86: 		if (js_isobject(J, i)) {
  86:Source/js/jsrepr.c **** 			if (js_toobject(J, i) == js_toobject(J, -1)) {
 1521              		.loc 1 86 6 view .LVU296
 1522 0396 0028     		cmp	r0, #0	@ tmp303
 1523 0398 F6D0     		beq	.L74	@
  87:Source/js/jsrepr.c **** 				js_puts(J, sb, "{}");
 1524              		.loc 1 87 4 is_stmt 1 view .LVU297
 1525              	@ Source/js/jsrepr.c:87: 			if (js_toobject(J, i) == js_toobject(J, -1)) {
  87:Source/js/jsrepr.c **** 				js_puts(J, sb, "{}");
 1526              		.loc 1 87 8 is_stmt 0 view .LVU298
 1527 039a 3146     		mov	r1, r6	@, i
 1528 039c 2046     		mov	r0, r4	@, J
 1529 039e FFF7FEFF 		bl	js_toobject		@
 1530              	.LVL175:
 1531 03a2 8046     		mov	r8, r0	@ tmp304,
 1532              	@ Source/js/jsrepr.c:87: 			if (js_toobject(J, i) == js_toobject(J, -1)) {
  87:Source/js/jsrepr.c **** 				js_puts(J, sb, "{}");
 1533              		.loc 1 87 29 view .LVU299
 1534 03a4 4FF0FF31 		mov	r1, #-1	@,
 1535 03a8 2046     		mov	r0, r4	@, J
 1536 03aa FFF7FEFF 		bl	js_toobject		@
 1537              	.LVL176:
 1538              	@ Source/js/jsrepr.c:87: 			if (js_toobject(J, i) == js_toobject(J, -1)) {
  87:Source/js/jsrepr.c **** 				js_puts(J, sb, "{}");
 1539              		.loc 1 87 7 view .LVU300
 1540 03ae 8045     		cmp	r8, r0	@ _44, tmp305
 1541 03b0 EAD1     		bne	.L74		@,
  88:Source/js/jsrepr.c **** 				return;
 1542              		.loc 1 88 5 is_stmt 1 view .LVU301
 1543 03b2 2946     		mov	r1, r5	@, sb
 1544 03b4 2046     		mov	r0, r4	@, J
 1545 03b6 574A     		ldr	r2, .L147	@,
 1546 03b8 FFF7FEFF 		bl	js_puts		@
 1547              	.LVL177:
  89:Source/js/jsrepr.c **** 			}
 1548              		.loc 1 89 5 view .LVU302
 1549 03bc 2FE6     		b	.L48		@
 1550              	.LVL178:
 1551              	.L76:
  94:Source/js/jsrepr.c **** 	js_putc(J, sb, '{');
 1552              		.loc 1 94 2 view .LVU303
  95:Source/js/jsrepr.c **** 	js_pushiterator(J, -1, 1);
 1553              		.loc 1 95 2 view .LVU304
 1554 03be 7B22     		movs	r2, #123	@,
 1555 03c0 2946     		mov	r1, r5	@, sb
 1556 03c2 2046     		mov	r0, r4	@, J
 1557              	@ Source/js/jsrepr.c:97: 	while ((key = js_nextiterator(J, -1))) {
  97:Source/js/jsrepr.c **** 		if (n++ > 0)
ARM GAS  /var/folders/65/xyhbx3_n6nd_hs7j3p9nfwv80000gn/T//ccls3DQP.s 			page 38


 1558              		.loc 1 97 8 is_stmt 0 view .LVU305
 1559 03c4 0026     		movs	r6, #0	@ ivtmp.71,
 1560              	@ Source/js/jsrepr.c:99: 			js_puts(J, sb, ", ");
  99:Source/js/jsrepr.c **** 		reprident(J, sb, key);
 1561              		.loc 1 99 4 view .LVU306
 1562 03c6 DFF85481 		ldr	r8, .L147+8	@ tmp282,
 1563              	@ Source/js/jsrepr.c:95: 	js_putc(J, sb, '{');
  95:Source/js/jsrepr.c **** 	js_pushiterator(J, -1, 1);
 1564              		.loc 1 95 2 view .LVU307
 1565 03ca FFF7FEFF 		bl	js_putc		@
 1566              	.LVL179:
  96:Source/js/jsrepr.c **** 	while ((key = js_nextiterator(J, -1))) {
 1567              		.loc 1 96 2 is_stmt 1 view .LVU308
 1568              	@ Source/js/jsrepr.c:101: 		js_puts(J, sb, ": ");
 101:Source/js/jsrepr.c **** 		js_getproperty(J, -2, key);
 1569              		.loc 1 101 3 is_stmt 0 view .LVU309
 1570 03ce 524F     		ldr	r7, .L147+4	@ tmp283,
 1571              	@ Source/js/jsrepr.c:96: 	js_pushiterator(J, -1, 1);
  96:Source/js/jsrepr.c **** 	while ((key = js_nextiterator(J, -1))) {
 1572              		.loc 1 96 2 view .LVU310
 1573 03d0 0122     		movs	r2, #1	@,
 1574 03d2 4FF0FF31 		mov	r1, #-1	@,
 1575 03d6 2046     		mov	r0, r4	@, J
 1576 03d8 FFF7FEFF 		bl	js_pushiterator		@
 1577              	.LVL180:
  97:Source/js/jsrepr.c **** 		if (n++ > 0)
 1578              		.loc 1 97 2 is_stmt 1 view .LVU311
 1579              	.L73:
  97:Source/js/jsrepr.c **** 		if (n++ > 0)
 1580              		.loc 1 97 8 view .LVU312
 1581              	@ Source/js/jsrepr.c:97: 	while ((key = js_nextiterator(J, -1))) {
  97:Source/js/jsrepr.c **** 		if (n++ > 0)
 1582              		.loc 1 97 16 is_stmt 0 view .LVU313
 1583 03dc 4FF0FF31 		mov	r1, #-1	@,
 1584 03e0 2046     		mov	r0, r4	@, J
 1585 03e2 FFF7FEFF 		bl	js_nextiterator		@
 1586              	.LVL181:
 1587              	@ Source/js/jsrepr.c:97: 	while ((key = js_nextiterator(J, -1))) {
  97:Source/js/jsrepr.c **** 		if (n++ > 0)
 1588              		.loc 1 97 8 view .LVU314
 1589 03e6 8146     		mov	r9, r0	@ key, tmp306
 1590 03e8 0028     		cmp	r0, #0	@ key
 1591 03ea 51D0     		beq	.L142	@
  98:Source/js/jsrepr.c **** 			js_puts(J, sb, ", ");
 1592              		.loc 1 98 3 is_stmt 1 view .LVU315
 1593              	.LVL182:
 1594              	@ Source/js/jsrepr.c:98: 		if (n++ > 0)
  98:Source/js/jsrepr.c **** 			js_puts(J, sb, ", ");
 1595              		.loc 1 98 6 is_stmt 0 view .LVU316
 1596 03ec 002E     		cmp	r6, #0	@ ivtmp.71
 1597 03ee 43D1     		bne	.L143	@
 1598              	.LVL183:
 1599              	.L77:
 100:Source/js/jsrepr.c **** 		js_puts(J, sb, ": ");
 1600              		.loc 1 100 3 is_stmt 1 view .LVU317
 1601              	.LBB27:
 1602              	.LBI27:
ARM GAS  /var/folders/65/xyhbx3_n6nd_hs7j3p9nfwv80000gn/T//ccls3DQP.s 			page 39


  64:Source/js/jsrepr.c **** {
 1603              		.loc 1 64 13 view .LVU318
 1604              	.LBB28:
  66:Source/js/jsrepr.c **** 	if (isdigit(*p))
 1605              		.loc 1 66 2 view .LVU319
  67:Source/js/jsrepr.c **** 		while (isdigit(*p))
 1606              		.loc 1 67 2 view .LVU320
 1607              	@ Source/js/jsrepr.c:67: 	if (isdigit(*p))
  67:Source/js/jsrepr.c **** 		while (isdigit(*p))
 1608              		.loc 1 67 6 is_stmt 0 view .LVU321
 1609 03f0 99F80010 		ldrb	r1, [r9]	@ zero_extendqisi2	@ prephitmp_198, *key_49
 1610 03f4 A1F13002 		sub	r2, r1, #48	@ tmp273, prephitmp_198,
 1611              	@ Source/js/jsrepr.c:67: 	if (isdigit(*p))
  67:Source/js/jsrepr.c **** 		while (isdigit(*p))
 1612              		.loc 1 67 5 view .LVU322
 1613 03f8 D3B2     		uxtb	r3, r2	@ tmp195, tmp273
 1614 03fa 092B     		cmp	r3, #9	@ tmp195,
 1615 03fc 23D8     		bhi	.L78		@,
 1616 03fe 4846     		mov	r0, r9	@ p, key
 1617              	.LVL184:
 1618              	.L79:
  69:Source/js/jsrepr.c **** 	else if (isalpha(*p) || *p == '_')
 1619              		.loc 1 69 4 is_stmt 1 view .LVU323
  68:Source/js/jsrepr.c **** 			++p;
 1620              		.loc 1 68 9 view .LVU324
 1621              	@ Source/js/jsrepr.c:68: 		while (isdigit(*p))
  68:Source/js/jsrepr.c **** 			++p;
 1622              		.loc 1 68 10 is_stmt 0 view .LVU325
 1623 0400 10F8013F 		ldrb	r3, [r0, #1]!	@ zero_extendqisi2	@ MEM[base: p_53, offset: 0B], MEM[base: p_53, offset: 0B]
 1624              	.LVL185:
 1625              	@ Source/js/jsrepr.c:68: 		while (isdigit(*p))
  68:Source/js/jsrepr.c **** 			++p;
 1626              		.loc 1 68 9 view .LVU326
 1627 0404 303B     		subs	r3, r3, #48	@ tmp201, MEM[base: p_53, offset: 0B],
 1628 0406 092B     		cmp	r3, #9	@ tmp201,
 1629 0408 FAD9     		bls	.L79		@,
 1630              	.L80:
  73:Source/js/jsrepr.c **** 		js_puts(J, sb, name);
 1631              		.loc 1 73 2 is_stmt 1 view .LVU327
 1632              	@ Source/js/jsrepr.c:73: 	if (p > name && *p == 0)
  73:Source/js/jsrepr.c **** 		js_puts(J, sb, name);
 1633              		.loc 1 73 5 is_stmt 0 view .LVU328
 1634 040a 8145     		cmp	r9, r0	@ key, p
 1635 040c 01D2     		bcs	.L82		@,
 1636              	@ Source/js/jsrepr.c:73: 	if (p > name && *p == 0)
  73:Source/js/jsrepr.c **** 		js_puts(J, sb, name);
 1637              		.loc 1 73 15 view .LVU329
 1638 040e 0378     		ldrb	r3, [r0]	@ zero_extendqisi2	@ *p_70, *p_70
 1639 0410 C3B3     		cbz	r3, .L144	@ *p_70,
 1640              	.LVL186:
 1641              	.L82:
  76:Source/js/jsrepr.c **** }
 1642              		.loc 1 76 3 is_stmt 1 view .LVU330
 1643 0412 4A46     		mov	r2, r9	@, key
 1644 0414 2946     		mov	r1, r5	@, sb
 1645 0416 2046     		mov	r0, r4	@, J
 1646 0418 FFF7FEFF 		bl	reprstr		@
ARM GAS  /var/folders/65/xyhbx3_n6nd_hs7j3p9nfwv80000gn/T//ccls3DQP.s 			page 40


 1647              	.LVL187:
 1648              	.L84:
  76:Source/js/jsrepr.c **** }
 1649              		.loc 1 76 3 is_stmt 0 view .LVU331
 1650              	.LBE28:
 1651              	.LBE27:
 101:Source/js/jsrepr.c **** 		js_getproperty(J, -2, key);
 1652              		.loc 1 101 3 is_stmt 1 view .LVU332
 1653 041c 3A46     		mov	r2, r7	@, tmp283
 1654 041e 2946     		mov	r1, r5	@, sb
 1655 0420 2046     		mov	r0, r4	@, J
 1656 0422 0136     		adds	r6, r6, #1	@ ivtmp.71, ivtmp.71,
 1657 0424 FFF7FEFF 		bl	js_puts		@
 1658              	.LVL188:
 102:Source/js/jsrepr.c **** 		reprvalue(J, sb);
 1659              		.loc 1 102 3 view .LVU333
 1660 0428 4A46     		mov	r2, r9	@, key
 1661 042a 2046     		mov	r0, r4	@, J
 1662 042c 6FF00101 		mvn	r1, #1	@,
 1663 0430 FFF7FEFF 		bl	js_getproperty		@
 1664              	.LVL189:
 103:Source/js/jsrepr.c **** 		js_pop(J, 1);
 1665              		.loc 1 103 3 view .LVU334
 1666 0434 2946     		mov	r1, r5	@, sb
 1667 0436 2046     		mov	r0, r4	@, J
 1668 0438 FFF7E2FD 		bl	reprvalue		@
 1669              	.LVL190:
 104:Source/js/jsrepr.c **** 	}
 1670              		.loc 1 104 3 view .LVU335
 1671 043c 0121     		movs	r1, #1	@,
 1672 043e 2046     		mov	r0, r4	@, J
 1673 0440 FFF7FEFF 		bl	js_pop		@
 1674              	.LVL191:
 1675 0444 CAE7     		b	.L73		@
 1676              	.LVL192:
 1677              	.L78:
 1678              	.LBB31:
 1679              	.LBB29:
  70:Source/js/jsrepr.c **** 		while (isdigit(*p) || isalpha(*p) || *p == '_')
 1680              		.loc 1 70 7 view .LVU336
 1681              	@ Source/js/jsrepr.c:70: 	else if (isalpha(*p) || *p == '_')
  70:Source/js/jsrepr.c **** 		while (isdigit(*p) || isalpha(*p) || *p == '_')
 1682              		.loc 1 70 11 is_stmt 0 view .LVU337
 1683 0446 21F02003 		bic	r3, r1, #32	@ tmp202, prephitmp_198,
 1684 044a 413B     		subs	r3, r3, #65	@ tmp208, tmp202,
 1685              	@ Source/js/jsrepr.c:70: 	else if (isalpha(*p) || *p == '_')
  70:Source/js/jsrepr.c **** 		while (isdigit(*p) || isalpha(*p) || *p == '_')
 1686              		.loc 1 70 23 view .LVU338
 1687 044c 192B     		cmp	r3, #25	@ tmp208,
 1688 044e 01D9     		bls	.L103		@,
 1689 0450 5F29     		cmp	r1, #95	@ prephitmp_198,
 1690 0452 DED1     		bne	.L82		@,
 1691              	.L103:
  70:Source/js/jsrepr.c **** 		while (isdigit(*p) || isalpha(*p) || *p == '_')
 1692              		.loc 1 70 23 view .LVU339
 1693 0454 4846     		mov	r0, r9	@ p, key
 1694 0456 03E0     		b	.L81		@
ARM GAS  /var/folders/65/xyhbx3_n6nd_hs7j3p9nfwv80000gn/T//ccls3DQP.s 			page 41


 1695              	.LVL193:
 1696              	.L83:
  70:Source/js/jsrepr.c **** 		while (isdigit(*p) || isalpha(*p) || *p == '_')
 1697              		.loc 1 70 23 view .LVU340
 1698 0458 10F8011F 		ldrb	r1, [r0, #1]!	@ zero_extendqisi2	@ prephitmp_198, MEM[base: p_62, offset: 0B]
 1699              	.LVL194:
  70:Source/js/jsrepr.c **** 		while (isdigit(*p) || isalpha(*p) || *p == '_')
 1700              		.loc 1 70 23 view .LVU341
 1701 045c A1F13002 		sub	r2, r1, #48	@ tmp273, prephitmp_198,
 1702              	.LVL195:
 1703              	.L81:
  72:Source/js/jsrepr.c **** 	if (p > name && *p == 0)
 1704              		.loc 1 72 4 is_stmt 1 view .LVU342
  71:Source/js/jsrepr.c **** 			++p;
 1705              		.loc 1 71 9 view .LVU343
  71:Source/js/jsrepr.c **** 			++p;
 1706              		.loc 1 71 9 is_stmt 0 view .LVU344
 1707 0460 D2B2     		uxtb	r2, r2	@ tmp217, tmp273
 1708              	@ Source/js/jsrepr.c:71: 		while (isdigit(*p) || isalpha(*p) || *p == '_')
  71:Source/js/jsrepr.c **** 			++p;
 1709              		.loc 1 71 25 view .LVU345
 1710 0462 21F02003 		bic	r3, r1, #32	@ tmp218, prephitmp_198,
 1711              	@ Source/js/jsrepr.c:71: 		while (isdigit(*p) || isalpha(*p) || *p == '_')
  71:Source/js/jsrepr.c **** 			++p;
 1712              		.loc 1 71 9 view .LVU346
 1713 0466 092A     		cmp	r2, #9	@ tmp217,
 1714              	@ Source/js/jsrepr.c:71: 		while (isdigit(*p) || isalpha(*p) || *p == '_')
  71:Source/js/jsrepr.c **** 			++p;
 1715              		.loc 1 71 25 view .LVU347
 1716 0468 A3F14103 		sub	r3, r3, #65	@ tmp224, tmp218,
 1717              	@ Source/js/jsrepr.c:71: 		while (isdigit(*p) || isalpha(*p) || *p == '_')
  71:Source/js/jsrepr.c **** 			++p;
 1718              		.loc 1 71 9 view .LVU348
 1719 046c F4D9     		bls	.L83		@,
 1720              	@ Source/js/jsrepr.c:71: 		while (isdigit(*p) || isalpha(*p) || *p == '_')
  71:Source/js/jsrepr.c **** 			++p;
 1721              		.loc 1 71 37 view .LVU349
 1722 046e 192B     		cmp	r3, #25	@ tmp224,
 1723 0470 F2D9     		bls	.L83		@,
 1724 0472 5F29     		cmp	r1, #95	@ prephitmp_198,
 1725 0474 F0D0     		beq	.L83		@,
 1726 0476 C8E7     		b	.L80		@
 1727              	.LVL196:
 1728              	.L143:
  71:Source/js/jsrepr.c **** 			++p;
 1729              		.loc 1 71 37 view .LVU350
 1730              	.LBE29:
 1731              	.LBE31:
  99:Source/js/jsrepr.c **** 		reprident(J, sb, key);
 1732              		.loc 1 99 4 is_stmt 1 view .LVU351
 1733 0478 4246     		mov	r2, r8	@, tmp282
 1734 047a 2946     		mov	r1, r5	@, sb
 1735 047c 2046     		mov	r0, r4	@, J
 1736              	.LVL197:
  99:Source/js/jsrepr.c **** 		reprident(J, sb, key);
 1737              		.loc 1 99 4 is_stmt 0 view .LVU352
 1738 047e FFF7FEFF 		bl	js_puts		@
ARM GAS  /var/folders/65/xyhbx3_n6nd_hs7j3p9nfwv80000gn/T//ccls3DQP.s 			page 42


 1739              	.LVL198:
 1740 0482 B5E7     		b	.L77		@
 1741              	.LVL199:
 1742              	.L144:
 1743              	.LBB32:
 1744              	.LBB30:
  74:Source/js/jsrepr.c **** 	else
 1745              		.loc 1 74 3 is_stmt 1 view .LVU353
 1746 0484 4A46     		mov	r2, r9	@, key
 1747 0486 2946     		mov	r1, r5	@, sb
 1748 0488 2046     		mov	r0, r4	@, J
 1749              	.LVL200:
  74:Source/js/jsrepr.c **** 	else
 1750              		.loc 1 74 3 is_stmt 0 view .LVU354
 1751 048a FFF7FEFF 		bl	js_puts		@
 1752              	.LVL201:
 1753 048e C5E7     		b	.L84		@
 1754              	.LVL202:
 1755              	.L142:
  74:Source/js/jsrepr.c **** 	else
 1756              		.loc 1 74 3 view .LVU355
 1757              	.LBE30:
 1758              	.LBE32:
 106:Source/js/jsrepr.c **** 	js_putc(J, sb, '}');
 1759              		.loc 1 106 2 is_stmt 1 view .LVU356
 1760 0490 2046     		mov	r0, r4	@, J
 1761              	.LVL203:
 106:Source/js/jsrepr.c **** 	js_putc(J, sb, '}');
 1762              		.loc 1 106 2 is_stmt 0 view .LVU357
 1763 0492 0121     		movs	r1, #1	@,
 1764 0494 FFF7FEFF 		bl	js_pop		@
 1765              	.LVL204:
 107:Source/js/jsrepr.c **** }
 1766              		.loc 1 107 2 is_stmt 1 view .LVU358
 1767 0498 2946     		mov	r1, r5	@, sb
 1768 049a 2046     		mov	r0, r4	@, J
 1769 049c 7D22     		movs	r2, #125	@,
 1770 049e FFF7FEFF 		bl	js_putc		@
 1771              	.LVL205:
 1772 04a2 BCE5     		b	.L48		@
 1773              	.LVL206:
 1774              	.L91:
 107:Source/js/jsrepr.c **** }
 1775              		.loc 1 107 2 is_stmt 0 view .LVU359
 1776              	.LBE26:
 1777              	.LBE25:
 1778              	.LBB33:
 1779              	.LBB24:
 124:Source/js/jsrepr.c **** 	n = js_getlength(J, -1);
 1780              		.loc 1 124 2 is_stmt 1 view .LVU360
 1781 04a4 5B22     		movs	r2, #91	@,
 1782 04a6 2946     		mov	r1, r5	@, sb
 1783 04a8 2046     		mov	r0, r4	@, J
 1784 04aa FFF7FEFF 		bl	js_putc		@
 1785              	.LVL207:
 125:Source/js/jsrepr.c **** 	for (i = 0; i < n; ++i) {
 1786              		.loc 1 125 2 view .LVU361
ARM GAS  /var/folders/65/xyhbx3_n6nd_hs7j3p9nfwv80000gn/T//ccls3DQP.s 			page 43


 1787              	@ Source/js/jsrepr.c:125: 	n = js_getlength(J, -1);
 125:Source/js/jsrepr.c **** 	for (i = 0; i < n; ++i) {
 1788              		.loc 1 125 6 is_stmt 0 view .LVU362
 1789 04ae 4FF0FF31 		mov	r1, #-1	@,
 1790 04b2 2046     		mov	r0, r4	@, J
 1791 04b4 FFF7FEFF 		bl	js_getlength		@
 1792              	.LVL208:
 126:Source/js/jsrepr.c **** 		if (i > 0)
 1793              		.loc 1 126 2 is_stmt 1 view .LVU363
 126:Source/js/jsrepr.c **** 		if (i > 0)
 1794              		.loc 1 126 14 view .LVU364
 1795              	@ Source/js/jsrepr.c:126: 	for (i = 0; i < n; ++i) {
 126:Source/js/jsrepr.c **** 		if (i > 0)
 1796              		.loc 1 126 2 is_stmt 0 view .LVU365
 1797 04b8 071E     		subs	r7, r0, #0	@ n, tmp308
 1798 04ba 7FF7A1AE 		ble	.L135		@,
 1799              	@ Source/js/jsrepr.c:128: 			js_puts(J, sb, ", ");
 128:Source/js/jsrepr.c **** 		if (js_hasindex(J, -1, i)) {
 1800              		.loc 1 128 4 view .LVU366
 1801 04be DFF85C80 		ldr	r8, .L147+8	@ tmp287,
 1802 04c2 07E0     		b	.L87		@
 1803              	.LVL209:
 1804              	.L92:
 127:Source/js/jsrepr.c **** 			js_puts(J, sb, ", ");
 1805              		.loc 1 127 3 is_stmt 1 view .LVU367
 128:Source/js/jsrepr.c **** 		if (js_hasindex(J, -1, i)) {
 1806              		.loc 1 128 4 view .LVU368
 126:Source/js/jsrepr.c **** 		if (i > 0)
 1807              		.loc 1 126 21 view .LVU369
 126:Source/js/jsrepr.c **** 		if (i > 0)
 1808              		.loc 1 126 14 view .LVU370
 1809              	@ Source/js/jsrepr.c:126: 	for (i = 0; i < n; ++i) {
 126:Source/js/jsrepr.c **** 		if (i > 0)
 1810              		.loc 1 126 2 is_stmt 0 view .LVU371
 1811 04c4 B742     		cmp	r7, r6	@ n, i
 1812              	@ Source/js/jsrepr.c:128: 			js_puts(J, sb, ", ");
 128:Source/js/jsrepr.c **** 		if (js_hasindex(J, -1, i)) {
 1813              		.loc 1 128 4 view .LVU372
 1814 04c6 4246     		mov	r2, r8	@, tmp287
 1815 04c8 2946     		mov	r1, r5	@, sb
 1816 04ca 2046     		mov	r0, r4	@, J
 1817              	@ Source/js/jsrepr.c:126: 	for (i = 0; i < n; ++i) {
 126:Source/js/jsrepr.c **** 		if (i > 0)
 1818              		.loc 1 126 2 view .LVU373
 1819 04cc 3FF498AE 		beq	.L135		@,
 1820              	.LVL210:
 1821              	@ Source/js/jsrepr.c:128: 			js_puts(J, sb, ", ");
 128:Source/js/jsrepr.c **** 		if (js_hasindex(J, -1, i)) {
 1822              		.loc 1 128 4 view .LVU374
 1823 04d0 FFF7FEFF 		bl	js_puts		@
 1824              	.LVL211:
 1825              	.L87:
 129:Source/js/jsrepr.c **** 			reprvalue(J, sb);
 1826              		.loc 1 129 3 is_stmt 1 view .LVU375
 1827              	@ Source/js/jsrepr.c:129: 		if (js_hasindex(J, -1, i)) {
 129:Source/js/jsrepr.c **** 			reprvalue(J, sb);
 1828              		.loc 1 129 7 is_stmt 0 view .LVU376
ARM GAS  /var/folders/65/xyhbx3_n6nd_hs7j3p9nfwv80000gn/T//ccls3DQP.s 			page 44


 1829 04d4 3246     		mov	r2, r6	@, i
 1830 04d6 4FF0FF31 		mov	r1, #-1	@,
 1831 04da 2046     		mov	r0, r4	@, J
 1832              	@ Source/js/jsrepr.c:126: 	for (i = 0; i < n; ++i) {
 126:Source/js/jsrepr.c **** 		if (i > 0)
 1833              		.loc 1 126 21 view .LVU377
 1834 04dc 0136     		adds	r6, r6, #1	@ i, i,
 1835              	@ Source/js/jsrepr.c:129: 		if (js_hasindex(J, -1, i)) {
 129:Source/js/jsrepr.c **** 			reprvalue(J, sb);
 1836              		.loc 1 129 7 view .LVU378
 1837 04de FFF7FEFF 		bl	js_hasindex		@
 1838              	.LVL212:
 1839              	@ Source/js/jsrepr.c:129: 		if (js_hasindex(J, -1, i)) {
 129:Source/js/jsrepr.c **** 			reprvalue(J, sb);
 1840              		.loc 1 129 6 view .LVU379
 1841 04e2 0028     		cmp	r0, #0	@ tmp312
 1842 04e4 EED0     		beq	.L92	@
 130:Source/js/jsrepr.c **** 			js_pop(J, 1);
 1843              		.loc 1 130 4 is_stmt 1 view .LVU380
 1844 04e6 2946     		mov	r1, r5	@, sb
 1845 04e8 2046     		mov	r0, r4	@, J
 1846 04ea FFF789FD 		bl	reprvalue		@
 1847              	.LVL213:
 131:Source/js/jsrepr.c **** 		}
 1848              		.loc 1 131 4 view .LVU381
 1849 04ee 0121     		movs	r1, #1	@,
 1850 04f0 2046     		mov	r0, r4	@, J
 1851 04f2 FFF7FEFF 		bl	js_pop		@
 1852              	.LVL214:
 1853 04f6 E5E7     		b	.L92		@
 1854              	.LVL215:
 1855              	.L141:
 131:Source/js/jsrepr.c **** 		}
 1856              		.loc 1 131 4 is_stmt 0 view .LVU382
 1857              	.LBE24:
 1858              	.LBE33:
 201:Source/js/jsrepr.c **** 			if (obj->u.r.flags & JS_REGEXP_M) js_putc(J, sb, 'm');
 1859              		.loc 1 201 38 is_stmt 1 view .LVU383
 1860 04f8 6922     		movs	r2, #105	@,
 1861 04fa 2946     		mov	r1, r5	@, sb
 1862 04fc 2046     		mov	r0, r4	@, J
 1863 04fe FFF7FEFF 		bl	js_putc		@
 1864              	.LVL216:
 1865 0502 3B8C     		ldrh	r3, [r7, #32]	@, obj_20->u.r.flags
 1866 0504 69E6     		b	.L99		@
 1867              	.L140:
 200:Source/js/jsrepr.c **** 			if (obj->u.r.flags & JS_REGEXP_I) js_putc(J, sb, 'i');
 1868              		.loc 1 200 38 view .LVU384
 1869 0506 6722     		movs	r2, #103	@,
 1870 0508 2946     		mov	r1, r5	@, sb
 1871 050a 2046     		mov	r0, r4	@, J
 1872 050c FFF7FEFF 		bl	js_putc		@
 1873              	.LVL217:
 1874 0510 3B8C     		ldrh	r3, [r7, #32]	@, obj_20->u.r.flags
 1875 0512 5FE6     		b	.L98		@
 1876              	.L148:
 1877              		.align	2
ARM GAS  /var/folders/65/xyhbx3_n6nd_hs7j3p9nfwv80000gn/T//ccls3DQP.s 			page 45


 1878              	.L147:
 1879 0514 24000000 		.word	.LC13
 1880 0518 2C000000 		.word	.LC15
 1881 051c 28000000 		.word	.LC14
 1882              	.LBE35:
 1883              	.LBE37:
 1884              	.LBE39:
 1885              		.cfi_endproc
 1886              	.LFE9:
 1887              		.size	reprvalue, .-reprvalue
 1888              		.section	.text.js_repr,"ax",%progbits
 1889              		.align	1
 1890              		.p2align 4,,15
 1891              		.global	js_repr
 1892              		.syntax unified
 1893              		.thumb
 1894              		.thumb_func
 1895              		.fpu fpv5-sp-d16
 1896              		.type	js_repr, %function
 1897              	js_repr:
 1898              	.LVL218:
 1899              	.LFB10:
 241:Source/js/jsrepr.c **** 
 242:Source/js/jsrepr.c **** void js_repr(js_State *J, int idx)
 243:Source/js/jsrepr.c **** {
 1900              		.loc 1 243 1 view -0
 1901              		.cfi_startproc
 1902              		@ args = 0, pretend = 0, frame = 16
 1903              		@ frame_needed = 0, uses_anonymous_args = 0
 244:Source/js/jsrepr.c **** 	js_Buffer *sb = NULL;
 1904              		.loc 1 244 2 view .LVU386
 1905              	@ Source/js/jsrepr.c:243: {
 243:Source/js/jsrepr.c **** 	js_Buffer *sb = NULL;
 1906              		.loc 1 243 1 is_stmt 0 view .LVU387
 1907 0000 70B5     		push	{r4, r5, r6, lr}	@
 1908              	.LCFI17:
 1909              		.cfi_def_cfa_offset 16
 1910              		.cfi_offset 4, -16
 1911              		.cfi_offset 5, -12
 1912              		.cfi_offset 6, -8
 1913              		.cfi_offset 14, -4
 1914              	@ Source/js/jsrepr.c:244: 	js_Buffer *sb = NULL;
 1915              		.loc 1 244 13 view .LVU388
 1916 0002 0023     		movs	r3, #0	@ tmp122,
 1917              	@ Source/js/jsrepr.c:243: {
 243:Source/js/jsrepr.c **** 	js_Buffer *sb = NULL;
 1918              		.loc 1 243 1 view .LVU389
 1919 0004 84B0     		sub	sp, sp, #16	@,,
 1920              	.LCFI18:
 1921              		.cfi_def_cfa_offset 32
 1922              	@ Source/js/jsrepr.c:243: {
 243:Source/js/jsrepr.c **** 	js_Buffer *sb = NULL;
 1923              		.loc 1 243 1 view .LVU390
 1924 0006 CDE90001 		strd	r0, r1, [sp]	@ tmp128, tmp129,
 1925              	@ Source/js/jsrepr.c:244: 	js_Buffer *sb = NULL;
 1926              		.loc 1 244 13 view .LVU391
 1927 000a 0393     		str	r3, [sp, #12]	@ tmp122, sb
ARM GAS  /var/folders/65/xyhbx3_n6nd_hs7j3p9nfwv80000gn/T//ccls3DQP.s 			page 46


 245:Source/js/jsrepr.c **** 	int savebot;
 1928              		.loc 1 245 2 is_stmt 1 view .LVU392
 246:Source/js/jsrepr.c **** 
 247:Source/js/jsrepr.c **** 	if (js_try(J)) {
 1929              		.loc 1 247 2 view .LVU393
 1930              	@ Source/js/jsrepr.c:247: 	if (js_try(J)) {
 1931              		.loc 1 247 6 is_stmt 0 view .LVU394
 1932 000c FFF7FEFF 		bl	js_savetry		@
 1933              	.LVL219:
 1934              		.loc 1 247 6 view .LVU395
 1935 0010 FFF7FEFF 		bl	setjmp		@
 1936              	.LVL220:
 1937              	@ Source/js/jsrepr.c:247: 	if (js_try(J)) {
 1938              		.loc 1 247 5 view .LVU396
 1939 0014 68BB     		cbnz	r0, .L155	@ _18,
 248:Source/js/jsrepr.c **** 		js_free(J, sb);
 249:Source/js/jsrepr.c **** 		js_throw(J);
 250:Source/js/jsrepr.c **** 	}
 251:Source/js/jsrepr.c **** 
 252:Source/js/jsrepr.c **** 	js_copy(J, idx);
 1940              		.loc 1 252 2 is_stmt 1 view .LVU397
 1941 0016 0446     		mov	r4, r0	@ _18, tmp130
 1942 0018 DDE90061 		ldrd	r6, r1, [sp]	@ J,,
 1943 001c 3046     		mov	r0, r6	@, J
 1944 001e FFF7FEFF 		bl	js_copy		@
 1945              	.LVL221:
 253:Source/js/jsrepr.c **** 
 254:Source/js/jsrepr.c **** 	savebot = J->bot;
 1946              		.loc 1 254 2 view .LVU398
 1947              	@ Source/js/jsrepr.c:255: 	J->bot = J->top - 1;
 255:Source/js/jsrepr.c **** 	J->bot = J->top - 1;
 1948              		.loc 1 255 18 is_stmt 0 view .LVU399
 1949 0022 D6F8C430 		ldr	r3, [r6, #196]	@ J_13(D)->top, J_13(D)->top
 1950              	@ Source/js/jsrepr.c:254: 	savebot = J->bot;
 254:Source/js/jsrepr.c **** 	J->bot = J->top - 1;
 1951              		.loc 1 254 10 view .LVU400
 1952 0026 D6F8C850 		ldr	r5, [r6, #200]	@ savebot, J_13(D)->bot
 1953              	.LVL222:
 1954              		.loc 1 255 2 is_stmt 1 view .LVU401
 1955              	@ Source/js/jsrepr.c:256: 	reprvalue(J, &sb);
 256:Source/js/jsrepr.c **** 	reprvalue(J, &sb);
 1956              		.loc 1 256 2 is_stmt 0 view .LVU402
 1957 002a 3046     		mov	r0, r6	@, J
 1958              	@ Source/js/jsrepr.c:255: 	J->bot = J->top - 1;
 255:Source/js/jsrepr.c **** 	J->bot = J->top - 1;
 1959              		.loc 1 255 18 view .LVU403
 1960 002c 013B     		subs	r3, r3, #1	@ tmp123, J_13(D)->top,
 1961              	@ Source/js/jsrepr.c:256: 	reprvalue(J, &sb);
 1962              		.loc 1 256 2 view .LVU404
 1963 002e 03A9     		add	r1, sp, #12	@ tmp135,,
 1964              	@ Source/js/jsrepr.c:255: 	J->bot = J->top - 1;
 255:Source/js/jsrepr.c **** 	J->bot = J->top - 1;
 1965              		.loc 1 255 9 view .LVU405
 1966 0030 C6F8C830 		str	r3, [r6, #200]	@ tmp123, J_13(D)->bot
 1967              		.loc 1 256 2 is_stmt 1 view .LVU406
 1968 0034 FFF7FEFF 		bl	reprvalue		@
 1969              	.LVL223:
ARM GAS  /var/folders/65/xyhbx3_n6nd_hs7j3p9nfwv80000gn/T//ccls3DQP.s 			page 47


 257:Source/js/jsrepr.c **** 	J->bot = savebot;
 1970              		.loc 1 257 2 view .LVU407
 1971              	@ Source/js/jsrepr.c:259: 	js_pop(J, 1);
 258:Source/js/jsrepr.c **** 
 259:Source/js/jsrepr.c **** 	js_pop(J, 1);
 1972              		.loc 1 259 2 is_stmt 0 view .LVU408
 1973 0038 0121     		movs	r1, #1	@,
 1974 003a 3046     		mov	r0, r6	@, J
 1975              	@ Source/js/jsrepr.c:257: 	J->bot = savebot;
 257:Source/js/jsrepr.c **** 	J->bot = savebot;
 1976              		.loc 1 257 9 view .LVU409
 1977 003c C6F8C850 		str	r5, [r6, #200]	@ savebot, J_13(D)->bot
 1978              		.loc 1 259 2 is_stmt 1 view .LVU410
 1979 0040 FFF7FEFF 		bl	js_pop		@
 1980              	.LVL224:
 260:Source/js/jsrepr.c **** 
 261:Source/js/jsrepr.c **** 	js_putc(J, &sb, 0);
 1981              		.loc 1 261 2 view .LVU411
 1982 0044 03A9     		add	r1, sp, #12	@ tmp140,,
 1983 0046 2246     		mov	r2, r4	@, _18
 1984 0048 3046     		mov	r0, r6	@, J
 1985 004a FFF7FEFF 		bl	js_putc		@
 1986              	.LVL225:
 262:Source/js/jsrepr.c **** 	js_pushstring(J, sb ? sb->s : "undefined");
 1987              		.loc 1 262 2 view .LVU412
 1988              	@ Source/js/jsrepr.c:262: 	js_pushstring(J, sb ? sb->s : "undefined");
 1989              		.loc 1 262 22 is_stmt 0 view .LVU413
 1990 004e 0399     		ldr	r1, [sp, #12]	@ sb.2_5, sb
 1991              	@ Source/js/jsrepr.c:262: 	js_pushstring(J, sb ? sb->s : "undefined");
 1992              		.loc 1 262 2 view .LVU414
 1993 0050 69B1     		cbz	r1, .L153	@ sb.2_5,
 1994              	@ Source/js/jsrepr.c:262: 	js_pushstring(J, sb ? sb->s : "undefined");
 1995              		.loc 1 262 2 discriminator 1 view .LVU415
 1996 0052 0831     		adds	r1, r1, #8	@ iftmp.1_8, sb.2_5,
 1997              	.L152:
 1998              	@ Source/js/jsrepr.c:262: 	js_pushstring(J, sb ? sb->s : "undefined");
 1999              		.loc 1 262 2 discriminator 4 view .LVU416
 2000 0054 009C     		ldr	r4, [sp]	@ J, %sfp
 2001 0056 2046     		mov	r0, r4	@, J
 2002 0058 FFF7FEFF 		bl	js_pushstring		@
 2003              	.LVL226:
 263:Source/js/jsrepr.c **** 
 264:Source/js/jsrepr.c **** 	js_endtry(J);
 2004              		.loc 1 264 2 is_stmt 1 discriminator 4 view .LVU417
 2005 005c 2046     		mov	r0, r4	@, J
 2006 005e FFF7FEFF 		bl	js_endtry		@
 2007              	.LVL227:
 265:Source/js/jsrepr.c **** 	js_free(J, sb);
 2008              		.loc 1 265 2 discriminator 4 view .LVU418
 2009 0062 2046     		mov	r0, r4	@, J
 2010 0064 0399     		ldr	r1, [sp, #12]	@, sb
 2011 0066 FFF7FEFF 		bl	js_free		@
 2012              	.LVL228:
 2013              	@ Source/js/jsrepr.c:266: }
 266:Source/js/jsrepr.c **** }
 2014              		.loc 1 266 1 is_stmt 0 discriminator 4 view .LVU419
 2015 006a 04B0     		add	sp, sp, #16	@,,
ARM GAS  /var/folders/65/xyhbx3_n6nd_hs7j3p9nfwv80000gn/T//ccls3DQP.s 			page 48


 2016              	.LCFI19:
 2017              		.cfi_remember_state
 2018              		.cfi_def_cfa_offset 16
 2019              	.LVL229:
 2020              		.loc 1 266 1 discriminator 4 view .LVU420
 2021              		@ sp needed	@
 2022 006c 70BD     		pop	{r4, r5, r6, pc}	@
 2023              	.LVL230:
 2024              	.L153:
 2025              	.LCFI20:
 2026              		.cfi_restore_state
 2027              	@ Source/js/jsrepr.c:262: 	js_pushstring(J, sb ? sb->s : "undefined");
 262:Source/js/jsrepr.c **** 
 2028              		.loc 1 262 2 view .LVU421
 2029 006e 0549     		ldr	r1, .L156	@ iftmp.1_8,
 2030 0070 F0E7     		b	.L152		@
 2031              	.LVL231:
 2032              	.L155:
 248:Source/js/jsrepr.c **** 		js_throw(J);
 2033              		.loc 1 248 3 is_stmt 1 view .LVU422
 2034 0072 009C     		ldr	r4, [sp]	@ J, %sfp
 2035 0074 0399     		ldr	r1, [sp, #12]	@, sb
 2036 0076 2046     		mov	r0, r4	@, J
 2037 0078 FFF7FEFF 		bl	js_free		@
 2038              	.LVL232:
 249:Source/js/jsrepr.c **** 	}
 2039              		.loc 1 249 3 view .LVU423
 2040 007c 2046     		mov	r0, r4	@, J
 2041 007e FFF7FEFF 		bl	js_throw		@
 2042              	.LVL233:
 2043              	.L157:
 2044 0082 00BF     		.align	2
 2045              	.L156:
 2046 0084 10000000 		.word	.LC11
 2047              		.cfi_endproc
 2048              	.LFE10:
 2049              		.size	js_repr, .-js_repr
 2050              		.section	.text.js_torepr,"ax",%progbits
 2051              		.align	1
 2052              		.p2align 4,,15
 2053              		.global	js_torepr
 2054              		.syntax unified
 2055              		.thumb
 2056              		.thumb_func
 2057              		.fpu fpv5-sp-d16
 2058              		.type	js_torepr, %function
 2059              	js_torepr:
 2060              	.LVL234:
 2061              	.LFB11:
 267:Source/js/jsrepr.c **** 
 268:Source/js/jsrepr.c **** const char *js_torepr(js_State *J, int idx)
 269:Source/js/jsrepr.c **** {
 2062              		.loc 1 269 1 view -0
 2063              		.cfi_startproc
 2064              		@ args = 0, pretend = 0, frame = 0
 2065              		@ frame_needed = 0, uses_anonymous_args = 0
 270:Source/js/jsrepr.c **** 	js_repr(J, idx);
ARM GAS  /var/folders/65/xyhbx3_n6nd_hs7j3p9nfwv80000gn/T//ccls3DQP.s 			page 49


 2066              		.loc 1 270 2 view .LVU425
 2067              	@ Source/js/jsrepr.c:269: {
 269:Source/js/jsrepr.c **** 	js_repr(J, idx);
 2068              		.loc 1 269 1 is_stmt 0 view .LVU426
 2069 0000 38B5     		push	{r3, r4, r5, lr}	@
 2070              	.LCFI21:
 2071              		.cfi_def_cfa_offset 16
 2072              		.cfi_offset 3, -16
 2073              		.cfi_offset 4, -12
 2074              		.cfi_offset 5, -8
 2075              		.cfi_offset 14, -4
 2076              	@ Source/js/jsrepr.c:269: {
 269:Source/js/jsrepr.c **** 	js_repr(J, idx);
 2077              		.loc 1 269 1 view .LVU427
 2078 0002 0C46     		mov	r4, r1	@ idx, tmp115
 2079 0004 0546     		mov	r5, r0	@ J, tmp114
 2080              	@ Source/js/jsrepr.c:270: 	js_repr(J, idx);
 2081              		.loc 1 270 2 view .LVU428
 2082 0006 FFF7FEFF 		bl	js_repr		@
 2083              	.LVL235:
 271:Source/js/jsrepr.c **** 	js_replace(J, idx < 0 ? idx-1 : idx);
 2084              		.loc 1 271 2 is_stmt 1 view .LVU429
 2085 000a 002C     		cmp	r4, #0	@ idx,
 2086 000c 2846     		mov	r0, r5	@, J
 2087 000e B4BF     		ite	lt
 2088 0010 04F1FF31 		addlt	r1, r4, #-1	@ iftmp.30_1, idx,
 2089 0014 2146     		movge	r1, r4	@ iftmp.30_1, idx
 2090 0016 FFF7FEFF 		bl	js_replace		@
 2091              	.LVL236:
 272:Source/js/jsrepr.c **** 	return js_tostring(J, idx);
 2092              		.loc 1 272 2 view .LVU430
 2093              	@ Source/js/jsrepr.c:272: 	return js_tostring(J, idx);
 2094              		.loc 1 272 9 is_stmt 0 view .LVU431
 2095 001a 2146     		mov	r1, r4	@, idx
 2096 001c 2846     		mov	r0, r5	@, J
 2097              	@ Source/js/jsrepr.c:273: }
 273:Source/js/jsrepr.c **** }
 2098              		.loc 1 273 1 view .LVU432
 2099 001e BDE83840 		pop	{r3, r4, r5, lr}	@
 2100              	.LCFI22:
 2101              		.cfi_restore 14
 2102              		.cfi_restore 5
 2103              		.cfi_restore 4
 2104              		.cfi_restore 3
 2105              		.cfi_def_cfa_offset 0
 2106              	.LVL237:
 2107              	@ Source/js/jsrepr.c:272: 	return js_tostring(J, idx);
 272:Source/js/jsrepr.c **** 	return js_tostring(J, idx);
 2108              		.loc 1 272 9 view .LVU433
 2109 0022 FFF7FEBF 		b	js_tostring		@
 2110              	.LVL238:
 272:Source/js/jsrepr.c **** 	return js_tostring(J, idx);
 2111              		.loc 1 272 9 view .LVU434
 2112              		.cfi_endproc
 2113              	.LFE11:
 2114              		.size	js_torepr, .-js_torepr
 2115 0026 00BF     		.section	.text.js_tryrepr,"ax",%progbits
ARM GAS  /var/folders/65/xyhbx3_n6nd_hs7j3p9nfwv80000gn/T//ccls3DQP.s 			page 50


 2116              		.align	1
 2117              		.p2align 4,,15
 2118              		.global	js_tryrepr
 2119              		.syntax unified
 2120              		.thumb
 2121              		.thumb_func
 2122              		.fpu fpv5-sp-d16
 2123              		.type	js_tryrepr, %function
 2124              	js_tryrepr:
 2125              	.LVL239:
 2126              	.LFB12:
 274:Source/js/jsrepr.c **** 
 275:Source/js/jsrepr.c **** const char *js_tryrepr(js_State *J, int idx, const char *error)
 276:Source/js/jsrepr.c **** {
 2127              		.loc 1 276 1 is_stmt 1 view -0
 2128              		.cfi_startproc
 2129              		@ args = 0, pretend = 0, frame = 16
 2130              		@ frame_needed = 0, uses_anonymous_args = 0
 277:Source/js/jsrepr.c **** 	const char *s;
 2131              		.loc 1 277 2 view .LVU436
 278:Source/js/jsrepr.c **** 	if (js_try(J)) {
 2132              		.loc 1 278 2 view .LVU437
 2133              	@ Source/js/jsrepr.c:276: {
 276:Source/js/jsrepr.c **** 	const char *s;
 2134              		.loc 1 276 1 is_stmt 0 view .LVU438
 2135 0000 30B5     		push	{r4, r5, lr}	@
 2136              	.LCFI23:
 2137              		.cfi_def_cfa_offset 12
 2138              		.cfi_offset 4, -12
 2139              		.cfi_offset 5, -8
 2140              		.cfi_offset 14, -4
 2141 0002 85B0     		sub	sp, sp, #20	@,,
 2142              	.LCFI24:
 2143              		.cfi_def_cfa_offset 32
 2144              	@ Source/js/jsrepr.c:276: {
 276:Source/js/jsrepr.c **** 	const char *s;
 2145              		.loc 1 276 1 view .LVU439
 2146 0004 0391     		str	r1, [sp, #12]	@ tmp120, %sfp
 2147 0006 CDE90120 		strd	r2, r0, [sp, #4]	@ tmp121, tmp119,,
 2148              	@ Source/js/jsrepr.c:278: 	if (js_try(J)) {
 2149              		.loc 1 278 6 view .LVU440
 2150 000a FFF7FEFF 		bl	js_savetry		@
 2151              	.LVL240:
 2152              		.loc 1 278 6 view .LVU441
 2153 000e FFF7FEFF 		bl	setjmp		@
 2154              	.LVL241:
 2155              	@ Source/js/jsrepr.c:278: 	if (js_try(J)) {
 2156              		.loc 1 278 5 view .LVU442
 2157 0012 30B1     		cbz	r0, .L164	@ tmp122,
 279:Source/js/jsrepr.c **** 		js_pop(J, 1);
 2158              		.loc 1 279 3 is_stmt 1 view .LVU443
 2159 0014 0298     		ldr	r0, [sp, #8]	@, %sfp
 2160 0016 0121     		movs	r1, #1	@,
 2161 0018 FFF7FEFF 		bl	js_pop		@
 2162              	.LVL242:
 2163              	@ Source/js/jsrepr.c:285: }
 280:Source/js/jsrepr.c **** 		return error;
ARM GAS  /var/folders/65/xyhbx3_n6nd_hs7j3p9nfwv80000gn/T//ccls3DQP.s 			page 51


 281:Source/js/jsrepr.c **** 	}
 282:Source/js/jsrepr.c **** 	s = js_torepr(J, idx);
 283:Source/js/jsrepr.c **** 	js_endtry(J);
 284:Source/js/jsrepr.c **** 	return s;
 285:Source/js/jsrepr.c **** }
 2164              		.loc 1 285 1 is_stmt 0 view .LVU444
 2165 001c 0198     		ldr	r0, [sp, #4]	@, %sfp
 2166 001e 05B0     		add	sp, sp, #20	@,,
 2167              	.LCFI25:
 2168              		.cfi_remember_state
 2169              		.cfi_def_cfa_offset 12
 2170              		@ sp needed	@
 2171 0020 30BD     		pop	{r4, r5, pc}	@
 2172              	.LVL243:
 2173              	.L164:
 2174              	.LCFI26:
 2175              		.cfi_restore_state
 282:Source/js/jsrepr.c **** 	js_endtry(J);
 2176              		.loc 1 282 2 is_stmt 1 view .LVU445
 2177              	@ Source/js/jsrepr.c:282: 	s = js_torepr(J, idx);
 282:Source/js/jsrepr.c **** 	js_endtry(J);
 2178              		.loc 1 282 6 is_stmt 0 view .LVU446
 2179 0022 DDE90251 		ldrd	r5, r1, [sp, #8]	@ J,,,
 2180 0026 2846     		mov	r0, r5	@, J
 2181 0028 FFF7FEFF 		bl	js_torepr		@
 2182              	.LVL244:
 2183 002c 0446     		mov	r4, r0	@ tmp123,
 2184              	@ Source/js/jsrepr.c:283: 	js_endtry(J);
 283:Source/js/jsrepr.c **** 	return s;
 2185              		.loc 1 283 2 view .LVU447
 2186 002e 2846     		mov	r0, r5	@, J
 2187              	.LVL245:
 283:Source/js/jsrepr.c **** 	return s;
 2188              		.loc 1 283 2 is_stmt 1 view .LVU448
 2189 0030 FFF7FEFF 		bl	js_endtry		@
 2190              	.LVL246:
 2191              	@ Source/js/jsrepr.c:284: 	return s;
 284:Source/js/jsrepr.c **** }
 2192              		.loc 1 284 9 is_stmt 0 view .LVU449
 2193 0034 0194     		str	r4, [sp, #4]	@ _16, %sfp
 2194              	.LVL247:
 2195              	@ Source/js/jsrepr.c:285: }
 2196              		.loc 1 285 1 view .LVU450
 2197 0036 0198     		ldr	r0, [sp, #4]	@, %sfp
 2198 0038 05B0     		add	sp, sp, #20	@,,
 2199              	.LCFI27:
 2200              		.cfi_def_cfa_offset 12
 2201              		@ sp needed	@
 2202 003a 30BD     		pop	{r4, r5, pc}	@
 2203              		.loc 1 285 1 view .LVU451
 2204              		.cfi_endproc
 2205              	.LFE12:
 2206              		.size	js_tryrepr, .-js_tryrepr
 2207              		.text
 2208              	.Letext0:
 2209              		.file 2 "/usr/local/playdate/gcc-arm-none-eabi-9-2019-q4-major/arm-none-eabi/include/machine/setjm
 2210              		.file 3 "Source/js/mujs.h"
ARM GAS  /var/folders/65/xyhbx3_n6nd_hs7j3p9nfwv80000gn/T//ccls3DQP.s 			page 52


 2211              		.file 4 "Source/js/jsi.h"
 2212              		.file 5 "/usr/local/playdate/gcc-arm-none-eabi-9-2019-q4-major/arm-none-eabi/include/sys/lock.h"
 2213              		.file 6 "/usr/local/playdate/gcc-arm-none-eabi-9-2019-q4-major/arm-none-eabi/include/sys/_types.h"
 2214              		.file 7 "/usr/local/playdate/gcc-arm-none-eabi-9-2019-q4-major/lib/gcc/arm-none-eabi/9.2.1/include
 2215              		.file 8 "/usr/local/playdate/gcc-arm-none-eabi-9-2019-q4-major/arm-none-eabi/include/sys/reent.h"
 2216              		.file 9 "/usr/local/playdate/gcc-arm-none-eabi-9-2019-q4-major/arm-none-eabi/include/stdlib.h"
 2217              		.file 10 "/usr/local/playdate/gcc-arm-none-eabi-9-2019-q4-major/arm-none-eabi/include/math.h"
 2218              		.file 11 "Source/js/utf.h"
 2219              		.file 12 "/usr/local/playdate/gcc-arm-none-eabi-9-2019-q4-major/arm-none-eabi/include/setjmp.h"
 2220              		.section	.debug_info,"",%progbits
 2221              	.Ldebug_info0:
 2222 0000 D0300000 		.4byte	0x30d0
 2223 0004 0200     		.2byte	0x2
 2224 0006 00000000 		.4byte	.Ldebug_abbrev0
 2225 000a 04       		.byte	0x4
 2226 000b 01       		.uleb128 0x1
 2227 000c B3030000 		.4byte	.LASF1641
 2228 0010 0C       		.byte	0xc
 2229 0011 5A630000 		.4byte	.LASF1642
 2230 0015 38080000 		.4byte	.LASF1643
 2231 0019 78000000 		.4byte	.Ldebug_ranges0+0x78
 2232 001d 00000000 		.4byte	0
 2233 0021 00000000 		.4byte	0
 2234 0025 00000000 		.4byte	.Ldebug_line0
 2235 0029 00000000 		.4byte	.Ldebug_macro0
 2236 002d 02       		.uleb128 0x2
 2237 002e 08       		.byte	0x8
 2238 002f 04       		.byte	0x4
 2239 0030 4E780000 		.4byte	.LASF1244
 2240 0034 03       		.uleb128 0x3
 2241 0035 FC2E0000 		.4byte	.LASF1246
 2242 0039 02       		.byte	0x2
 2243 003a 7801     		.2byte	0x178
 2244 003c 0D       		.byte	0xd
 2245 003d 41000000 		.4byte	0x41
 2246 0041 04       		.uleb128 0x4
 2247 0042 58000000 		.4byte	0x58
 2248 0046 51000000 		.4byte	0x51
 2249 004a 05       		.uleb128 0x5
 2250 004b 51000000 		.4byte	0x51
 2251 004f 16       		.byte	0x16
 2252 0050 00       		.byte	0
 2253 0051 02       		.uleb128 0x2
 2254 0052 04       		.byte	0x4
 2255 0053 07       		.byte	0x7
 2256 0054 96950000 		.4byte	.LASF1245
 2257 0058 06       		.uleb128 0x6
 2258 0059 04       		.byte	0x4
 2259 005a 05       		.byte	0x5
 2260 005b 696E7400 		.ascii	"int\000"
 2261 005f 07       		.uleb128 0x7
 2262 0060 9A020000 		.4byte	.LASF1247
 2263 0064 03       		.byte	0x3
 2264 0065 28       		.byte	0x28
 2265 0066 19       		.byte	0x19
 2266 0067 6B000000 		.4byte	0x6b
 2267 006b 08       		.uleb128 0x8
ARM GAS  /var/folders/65/xyhbx3_n6nd_hs7j3p9nfwv80000gn/T//ccls3DQP.s 			page 53


 2268 006c 9A020000 		.4byte	.LASF1247
 2269 0070 086F     		.2byte	0x6f08
 2270 0072 04       		.byte	0x4
 2271 0073 C8       		.byte	0xc8
 2272 0074 08       		.byte	0x8
 2273 0075 4F040000 		.4byte	0x44f
 2274 0079 09       		.uleb128 0x9
 2275 007a 19560000 		.4byte	.LASF1248
 2276 007e 04       		.byte	0x4
 2277 007f CA       		.byte	0xca
 2278 0080 08       		.byte	0x8
 2279 0081 7B040000 		.4byte	0x47b
 2280 0085 02       		.byte	0x2
 2281 0086 23       		.byte	0x23
 2282 0087 00       		.uleb128 0
 2283 0088 09       		.uleb128 0x9
 2284 0089 4B650000 		.4byte	.LASF1249
 2285 008d 04       		.byte	0x4
 2286 008e CB       		.byte	0xcb
 2287 008f 08       		.byte	0x8
 2288 0090 7B040000 		.4byte	0x47b
 2289 0094 02       		.byte	0x2
 2290 0095 23       		.byte	0x23
 2291 0096 04       		.uleb128 0x4
 2292 0097 09       		.uleb128 0x9
 2293 0098 B8640000 		.4byte	.LASF1250
 2294 009c 04       		.byte	0x4
 2295 009d CC       		.byte	0xcc
 2296 009e 0B       		.byte	0xb
 2297 009f 4F040000 		.4byte	0x44f
 2298 00a3 02       		.byte	0x2
 2299 00a4 23       		.byte	0x23
 2300 00a5 08       		.uleb128 0x8
 2301 00a6 09       		.uleb128 0x9
 2302 00a7 925B0000 		.4byte	.LASF1251
 2303 00ab 04       		.byte	0x4
 2304 00ac CD       		.byte	0xcd
 2305 00ad 0C       		.byte	0xc
 2306 00ae 26050000 		.4byte	0x526
 2307 00b2 02       		.byte	0x2
 2308 00b3 23       		.byte	0x23
 2309 00b4 0C       		.uleb128 0xc
 2310 00b5 09       		.uleb128 0x9
 2311 00b6 87100000 		.4byte	.LASF1252
 2312 00ba 04       		.byte	0x4
 2313 00bb CE       		.byte	0xce
 2314 00bc 0B       		.byte	0xb
 2315 00bd 7D040000 		.4byte	0x47d
 2316 00c1 02       		.byte	0x2
 2317 00c2 23       		.byte	0x23
 2318 00c3 10       		.uleb128 0x10
 2319 00c4 09       		.uleb128 0x9
 2320 00c5 E3800000 		.4byte	.LASF1253
 2321 00c9 04       		.byte	0x4
 2322 00ca D0       		.byte	0xd0
 2323 00cb 11       		.byte	0x11
 2324 00cc 05150000 		.4byte	0x1505
ARM GAS  /var/folders/65/xyhbx3_n6nd_hs7j3p9nfwv80000gn/T//ccls3DQP.s 			page 54


 2325 00d0 02       		.byte	0x2
 2326 00d1 23       		.byte	0x23
 2327 00d2 14       		.uleb128 0x14
 2328 00d3 09       		.uleb128 0x9
 2329 00d4 C8200000 		.4byte	.LASF1254
 2330 00d8 04       		.byte	0x4
 2331 00d9 D2       		.byte	0xd2
 2332 00da 06       		.byte	0x6
 2333 00db 58000000 		.4byte	0x58
 2334 00df 02       		.byte	0x2
 2335 00e0 23       		.byte	0x23
 2336 00e1 18       		.uleb128 0x18
 2337 00e2 09       		.uleb128 0x9
 2338 00e3 0B3D0000 		.4byte	.LASF1255
 2339 00e7 04       		.byte	0x4
 2340 00e8 D3       		.byte	0xd3
 2341 00e9 06       		.byte	0x6
 2342 00ea 58000000 		.4byte	0x58
 2343 00ee 02       		.byte	0x2
 2344 00ef 23       		.byte	0x23
 2345 00f0 1C       		.uleb128 0x1c
 2346 00f1 09       		.uleb128 0x9
 2347 00f2 B27A0000 		.4byte	.LASF1256
 2348 00f6 04       		.byte	0x4
 2349 00f7 D6       		.byte	0xd6
 2350 00f8 0E       		.byte	0xe
 2351 00f9 FC040000 		.4byte	0x4fc
 2352 00fd 02       		.byte	0x2
 2353 00fe 23       		.byte	0x23
 2354 00ff 20       		.uleb128 0x20
 2355 0100 09       		.uleb128 0x9
 2356 0101 F5140000 		.4byte	.LASF1257
 2357 0105 04       		.byte	0x4
 2358 0106 D7       		.byte	0xd7
 2359 0107 0E       		.byte	0xe
 2360 0108 FC040000 		.4byte	0x4fc
 2361 010c 02       		.byte	0x2
 2362 010d 23       		.byte	0x23
 2363 010e 24       		.uleb128 0x24
 2364 010f 09       		.uleb128 0x9
 2365 0110 C5320000 		.4byte	.LASF1258
 2366 0114 04       		.byte	0x4
 2367 0115 D8       		.byte	0xd8
 2368 0116 06       		.byte	0x6
 2369 0117 58000000 		.4byte	0x58
 2370 011b 02       		.byte	0x2
 2371 011c 23       		.byte	0x23
 2372 011d 28       		.uleb128 0x28
 2373 011e 09       		.uleb128 0x9
 2374 011f 71440000 		.4byte	.LASF1259
 2375 0123 04       		.byte	0x4
 2376 0124 DB       		.byte	0xdb
 2377 0125 27       		.byte	0x27
 2378 0126 CE140000 		.4byte	0x14ce
 2379 012a 02       		.byte	0x2
 2380 012b 23       		.byte	0x23
 2381 012c 2C       		.uleb128 0x2c
ARM GAS  /var/folders/65/xyhbx3_n6nd_hs7j3p9nfwv80000gn/T//ccls3DQP.s 			page 55


 2382 012d 09       		.uleb128 0x9
 2383 012e 395C0000 		.4byte	.LASF1260
 2384 0132 04       		.byte	0x4
 2385 0133 DC       		.byte	0xdc
 2386 0134 06       		.byte	0x6
 2387 0135 58000000 		.4byte	0x58
 2388 0139 02       		.byte	0x2
 2389 013a 23       		.byte	0x23
 2390 013b 38       		.uleb128 0x38
 2391 013c 09       		.uleb128 0x9
 2392 013d A8210000 		.4byte	.LASF1261
 2393 0141 04       		.byte	0x4
 2394 0142 DD       		.byte	0xdd
 2395 0143 06       		.byte	0x6
 2396 0144 58000000 		.4byte	0x58
 2397 0148 02       		.byte	0x2
 2398 0149 23       		.byte	0x23
 2399 014a 3C       		.uleb128 0x3c
 2400 014b 09       		.uleb128 0x9
 2401 014c 62780000 		.4byte	.LASF1262
 2402 0150 04       		.byte	0x4
 2403 0151 DE       		.byte	0xde
 2404 0152 06       		.byte	0x6
 2405 0153 58000000 		.4byte	0x58
 2406 0157 02       		.byte	0x2
 2407 0158 23       		.byte	0x23
 2408 0159 40       		.uleb128 0x40
 2409 015a 09       		.uleb128 0x9
 2410 015b 8E440000 		.4byte	.LASF1263
 2411 015f 04       		.byte	0x4
 2412 0160 DF       		.byte	0xdf
 2413 0161 06       		.byte	0x6
 2414 0162 58000000 		.4byte	0x58
 2415 0166 02       		.byte	0x2
 2416 0167 23       		.byte	0x23
 2417 0168 44       		.uleb128 0x44
 2418 0169 09       		.uleb128 0x9
 2419 016a 8B6D0000 		.4byte	.LASF1264
 2420 016e 04       		.byte	0x4
 2421 016f E2       		.byte	0xe2
 2422 0170 06       		.byte	0x6
 2423 0171 58000000 		.4byte	0x58
 2424 0175 02       		.byte	0x2
 2425 0176 23       		.byte	0x23
 2426 0177 48       		.uleb128 0x48
 2427 0178 09       		.uleb128 0x9
 2428 0179 2A2C0000 		.4byte	.LASF1265
 2429 017d 04       		.byte	0x4
 2430 017e E3       		.byte	0xe3
 2431 017f 06       		.byte	0x6
 2432 0180 58000000 		.4byte	0x58
 2433 0184 02       		.byte	0x2
 2434 0185 23       		.byte	0x23
 2435 0186 4C       		.uleb128 0x4c
 2436 0187 09       		.uleb128 0x9
 2437 0188 A23E0000 		.4byte	.LASF1266
 2438 018c 04       		.byte	0x4
ARM GAS  /var/folders/65/xyhbx3_n6nd_hs7j3p9nfwv80000gn/T//ccls3DQP.s 			page 56


 2439 018d E4       		.byte	0xe4
 2440 018e 0E       		.byte	0xe
 2441 018f FC040000 		.4byte	0x4fc
 2442 0193 02       		.byte	0x2
 2443 0194 23       		.byte	0x23
 2444 0195 50       		.uleb128 0x50
 2445 0196 09       		.uleb128 0x9
 2446 0197 2B290000 		.4byte	.LASF1267
 2447 019b 04       		.byte	0x4
 2448 019c E5       		.byte	0xe5
 2449 019d 09       		.byte	0x9
 2450 019e 2D000000 		.4byte	0x2d
 2451 01a2 02       		.byte	0x2
 2452 01a3 23       		.byte	0x23
 2453 01a4 58       		.uleb128 0x58
 2454 01a5 09       		.uleb128 0x9
 2455 01a6 77180000 		.4byte	.LASF1268
 2456 01aa 04       		.byte	0x4
 2457 01ab E6       		.byte	0xe6
 2458 01ac 0A       		.byte	0xa
 2459 01ad 0B150000 		.4byte	0x150b
 2460 01b1 02       		.byte	0x2
 2461 01b2 23       		.byte	0x23
 2462 01b3 60       		.uleb128 0x60
 2463 01b4 09       		.uleb128 0x9
 2464 01b5 D2430000 		.4byte	.LASF1269
 2465 01b9 04       		.byte	0x4
 2466 01ba E9       		.byte	0xe9
 2467 01bb 0D       		.byte	0xd
 2468 01bc 11150000 		.4byte	0x1511
 2469 01c0 02       		.byte	0x2
 2470 01c1 23       		.byte	0x23
 2471 01c2 64       		.uleb128 0x64
 2472 01c3 09       		.uleb128 0x9
 2473 01c4 A54D0000 		.4byte	.LASF1270
 2474 01c8 04       		.byte	0x4
 2475 01c9 EA       		.byte	0xea
 2476 01ca 0D       		.byte	0xd
 2477 01cb 11150000 		.4byte	0x1511
 2478 01cf 02       		.byte	0x2
 2479 01d0 23       		.byte	0x23
 2480 01d1 68       		.uleb128 0x68
 2481 01d2 09       		.uleb128 0x9
 2482 01d3 B16F0000 		.4byte	.LASF1271
 2483 01d7 04       		.byte	0x4
 2484 01d8 EB       		.byte	0xeb
 2485 01d9 0D       		.byte	0xd
 2486 01da 11150000 		.4byte	0x1511
 2487 01de 02       		.byte	0x2
 2488 01df 23       		.byte	0x23
 2489 01e0 6C       		.uleb128 0x6c
 2490 01e1 09       		.uleb128 0x9
 2491 01e2 7A550000 		.4byte	.LASF1272
 2492 01e6 04       		.byte	0x4
 2493 01e7 EC       		.byte	0xec
 2494 01e8 0D       		.byte	0xd
 2495 01e9 11150000 		.4byte	0x1511
ARM GAS  /var/folders/65/xyhbx3_n6nd_hs7j3p9nfwv80000gn/T//ccls3DQP.s 			page 57


 2496 01ed 02       		.byte	0x2
 2497 01ee 23       		.byte	0x23
 2498 01ef 70       		.uleb128 0x70
 2499 01f0 09       		.uleb128 0x9
 2500 01f1 CC8E0000 		.4byte	.LASF1273
 2501 01f5 04       		.byte	0x4
 2502 01f6 ED       		.byte	0xed
 2503 01f7 0D       		.byte	0xd
 2504 01f8 11150000 		.4byte	0x1511
 2505 01fc 02       		.byte	0x2
 2506 01fd 23       		.byte	0x23
 2507 01fe 74       		.uleb128 0x74
 2508 01ff 09       		.uleb128 0x9
 2509 0200 4D8C0000 		.4byte	.LASF1274
 2510 0204 04       		.byte	0x4
 2511 0205 EE       		.byte	0xee
 2512 0206 0D       		.byte	0xd
 2513 0207 11150000 		.4byte	0x1511
 2514 020b 02       		.byte	0x2
 2515 020c 23       		.byte	0x23
 2516 020d 78       		.uleb128 0x78
 2517 020e 09       		.uleb128 0x9
 2518 020f D1890000 		.4byte	.LASF1275
 2519 0213 04       		.byte	0x4
 2520 0214 EF       		.byte	0xef
 2521 0215 0D       		.byte	0xd
 2522 0216 11150000 		.4byte	0x1511
 2523 021a 02       		.byte	0x2
 2524 021b 23       		.byte	0x23
 2525 021c 7C       		.uleb128 0x7c
 2526 021d 09       		.uleb128 0x9
 2527 021e 18340000 		.4byte	.LASF1276
 2528 0222 04       		.byte	0x4
 2529 0223 F0       		.byte	0xf0
 2530 0224 0D       		.byte	0xd
 2531 0225 11150000 		.4byte	0x1511
 2532 0229 03       		.byte	0x3
 2533 022a 23       		.byte	0x23
 2534 022b 8001     		.uleb128 0x80
 2535 022d 09       		.uleb128 0x9
 2536 022e D5380000 		.4byte	.LASF1277
 2537 0232 04       		.byte	0x4
 2538 0233 F2       		.byte	0xf2
 2539 0234 0D       		.byte	0xd
 2540 0235 11150000 		.4byte	0x1511
 2541 0239 03       		.byte	0x3
 2542 023a 23       		.byte	0x23
 2543 023b 8401     		.uleb128 0x84
 2544 023d 09       		.uleb128 0x9
 2545 023e C5520000 		.4byte	.LASF1278
 2546 0242 04       		.byte	0x4
 2547 0243 F3       		.byte	0xf3
 2548 0244 0D       		.byte	0xd
 2549 0245 11150000 		.4byte	0x1511
 2550 0249 03       		.byte	0x3
 2551 024a 23       		.byte	0x23
 2552 024b 8801     		.uleb128 0x88
ARM GAS  /var/folders/65/xyhbx3_n6nd_hs7j3p9nfwv80000gn/T//ccls3DQP.s 			page 58


 2553 024d 09       		.uleb128 0x9
 2554 024e 2E170000 		.4byte	.LASF1279
 2555 0252 04       		.byte	0x4
 2556 0253 F4       		.byte	0xf4
 2557 0254 0D       		.byte	0xd
 2558 0255 11150000 		.4byte	0x1511
 2559 0259 03       		.byte	0x3
 2560 025a 23       		.byte	0x23
 2561 025b 8C01     		.uleb128 0x8c
 2562 025d 09       		.uleb128 0x9
 2563 025e 07990000 		.4byte	.LASF1280
 2564 0262 04       		.byte	0x4
 2565 0263 F5       		.byte	0xf5
 2566 0264 0D       		.byte	0xd
 2567 0265 11150000 		.4byte	0x1511
 2568 0269 03       		.byte	0x3
 2569 026a 23       		.byte	0x23
 2570 026b 9001     		.uleb128 0x90
 2571 026d 09       		.uleb128 0x9
 2572 026e 62010000 		.4byte	.LASF1281
 2573 0272 04       		.byte	0x4
 2574 0273 F6       		.byte	0xf6
 2575 0274 0D       		.byte	0xd
 2576 0275 11150000 		.4byte	0x1511
 2577 0279 03       		.byte	0x3
 2578 027a 23       		.byte	0x23
 2579 027b 9401     		.uleb128 0x94
 2580 027d 09       		.uleb128 0x9
 2581 027e 86480000 		.4byte	.LASF1282
 2582 0282 04       		.byte	0x4
 2583 0283 F7       		.byte	0xf7
 2584 0284 0D       		.byte	0xd
 2585 0285 11150000 		.4byte	0x1511
 2586 0289 03       		.byte	0x3
 2587 028a 23       		.byte	0x23
 2588 028b 9801     		.uleb128 0x98
 2589 028d 09       		.uleb128 0x9
 2590 028e 1D8D0000 		.4byte	.LASF1283
 2591 0292 04       		.byte	0x4
 2592 0293 F8       		.byte	0xf8
 2593 0294 0D       		.byte	0xd
 2594 0295 11150000 		.4byte	0x1511
 2595 0299 03       		.byte	0x3
 2596 029a 23       		.byte	0x23
 2597 029b 9C01     		.uleb128 0x9c
 2598 029d 09       		.uleb128 0x9
 2599 029e 76610000 		.4byte	.LASF1284
 2600 02a2 04       		.byte	0x4
 2601 02a3 FA       		.byte	0xfa
 2602 02a4 0F       		.byte	0xf
 2603 02a5 51000000 		.4byte	0x51
 2604 02a9 03       		.byte	0x3
 2605 02aa 23       		.byte	0x23
 2606 02ab A001     		.uleb128 0xa0
 2607 02ad 09       		.uleb128 0x9
 2608 02ae DC0E0000 		.4byte	.LASF1285
 2609 02b2 04       		.byte	0x4
ARM GAS  /var/folders/65/xyhbx3_n6nd_hs7j3p9nfwv80000gn/T//ccls3DQP.s 			page 59


 2610 02b3 FC       		.byte	0xfc
 2611 02b4 07       		.byte	0x7
 2612 02b5 17150000 		.4byte	0x1517
 2613 02b9 03       		.byte	0x3
 2614 02ba 23       		.byte	0x23
 2615 02bb A401     		.uleb128 0xa4
 2616 02bd 09       		.uleb128 0x9
 2617 02be 36320000 		.4byte	.LASF1286
 2618 02c2 04       		.byte	0x4
 2619 02c3 FE       		.byte	0xfe
 2620 02c4 06       		.byte	0x6
 2621 02c5 58000000 		.4byte	0x58
 2622 02c9 03       		.byte	0x3
 2623 02ca 23       		.byte	0x23
 2624 02cb B001     		.uleb128 0xb0
 2625 02cd 0A       		.uleb128 0xa
 2626 02ce 5200     		.ascii	"R\000"
 2627 02d0 04       		.byte	0x4
 2628 02d1 FF       		.byte	0xff
 2629 02d2 0D       		.byte	0xd
 2630 02d3 11150000 		.4byte	0x1511
 2631 02d7 03       		.byte	0x3
 2632 02d8 23       		.byte	0x23
 2633 02d9 B401     		.uleb128 0xb4
 2634 02db 0B       		.uleb128 0xb
 2635 02dc 4700     		.ascii	"G\000"
 2636 02de 04       		.byte	0x4
 2637 02df 0001     		.2byte	0x100
 2638 02e1 0D       		.byte	0xd
 2639 02e2 11150000 		.4byte	0x1511
 2640 02e6 03       		.byte	0x3
 2641 02e7 23       		.byte	0x23
 2642 02e8 B801     		.uleb128 0xb8
 2643 02ea 0B       		.uleb128 0xb
 2644 02eb 4500     		.ascii	"E\000"
 2645 02ed 04       		.byte	0x4
 2646 02ee 0101     		.2byte	0x101
 2647 02f0 12       		.byte	0x12
 2648 02f1 71140000 		.4byte	0x1471
 2649 02f5 03       		.byte	0x3
 2650 02f6 23       		.byte	0x23
 2651 02f7 BC01     		.uleb128 0xbc
 2652 02f9 0B       		.uleb128 0xb
 2653 02fa 474500   		.ascii	"GE\000"
 2654 02fd 04       		.byte	0x4
 2655 02fe 0201     		.2byte	0x102
 2656 0300 12       		.byte	0x12
 2657 0301 71140000 		.4byte	0x1471
 2658 0305 03       		.byte	0x3
 2659 0306 23       		.byte	0x23
 2660 0307 C001     		.uleb128 0xc0
 2661 0309 0B       		.uleb128 0xb
 2662 030a 746F7000 		.ascii	"top\000"
 2663 030e 04       		.byte	0x4
 2664 030f 0501     		.2byte	0x105
 2665 0311 06       		.byte	0x6
 2666 0312 58000000 		.4byte	0x58
ARM GAS  /var/folders/65/xyhbx3_n6nd_hs7j3p9nfwv80000gn/T//ccls3DQP.s 			page 60


 2667 0316 03       		.byte	0x3
 2668 0317 23       		.byte	0x23
 2669 0318 C401     		.uleb128 0xc4
 2670 031a 0B       		.uleb128 0xb
 2671 031b 626F7400 		.ascii	"bot\000"
 2672 031f 04       		.byte	0x4
 2673 0320 0501     		.2byte	0x105
 2674 0322 0B       		.byte	0xb
 2675 0323 58000000 		.4byte	0x58
 2676 0327 03       		.byte	0x3
 2677 0328 23       		.byte	0x23
 2678 0329 C801     		.uleb128 0xc8
 2679 032b 0C       		.uleb128 0xc
 2680 032c 8B2B0000 		.4byte	.LASF1287
 2681 0330 04       		.byte	0x4
 2682 0331 0601     		.2byte	0x106
 2683 0333 0C       		.byte	0xc
 2684 0334 27150000 		.4byte	0x1527
 2685 0338 03       		.byte	0x3
 2686 0339 23       		.byte	0x23
 2687 033a CC01     		.uleb128 0xcc
 2688 033c 0C       		.uleb128 0xc
 2689 033d 73570000 		.4byte	.LASF1288
 2690 0341 04       		.byte	0x4
 2691 0342 0901     		.2byte	0x109
 2692 0344 06       		.byte	0x6
 2693 0345 58000000 		.4byte	0x58
 2694 0349 03       		.byte	0x3
 2695 034a 23       		.byte	0x23
 2696 034b D001     		.uleb128 0xd0
 2697 034d 0C       		.uleb128 0xc
 2698 034e F5840000 		.4byte	.LASF1289
 2699 0352 04       		.byte	0x4
 2700 0353 0A01     		.2byte	0x10a
 2701 0355 0F       		.byte	0xf
 2702 0356 51000000 		.4byte	0x51
 2703 035a 03       		.byte	0x3
 2704 035b 23       		.byte	0x23
 2705 035c D401     		.uleb128 0xd4
 2706 035e 0C       		.uleb128 0xc
 2707 035f 48410000 		.4byte	.LASF1290
 2708 0363 04       		.byte	0x4
 2709 0364 0A01     		.2byte	0x10a
 2710 0366 1A       		.byte	0x1a
 2711 0367 51000000 		.4byte	0x51
 2712 036b 03       		.byte	0x3
 2713 036c 23       		.byte	0x23
 2714 036d D801     		.uleb128 0xd8
 2715 036f 0C       		.uleb128 0xc
 2716 0370 EF240000 		.4byte	.LASF1291
 2717 0374 04       		.byte	0x4
 2718 0375 0B01     		.2byte	0x10b
 2719 0377 12       		.byte	0x12
 2720 0378 71140000 		.4byte	0x1471
 2721 037c 03       		.byte	0x3
 2722 037d 23       		.byte	0x23
 2723 037e DC01     		.uleb128 0xdc
ARM GAS  /var/folders/65/xyhbx3_n6nd_hs7j3p9nfwv80000gn/T//ccls3DQP.s 			page 61


 2724 0380 0C       		.uleb128 0xc
 2725 0381 BB6D0000 		.4byte	.LASF1292
 2726 0385 04       		.byte	0x4
 2727 0386 0C01     		.2byte	0x10c
 2728 0388 0F       		.byte	0xf
 2729 0389 2D150000 		.4byte	0x152d
 2730 038d 03       		.byte	0x3
 2731 038e 23       		.byte	0x23
 2732 038f E001     		.uleb128 0xe0
 2733 0391 0C       		.uleb128 0xc
 2734 0392 92220000 		.4byte	.LASF1293
 2735 0396 04       		.byte	0x4
 2736 0397 0D01     		.2byte	0x10d
 2737 0399 0D       		.byte	0xd
 2738 039a 11150000 		.4byte	0x1511
 2739 039e 03       		.byte	0x3
 2740 039f 23       		.byte	0x23
 2741 03a0 E401     		.uleb128 0xe4
 2742 03a2 0C       		.uleb128 0xc
 2743 03a3 698F0000 		.4byte	.LASF1294
 2744 03a7 04       		.byte	0x4
 2745 03a8 0E01     		.2byte	0x10e
 2746 03aa 0D       		.byte	0xd
 2747 03ab 33150000 		.4byte	0x1533
 2748 03af 03       		.byte	0x3
 2749 03b0 23       		.byte	0x23
 2750 03b1 E801     		.uleb128 0xe8
 2751 03b3 0C       		.uleb128 0xc
 2752 03b4 D6260000 		.4byte	.LASF1295
 2753 03b8 04       		.byte	0x4
 2754 03b9 1001     		.2byte	0x110
 2755 03bb 0D       		.byte	0xd
 2756 03bc 11150000 		.4byte	0x1511
 2757 03c0 03       		.byte	0x3
 2758 03c1 23       		.byte	0x23
 2759 03c2 EC01     		.uleb128 0xec
 2760 03c4 0C       		.uleb128 0xc
 2761 03c5 97550000 		.4byte	.LASF1296
 2762 03c9 04       		.byte	0x4
 2763 03ca 1201     		.2byte	0x112
 2764 03cc 06       		.byte	0x6
 2765 03cd 58000000 		.4byte	0x58
 2766 03d1 03       		.byte	0x3
 2767 03d2 23       		.byte	0x23
 2768 03d3 F001     		.uleb128 0xf0
 2769 03d5 0C       		.uleb128 0xc
 2770 03d6 59170000 		.4byte	.LASF1297
 2771 03da 04       		.byte	0x4
 2772 03db 1301     		.2byte	0x113
 2773 03dd 06       		.byte	0x6
 2774 03de 58000000 		.4byte	0x58
 2775 03e2 03       		.byte	0x3
 2776 03e3 23       		.byte	0x23
 2777 03e4 F401     		.uleb128 0xf4
 2778 03e6 0C       		.uleb128 0xc
 2779 03e7 91160000 		.4byte	.LASF1298
 2780 03eb 04       		.byte	0x4
ARM GAS  /var/folders/65/xyhbx3_n6nd_hs7j3p9nfwv80000gn/T//ccls3DQP.s 			page 62


 2781 03ec 1601     		.2byte	0x116
 2782 03ee 06       		.byte	0x6
 2783 03ef 58000000 		.4byte	0x58
 2784 03f3 03       		.byte	0x3
 2785 03f4 23       		.byte	0x23
 2786 03f5 F801     		.uleb128 0xf8
 2787 03f7 0C       		.uleb128 0xc
 2788 03f8 2A880000 		.4byte	.LASF1299
 2789 03fc 04       		.byte	0x4
 2790 03fd 1701     		.2byte	0x117
 2791 03ff 12       		.byte	0x12
 2792 0400 39150000 		.4byte	0x1539
 2793 0404 03       		.byte	0x3
 2794 0405 23       		.byte	0x23
 2795 0406 FC01     		.uleb128 0xfc
 2796 0408 0C       		.uleb128 0xc
 2797 0409 AD410000 		.4byte	.LASF1300
 2798 040d 04       		.byte	0x4
 2799 040e 1A01     		.2byte	0x11a
 2800 0410 06       		.byte	0x6
 2801 0411 58000000 		.4byte	0x58
 2802 0415 03       		.byte	0x3
 2803 0416 23       		.byte	0x23
 2804 0417 FC21     		.uleb128 0x10fc
 2805 0419 0C       		.uleb128 0xc
 2806 041a 53680000 		.4byte	.LASF1301
 2807 041e 04       		.byte	0x4
 2808 041f 1B01     		.2byte	0x11b
 2809 0421 10       		.byte	0x10
 2810 0422 4A150000 		.4byte	0x154a
 2811 0426 03       		.byte	0x3
 2812 0427 23       		.byte	0x23
 2813 0428 8022     		.uleb128 0x1100
 2814 042a 0C       		.uleb128 0xc
 2815 042b 413C0000 		.4byte	.LASF1302
 2816 042f 04       		.byte	0x4
 2817 0430 1E01     		.2byte	0x11e
 2818 0432 06       		.byte	0x6
 2819 0433 58000000 		.4byte	0x58
 2820 0437 04       		.byte	0x4
 2821 0438 23       		.byte	0x23
 2822 0439 80A201   		.uleb128 0x5100
 2823 043c 0C       		.uleb128 0xc
 2824 043d 72930000 		.4byte	.LASF1303
 2825 0441 04       		.byte	0x4
 2826 0442 1F01     		.2byte	0x11f
 2827 0444 0D       		.byte	0xd
 2828 0445 5B150000 		.4byte	0x155b
 2829 0449 04       		.byte	0x4
 2830 044a 23       		.byte	0x23
 2831 044b 84A201   		.uleb128 0x5104
 2832 044e 00       		.byte	0
 2833 044f 07       		.uleb128 0x7
 2834 0450 1C500000 		.4byte	.LASF1304
 2835 0454 03       		.byte	0x3
 2836 0455 2A       		.byte	0x2a
 2837 0456 11       		.byte	0x11
ARM GAS  /var/folders/65/xyhbx3_n6nd_hs7j3p9nfwv80000gn/T//ccls3DQP.s 			page 63


 2838 0457 5B040000 		.4byte	0x45b
 2839 045b 0D       		.uleb128 0xd
 2840 045c 04       		.byte	0x4
 2841 045d 61040000 		.4byte	0x461
 2842 0461 0E       		.uleb128 0xe
 2843 0462 01       		.byte	0x1
 2844 0463 7B040000 		.4byte	0x47b
 2845 0467 7B040000 		.4byte	0x47b
 2846 046b 0F       		.uleb128 0xf
 2847 046c 7B040000 		.4byte	0x47b
 2848 0470 0F       		.uleb128 0xf
 2849 0471 7B040000 		.4byte	0x47b
 2850 0475 0F       		.uleb128 0xf
 2851 0476 58000000 		.4byte	0x58
 2852 047a 00       		.byte	0
 2853 047b 10       		.uleb128 0x10
 2854 047c 04       		.byte	0x4
 2855 047d 07       		.uleb128 0x7
 2856 047e DC980000 		.4byte	.LASF1305
 2857 0482 03       		.byte	0x3
 2858 0483 2B       		.byte	0x2b
 2859 0484 10       		.byte	0x10
 2860 0485 89040000 		.4byte	0x489
 2861 0489 0D       		.uleb128 0xd
 2862 048a 04       		.byte	0x4
 2863 048b 8F040000 		.4byte	0x48f
 2864 048f 11       		.uleb128 0x11
 2865 0490 01       		.byte	0x1
 2866 0491 9B040000 		.4byte	0x49b
 2867 0495 0F       		.uleb128 0xf
 2868 0496 9B040000 		.4byte	0x49b
 2869 049a 00       		.byte	0
 2870 049b 0D       		.uleb128 0xd
 2871 049c 04       		.byte	0x4
 2872 049d 5F000000 		.4byte	0x5f
 2873 04a1 07       		.uleb128 0x7
 2874 04a2 DD950000 		.4byte	.LASF1306
 2875 04a6 03       		.byte	0x3
 2876 04a7 2C       		.byte	0x2c
 2877 04a8 10       		.byte	0x10
 2878 04a9 89040000 		.4byte	0x489
 2879 04ad 07       		.uleb128 0x7
 2880 04ae 6E860000 		.4byte	.LASF1307
 2881 04b2 03       		.byte	0x3
 2882 04b3 2D       		.byte	0x2d
 2883 04b4 10       		.byte	0x10
 2884 04b5 B9040000 		.4byte	0x4b9
 2885 04b9 0D       		.uleb128 0xd
 2886 04ba 04       		.byte	0x4
 2887 04bb BF040000 		.4byte	0x4bf
 2888 04bf 11       		.uleb128 0x11
 2889 04c0 01       		.byte	0x1
 2890 04c1 D0040000 		.4byte	0x4d0
 2891 04c5 0F       		.uleb128 0xf
 2892 04c6 9B040000 		.4byte	0x49b
 2893 04ca 0F       		.uleb128 0xf
 2894 04cb 7B040000 		.4byte	0x47b
ARM GAS  /var/folders/65/xyhbx3_n6nd_hs7j3p9nfwv80000gn/T//ccls3DQP.s 			page 64


 2895 04cf 00       		.byte	0
 2896 04d0 07       		.uleb128 0x7
 2897 04d1 E22C0000 		.4byte	.LASF1308
 2898 04d5 03       		.byte	0x3
 2899 04d6 2E       		.byte	0x2e
 2900 04d7 0F       		.byte	0xf
 2901 04d8 DC040000 		.4byte	0x4dc
 2902 04dc 0D       		.uleb128 0xd
 2903 04dd 04       		.byte	0x4
 2904 04de E2040000 		.4byte	0x4e2
 2905 04e2 0E       		.uleb128 0xe
 2906 04e3 01       		.byte	0x1
 2907 04e4 58000000 		.4byte	0x58
 2908 04e8 FC040000 		.4byte	0x4fc
 2909 04ec 0F       		.uleb128 0xf
 2910 04ed 9B040000 		.4byte	0x49b
 2911 04f1 0F       		.uleb128 0xf
 2912 04f2 7B040000 		.4byte	0x47b
 2913 04f6 0F       		.uleb128 0xf
 2914 04f7 FC040000 		.4byte	0x4fc
 2915 04fb 00       		.byte	0
 2916 04fc 0D       		.uleb128 0xd
 2917 04fd 04       		.byte	0x4
 2918 04fe 09050000 		.4byte	0x509
 2919 0502 02       		.uleb128 0x2
 2920 0503 01       		.byte	0x1
 2921 0504 08       		.byte	0x8
 2922 0505 A56D0000 		.4byte	.LASF1309
 2923 0509 12       		.uleb128 0x12
 2924 050a 02050000 		.4byte	0x502
 2925 050e 07       		.uleb128 0x7
 2926 050f EE620000 		.4byte	.LASF1310
 2927 0513 03       		.byte	0x3
 2928 0514 2F       		.byte	0x2f
 2929 0515 0F       		.byte	0xf
 2930 0516 DC040000 		.4byte	0x4dc
 2931 051a 07       		.uleb128 0x7
 2932 051b F85A0000 		.4byte	.LASF1311
 2933 051f 03       		.byte	0x3
 2934 0520 30       		.byte	0x30
 2935 0521 0F       		.byte	0xf
 2936 0522 DC040000 		.4byte	0x4dc
 2937 0526 07       		.uleb128 0x7
 2938 0527 18420000 		.4byte	.LASF1312
 2939 052b 03       		.byte	0x3
 2940 052c 31       		.byte	0x31
 2941 052d 10       		.byte	0x10
 2942 052e 32050000 		.4byte	0x532
 2943 0532 0D       		.uleb128 0xd
 2944 0533 04       		.byte	0x4
 2945 0534 38050000 		.4byte	0x538
 2946 0538 11       		.uleb128 0x11
 2947 0539 01       		.byte	0x1
 2948 053a 49050000 		.4byte	0x549
 2949 053e 0F       		.uleb128 0xf
 2950 053f 9B040000 		.4byte	0x49b
 2951 0543 0F       		.uleb128 0xf
ARM GAS  /var/folders/65/xyhbx3_n6nd_hs7j3p9nfwv80000gn/T//ccls3DQP.s 			page 65


 2952 0544 FC040000 		.4byte	0x4fc
 2953 0548 00       		.byte	0
 2954 0549 02       		.uleb128 0x2
 2955 054a 01       		.byte	0x1
 2956 054b 08       		.byte	0x8
 2957 054c 13230000 		.4byte	.LASF1313
 2958 0550 13       		.uleb128 0x13
 2959 0551 07       		.byte	0x7
 2960 0552 01       		.byte	0x1
 2961 0553 49050000 		.4byte	0x549
 2962 0557 03       		.byte	0x3
 2963 0558 53       		.byte	0x53
 2964 0559 06       		.byte	0x6
 2965 055a 71050000 		.4byte	0x571
 2966 055e 14       		.uleb128 0x14
 2967 055f 78020000 		.4byte	.LASF1314
 2968 0563 01       		.byte	0x1
 2969 0564 14       		.uleb128 0x14
 2970 0565 51410000 		.4byte	.LASF1315
 2971 0569 02       		.byte	0x2
 2972 056a 14       		.uleb128 0x14
 2973 056b 85410000 		.4byte	.LASF1316
 2974 056f 04       		.byte	0x4
 2975 0570 00       		.byte	0
 2976 0571 02       		.uleb128 0x2
 2977 0572 01       		.byte	0x1
 2978 0573 06       		.byte	0x6
 2979 0574 A5490000 		.4byte	.LASF1317
 2980 0578 02       		.uleb128 0x2
 2981 0579 02       		.byte	0x2
 2982 057a 05       		.byte	0x5
 2983 057b F9960000 		.4byte	.LASF1318
 2984 057f 02       		.uleb128 0x2
 2985 0580 02       		.byte	0x2
 2986 0581 07       		.byte	0x7
 2987 0582 67550000 		.4byte	.LASF1319
 2988 0586 02       		.uleb128 0x2
 2989 0587 04       		.byte	0x4
 2990 0588 05       		.byte	0x5
 2991 0589 01630000 		.4byte	.LASF1320
 2992 058d 02       		.uleb128 0x2
 2993 058e 04       		.byte	0x4
 2994 058f 07       		.byte	0x7
 2995 0590 72910000 		.4byte	.LASF1321
 2996 0594 02       		.uleb128 0x2
 2997 0595 08       		.byte	0x8
 2998 0596 05       		.byte	0x5
 2999 0597 0F8D0000 		.4byte	.LASF1322
 3000 059b 02       		.uleb128 0x2
 3001 059c 08       		.byte	0x8
 3002 059d 07       		.byte	0x7
 3003 059e DC820000 		.4byte	.LASF1323
 3004 05a2 02       		.uleb128 0x2
 3005 05a3 08       		.byte	0x8
 3006 05a4 04       		.byte	0x4
 3007 05a5 A1690000 		.4byte	.LASF1324
 3008 05a9 07       		.uleb128 0x7
ARM GAS  /var/folders/65/xyhbx3_n6nd_hs7j3p9nfwv80000gn/T//ccls3DQP.s 			page 66


 3009 05aa AE1D0000 		.4byte	.LASF1325
 3010 05ae 05       		.byte	0x5
 3011 05af 22       		.byte	0x22
 3012 05b0 19       		.byte	0x19
 3013 05b1 B5050000 		.4byte	0x5b5
 3014 05b5 0D       		.uleb128 0xd
 3015 05b6 04       		.byte	0x4
 3016 05b7 BB050000 		.4byte	0x5bb
 3017 05bb 15       		.uleb128 0x15
 3018 05bc 37180000 		.4byte	.LASF1431
 3019 05c0 01       		.byte	0x1
 3020 05c1 07       		.uleb128 0x7
 3021 05c2 1A370000 		.4byte	.LASF1326
 3022 05c6 06       		.byte	0x6
 3023 05c7 2C       		.byte	0x2c
 3024 05c8 0E       		.byte	0xe
 3025 05c9 86050000 		.4byte	0x586
 3026 05cd 07       		.uleb128 0x7
 3027 05ce 5D440000 		.4byte	.LASF1327
 3028 05d2 06       		.byte	0x6
 3029 05d3 72       		.byte	0x72
 3030 05d4 0E       		.byte	0xe
 3031 05d5 86050000 		.4byte	0x586
 3032 05d9 03       		.uleb128 0x3
 3033 05da 8B3D0000 		.4byte	.LASF1328
 3034 05de 07       		.byte	0x7
 3035 05df 5E01     		.2byte	0x15e
 3036 05e1 17       		.byte	0x17
 3037 05e2 51000000 		.4byte	0x51
 3038 05e6 16       		.uleb128 0x16
 3039 05e7 04       		.byte	0x4
 3040 05e8 06       		.byte	0x6
 3041 05e9 A6       		.byte	0xa6
 3042 05ea 03       		.byte	0x3
 3043 05eb 08060000 		.4byte	0x608
 3044 05ef 17       		.uleb128 0x17
 3045 05f0 01600000 		.4byte	.LASF1329
 3046 05f4 06       		.byte	0x6
 3047 05f5 A8       		.byte	0xa8
 3048 05f6 0C       		.byte	0xc
 3049 05f7 D9050000 		.4byte	0x5d9
 3050 05fb 17       		.uleb128 0x17
 3051 05fc 723C0000 		.4byte	.LASF1330
 3052 0600 06       		.byte	0x6
 3053 0601 A9       		.byte	0xa9
 3054 0602 13       		.byte	0x13
 3055 0603 08060000 		.4byte	0x608
 3056 0607 00       		.byte	0
 3057 0608 04       		.uleb128 0x4
 3058 0609 49050000 		.4byte	0x549
 3059 060d 18060000 		.4byte	0x618
 3060 0611 05       		.uleb128 0x5
 3061 0612 51000000 		.4byte	0x51
 3062 0616 03       		.byte	0x3
 3063 0617 00       		.byte	0
 3064 0618 18       		.uleb128 0x18
 3065 0619 08       		.byte	0x8
ARM GAS  /var/folders/65/xyhbx3_n6nd_hs7j3p9nfwv80000gn/T//ccls3DQP.s 			page 67


 3066 061a 06       		.byte	0x6
 3067 061b A3       		.byte	0xa3
 3068 061c 09       		.byte	0x9
 3069 061d 40060000 		.4byte	0x640
 3070 0621 09       		.uleb128 0x9
 3071 0622 84380000 		.4byte	.LASF1331
 3072 0626 06       		.byte	0x6
 3073 0627 A5       		.byte	0xa5
 3074 0628 07       		.byte	0x7
 3075 0629 58000000 		.4byte	0x58
 3076 062d 02       		.byte	0x2
 3077 062e 23       		.byte	0x23
 3078 062f 00       		.uleb128 0
 3079 0630 09       		.uleb128 0x9
 3080 0631 5F7C0000 		.4byte	.LASF1332
 3081 0635 06       		.byte	0x6
 3082 0636 AA       		.byte	0xaa
 3083 0637 05       		.byte	0x5
 3084 0638 E6050000 		.4byte	0x5e6
 3085 063c 02       		.byte	0x2
 3086 063d 23       		.byte	0x23
 3087 063e 04       		.uleb128 0x4
 3088 063f 00       		.byte	0
 3089 0640 07       		.uleb128 0x7
 3090 0641 190E0000 		.4byte	.LASF1333
 3091 0645 06       		.byte	0x6
 3092 0646 AB       		.byte	0xab
 3093 0647 03       		.byte	0x3
 3094 0648 18060000 		.4byte	0x618
 3095 064c 07       		.uleb128 0x7
 3096 064d E77C0000 		.4byte	.LASF1334
 3097 0651 06       		.byte	0x6
 3098 0652 AF       		.byte	0xaf
 3099 0653 1B       		.byte	0x1b
 3100 0654 A9050000 		.4byte	0x5a9
 3101 0658 07       		.uleb128 0x7
 3102 0659 6F500000 		.4byte	.LASF1335
 3103 065d 08       		.byte	0x8
 3104 065e 16       		.byte	0x16
 3105 065f 19       		.byte	0x19
 3106 0660 8D050000 		.4byte	0x58d
 3107 0664 19       		.uleb128 0x19
 3108 0665 A96F0000 		.4byte	.LASF1336
 3109 0669 18       		.byte	0x18
 3110 066a 08       		.byte	0x8
 3111 066b 2F       		.byte	0x2f
 3112 066c 08       		.byte	0x8
 3113 066d CA060000 		.4byte	0x6ca
 3114 0671 09       		.uleb128 0x9
 3115 0672 2D450000 		.4byte	.LASF1337
 3116 0676 08       		.byte	0x8
 3117 0677 31       		.byte	0x31
 3118 0678 13       		.byte	0x13
 3119 0679 CA060000 		.4byte	0x6ca
 3120 067d 02       		.byte	0x2
 3121 067e 23       		.byte	0x23
 3122 067f 00       		.uleb128 0
ARM GAS  /var/folders/65/xyhbx3_n6nd_hs7j3p9nfwv80000gn/T//ccls3DQP.s 			page 68


 3123 0680 0A       		.uleb128 0xa
 3124 0681 5F6B00   		.ascii	"_k\000"
 3125 0684 08       		.byte	0x8
 3126 0685 32       		.byte	0x32
 3127 0686 07       		.byte	0x7
 3128 0687 58000000 		.4byte	0x58
 3129 068b 02       		.byte	0x2
 3130 068c 23       		.byte	0x23
 3131 068d 04       		.uleb128 0x4
 3132 068e 09       		.uleb128 0x9
 3133 068f AB680000 		.4byte	.LASF1338
 3134 0693 08       		.byte	0x8
 3135 0694 32       		.byte	0x32
 3136 0695 0B       		.byte	0xb
 3137 0696 58000000 		.4byte	0x58
 3138 069a 02       		.byte	0x2
 3139 069b 23       		.byte	0x23
 3140 069c 08       		.uleb128 0x8
 3141 069d 09       		.uleb128 0x9
 3142 069e 16930000 		.4byte	.LASF1339
 3143 06a2 08       		.byte	0x8
 3144 06a3 32       		.byte	0x32
 3145 06a4 14       		.byte	0x14
 3146 06a5 58000000 		.4byte	0x58
 3147 06a9 02       		.byte	0x2
 3148 06aa 23       		.byte	0x23
 3149 06ab 0C       		.uleb128 0xc
 3150 06ac 09       		.uleb128 0x9
 3151 06ad 37240000 		.4byte	.LASF1340
 3152 06b1 08       		.byte	0x8
 3153 06b2 32       		.byte	0x32
 3154 06b3 1B       		.byte	0x1b
 3155 06b4 58000000 		.4byte	0x58
 3156 06b8 02       		.byte	0x2
 3157 06b9 23       		.byte	0x23
 3158 06ba 10       		.uleb128 0x10
 3159 06bb 0A       		.uleb128 0xa
 3160 06bc 5F7800   		.ascii	"_x\000"
 3161 06bf 08       		.byte	0x8
 3162 06c0 33       		.byte	0x33
 3163 06c1 0B       		.byte	0xb
 3164 06c2 D0060000 		.4byte	0x6d0
 3165 06c6 02       		.byte	0x2
 3166 06c7 23       		.byte	0x23
 3167 06c8 14       		.uleb128 0x14
 3168 06c9 00       		.byte	0
 3169 06ca 0D       		.uleb128 0xd
 3170 06cb 04       		.byte	0x4
 3171 06cc 64060000 		.4byte	0x664
 3172 06d0 04       		.uleb128 0x4
 3173 06d1 58060000 		.4byte	0x658
 3174 06d5 E0060000 		.4byte	0x6e0
 3175 06d9 05       		.uleb128 0x5
 3176 06da 51000000 		.4byte	0x51
 3177 06de 00       		.byte	0
 3178 06df 00       		.byte	0
 3179 06e0 19       		.uleb128 0x19
ARM GAS  /var/folders/65/xyhbx3_n6nd_hs7j3p9nfwv80000gn/T//ccls3DQP.s 			page 69


 3180 06e1 641B0000 		.4byte	.LASF1341
 3181 06e5 24       		.byte	0x24
 3182 06e6 08       		.byte	0x8
 3183 06e7 37       		.byte	0x37
 3184 06e8 08       		.byte	0x8
 3185 06e9 75070000 		.4byte	0x775
 3186 06ed 09       		.uleb128 0x9
 3187 06ee 174A0000 		.4byte	.LASF1342
 3188 06f2 08       		.byte	0x8
 3189 06f3 39       		.byte	0x39
 3190 06f4 09       		.byte	0x9
 3191 06f5 58000000 		.4byte	0x58
 3192 06f9 02       		.byte	0x2
 3193 06fa 23       		.byte	0x23
 3194 06fb 00       		.uleb128 0
 3195 06fc 09       		.uleb128 0x9
 3196 06fd 672A0000 		.4byte	.LASF1343
 3197 0701 08       		.byte	0x8
 3198 0702 3A       		.byte	0x3a
 3199 0703 09       		.byte	0x9
 3200 0704 58000000 		.4byte	0x58
 3201 0708 02       		.byte	0x2
 3202 0709 23       		.byte	0x23
 3203 070a 04       		.uleb128 0x4
 3204 070b 09       		.uleb128 0x9
 3205 070c B33C0000 		.4byte	.LASF1344
 3206 0710 08       		.byte	0x8
 3207 0711 3B       		.byte	0x3b
 3208 0712 09       		.byte	0x9
 3209 0713 58000000 		.4byte	0x58
 3210 0717 02       		.byte	0x2
 3211 0718 23       		.byte	0x23
 3212 0719 08       		.uleb128 0x8
 3213 071a 09       		.uleb128 0x9
 3214 071b B6410000 		.4byte	.LASF1345
 3215 071f 08       		.byte	0x8
 3216 0720 3C       		.byte	0x3c
 3217 0721 09       		.byte	0x9
 3218 0722 58000000 		.4byte	0x58
 3219 0726 02       		.byte	0x2
 3220 0727 23       		.byte	0x23
 3221 0728 0C       		.uleb128 0xc
 3222 0729 09       		.uleb128 0x9
 3223 072a F8080000 		.4byte	.LASF1346
 3224 072e 08       		.byte	0x8
 3225 072f 3D       		.byte	0x3d
 3226 0730 09       		.byte	0x9
 3227 0731 58000000 		.4byte	0x58
 3228 0735 02       		.byte	0x2
 3229 0736 23       		.byte	0x23
 3230 0737 10       		.uleb128 0x10
 3231 0738 09       		.uleb128 0x9
 3232 0739 402B0000 		.4byte	.LASF1347
 3233 073d 08       		.byte	0x8
 3234 073e 3E       		.byte	0x3e
 3235 073f 09       		.byte	0x9
 3236 0740 58000000 		.4byte	0x58
ARM GAS  /var/folders/65/xyhbx3_n6nd_hs7j3p9nfwv80000gn/T//ccls3DQP.s 			page 70


 3237 0744 02       		.byte	0x2
 3238 0745 23       		.byte	0x23
 3239 0746 14       		.uleb128 0x14
 3240 0747 09       		.uleb128 0x9
 3241 0748 E7210000 		.4byte	.LASF1348
 3242 074c 08       		.byte	0x8
 3243 074d 3F       		.byte	0x3f
 3244 074e 09       		.byte	0x9
 3245 074f 58000000 		.4byte	0x58
 3246 0753 02       		.byte	0x2
 3247 0754 23       		.byte	0x23
 3248 0755 18       		.uleb128 0x18
 3249 0756 09       		.uleb128 0x9
 3250 0757 E21C0000 		.4byte	.LASF1349
 3251 075b 08       		.byte	0x8
 3252 075c 40       		.byte	0x40
 3253 075d 09       		.byte	0x9
 3254 075e 58000000 		.4byte	0x58
 3255 0762 02       		.byte	0x2
 3256 0763 23       		.byte	0x23
 3257 0764 1C       		.uleb128 0x1c
 3258 0765 09       		.uleb128 0x9
 3259 0766 0E220000 		.4byte	.LASF1350
 3260 076a 08       		.byte	0x8
 3261 076b 41       		.byte	0x41
 3262 076c 09       		.byte	0x9
 3263 076d 58000000 		.4byte	0x58
 3264 0771 02       		.byte	0x2
 3265 0772 23       		.byte	0x23
 3266 0773 20       		.uleb128 0x20
 3267 0774 00       		.byte	0
 3268 0775 08       		.uleb128 0x8
 3269 0776 AE4A0000 		.4byte	.LASF1351
 3270 077a 0801     		.2byte	0x108
 3271 077c 08       		.byte	0x8
 3272 077d 4A       		.byte	0x4a
 3273 077e 08       		.byte	0x8
 3274 077f C3070000 		.4byte	0x7c3
 3275 0783 09       		.uleb128 0x9
 3276 0784 15430000 		.4byte	.LASF1352
 3277 0788 08       		.byte	0x8
 3278 0789 4B       		.byte	0x4b
 3279 078a 0A       		.byte	0xa
 3280 078b C3070000 		.4byte	0x7c3
 3281 078f 02       		.byte	0x2
 3282 0790 23       		.byte	0x23
 3283 0791 00       		.uleb128 0
 3284 0792 09       		.uleb128 0x9
 3285 0793 F2200000 		.4byte	.LASF1353
 3286 0797 08       		.byte	0x8
 3287 0798 4C       		.byte	0x4c
 3288 0799 09       		.byte	0x9
 3289 079a C3070000 		.4byte	0x7c3
 3290 079e 03       		.byte	0x3
 3291 079f 23       		.byte	0x23
 3292 07a0 8001     		.uleb128 0x80
 3293 07a2 09       		.uleb128 0x9
ARM GAS  /var/folders/65/xyhbx3_n6nd_hs7j3p9nfwv80000gn/T//ccls3DQP.s 			page 71


 3294 07a3 12090000 		.4byte	.LASF1354
 3295 07a7 08       		.byte	0x8
 3296 07a8 4E       		.byte	0x4e
 3297 07a9 0A       		.byte	0xa
 3298 07aa 58060000 		.4byte	0x658
 3299 07ae 03       		.byte	0x3
 3300 07af 23       		.byte	0x23
 3301 07b0 8002     		.uleb128 0x100
 3302 07b2 09       		.uleb128 0x9
 3303 07b3 F6380000 		.4byte	.LASF1355
 3304 07b7 08       		.byte	0x8
 3305 07b8 51       		.byte	0x51
 3306 07b9 0A       		.byte	0xa
 3307 07ba 58060000 		.4byte	0x658
 3308 07be 03       		.byte	0x3
 3309 07bf 23       		.byte	0x23
 3310 07c0 8402     		.uleb128 0x104
 3311 07c2 00       		.byte	0
 3312 07c3 04       		.uleb128 0x4
 3313 07c4 7B040000 		.4byte	0x47b
 3314 07c8 D3070000 		.4byte	0x7d3
 3315 07cc 05       		.uleb128 0x5
 3316 07cd 51000000 		.4byte	0x51
 3317 07d1 1F       		.byte	0x1f
 3318 07d2 00       		.byte	0
 3319 07d3 08       		.uleb128 0x8
 3320 07d4 B2060000 		.4byte	.LASF1356
 3321 07d8 9001     		.2byte	0x190
 3322 07da 08       		.byte	0x8
 3323 07db 5D       		.byte	0x5d
 3324 07dc 08       		.byte	0x8
 3325 07dd 1F080000 		.4byte	0x81f
 3326 07e1 09       		.uleb128 0x9
 3327 07e2 2D450000 		.4byte	.LASF1337
 3328 07e6 08       		.byte	0x8
 3329 07e7 5E       		.byte	0x5e
 3330 07e8 12       		.byte	0x12
 3331 07e9 1F080000 		.4byte	0x81f
 3332 07ed 02       		.byte	0x2
 3333 07ee 23       		.byte	0x23
 3334 07ef 00       		.uleb128 0
 3335 07f0 09       		.uleb128 0x9
 3336 07f1 51090000 		.4byte	.LASF1357
 3337 07f5 08       		.byte	0x8
 3338 07f6 5F       		.byte	0x5f
 3339 07f7 06       		.byte	0x6
 3340 07f8 58000000 		.4byte	0x58
 3341 07fc 02       		.byte	0x2
 3342 07fd 23       		.byte	0x23
 3343 07fe 04       		.uleb128 0x4
 3344 07ff 09       		.uleb128 0x9
 3345 0800 55780000 		.4byte	.LASF1358
 3346 0804 08       		.byte	0x8
 3347 0805 61       		.byte	0x61
 3348 0806 09       		.byte	0x9
 3349 0807 25080000 		.4byte	0x825
 3350 080b 02       		.byte	0x2
ARM GAS  /var/folders/65/xyhbx3_n6nd_hs7j3p9nfwv80000gn/T//ccls3DQP.s 			page 72


 3351 080c 23       		.byte	0x23
 3352 080d 08       		.uleb128 0x8
 3353 080e 09       		.uleb128 0x9
 3354 080f AE4A0000 		.4byte	.LASF1351
 3355 0813 08       		.byte	0x8
 3356 0814 62       		.byte	0x62
 3357 0815 1E       		.byte	0x1e
 3358 0816 75070000 		.4byte	0x775
 3359 081a 03       		.byte	0x3
 3360 081b 23       		.byte	0x23
 3361 081c 8801     		.uleb128 0x88
 3362 081e 00       		.byte	0
 3363 081f 0D       		.uleb128 0xd
 3364 0820 04       		.byte	0x4
 3365 0821 D3070000 		.4byte	0x7d3
 3366 0825 04       		.uleb128 0x4
 3367 0826 35080000 		.4byte	0x835
 3368 082a 35080000 		.4byte	0x835
 3369 082e 05       		.uleb128 0x5
 3370 082f 51000000 		.4byte	0x51
 3371 0833 1F       		.byte	0x1f
 3372 0834 00       		.byte	0
 3373 0835 0D       		.uleb128 0xd
 3374 0836 04       		.byte	0x4
 3375 0837 3B080000 		.4byte	0x83b
 3376 083b 1A       		.uleb128 0x1a
 3377 083c 01       		.byte	0x1
 3378 083d 19       		.uleb128 0x19
 3379 083e 6A5C0000 		.4byte	.LASF1359
 3380 0842 08       		.byte	0x8
 3381 0843 08       		.byte	0x8
 3382 0844 75       		.byte	0x75
 3383 0845 08       		.byte	0x8
 3384 0846 69080000 		.4byte	0x869
 3385 084a 09       		.uleb128 0x9
 3386 084b 8E190000 		.4byte	.LASF1360
 3387 084f 08       		.byte	0x8
 3388 0850 76       		.byte	0x76
 3389 0851 11       		.byte	0x11
 3390 0852 69080000 		.4byte	0x869
 3391 0856 02       		.byte	0x2
 3392 0857 23       		.byte	0x23
 3393 0858 00       		.uleb128 0
 3394 0859 09       		.uleb128 0x9
 3395 085a B8250000 		.4byte	.LASF1361
 3396 085e 08       		.byte	0x8
 3397 085f 77       		.byte	0x77
 3398 0860 06       		.byte	0x6
 3399 0861 58000000 		.4byte	0x58
 3400 0865 02       		.byte	0x2
 3401 0866 23       		.byte	0x23
 3402 0867 04       		.uleb128 0x4
 3403 0868 00       		.byte	0
 3404 0869 0D       		.uleb128 0xd
 3405 086a 04       		.byte	0x4
 3406 086b 49050000 		.4byte	0x549
 3407 086f 19       		.uleb128 0x19
ARM GAS  /var/folders/65/xyhbx3_n6nd_hs7j3p9nfwv80000gn/T//ccls3DQP.s 			page 73


 3408 0870 09780000 		.4byte	.LASF1362
 3409 0874 68       		.byte	0x68
 3410 0875 08       		.byte	0x8
 3411 0876 B5       		.byte	0xb5
 3412 0877 08       		.byte	0x8
 3413 0878 E2090000 		.4byte	0x9e2
 3414 087c 0A       		.uleb128 0xa
 3415 087d 5F7000   		.ascii	"_p\000"
 3416 0880 08       		.byte	0x8
 3417 0881 B6       		.byte	0xb6
 3418 0882 12       		.byte	0x12
 3419 0883 69080000 		.4byte	0x869
 3420 0887 02       		.byte	0x2
 3421 0888 23       		.byte	0x23
 3422 0889 00       		.uleb128 0
 3423 088a 0A       		.uleb128 0xa
 3424 088b 5F7200   		.ascii	"_r\000"
 3425 088e 08       		.byte	0x8
 3426 088f B7       		.byte	0xb7
 3427 0890 07       		.byte	0x7
 3428 0891 58000000 		.4byte	0x58
 3429 0895 02       		.byte	0x2
 3430 0896 23       		.byte	0x23
 3431 0897 04       		.uleb128 0x4
 3432 0898 0A       		.uleb128 0xa
 3433 0899 5F7700   		.ascii	"_w\000"
 3434 089c 08       		.byte	0x8
 3435 089d B8       		.byte	0xb8
 3436 089e 07       		.byte	0x7
 3437 089f 58000000 		.4byte	0x58
 3438 08a3 02       		.byte	0x2
 3439 08a4 23       		.byte	0x23
 3440 08a5 08       		.uleb128 0x8
 3441 08a6 09       		.uleb128 0x9
 3442 08a7 46770000 		.4byte	.LASF1363
 3443 08ab 08       		.byte	0x8
 3444 08ac B9       		.byte	0xb9
 3445 08ad 09       		.byte	0x9
 3446 08ae 78050000 		.4byte	0x578
 3447 08b2 02       		.byte	0x2
 3448 08b3 23       		.byte	0x23
 3449 08b4 0C       		.uleb128 0xc
 3450 08b5 09       		.uleb128 0x9
 3451 08b6 40770000 		.4byte	.LASF1364
 3452 08ba 08       		.byte	0x8
 3453 08bb BA       		.byte	0xba
 3454 08bc 09       		.byte	0x9
 3455 08bd 78050000 		.4byte	0x578
 3456 08c1 02       		.byte	0x2
 3457 08c2 23       		.byte	0x23
 3458 08c3 0E       		.uleb128 0xe
 3459 08c4 0A       		.uleb128 0xa
 3460 08c5 5F626600 		.ascii	"_bf\000"
 3461 08c9 08       		.byte	0x8
 3462 08ca BB       		.byte	0xbb
 3463 08cb 11       		.byte	0x11
 3464 08cc 3D080000 		.4byte	0x83d
ARM GAS  /var/folders/65/xyhbx3_n6nd_hs7j3p9nfwv80000gn/T//ccls3DQP.s 			page 74


 3465 08d0 02       		.byte	0x2
 3466 08d1 23       		.byte	0x23
 3467 08d2 10       		.uleb128 0x10
 3468 08d3 09       		.uleb128 0x9
 3469 08d4 FE590000 		.4byte	.LASF1365
 3470 08d8 08       		.byte	0x8
 3471 08d9 BC       		.byte	0xbc
 3472 08da 07       		.byte	0x7
 3473 08db 58000000 		.4byte	0x58
 3474 08df 02       		.byte	0x2
 3475 08e0 23       		.byte	0x23
 3476 08e1 18       		.uleb128 0x18
 3477 08e2 09       		.uleb128 0x9
 3478 08e3 E7450000 		.4byte	.LASF1366
 3479 08e7 08       		.byte	0x8
 3480 08e8 C3       		.byte	0xc3
 3481 08e9 0A       		.byte	0xa
 3482 08ea 7B040000 		.4byte	0x47b
 3483 08ee 02       		.byte	0x2
 3484 08ef 23       		.byte	0x23
 3485 08f0 1C       		.uleb128 0x1c
 3486 08f1 09       		.uleb128 0x9
 3487 08f2 79970000 		.4byte	.LASF1367
 3488 08f6 08       		.byte	0x8
 3489 08f7 C5       		.byte	0xc5
 3490 08f8 1D       		.byte	0x1d
 3491 08f9 870B0000 		.4byte	0xb87
 3492 08fd 02       		.byte	0x2
 3493 08fe 23       		.byte	0x23
 3494 08ff 20       		.uleb128 0x20
 3495 0900 09       		.uleb128 0x9
 3496 0901 12270000 		.4byte	.LASF1368
 3497 0905 08       		.byte	0x8
 3498 0906 C7       		.byte	0xc7
 3499 0907 1D       		.byte	0x1d
 3500 0908 AC0B0000 		.4byte	0xbac
 3501 090c 02       		.byte	0x2
 3502 090d 23       		.byte	0x23
 3503 090e 24       		.uleb128 0x24
 3504 090f 09       		.uleb128 0x9
 3505 0910 5C7D0000 		.4byte	.LASF1369
 3506 0914 08       		.byte	0x8
 3507 0915 CA       		.byte	0xca
 3508 0916 0D       		.byte	0xd
 3509 0917 D10B0000 		.4byte	0xbd1
 3510 091b 02       		.byte	0x2
 3511 091c 23       		.byte	0x23
 3512 091d 28       		.uleb128 0x28
 3513 091e 09       		.uleb128 0x9
 3514 091f 846D0000 		.4byte	.LASF1370
 3515 0923 08       		.byte	0x8
 3516 0924 CB       		.byte	0xcb
 3517 0925 09       		.byte	0x9
 3518 0926 EC0B0000 		.4byte	0xbec
 3519 092a 02       		.byte	0x2
 3520 092b 23       		.byte	0x23
 3521 092c 2C       		.uleb128 0x2c
ARM GAS  /var/folders/65/xyhbx3_n6nd_hs7j3p9nfwv80000gn/T//ccls3DQP.s 			page 75


 3522 092d 0A       		.uleb128 0xa
 3523 092e 5F756200 		.ascii	"_ub\000"
 3524 0932 08       		.byte	0x8
 3525 0933 CE       		.byte	0xce
 3526 0934 11       		.byte	0x11
 3527 0935 3D080000 		.4byte	0x83d
 3528 0939 02       		.byte	0x2
 3529 093a 23       		.byte	0x23
 3530 093b 30       		.uleb128 0x30
 3531 093c 0A       		.uleb128 0xa
 3532 093d 5F757000 		.ascii	"_up\000"
 3533 0941 08       		.byte	0x8
 3534 0942 CF       		.byte	0xcf
 3535 0943 12       		.byte	0x12
 3536 0944 69080000 		.4byte	0x869
 3537 0948 02       		.byte	0x2
 3538 0949 23       		.byte	0x23
 3539 094a 38       		.uleb128 0x38
 3540 094b 0A       		.uleb128 0xa
 3541 094c 5F757200 		.ascii	"_ur\000"
 3542 0950 08       		.byte	0x8
 3543 0951 D0       		.byte	0xd0
 3544 0952 07       		.byte	0x7
 3545 0953 58000000 		.4byte	0x58
 3546 0957 02       		.byte	0x2
 3547 0958 23       		.byte	0x23
 3548 0959 3C       		.uleb128 0x3c
 3549 095a 09       		.uleb128 0x9
 3550 095b 95030000 		.4byte	.LASF1371
 3551 095f 08       		.byte	0x8
 3552 0960 D3       		.byte	0xd3
 3553 0961 11       		.byte	0x11
 3554 0962 F20B0000 		.4byte	0xbf2
 3555 0966 02       		.byte	0x2
 3556 0967 23       		.byte	0x23
 3557 0968 40       		.uleb128 0x40
 3558 0969 09       		.uleb128 0x9
 3559 096a 6B0D0000 		.4byte	.LASF1372
 3560 096e 08       		.byte	0x8
 3561 096f D4       		.byte	0xd4
 3562 0970 11       		.byte	0x11
 3563 0971 020C0000 		.4byte	0xc02
 3564 0975 02       		.byte	0x2
 3565 0976 23       		.byte	0x23
 3566 0977 43       		.uleb128 0x43
 3567 0978 0A       		.uleb128 0xa
 3568 0979 5F6C6200 		.ascii	"_lb\000"
 3569 097d 08       		.byte	0x8
 3570 097e D7       		.byte	0xd7
 3571 097f 11       		.byte	0x11
 3572 0980 3D080000 		.4byte	0x83d
 3573 0984 02       		.byte	0x2
 3574 0985 23       		.byte	0x23
 3575 0986 44       		.uleb128 0x44
 3576 0987 09       		.uleb128 0x9
 3577 0988 B5740000 		.4byte	.LASF1373
 3578 098c 08       		.byte	0x8
ARM GAS  /var/folders/65/xyhbx3_n6nd_hs7j3p9nfwv80000gn/T//ccls3DQP.s 			page 76


 3579 098d DA       		.byte	0xda
 3580 098e 07       		.byte	0x7
 3581 098f 58000000 		.4byte	0x58
 3582 0993 02       		.byte	0x2
 3583 0994 23       		.byte	0x23
 3584 0995 4C       		.uleb128 0x4c
 3585 0996 09       		.uleb128 0x9
 3586 0997 5E5B0000 		.4byte	.LASF1374
 3587 099b 08       		.byte	0x8
 3588 099c DB       		.byte	0xdb
 3589 099d 0A       		.byte	0xa
 3590 099e C1050000 		.4byte	0x5c1
 3591 09a2 02       		.byte	0x2
 3592 09a3 23       		.byte	0x23
 3593 09a4 50       		.uleb128 0x50
 3594 09a5 09       		.uleb128 0x9
 3595 09a6 8B160000 		.4byte	.LASF1375
 3596 09aa 08       		.byte	0x8
 3597 09ab DE       		.byte	0xde
 3598 09ac 12       		.byte	0x12
 3599 09ad 010A0000 		.4byte	0xa01
 3600 09b1 02       		.byte	0x2
 3601 09b2 23       		.byte	0x23
 3602 09b3 54       		.uleb128 0x54
 3603 09b4 09       		.uleb128 0x9
 3604 09b5 650D0000 		.4byte	.LASF1376
 3605 09b9 08       		.byte	0x8
 3606 09ba E2       		.byte	0xe2
 3607 09bb 0C       		.byte	0xc
 3608 09bc 4C060000 		.4byte	0x64c
 3609 09c0 02       		.byte	0x2
 3610 09c1 23       		.byte	0x23
 3611 09c2 58       		.uleb128 0x58
 3612 09c3 09       		.uleb128 0x9
 3613 09c4 A34F0000 		.4byte	.LASF1377
 3614 09c8 08       		.byte	0x8
 3615 09c9 E4       		.byte	0xe4
 3616 09ca 0E       		.byte	0xe
 3617 09cb 40060000 		.4byte	0x640
 3618 09cf 02       		.byte	0x2
 3619 09d0 23       		.byte	0x23
 3620 09d1 5C       		.uleb128 0x5c
 3621 09d2 09       		.uleb128 0x9
 3622 09d3 638D0000 		.4byte	.LASF1378
 3623 09d7 08       		.byte	0x8
 3624 09d8 E5       		.byte	0xe5
 3625 09d9 09       		.byte	0x9
 3626 09da 58000000 		.4byte	0x58
 3627 09de 02       		.byte	0x2
 3628 09df 23       		.byte	0x23
 3629 09e0 64       		.uleb128 0x64
 3630 09e1 00       		.byte	0
 3631 09e2 0E       		.uleb128 0xe
 3632 09e3 01       		.byte	0x1
 3633 09e4 58000000 		.4byte	0x58
 3634 09e8 010A0000 		.4byte	0xa01
 3635 09ec 0F       		.uleb128 0xf
ARM GAS  /var/folders/65/xyhbx3_n6nd_hs7j3p9nfwv80000gn/T//ccls3DQP.s 			page 77


 3636 09ed 010A0000 		.4byte	0xa01
 3637 09f1 0F       		.uleb128 0xf
 3638 09f2 7B040000 		.4byte	0x47b
 3639 09f6 0F       		.uleb128 0xf
 3640 09f7 810B0000 		.4byte	0xb81
 3641 09fb 0F       		.uleb128 0xf
 3642 09fc 58000000 		.4byte	0x58
 3643 0a00 00       		.byte	0
 3644 0a01 0D       		.uleb128 0xd
 3645 0a02 04       		.byte	0x4
 3646 0a03 0C0A0000 		.4byte	0xa0c
 3647 0a07 12       		.uleb128 0x12
 3648 0a08 010A0000 		.4byte	0xa01
 3649 0a0c 1B       		.uleb128 0x1b
 3650 0a0d 79930000 		.4byte	.LASF1379
 3651 0a11 2804     		.2byte	0x428
 3652 0a13 08       		.byte	0x8
 3653 0a14 6002     		.2byte	0x260
 3654 0a16 08       		.byte	0x8
 3655 0a17 810B0000 		.4byte	0xb81
 3656 0a1b 0C       		.uleb128 0xc
 3657 0a1c 41410000 		.4byte	.LASF1380
 3658 0a20 08       		.byte	0x8
 3659 0a21 6202     		.2byte	0x262
 3660 0a23 07       		.byte	0x7
 3661 0a24 58000000 		.4byte	0x58
 3662 0a28 02       		.byte	0x2
 3663 0a29 23       		.byte	0x23
 3664 0a2a 00       		.uleb128 0
 3665 0a2b 0C       		.uleb128 0xc
 3666 0a2c F3310000 		.4byte	.LASF1381
 3667 0a30 08       		.byte	0x8
 3668 0a31 6702     		.2byte	0x267
 3669 0a33 0B       		.byte	0xb
 3670 0a34 640C0000 		.4byte	0xc64
 3671 0a38 02       		.byte	0x2
 3672 0a39 23       		.byte	0x23
 3673 0a3a 04       		.uleb128 0x4
 3674 0a3b 0C       		.uleb128 0xc
 3675 0a3c 075F0000 		.4byte	.LASF1382
 3676 0a40 08       		.byte	0x8
 3677 0a41 6702     		.2byte	0x267
 3678 0a43 14       		.byte	0x14
 3679 0a44 640C0000 		.4byte	0xc64
 3680 0a48 02       		.byte	0x2
 3681 0a49 23       		.byte	0x23
 3682 0a4a 08       		.uleb128 0x8
 3683 0a4b 0C       		.uleb128 0xc
 3684 0a4c C0200000 		.4byte	.LASF1383
 3685 0a50 08       		.byte	0x8
 3686 0a51 6702     		.2byte	0x267
 3687 0a53 1E       		.byte	0x1e
 3688 0a54 640C0000 		.4byte	0xc64
 3689 0a58 02       		.byte	0x2
 3690 0a59 23       		.byte	0x23
 3691 0a5a 0C       		.uleb128 0xc
 3692 0a5b 0C       		.uleb128 0xc
ARM GAS  /var/folders/65/xyhbx3_n6nd_hs7j3p9nfwv80000gn/T//ccls3DQP.s 			page 78


 3693 0a5c 4C090000 		.4byte	.LASF1384
 3694 0a60 08       		.byte	0x8
 3695 0a61 6902     		.2byte	0x269
 3696 0a63 08       		.byte	0x8
 3697 0a64 58000000 		.4byte	0x58
 3698 0a68 02       		.byte	0x2
 3699 0a69 23       		.byte	0x23
 3700 0a6a 10       		.uleb128 0x10
 3701 0a6b 0C       		.uleb128 0xc
 3702 0a6c 0C660000 		.4byte	.LASF1385
 3703 0a70 08       		.byte	0x8
 3704 0a71 6A02     		.2byte	0x26a
 3705 0a73 08       		.byte	0x8
 3706 0a74 9D0E0000 		.4byte	0xe9d
 3707 0a78 02       		.byte	0x2
 3708 0a79 23       		.byte	0x23
 3709 0a7a 14       		.uleb128 0x14
 3710 0a7b 0C       		.uleb128 0xc
 3711 0a7c D8860000 		.4byte	.LASF1386
 3712 0a80 08       		.byte	0x8
 3713 0a81 6D02     		.2byte	0x26d
 3714 0a83 07       		.byte	0x7
 3715 0a84 58000000 		.4byte	0x58
 3716 0a88 02       		.byte	0x2
 3717 0a89 23       		.byte	0x23
 3718 0a8a 30       		.uleb128 0x30
 3719 0a8b 0C       		.uleb128 0xc
 3720 0a8c 978E0000 		.4byte	.LASF1387
 3721 0a90 08       		.byte	0x8
 3722 0a91 6E02     		.2byte	0x26e
 3723 0a93 16       		.byte	0x16
 3724 0a94 B30E0000 		.4byte	0xeb3
 3725 0a98 02       		.byte	0x2
 3726 0a99 23       		.byte	0x23
 3727 0a9a 34       		.uleb128 0x34
 3728 0a9b 0C       		.uleb128 0xc
 3729 0a9c 1F880000 		.4byte	.LASF1388
 3730 0aa0 08       		.byte	0x8
 3731 0aa1 7002     		.2byte	0x270
 3732 0aa3 07       		.byte	0x7
 3733 0aa4 58000000 		.4byte	0x58
 3734 0aa8 02       		.byte	0x2
 3735 0aa9 23       		.byte	0x23
 3736 0aaa 38       		.uleb128 0x38
 3737 0aab 0C       		.uleb128 0xc
 3738 0aac C2750000 		.4byte	.LASF1389
 3739 0ab0 08       		.byte	0x8
 3740 0ab1 7202     		.2byte	0x272
 3741 0ab3 0A       		.byte	0xa
 3742 0ab4 C50E0000 		.4byte	0xec5
 3743 0ab8 02       		.byte	0x2
 3744 0ab9 23       		.byte	0x23
 3745 0aba 3C       		.uleb128 0x3c
 3746 0abb 0C       		.uleb128 0xc
 3747 0abc D7200000 		.4byte	.LASF1390
 3748 0ac0 08       		.byte	0x8
 3749 0ac1 7502     		.2byte	0x275
ARM GAS  /var/folders/65/xyhbx3_n6nd_hs7j3p9nfwv80000gn/T//ccls3DQP.s 			page 79


 3750 0ac3 13       		.byte	0x13
 3751 0ac4 CA060000 		.4byte	0x6ca
 3752 0ac8 02       		.byte	0x2
 3753 0ac9 23       		.byte	0x23
 3754 0aca 40       		.uleb128 0x40
 3755 0acb 0C       		.uleb128 0xc
 3756 0acc 9C200000 		.4byte	.LASF1391
 3757 0ad0 08       		.byte	0x8
 3758 0ad1 7602     		.2byte	0x276
 3759 0ad3 07       		.byte	0x7
 3760 0ad4 58000000 		.4byte	0x58
 3761 0ad8 02       		.byte	0x2
 3762 0ad9 23       		.byte	0x23
 3763 0ada 44       		.uleb128 0x44
 3764 0adb 0C       		.uleb128 0xc
 3765 0adc 347D0000 		.4byte	.LASF1392
 3766 0ae0 08       		.byte	0x8
 3767 0ae1 7702     		.2byte	0x277
 3768 0ae3 13       		.byte	0x13
 3769 0ae4 CA060000 		.4byte	0x6ca
 3770 0ae8 02       		.byte	0x2
 3771 0ae9 23       		.byte	0x23
 3772 0aea 48       		.uleb128 0x48
 3773 0aeb 0C       		.uleb128 0xc
 3774 0aec 2D5A0000 		.4byte	.LASF1393
 3775 0af0 08       		.byte	0x8
 3776 0af1 7802     		.2byte	0x278
 3777 0af3 14       		.byte	0x14
 3778 0af4 CB0E0000 		.4byte	0xecb
 3779 0af8 02       		.byte	0x2
 3780 0af9 23       		.byte	0x23
 3781 0afa 4C       		.uleb128 0x4c
 3782 0afb 0C       		.uleb128 0xc
 3783 0afc 940B0000 		.4byte	.LASF1394
 3784 0b00 08       		.byte	0x8
 3785 0b01 7B02     		.2byte	0x27b
 3786 0b03 07       		.byte	0x7
 3787 0b04 58000000 		.4byte	0x58
 3788 0b08 02       		.byte	0x2
 3789 0b09 23       		.byte	0x23
 3790 0b0a 50       		.uleb128 0x50
 3791 0b0b 0C       		.uleb128 0xc
 3792 0b0c 723A0000 		.4byte	.LASF1395
 3793 0b10 08       		.byte	0x8
 3794 0b11 7C02     		.2byte	0x27c
 3795 0b13 09       		.byte	0x9
 3796 0b14 810B0000 		.4byte	0xb81
 3797 0b18 02       		.byte	0x2
 3798 0b19 23       		.byte	0x23
 3799 0b1a 54       		.uleb128 0x54
 3800 0b1b 0C       		.uleb128 0xc
 3801 0b1c BC3D0000 		.4byte	.LASF1396
 3802 0b20 08       		.byte	0x8
 3803 0b21 9F02     		.2byte	0x29f
 3804 0b23 07       		.byte	0x7
 3805 0b24 780E0000 		.4byte	0xe78
 3806 0b28 02       		.byte	0x2
ARM GAS  /var/folders/65/xyhbx3_n6nd_hs7j3p9nfwv80000gn/T//ccls3DQP.s 			page 80


 3807 0b29 23       		.byte	0x23
 3808 0b2a 58       		.uleb128 0x58
 3809 0b2b 0C       		.uleb128 0xc
 3810 0b2c B2060000 		.4byte	.LASF1356
 3811 0b30 08       		.byte	0x8
 3812 0b31 A302     		.2byte	0x2a3
 3813 0b33 13       		.byte	0x13
 3814 0b34 1F080000 		.4byte	0x81f
 3815 0b38 03       		.byte	0x3
 3816 0b39 23       		.byte	0x23
 3817 0b3a C802     		.uleb128 0x148
 3818 0b3c 0C       		.uleb128 0xc
 3819 0b3d DB700000 		.4byte	.LASF1397
 3820 0b41 08       		.byte	0x8
 3821 0b42 A402     		.2byte	0x2a4
 3822 0b44 12       		.byte	0x12
 3823 0b45 D3070000 		.4byte	0x7d3
 3824 0b49 03       		.byte	0x3
 3825 0b4a 23       		.byte	0x23
 3826 0b4b CC02     		.uleb128 0x14c
 3827 0b4d 0C       		.uleb128 0xc
 3828 0b4e BF0B0000 		.4byte	.LASF1398
 3829 0b52 08       		.byte	0x8
 3830 0b53 A802     		.2byte	0x2a8
 3831 0b55 0C       		.byte	0xc
 3832 0b56 DD0E0000 		.4byte	0xedd
 3833 0b5a 03       		.byte	0x3
 3834 0b5b 23       		.byte	0x23
 3835 0b5c DC05     		.uleb128 0x2dc
 3836 0b5e 0C       		.uleb128 0xc
 3837 0b5f 9C750000 		.4byte	.LASF1399
 3838 0b63 08       		.byte	0x8
 3839 0b64 AD02     		.2byte	0x2ad
 3840 0b66 10       		.byte	0x10
 3841 0b67 1F0C0000 		.4byte	0xc1f
 3842 0b6b 03       		.byte	0x3
 3843 0b6c 23       		.byte	0x23
 3844 0b6d E005     		.uleb128 0x2e0
 3845 0b6f 0C       		.uleb128 0xc
 3846 0b70 54190000 		.4byte	.LASF1400
 3847 0b74 08       		.byte	0x8
 3848 0b75 AF02     		.2byte	0x2af
 3849 0b77 0A       		.byte	0xa
 3850 0b78 E90E0000 		.4byte	0xee9
 3851 0b7c 03       		.byte	0x3
 3852 0b7d 23       		.byte	0x23
 3853 0b7e EC05     		.uleb128 0x2ec
 3854 0b80 00       		.byte	0
 3855 0b81 0D       		.uleb128 0xd
 3856 0b82 04       		.byte	0x4
 3857 0b83 02050000 		.4byte	0x502
 3858 0b87 0D       		.uleb128 0xd
 3859 0b88 04       		.byte	0x4
 3860 0b89 E2090000 		.4byte	0x9e2
 3861 0b8d 0E       		.uleb128 0xe
 3862 0b8e 01       		.byte	0x1
 3863 0b8f 58000000 		.4byte	0x58
ARM GAS  /var/folders/65/xyhbx3_n6nd_hs7j3p9nfwv80000gn/T//ccls3DQP.s 			page 81


 3864 0b93 AC0B0000 		.4byte	0xbac
 3865 0b97 0F       		.uleb128 0xf
 3866 0b98 010A0000 		.4byte	0xa01
 3867 0b9c 0F       		.uleb128 0xf
 3868 0b9d 7B040000 		.4byte	0x47b
 3869 0ba1 0F       		.uleb128 0xf
 3870 0ba2 FC040000 		.4byte	0x4fc
 3871 0ba6 0F       		.uleb128 0xf
 3872 0ba7 58000000 		.4byte	0x58
 3873 0bab 00       		.byte	0
 3874 0bac 0D       		.uleb128 0xd
 3875 0bad 04       		.byte	0x4
 3876 0bae 8D0B0000 		.4byte	0xb8d
 3877 0bb2 0E       		.uleb128 0xe
 3878 0bb3 01       		.byte	0x1
 3879 0bb4 CD050000 		.4byte	0x5cd
 3880 0bb8 D10B0000 		.4byte	0xbd1
 3881 0bbc 0F       		.uleb128 0xf
 3882 0bbd 010A0000 		.4byte	0xa01
 3883 0bc1 0F       		.uleb128 0xf
 3884 0bc2 7B040000 		.4byte	0x47b
 3885 0bc6 0F       		.uleb128 0xf
 3886 0bc7 CD050000 		.4byte	0x5cd
 3887 0bcb 0F       		.uleb128 0xf
 3888 0bcc 58000000 		.4byte	0x58
 3889 0bd0 00       		.byte	0
 3890 0bd1 0D       		.uleb128 0xd
 3891 0bd2 04       		.byte	0x4
 3892 0bd3 B20B0000 		.4byte	0xbb2
 3893 0bd7 0E       		.uleb128 0xe
 3894 0bd8 01       		.byte	0x1
 3895 0bd9 58000000 		.4byte	0x58
 3896 0bdd EC0B0000 		.4byte	0xbec
 3897 0be1 0F       		.uleb128 0xf
 3898 0be2 010A0000 		.4byte	0xa01
 3899 0be6 0F       		.uleb128 0xf
 3900 0be7 7B040000 		.4byte	0x47b
 3901 0beb 00       		.byte	0
 3902 0bec 0D       		.uleb128 0xd
 3903 0bed 04       		.byte	0x4
 3904 0bee D70B0000 		.4byte	0xbd7
 3905 0bf2 04       		.uleb128 0x4
 3906 0bf3 49050000 		.4byte	0x549
 3907 0bf7 020C0000 		.4byte	0xc02
 3908 0bfb 05       		.uleb128 0x5
 3909 0bfc 51000000 		.4byte	0x51
 3910 0c00 02       		.byte	0x2
 3911 0c01 00       		.byte	0
 3912 0c02 04       		.uleb128 0x4
 3913 0c03 49050000 		.4byte	0x549
 3914 0c07 120C0000 		.4byte	0xc12
 3915 0c0b 05       		.uleb128 0x5
 3916 0c0c 51000000 		.4byte	0x51
 3917 0c10 00       		.byte	0
 3918 0c11 00       		.byte	0
 3919 0c12 03       		.uleb128 0x3
 3920 0c13 E9780000 		.4byte	.LASF1401
ARM GAS  /var/folders/65/xyhbx3_n6nd_hs7j3p9nfwv80000gn/T//ccls3DQP.s 			page 82


 3921 0c17 08       		.byte	0x8
 3922 0c18 1F01     		.2byte	0x11f
 3923 0c1a 1A       		.byte	0x1a
 3924 0c1b 6F080000 		.4byte	0x86f
 3925 0c1f 1C       		.uleb128 0x1c
 3926 0c20 FC6D0000 		.4byte	.LASF1402
 3927 0c24 0C       		.byte	0xc
 3928 0c25 08       		.byte	0x8
 3929 0c26 2301     		.2byte	0x123
 3930 0c28 08       		.byte	0x8
 3931 0c29 5E0C0000 		.4byte	0xc5e
 3932 0c2d 0C       		.uleb128 0xc
 3933 0c2e 2D450000 		.4byte	.LASF1337
 3934 0c32 08       		.byte	0x8
 3935 0c33 2501     		.2byte	0x125
 3936 0c35 11       		.byte	0x11
 3937 0c36 5E0C0000 		.4byte	0xc5e
 3938 0c3a 02       		.byte	0x2
 3939 0c3b 23       		.byte	0x23
 3940 0c3c 00       		.uleb128 0
 3941 0c3d 0C       		.uleb128 0xc
 3942 0c3e 853E0000 		.4byte	.LASF1403
 3943 0c42 08       		.byte	0x8
 3944 0c43 2601     		.2byte	0x126
 3945 0c45 07       		.byte	0x7
 3946 0c46 58000000 		.4byte	0x58
 3947 0c4a 02       		.byte	0x2
 3948 0c4b 23       		.byte	0x23
 3949 0c4c 04       		.uleb128 0x4
 3950 0c4d 0C       		.uleb128 0xc
 3951 0c4e 06660000 		.4byte	.LASF1404
 3952 0c52 08       		.byte	0x8
 3953 0c53 2701     		.2byte	0x127
 3954 0c55 0B       		.byte	0xb
 3955 0c56 640C0000 		.4byte	0xc64
 3956 0c5a 02       		.byte	0x2
 3957 0c5b 23       		.byte	0x23
 3958 0c5c 08       		.uleb128 0x8
 3959 0c5d 00       		.byte	0
 3960 0c5e 0D       		.uleb128 0xd
 3961 0c5f 04       		.byte	0x4
 3962 0c60 1F0C0000 		.4byte	0xc1f
 3963 0c64 0D       		.uleb128 0xd
 3964 0c65 04       		.byte	0x4
 3965 0c66 120C0000 		.4byte	0xc12
 3966 0c6a 1C       		.uleb128 0x1c
 3967 0c6b 0F980000 		.4byte	.LASF1405
 3968 0c6f 0E       		.byte	0xe
 3969 0c70 08       		.byte	0x8
 3970 0c71 3F01     		.2byte	0x13f
 3971 0c73 08       		.byte	0x8
 3972 0c74 A90C0000 		.4byte	0xca9
 3973 0c78 0C       		.uleb128 0xc
 3974 0c79 7E540000 		.4byte	.LASF1406
 3975 0c7d 08       		.byte	0x8
 3976 0c7e 4001     		.2byte	0x140
 3977 0c80 12       		.byte	0x12
ARM GAS  /var/folders/65/xyhbx3_n6nd_hs7j3p9nfwv80000gn/T//ccls3DQP.s 			page 83


 3978 0c81 A90C0000 		.4byte	0xca9
 3979 0c85 02       		.byte	0x2
 3980 0c86 23       		.byte	0x23
 3981 0c87 00       		.uleb128 0
 3982 0c88 0C       		.uleb128 0xc
 3983 0c89 E32D0000 		.4byte	.LASF1407
 3984 0c8d 08       		.byte	0x8
 3985 0c8e 4101     		.2byte	0x141
 3986 0c90 12       		.byte	0x12
 3987 0c91 A90C0000 		.4byte	0xca9
 3988 0c95 02       		.byte	0x2
 3989 0c96 23       		.byte	0x23
 3990 0c97 06       		.uleb128 0x6
 3991 0c98 0C       		.uleb128 0xc
 3992 0c99 92080000 		.4byte	.LASF1408
 3993 0c9d 08       		.byte	0x8
 3994 0c9e 4201     		.2byte	0x142
 3995 0ca0 12       		.byte	0x12
 3996 0ca1 7F050000 		.4byte	0x57f
 3997 0ca5 02       		.byte	0x2
 3998 0ca6 23       		.byte	0x23
 3999 0ca7 0C       		.uleb128 0xc
 4000 0ca8 00       		.byte	0
 4001 0ca9 04       		.uleb128 0x4
 4002 0caa 7F050000 		.4byte	0x57f
 4003 0cae B90C0000 		.4byte	0xcb9
 4004 0cb2 05       		.uleb128 0x5
 4005 0cb3 51000000 		.4byte	0x51
 4006 0cb7 02       		.byte	0x2
 4007 0cb8 00       		.byte	0
 4008 0cb9 1D       		.uleb128 0x1d
 4009 0cba D0       		.byte	0xd0
 4010 0cbb 08       		.byte	0x8
 4011 0cbc 8002     		.2byte	0x280
 4012 0cbe 07       		.byte	0x7
 4013 0cbf FD0D0000 		.4byte	0xdfd
 4014 0cc3 0C       		.uleb128 0xc
 4015 0cc4 F41E0000 		.4byte	.LASF1409
 4016 0cc8 08       		.byte	0x8
 4017 0cc9 8202     		.2byte	0x282
 4018 0ccb 18       		.byte	0x18
 4019 0ccc 51000000 		.4byte	0x51
 4020 0cd0 02       		.byte	0x2
 4021 0cd1 23       		.byte	0x23
 4022 0cd2 00       		.uleb128 0
 4023 0cd3 0C       		.uleb128 0xc
 4024 0cd4 B4530000 		.4byte	.LASF1410
 4025 0cd8 08       		.byte	0x8
 4026 0cd9 8302     		.2byte	0x283
 4027 0cdb 12       		.byte	0x12
 4028 0cdc 810B0000 		.4byte	0xb81
 4029 0ce0 02       		.byte	0x2
 4030 0ce1 23       		.byte	0x23
 4031 0ce2 04       		.uleb128 0x4
 4032 0ce3 0C       		.uleb128 0xc
 4033 0ce4 CD5F0000 		.4byte	.LASF1411
 4034 0ce8 08       		.byte	0x8
ARM GAS  /var/folders/65/xyhbx3_n6nd_hs7j3p9nfwv80000gn/T//ccls3DQP.s 			page 84


 4035 0ce9 8402     		.2byte	0x284
 4036 0ceb 10       		.byte	0x10
 4037 0cec FD0D0000 		.4byte	0xdfd
 4038 0cf0 02       		.byte	0x2
 4039 0cf1 23       		.byte	0x23
 4040 0cf2 08       		.uleb128 0x8
 4041 0cf3 0C       		.uleb128 0xc
 4042 0cf4 36380000 		.4byte	.LASF1412
 4043 0cf8 08       		.byte	0x8
 4044 0cf9 8502     		.2byte	0x285
 4045 0cfb 17       		.byte	0x17
 4046 0cfc E0060000 		.4byte	0x6e0
 4047 0d00 02       		.byte	0x2
 4048 0d01 23       		.byte	0x23
 4049 0d02 24       		.uleb128 0x24
 4050 0d03 0C       		.uleb128 0xc
 4051 0d04 C9830000 		.4byte	.LASF1413
 4052 0d08 08       		.byte	0x8
 4053 0d09 8602     		.2byte	0x286
 4054 0d0b 0F       		.byte	0xf
 4055 0d0c 58000000 		.4byte	0x58
 4056 0d10 02       		.byte	0x2
 4057 0d11 23       		.byte	0x23
 4058 0d12 48       		.uleb128 0x48
 4059 0d13 0C       		.uleb128 0xc
 4060 0d14 ED660000 		.4byte	.LASF1414
 4061 0d18 08       		.byte	0x8
 4062 0d19 8702     		.2byte	0x287
 4063 0d1b 2C       		.byte	0x2c
 4064 0d1c 9B050000 		.4byte	0x59b
 4065 0d20 02       		.byte	0x2
 4066 0d21 23       		.byte	0x23
 4067 0d22 50       		.uleb128 0x50
 4068 0d23 0C       		.uleb128 0xc
 4069 0d24 B0950000 		.4byte	.LASF1415
 4070 0d28 08       		.byte	0x8
 4071 0d29 8802     		.2byte	0x288
 4072 0d2b 1A       		.byte	0x1a
 4073 0d2c 6A0C0000 		.4byte	0xc6a
 4074 0d30 02       		.byte	0x2
 4075 0d31 23       		.byte	0x23
 4076 0d32 58       		.uleb128 0x58
 4077 0d33 0C       		.uleb128 0xc
 4078 0d34 8F750000 		.4byte	.LASF1416
 4079 0d38 08       		.byte	0x8
 4080 0d39 8902     		.2byte	0x289
 4081 0d3b 16       		.byte	0x16
 4082 0d3c 40060000 		.4byte	0x640
 4083 0d40 02       		.byte	0x2
 4084 0d41 23       		.byte	0x23
 4085 0d42 68       		.uleb128 0x68
 4086 0d43 0C       		.uleb128 0xc
 4087 0d44 F1190000 		.4byte	.LASF1417
 4088 0d48 08       		.byte	0x8
 4089 0d49 8A02     		.2byte	0x28a
 4090 0d4b 16       		.byte	0x16
 4091 0d4c 40060000 		.4byte	0x640
ARM GAS  /var/folders/65/xyhbx3_n6nd_hs7j3p9nfwv80000gn/T//ccls3DQP.s 			page 85


 4092 0d50 02       		.byte	0x2
 4093 0d51 23       		.byte	0x23
 4094 0d52 70       		.uleb128 0x70
 4095 0d53 0C       		.uleb128 0xc
 4096 0d54 F5630000 		.4byte	.LASF1418
 4097 0d58 08       		.byte	0x8
 4098 0d59 8B02     		.2byte	0x28b
 4099 0d5b 16       		.byte	0x16
 4100 0d5c 40060000 		.4byte	0x640
 4101 0d60 02       		.byte	0x2
 4102 0d61 23       		.byte	0x23
 4103 0d62 78       		.uleb128 0x78
 4104 0d63 0C       		.uleb128 0xc
 4105 0d64 815C0000 		.4byte	.LASF1419
 4106 0d68 08       		.byte	0x8
 4107 0d69 8C02     		.2byte	0x28c
 4108 0d6b 10       		.byte	0x10
 4109 0d6c 0D0E0000 		.4byte	0xe0d
 4110 0d70 03       		.byte	0x3
 4111 0d71 23       		.byte	0x23
 4112 0d72 8001     		.uleb128 0x80
 4113 0d74 0C       		.uleb128 0xc
 4114 0d75 B2450000 		.4byte	.LASF1420
 4115 0d79 08       		.byte	0x8
 4116 0d7a 8D02     		.2byte	0x28d
 4117 0d7c 10       		.byte	0x10
 4118 0d7d 1D0E0000 		.4byte	0xe1d
 4119 0d81 03       		.byte	0x3
 4120 0d82 23       		.byte	0x23
 4121 0d83 8801     		.uleb128 0x88
 4122 0d85 0C       		.uleb128 0xc
 4123 0d86 C3710000 		.4byte	.LASF1421
 4124 0d8a 08       		.byte	0x8
 4125 0d8b 8E02     		.2byte	0x28e
 4126 0d8d 0F       		.byte	0xf
 4127 0d8e 58000000 		.4byte	0x58
 4128 0d92 03       		.byte	0x3
 4129 0d93 23       		.byte	0x23
 4130 0d94 A001     		.uleb128 0xa0
 4131 0d96 0C       		.uleb128 0xc
 4132 0d97 EE2E0000 		.4byte	.LASF1422
 4133 0d9b 08       		.byte	0x8
 4134 0d9c 8F02     		.2byte	0x28f
 4135 0d9e 16       		.byte	0x16
 4136 0d9f 40060000 		.4byte	0x640
 4137 0da3 03       		.byte	0x3
 4138 0da4 23       		.byte	0x23
 4139 0da5 A401     		.uleb128 0xa4
 4140 0da7 0C       		.uleb128 0xc
 4141 0da8 A8000000 		.4byte	.LASF1423
 4142 0dac 08       		.byte	0x8
 4143 0dad 9002     		.2byte	0x290
 4144 0daf 16       		.byte	0x16
 4145 0db0 40060000 		.4byte	0x640
 4146 0db4 03       		.byte	0x3
 4147 0db5 23       		.byte	0x23
 4148 0db6 AC01     		.uleb128 0xac
ARM GAS  /var/folders/65/xyhbx3_n6nd_hs7j3p9nfwv80000gn/T//ccls3DQP.s 			page 86


 4149 0db8 0C       		.uleb128 0xc
 4150 0db9 26240000 		.4byte	.LASF1424
 4151 0dbd 08       		.byte	0x8
 4152 0dbe 9102     		.2byte	0x291
 4153 0dc0 16       		.byte	0x16
 4154 0dc1 40060000 		.4byte	0x640
 4155 0dc5 03       		.byte	0x3
 4156 0dc6 23       		.byte	0x23
 4157 0dc7 B401     		.uleb128 0xb4
 4158 0dc9 0C       		.uleb128 0xc
 4159 0dca 284C0000 		.4byte	.LASF1425
 4160 0dce 08       		.byte	0x8
 4161 0dcf 9202     		.2byte	0x292
 4162 0dd1 16       		.byte	0x16
 4163 0dd2 40060000 		.4byte	0x640
 4164 0dd6 03       		.byte	0x3
 4165 0dd7 23       		.byte	0x23
 4166 0dd8 BC01     		.uleb128 0xbc
 4167 0dda 0C       		.uleb128 0xc
 4168 0ddb D8600000 		.4byte	.LASF1426
 4169 0ddf 08       		.byte	0x8
 4170 0de0 9302     		.2byte	0x293
 4171 0de2 16       		.byte	0x16
 4172 0de3 40060000 		.4byte	0x640
 4173 0de7 03       		.byte	0x3
 4174 0de8 23       		.byte	0x23
 4175 0de9 C401     		.uleb128 0xc4
 4176 0deb 0C       		.uleb128 0xc
 4177 0dec F0780000 		.4byte	.LASF1427
 4178 0df0 08       		.byte	0x8
 4179 0df1 9402     		.2byte	0x294
 4180 0df3 08       		.byte	0x8
 4181 0df4 58000000 		.4byte	0x58
 4182 0df8 03       		.byte	0x3
 4183 0df9 23       		.byte	0x23
 4184 0dfa CC01     		.uleb128 0xcc
 4185 0dfc 00       		.byte	0
 4186 0dfd 04       		.uleb128 0x4
 4187 0dfe 02050000 		.4byte	0x502
 4188 0e02 0D0E0000 		.4byte	0xe0d
 4189 0e06 05       		.uleb128 0x5
 4190 0e07 51000000 		.4byte	0x51
 4191 0e0b 19       		.byte	0x19
 4192 0e0c 00       		.byte	0
 4193 0e0d 04       		.uleb128 0x4
 4194 0e0e 02050000 		.4byte	0x502
 4195 0e12 1D0E0000 		.4byte	0xe1d
 4196 0e16 05       		.uleb128 0x5
 4197 0e17 51000000 		.4byte	0x51
 4198 0e1b 07       		.byte	0x7
 4199 0e1c 00       		.byte	0
 4200 0e1d 04       		.uleb128 0x4
 4201 0e1e 02050000 		.4byte	0x502
 4202 0e22 2D0E0000 		.4byte	0xe2d
 4203 0e26 05       		.uleb128 0x5
 4204 0e27 51000000 		.4byte	0x51
 4205 0e2b 17       		.byte	0x17
ARM GAS  /var/folders/65/xyhbx3_n6nd_hs7j3p9nfwv80000gn/T//ccls3DQP.s 			page 87


 4206 0e2c 00       		.byte	0
 4207 0e2d 1D       		.uleb128 0x1d
 4208 0e2e F0       		.byte	0xf0
 4209 0e2f 08       		.byte	0x8
 4210 0e30 9902     		.2byte	0x299
 4211 0e32 07       		.byte	0x7
 4212 0e33 580E0000 		.4byte	0xe58
 4213 0e37 0C       		.uleb128 0xc
 4214 0e38 D7660000 		.4byte	.LASF1428
 4215 0e3c 08       		.byte	0x8
 4216 0e3d 9C02     		.2byte	0x29c
 4217 0e3f 1B       		.byte	0x1b
 4218 0e40 580E0000 		.4byte	0xe58
 4219 0e44 02       		.byte	0x2
 4220 0e45 23       		.byte	0x23
 4221 0e46 00       		.uleb128 0
 4222 0e47 0C       		.uleb128 0xc
 4223 0e48 3E320000 		.4byte	.LASF1429
 4224 0e4c 08       		.byte	0x8
 4225 0e4d 9D02     		.2byte	0x29d
 4226 0e4f 18       		.byte	0x18
 4227 0e50 680E0000 		.4byte	0xe68
 4228 0e54 02       		.byte	0x2
 4229 0e55 23       		.byte	0x23
 4230 0e56 78       		.uleb128 0x78
 4231 0e57 00       		.byte	0
 4232 0e58 04       		.uleb128 0x4
 4233 0e59 69080000 		.4byte	0x869
 4234 0e5d 680E0000 		.4byte	0xe68
 4235 0e61 05       		.uleb128 0x5
 4236 0e62 51000000 		.4byte	0x51
 4237 0e66 1D       		.byte	0x1d
 4238 0e67 00       		.byte	0
 4239 0e68 04       		.uleb128 0x4
 4240 0e69 51000000 		.4byte	0x51
 4241 0e6d 780E0000 		.4byte	0xe78
 4242 0e71 05       		.uleb128 0x5
 4243 0e72 51000000 		.4byte	0x51
 4244 0e76 1D       		.byte	0x1d
 4245 0e77 00       		.byte	0
 4246 0e78 1E       		.uleb128 0x1e
 4247 0e79 F0       		.byte	0xf0
 4248 0e7a 08       		.byte	0x8
 4249 0e7b 7E02     		.2byte	0x27e
 4250 0e7d 03       		.byte	0x3
 4251 0e7e 9D0E0000 		.4byte	0xe9d
 4252 0e82 1F       		.uleb128 0x1f
 4253 0e83 79930000 		.4byte	.LASF1379
 4254 0e87 08       		.byte	0x8
 4255 0e88 9502     		.2byte	0x295
 4256 0e8a 0B       		.byte	0xb
 4257 0e8b B90C0000 		.4byte	0xcb9
 4258 0e8f 1F       		.uleb128 0x1f
 4259 0e90 7F0D0000 		.4byte	.LASF1430
 4260 0e94 08       		.byte	0x8
 4261 0e95 9E02     		.2byte	0x29e
 4262 0e97 0B       		.byte	0xb
ARM GAS  /var/folders/65/xyhbx3_n6nd_hs7j3p9nfwv80000gn/T//ccls3DQP.s 			page 88


 4263 0e98 2D0E0000 		.4byte	0xe2d
 4264 0e9c 00       		.byte	0
 4265 0e9d 04       		.uleb128 0x4
 4266 0e9e 02050000 		.4byte	0x502
 4267 0ea2 AD0E0000 		.4byte	0xead
 4268 0ea6 05       		.uleb128 0x5
 4269 0ea7 51000000 		.4byte	0x51
 4270 0eab 18       		.byte	0x18
 4271 0eac 00       		.byte	0
 4272 0ead 15       		.uleb128 0x15
 4273 0eae A4750000 		.4byte	.LASF1432
 4274 0eb2 01       		.byte	0x1
 4275 0eb3 0D       		.uleb128 0xd
 4276 0eb4 04       		.byte	0x4
 4277 0eb5 AD0E0000 		.4byte	0xead
 4278 0eb9 11       		.uleb128 0x11
 4279 0eba 01       		.byte	0x1
 4280 0ebb C50E0000 		.4byte	0xec5
 4281 0ebf 0F       		.uleb128 0xf
 4282 0ec0 010A0000 		.4byte	0xa01
 4283 0ec4 00       		.byte	0
 4284 0ec5 0D       		.uleb128 0xd
 4285 0ec6 04       		.byte	0x4
 4286 0ec7 B90E0000 		.4byte	0xeb9
 4287 0ecb 0D       		.uleb128 0xd
 4288 0ecc 04       		.byte	0x4
 4289 0ecd CA060000 		.4byte	0x6ca
 4290 0ed1 11       		.uleb128 0x11
 4291 0ed2 01       		.byte	0x1
 4292 0ed3 DD0E0000 		.4byte	0xedd
 4293 0ed7 0F       		.uleb128 0xf
 4294 0ed8 58000000 		.4byte	0x58
 4295 0edc 00       		.byte	0
 4296 0edd 0D       		.uleb128 0xd
 4297 0ede 04       		.byte	0x4
 4298 0edf E30E0000 		.4byte	0xee3
 4299 0ee3 0D       		.uleb128 0xd
 4300 0ee4 04       		.byte	0x4
 4301 0ee5 D10E0000 		.4byte	0xed1
 4302 0ee9 04       		.uleb128 0x4
 4303 0eea 120C0000 		.4byte	0xc12
 4304 0eee F90E0000 		.4byte	0xef9
 4305 0ef2 05       		.uleb128 0x5
 4306 0ef3 51000000 		.4byte	0x51
 4307 0ef7 02       		.byte	0x2
 4308 0ef8 00       		.byte	0
 4309 0ef9 20       		.uleb128 0x20
 4310 0efa 30740000 		.4byte	.LASF1433
 4311 0efe 08       		.byte	0x8
 4312 0eff 2E03     		.2byte	0x32e
 4313 0f01 17       		.byte	0x17
 4314 0f02 010A0000 		.4byte	0xa01
 4315 0f06 01       		.byte	0x1
 4316 0f07 01       		.byte	0x1
 4317 0f08 20       		.uleb128 0x20
 4318 0f09 C5860000 		.4byte	.LASF1434
 4319 0f0d 08       		.byte	0x8
ARM GAS  /var/folders/65/xyhbx3_n6nd_hs7j3p9nfwv80000gn/T//ccls3DQP.s 			page 89


 4320 0f0e 2F03     		.2byte	0x32f
 4321 0f10 1D       		.byte	0x1d
 4322 0f11 070A0000 		.4byte	0xa07
 4323 0f15 01       		.byte	0x1
 4324 0f16 01       		.byte	0x1
 4325 0f17 21       		.uleb128 0x21
 4326 0f18 C8690000 		.4byte	.LASF1435
 4327 0f1c 09       		.byte	0x9
 4328 0f1d 64       		.byte	0x64
 4329 0f1e 0E       		.byte	0xe
 4330 0f1f 810B0000 		.4byte	0xb81
 4331 0f23 01       		.byte	0x1
 4332 0f24 01       		.byte	0x1
 4333 0f25 02       		.uleb128 0x2
 4334 0f26 04       		.byte	0x4
 4335 0f27 04       		.byte	0x4
 4336 0f28 75240000 		.4byte	.LASF1436
 4337 0f2c 22       		.uleb128 0x22
 4338 0f2d 7B610000 		.4byte	.LASF1495
 4339 0f31 05       		.byte	0x5
 4340 0f32 01       		.byte	0x1
 4341 0f33 71050000 		.4byte	0x571
 4342 0f37 0A       		.byte	0xa
 4343 0f38 8202     		.2byte	0x282
 4344 0f3a 06       		.byte	0x6
 4345 0f3b 580F0000 		.4byte	0xf58
 4346 0f3f 23       		.uleb128 0x23
 4347 0f40 C5560000 		.4byte	.LASF1437
 4348 0f44 7F       		.sleb128 -1
 4349 0f45 14       		.uleb128 0x14
 4350 0f46 B10B0000 		.4byte	.LASF1438
 4351 0f4a 00       		.byte	0
 4352 0f4b 14       		.uleb128 0x14
 4353 0f4c E67A0000 		.4byte	.LASF1439
 4354 0f50 01       		.byte	0x1
 4355 0f51 14       		.uleb128 0x14
 4356 0f52 DA5F0000 		.4byte	.LASF1440
 4357 0f56 02       		.byte	0x2
 4358 0f57 00       		.byte	0
 4359 0f58 20       		.uleb128 0x20
 4360 0f59 19220000 		.4byte	.LASF1441
 4361 0f5d 0A       		.byte	0xa
 4362 0f5e 8D02     		.2byte	0x28d
 4363 0f60 23       		.byte	0x23
 4364 0f61 2C0F0000 		.4byte	0xf2c
 4365 0f65 01       		.byte	0x1
 4366 0f66 01       		.byte	0x1
 4367 0f67 07       		.uleb128 0x7
 4368 0f68 A8870000 		.4byte	.LASF1442
 4369 0f6c 04       		.byte	0x4
 4370 0f6d 43       		.byte	0x43
 4371 0f6e 18       		.byte	0x18
 4372 0f6f 730F0000 		.4byte	0xf73
 4373 0f73 24       		.uleb128 0x24
 4374 0f74 A8870000 		.4byte	.LASF1442
 4375 0f78 10       		.byte	0x10
 4376 0f79 04       		.byte	0x4
ARM GAS  /var/folders/65/xyhbx3_n6nd_hs7j3p9nfwv80000gn/T//ccls3DQP.s 			page 90


 4377 0f7a 5301     		.2byte	0x153
 4378 0f7c 07       		.byte	0x7
 4379 0f7d 980F0000 		.4byte	0xf98
 4380 0f81 25       		.uleb128 0x25
 4381 0f82 7400     		.ascii	"t\000"
 4382 0f84 04       		.byte	0x4
 4383 0f85 5801     		.2byte	0x158
 4384 0f87 04       		.byte	0x4
 4385 0f88 B7160000 		.4byte	0x16b7
 4386 0f8c 25       		.uleb128 0x25
 4387 0f8d 7500     		.ascii	"u\000"
 4388 0f8f 04       		.byte	0x4
 4389 0f90 6001     		.2byte	0x160
 4390 0f92 04       		.byte	0x4
 4391 0f93 F2160000 		.4byte	0x16f2
 4392 0f97 00       		.byte	0
 4393 0f98 07       		.uleb128 0x7
 4394 0f99 8B1D0000 		.4byte	.LASF1443
 4395 0f9d 04       		.byte	0x4
 4396 0f9e 44       		.byte	0x44
 4397 0f9f 1A       		.byte	0x1a
 4398 0fa0 A40F0000 		.4byte	0xfa4
 4399 0fa4 1C       		.uleb128 0x1c
 4400 0fa5 8B1D0000 		.4byte	.LASF1443
 4401 0fa9 0C       		.byte	0xc
 4402 0faa 04       		.byte	0x4
 4403 0fab 6A01     		.2byte	0x16a
 4404 0fad 08       		.byte	0x8
 4405 0fae F30F0000 		.4byte	0xff3
 4406 0fb2 0C       		.uleb128 0xc
 4407 0fb3 51150000 		.4byte	.LASF1444
 4408 0fb7 04       		.byte	0x4
 4409 0fb8 6C01     		.2byte	0x16c
 4410 0fba 08       		.byte	0x8
 4411 0fbb 7B040000 		.4byte	0x47b
 4412 0fbf 02       		.byte	0x2
 4413 0fc0 23       		.byte	0x23
 4414 0fc1 00       		.uleb128 0
 4415 0fc2 0C       		.uleb128 0xc
 4416 0fc3 F5140000 		.4byte	.LASF1257
 4417 0fc7 04       		.byte	0x4
 4418 0fc8 6D01     		.2byte	0x16d
 4419 0fca 08       		.byte	0x8
 4420 0fcb 810B0000 		.4byte	0xb81
 4421 0fcf 02       		.byte	0x2
 4422 0fd0 23       		.byte	0x23
 4423 0fd1 04       		.uleb128 0x4
 4424 0fd2 0C       		.uleb128 0xc
 4425 0fd3 5F990000 		.4byte	.LASF1445
 4426 0fd7 04       		.byte	0x4
 4427 0fd8 6E01     		.2byte	0x16e
 4428 0fda 11       		.byte	0x11
 4429 0fdb 7F050000 		.4byte	0x57f
 4430 0fdf 02       		.byte	0x2
 4431 0fe0 23       		.byte	0x23
 4432 0fe1 08       		.uleb128 0x8
 4433 0fe2 0C       		.uleb128 0xc
ARM GAS  /var/folders/65/xyhbx3_n6nd_hs7j3p9nfwv80000gn/T//ccls3DQP.s 			page 91


 4434 0fe3 70670000 		.4byte	.LASF1446
 4435 0fe7 04       		.byte	0x4
 4436 0fe8 6F01     		.2byte	0x16f
 4437 0fea 11       		.byte	0x11
 4438 0feb 7F050000 		.4byte	0x57f
 4439 0fef 02       		.byte	0x2
 4440 0ff0 23       		.byte	0x23
 4441 0ff1 0A       		.uleb128 0xa
 4442 0ff2 00       		.byte	0
 4443 0ff3 07       		.uleb128 0x7
 4444 0ff4 38960000 		.4byte	.LASF1447
 4445 0ff8 04       		.byte	0x4
 4446 0ff9 45       		.byte	0x45
 4447 0ffa 1A       		.byte	0x1a
 4448 0ffb FF0F0000 		.4byte	0xfff
 4449 0fff 1C       		.uleb128 0x1c
 4450 1000 38960000 		.4byte	.LASF1447
 4451 1004 40       		.byte	0x40
 4452 1005 04       		.byte	0x4
 4453 1006 7201     		.2byte	0x172
 4454 1008 08       		.byte	0x8
 4455 1009 9C100000 		.4byte	0x109c
 4456 100d 0C       		.uleb128 0xc
 4457 100e 861D0000 		.4byte	.LASF1448
 4458 1012 04       		.byte	0x4
 4459 1013 7401     		.2byte	0x174
 4460 1015 10       		.byte	0x10
 4461 1016 43160000 		.4byte	0x1643
 4462 101a 02       		.byte	0x2
 4463 101b 23       		.byte	0x23
 4464 101c 00       		.uleb128 0
 4465 101d 0C       		.uleb128 0xc
 4466 101e 6E1E0000 		.4byte	.LASF1449
 4467 1022 04       		.byte	0x4
 4468 1023 7501     		.2byte	0x175
 4469 1025 06       		.byte	0x6
 4470 1026 58000000 		.4byte	0x58
 4471 102a 02       		.byte	0x2
 4472 102b 23       		.byte	0x23
 4473 102c 04       		.uleb128 0x4
 4474 102d 0C       		.uleb128 0xc
 4475 102e 157A0000 		.4byte	.LASF1450
 4476 1032 04       		.byte	0x4
 4477 1033 7601     		.2byte	0x176
 4478 1035 0F       		.byte	0xf
 4479 1036 D5190000 		.4byte	0x19d5
 4480 103a 02       		.byte	0x2
 4481 103b 23       		.byte	0x23
 4482 103c 08       		.uleb128 0x8
 4483 103d 0C       		.uleb128 0xc
 4484 103e C4570000 		.4byte	.LASF1451
 4485 1042 04       		.byte	0x4
 4486 1043 7701     		.2byte	0x177
 4487 1045 06       		.byte	0x6
 4488 1046 58000000 		.4byte	0x58
 4489 104a 02       		.byte	0x2
 4490 104b 23       		.byte	0x23
ARM GAS  /var/folders/65/xyhbx3_n6nd_hs7j3p9nfwv80000gn/T//ccls3DQP.s 			page 92


 4491 104c 0C       		.uleb128 0xc
 4492 104d 0C       		.uleb128 0xc
 4493 104e 4B130000 		.4byte	.LASF1452
 4494 1052 04       		.byte	0x4
 4495 1053 7801     		.2byte	0x178
 4496 1055 0D       		.byte	0xd
 4497 1056 11150000 		.4byte	0x1511
 4498 105a 02       		.byte	0x2
 4499 105b 23       		.byte	0x23
 4500 105c 10       		.uleb128 0x10
 4501 105d 0B       		.uleb128 0xb
 4502 105e 7500     		.ascii	"u\000"
 4503 1060 04       		.byte	0x4
 4504 1061 A201     		.2byte	0x1a2
 4505 1063 04       		.byte	0x4
 4506 1064 5F190000 		.4byte	0x195f
 4507 1068 02       		.byte	0x2
 4508 1069 23       		.byte	0x23
 4509 106a 18       		.uleb128 0x18
 4510 106b 0C       		.uleb128 0xc
 4511 106c 96530000 		.4byte	.LASF1453
 4512 1070 04       		.byte	0x4
 4513 1071 A301     		.2byte	0x1a3
 4514 1073 0D       		.byte	0xd
 4515 1074 11150000 		.4byte	0x1511
 4516 1078 02       		.byte	0x2
 4517 1079 23       		.byte	0x23
 4518 107a 30       		.uleb128 0x30
 4519 107b 0C       		.uleb128 0xc
 4520 107c D6260000 		.4byte	.LASF1295
 4521 1080 04       		.byte	0x4
 4522 1081 A401     		.2byte	0x1a4
 4523 1083 0D       		.byte	0xd
 4524 1084 11150000 		.4byte	0x1511
 4525 1088 02       		.byte	0x2
 4526 1089 23       		.byte	0x23
 4527 108a 34       		.uleb128 0x34
 4528 108b 0C       		.uleb128 0xc
 4529 108c 73570000 		.4byte	.LASF1288
 4530 1090 04       		.byte	0x4
 4531 1091 A501     		.2byte	0x1a5
 4532 1093 06       		.byte	0x6
 4533 1094 58000000 		.4byte	0x58
 4534 1098 02       		.byte	0x2
 4535 1099 23       		.byte	0x23
 4536 109a 38       		.uleb128 0x38
 4537 109b 00       		.byte	0
 4538 109c 07       		.uleb128 0x7
 4539 109d EC410000 		.4byte	.LASF1454
 4540 10a1 04       		.byte	0x4
 4541 10a2 46       		.byte	0x46
 4542 10a3 1A       		.byte	0x1a
 4543 10a4 A8100000 		.4byte	0x10a8
 4544 10a8 1C       		.uleb128 0x1c
 4545 10a9 EC410000 		.4byte	.LASF1454
 4546 10ad 08       		.byte	0x8
 4547 10ae 04       		.byte	0x4
ARM GAS  /var/folders/65/xyhbx3_n6nd_hs7j3p9nfwv80000gn/T//ccls3DQP.s 			page 93


 4548 10af 6301     		.2byte	0x163
 4549 10b1 08       		.byte	0x8
 4550 10b2 E5100000 		.4byte	0x10e5
 4551 10b6 0C       		.uleb128 0xc
 4552 10b7 96530000 		.4byte	.LASF1453
 4553 10bb 04       		.byte	0x4
 4554 10bc 6501     		.2byte	0x165
 4555 10be 0D       		.byte	0xd
 4556 10bf 33150000 		.4byte	0x1533
 4557 10c3 02       		.byte	0x2
 4558 10c4 23       		.byte	0x23
 4559 10c5 00       		.uleb128 0
 4560 10c6 0C       		.uleb128 0xc
 4561 10c7 73570000 		.4byte	.LASF1288
 4562 10cb 04       		.byte	0x4
 4563 10cc 6601     		.2byte	0x166
 4564 10ce 07       		.byte	0x7
 4565 10cf 02050000 		.4byte	0x502
 4566 10d3 02       		.byte	0x2
 4567 10d4 23       		.byte	0x23
 4568 10d5 04       		.uleb128 0x4
 4569 10d6 0B       		.uleb128 0xb
 4570 10d7 7000     		.ascii	"p\000"
 4571 10d9 04       		.byte	0x4
 4572 10da 6701     		.2byte	0x167
 4573 10dc 07       		.byte	0x7
 4574 10dd 5B170000 		.4byte	0x175b
 4575 10e1 02       		.byte	0x2
 4576 10e2 23       		.byte	0x23
 4577 10e3 05       		.uleb128 0x5
 4578 10e4 00       		.byte	0
 4579 10e5 07       		.uleb128 0x7
 4580 10e6 12130000 		.4byte	.LASF1455
 4581 10ea 04       		.byte	0x4
 4582 10eb 47       		.byte	0x47
 4583 10ec 17       		.byte	0x17
 4584 10ed F1100000 		.4byte	0x10f1
 4585 10f1 1C       		.uleb128 0x1c
 4586 10f2 12130000 		.4byte	.LASF1455
 4587 10f6 38       		.byte	0x38
 4588 10f7 04       		.byte	0x4
 4589 10f8 BA02     		.2byte	0x2ba
 4590 10fa 08       		.byte	0x8
 4591 10fb B8110000 		.4byte	0x11b8
 4592 10ff 0C       		.uleb128 0xc
 4593 1100 861D0000 		.4byte	.LASF1448
 4594 1104 04       		.byte	0x4
 4595 1105 BC02     		.2byte	0x2bc
 4596 1107 12       		.byte	0x12
 4597 1108 DB190000 		.4byte	0x19db
 4598 110c 02       		.byte	0x2
 4599 110d 23       		.byte	0x23
 4600 110e 00       		.uleb128 0
 4601 110f 0C       		.uleb128 0xc
 4602 1110 C5320000 		.4byte	.LASF1258
 4603 1114 04       		.byte	0x4
 4604 1115 BD02     		.2byte	0x2bd
ARM GAS  /var/folders/65/xyhbx3_n6nd_hs7j3p9nfwv80000gn/T//ccls3DQP.s 			page 94


 4605 1117 06       		.byte	0x6
 4606 1118 58000000 		.4byte	0x58
 4607 111c 02       		.byte	0x2
 4608 111d 23       		.byte	0x23
 4609 111e 04       		.uleb128 0x4
 4610 111f 0C       		.uleb128 0xc
 4611 1120 00830000 		.4byte	.LASF1456
 4612 1124 04       		.byte	0x4
 4613 1125 BE02     		.2byte	0x2be
 4614 1127 0A       		.byte	0xa
 4615 1128 0B150000 		.4byte	0x150b
 4616 112c 02       		.byte	0x2
 4617 112d 23       		.byte	0x23
 4618 112e 08       		.uleb128 0x8
 4619 112f 0B       		.uleb128 0xb
 4620 1130 6100     		.ascii	"a\000"
 4621 1132 04       		.byte	0x4
 4622 1133 BE02     		.2byte	0x2be
 4623 1135 13       		.byte	0x13
 4624 1136 0B150000 		.4byte	0x150b
 4625 113a 02       		.byte	0x2
 4626 113b 23       		.byte	0x23
 4627 113c 0C       		.uleb128 0xc
 4628 113d 0B       		.uleb128 0xb
 4629 113e 6200     		.ascii	"b\000"
 4630 1140 04       		.byte	0x4
 4631 1141 BE02     		.2byte	0x2be
 4632 1143 17       		.byte	0x17
 4633 1144 0B150000 		.4byte	0x150b
 4634 1148 02       		.byte	0x2
 4635 1149 23       		.byte	0x23
 4636 114a 10       		.uleb128 0x10
 4637 114b 0B       		.uleb128 0xb
 4638 114c 6300     		.ascii	"c\000"
 4639 114e 04       		.byte	0x4
 4640 114f BE02     		.2byte	0x2be
 4641 1151 1B       		.byte	0x1b
 4642 1152 0B150000 		.4byte	0x150b
 4643 1156 02       		.byte	0x2
 4644 1157 23       		.byte	0x23
 4645 1158 14       		.uleb128 0x14
 4646 1159 0B       		.uleb128 0xb
 4647 115a 6400     		.ascii	"d\000"
 4648 115c 04       		.byte	0x4
 4649 115d BE02     		.2byte	0x2be
 4650 115f 1F       		.byte	0x1f
 4651 1160 0B150000 		.4byte	0x150b
 4652 1164 02       		.byte	0x2
 4653 1165 23       		.byte	0x23
 4654 1166 18       		.uleb128 0x18
 4655 1167 0C       		.uleb128 0xc
 4656 1168 2B290000 		.4byte	.LASF1267
 4657 116c 04       		.byte	0x4
 4658 116d BF02     		.2byte	0x2bf
 4659 116f 09       		.byte	0x9
 4660 1170 2D000000 		.4byte	0x2d
 4661 1174 02       		.byte	0x2
ARM GAS  /var/folders/65/xyhbx3_n6nd_hs7j3p9nfwv80000gn/T//ccls3DQP.s 			page 95


 4662 1175 23       		.byte	0x23
 4663 1176 20       		.uleb128 0x20
 4664 1177 0C       		.uleb128 0xc
 4665 1178 665B0000 		.4byte	.LASF1457
 4666 117c 04       		.byte	0x4
 4667 117d C002     		.2byte	0x2c0
 4668 117f 0E       		.byte	0xe
 4669 1180 FC040000 		.4byte	0x4fc
 4670 1184 02       		.byte	0x2
 4671 1185 23       		.byte	0x23
 4672 1186 28       		.uleb128 0x28
 4673 1187 0C       		.uleb128 0xc
 4674 1188 520D0000 		.4byte	.LASF1458
 4675 118c 04       		.byte	0x4
 4676 118d C102     		.2byte	0x2c1
 4677 118f 0F       		.byte	0xf
 4678 1190 631C0000 		.4byte	0x1c63
 4679 1194 02       		.byte	0x2
 4680 1195 23       		.byte	0x23
 4681 1196 2C       		.uleb128 0x2c
 4682 1197 0C       		.uleb128 0xc
 4683 1198 DB120000 		.4byte	.LASF1459
 4684 119c 04       		.byte	0x4
 4685 119d C202     		.2byte	0x2c2
 4686 119f 06       		.byte	0x6
 4687 11a0 58000000 		.4byte	0x58
 4688 11a4 02       		.byte	0x2
 4689 11a5 23       		.byte	0x23
 4690 11a6 30       		.uleb128 0x30
 4691 11a7 0C       		.uleb128 0xc
 4692 11a8 96530000 		.4byte	.LASF1453
 4693 11ac 04       		.byte	0x4
 4694 11ad C302     		.2byte	0x2c3
 4695 11af 0A       		.byte	0xa
 4696 11b0 0B150000 		.4byte	0x150b
 4697 11b4 02       		.byte	0x2
 4698 11b5 23       		.byte	0x23
 4699 11b6 34       		.uleb128 0x34
 4700 11b7 00       		.byte	0
 4701 11b8 07       		.uleb128 0x7
 4702 11b9 1F1B0000 		.4byte	.LASF1460
 4703 11bd 04       		.byte	0x4
 4704 11be 48       		.byte	0x48
 4705 11bf 1C       		.byte	0x1c
 4706 11c0 C4110000 		.4byte	0x11c4
 4707 11c4 1C       		.uleb128 0x1c
 4708 11c5 1F1B0000 		.4byte	.LASF1460
 4709 11c9 50       		.byte	0x50
 4710 11ca 04       		.byte	0x4
 4711 11cb 3803     		.2byte	0x338
 4712 11cd 08       		.byte	0x8
 4713 11ce 13130000 		.4byte	0x1313
 4714 11d2 0C       		.uleb128 0xc
 4715 11d3 AC4F0000 		.4byte	.LASF1461
 4716 11d7 04       		.byte	0x4
 4717 11d8 3A03     		.2byte	0x33a
 4718 11da 0E       		.byte	0xe
ARM GAS  /var/folders/65/xyhbx3_n6nd_hs7j3p9nfwv80000gn/T//ccls3DQP.s 			page 96


 4719 11db FC040000 		.4byte	0x4fc
 4720 11df 02       		.byte	0x2
 4721 11e0 23       		.byte	0x23
 4722 11e1 00       		.uleb128 0
 4723 11e2 0C       		.uleb128 0xc
 4724 11e3 8C280000 		.4byte	.LASF1462
 4725 11e7 04       		.byte	0x4
 4726 11e8 3B03     		.2byte	0x33b
 4727 11ea 06       		.byte	0x6
 4728 11eb 58000000 		.4byte	0x58
 4729 11ef 02       		.byte	0x2
 4730 11f0 23       		.byte	0x23
 4731 11f1 04       		.uleb128 0x4
 4732 11f2 0C       		.uleb128 0xc
 4733 11f3 65920000 		.4byte	.LASF1463
 4734 11f7 04       		.byte	0x4
 4735 11f8 3C03     		.2byte	0x33c
 4736 11fa 06       		.byte	0x6
 4737 11fb 58000000 		.4byte	0x58
 4738 11ff 02       		.byte	0x2
 4739 1200 23       		.byte	0x23
 4740 1201 08       		.uleb128 0x8
 4741 1202 0C       		.uleb128 0xc
 4742 1203 0B3D0000 		.4byte	.LASF1255
 4743 1207 04       		.byte	0x4
 4744 1208 3D03     		.2byte	0x33d
 4745 120a 06       		.byte	0x6
 4746 120b 58000000 		.4byte	0x58
 4747 120f 02       		.byte	0x2
 4748 1210 23       		.byte	0x23
 4749 1211 0C       		.uleb128 0xc
 4750 1212 0C       		.uleb128 0xc
 4751 1213 8F510000 		.4byte	.LASF1464
 4752 1217 04       		.byte	0x4
 4753 1218 3E03     		.2byte	0x33e
 4754 121a 06       		.byte	0x6
 4755 121b 58000000 		.4byte	0x58
 4756 121f 02       		.byte	0x2
 4757 1220 23       		.byte	0x23
 4758 1221 10       		.uleb128 0x10
 4759 1222 0C       		.uleb128 0xc
 4760 1223 106C0000 		.4byte	.LASF1465
 4761 1227 04       		.byte	0x4
 4762 1228 3F03     		.2byte	0x33f
 4763 122a 06       		.byte	0x6
 4764 122b 58000000 		.4byte	0x58
 4765 122f 02       		.byte	0x2
 4766 1230 23       		.byte	0x23
 4767 1231 14       		.uleb128 0x14
 4768 1232 0C       		.uleb128 0xc
 4769 1233 A73E0000 		.4byte	.LASF1466
 4770 1237 04       		.byte	0x4
 4771 1238 4103     		.2byte	0x341
 4772 123a 12       		.byte	0x12
 4773 123b 77140000 		.4byte	0x1477
 4774 123f 02       		.byte	0x2
 4775 1240 23       		.byte	0x23
ARM GAS  /var/folders/65/xyhbx3_n6nd_hs7j3p9nfwv80000gn/T//ccls3DQP.s 			page 97


 4776 1241 18       		.uleb128 0x18
 4777 1242 0C       		.uleb128 0xc
 4778 1243 6B6F0000 		.4byte	.LASF1467
 4779 1247 04       		.byte	0x4
 4780 1248 4203     		.2byte	0x342
 4781 124a 06       		.byte	0x6
 4782 124b 58000000 		.4byte	0x58
 4783 124f 02       		.byte	0x2
 4784 1250 23       		.byte	0x23
 4785 1251 1C       		.uleb128 0x1c
 4786 1252 0C       		.uleb128 0xc
 4787 1253 AD660000 		.4byte	.LASF1468
 4788 1257 04       		.byte	0x4
 4789 1258 4203     		.2byte	0x342
 4790 125a 0F       		.byte	0xf
 4791 125b 58000000 		.4byte	0x58
 4792 125f 02       		.byte	0x2
 4793 1260 23       		.byte	0x23
 4794 1261 20       		.uleb128 0x20
 4795 1262 0C       		.uleb128 0xc
 4796 1263 0C230000 		.4byte	.LASF1469
 4797 1267 04       		.byte	0x4
 4798 1268 4403     		.2byte	0x344
 4799 126a 10       		.byte	0x10
 4800 126b 691C0000 		.4byte	0x1c69
 4801 126f 02       		.byte	0x2
 4802 1270 23       		.byte	0x23
 4803 1271 24       		.uleb128 0x24
 4804 1272 0C       		.uleb128 0xc
 4805 1273 2E610000 		.4byte	.LASF1470
 4806 1277 04       		.byte	0x4
 4807 1278 4503     		.2byte	0x345
 4808 127a 06       		.byte	0x6
 4809 127b 58000000 		.4byte	0x58
 4810 127f 02       		.byte	0x2
 4811 1280 23       		.byte	0x23
 4812 1281 28       		.uleb128 0x28
 4813 1282 0C       		.uleb128 0xc
 4814 1283 09550000 		.4byte	.LASF1471
 4815 1287 04       		.byte	0x4
 4816 1288 4503     		.2byte	0x345
 4817 128a 0E       		.byte	0xe
 4818 128b 58000000 		.4byte	0x58
 4819 128f 02       		.byte	0x2
 4820 1290 23       		.byte	0x23
 4821 1291 2C       		.uleb128 0x2c
 4822 1292 0C       		.uleb128 0xc
 4823 1293 E8240000 		.4byte	.LASF1472
 4824 1297 04       		.byte	0x4
 4825 1298 4703     		.2byte	0x347
 4826 129a 0F       		.byte	0xf
 4827 129b 6F1C0000 		.4byte	0x1c6f
 4828 129f 02       		.byte	0x2
 4829 12a0 23       		.byte	0x23
 4830 12a1 30       		.uleb128 0x30
 4831 12a2 0C       		.uleb128 0xc
 4832 12a3 E81F0000 		.4byte	.LASF1473
ARM GAS  /var/folders/65/xyhbx3_n6nd_hs7j3p9nfwv80000gn/T//ccls3DQP.s 			page 98


 4833 12a7 04       		.byte	0x4
 4834 12a8 4803     		.2byte	0x348
 4835 12aa 06       		.byte	0x6
 4836 12ab 58000000 		.4byte	0x58
 4837 12af 02       		.byte	0x2
 4838 12b0 23       		.byte	0x23
 4839 12b1 34       		.uleb128 0x34
 4840 12b2 0C       		.uleb128 0xc
 4841 12b3 43110000 		.4byte	.LASF1474
 4842 12b7 04       		.byte	0x4
 4843 12b8 4803     		.2byte	0x348
 4844 12ba 0E       		.byte	0xe
 4845 12bb 58000000 		.4byte	0x58
 4846 12bf 02       		.byte	0x2
 4847 12c0 23       		.byte	0x23
 4848 12c1 38       		.uleb128 0x38
 4849 12c2 0C       		.uleb128 0xc
 4850 12c3 B27A0000 		.4byte	.LASF1256
 4851 12c7 04       		.byte	0x4
 4852 12c8 4A03     		.2byte	0x34a
 4853 12ca 0E       		.byte	0xe
 4854 12cb FC040000 		.4byte	0x4fc
 4855 12cf 02       		.byte	0x2
 4856 12d0 23       		.byte	0x23
 4857 12d1 3C       		.uleb128 0x3c
 4858 12d2 0C       		.uleb128 0xc
 4859 12d3 C5320000 		.4byte	.LASF1258
 4860 12d7 04       		.byte	0x4
 4861 12d8 4B03     		.2byte	0x34b
 4862 12da 06       		.byte	0x6
 4863 12db 58000000 		.4byte	0x58
 4864 12df 02       		.byte	0x2
 4865 12e0 23       		.byte	0x23
 4866 12e1 40       		.uleb128 0x40
 4867 12e2 0C       		.uleb128 0xc
 4868 12e3 6A710000 		.4byte	.LASF1475
 4869 12e7 04       		.byte	0x4
 4870 12e8 4B03     		.2byte	0x34b
 4871 12ea 0C       		.byte	0xc
 4872 12eb 58000000 		.4byte	0x58
 4873 12ef 02       		.byte	0x2
 4874 12f0 23       		.byte	0x23
 4875 12f1 44       		.uleb128 0x44
 4876 12f2 0C       		.uleb128 0xc
 4877 12f3 96530000 		.4byte	.LASF1453
 4878 12f7 04       		.byte	0x4
 4879 12f8 4D03     		.2byte	0x34d
 4880 12fa 0F       		.byte	0xf
 4881 12fb 2D150000 		.4byte	0x152d
 4882 12ff 02       		.byte	0x2
 4883 1300 23       		.byte	0x23
 4884 1301 48       		.uleb128 0x48
 4885 1302 0C       		.uleb128 0xc
 4886 1303 73570000 		.4byte	.LASF1288
 4887 1307 04       		.byte	0x4
 4888 1308 4E03     		.2byte	0x34e
 4889 130a 06       		.byte	0x6
ARM GAS  /var/folders/65/xyhbx3_n6nd_hs7j3p9nfwv80000gn/T//ccls3DQP.s 			page 99


 4890 130b 58000000 		.4byte	0x58
 4891 130f 02       		.byte	0x2
 4892 1310 23       		.byte	0x23
 4893 1311 4C       		.uleb128 0x4c
 4894 1312 00       		.byte	0
 4895 1313 07       		.uleb128 0x7
 4896 1314 BC1C0000 		.4byte	.LASF1476
 4897 1318 04       		.byte	0x4
 4898 1319 49       		.byte	0x49
 4899 131a 1F       		.byte	0x1f
 4900 131b 1F130000 		.4byte	0x131f
 4901 131f 1C       		.uleb128 0x1c
 4902 1320 BC1C0000 		.4byte	.LASF1476
 4903 1324 10       		.byte	0x10
 4904 1325 04       		.byte	0x4
 4905 1326 B901     		.2byte	0x1b9
 4906 1328 08       		.byte	0x8
 4907 1329 6E130000 		.4byte	0x136e
 4908 132d 0C       		.uleb128 0xc
 4909 132e BD940000 		.4byte	.LASF1477
 4910 1332 04       		.byte	0x4
 4911 1333 BB01     		.2byte	0x1bb
 4912 1335 12       		.byte	0x12
 4913 1336 71140000 		.4byte	0x1471
 4914 133a 02       		.byte	0x2
 4915 133b 23       		.byte	0x23
 4916 133c 00       		.uleb128 0
 4917 133d 0C       		.uleb128 0xc
 4918 133e 0C870000 		.4byte	.LASF1478
 4919 1342 04       		.byte	0x4
 4920 1343 BC01     		.2byte	0x1bc
 4921 1345 0D       		.byte	0xd
 4922 1346 11150000 		.4byte	0x1511
 4923 134a 02       		.byte	0x2
 4924 134b 23       		.byte	0x23
 4925 134c 04       		.uleb128 0x4
 4926 134d 0C       		.uleb128 0xc
 4927 134e 96530000 		.4byte	.LASF1453
 4928 1352 04       		.byte	0x4
 4929 1353 BE01     		.2byte	0x1be
 4930 1355 12       		.byte	0x12
 4931 1356 71140000 		.4byte	0x1471
 4932 135a 02       		.byte	0x2
 4933 135b 23       		.byte	0x23
 4934 135c 08       		.uleb128 0x8
 4935 135d 0C       		.uleb128 0xc
 4936 135e 73570000 		.4byte	.LASF1288
 4937 1362 04       		.byte	0x4
 4938 1363 BF01     		.2byte	0x1bf
 4939 1365 06       		.byte	0x6
 4940 1366 58000000 		.4byte	0x58
 4941 136a 02       		.byte	0x2
 4942 136b 23       		.byte	0x23
 4943 136c 0C       		.uleb128 0xc
 4944 136d 00       		.byte	0
 4945 136e 07       		.uleb128 0x7
 4946 136f E5130000 		.4byte	.LASF1479
ARM GAS  /var/folders/65/xyhbx3_n6nd_hs7j3p9nfwv80000gn/T//ccls3DQP.s 			page 100


 4947 1373 04       		.byte	0x4
 4948 1374 4A       		.byte	0x4a
 4949 1375 1E       		.byte	0x1e
 4950 1376 7A130000 		.4byte	0x137a
 4951 137a 15       		.uleb128 0x15
 4952 137b E5130000 		.4byte	.LASF1479
 4953 137f 01       		.byte	0x1
 4954 1380 07       		.uleb128 0x7
 4955 1381 8C550000 		.4byte	.LASF1480
 4956 1385 04       		.byte	0x4
 4957 1386 4B       		.byte	0x4b
 4958 1387 1B       		.byte	0x1b
 4959 1388 8C130000 		.4byte	0x138c
 4960 138c 19       		.uleb128 0x19
 4961 138d 8C550000 		.4byte	.LASF1480
 4962 1391 78       		.byte	0x78
 4963 1392 04       		.byte	0x4
 4964 1393 AE       		.byte	0xae
 4965 1394 08       		.byte	0x8
 4966 1395 0F140000 		.4byte	0x140f
 4967 1399 0A       		.uleb128 0xa
 4968 139a 62756600 		.ascii	"buf\000"
 4969 139e 04       		.byte	0x4
 4970 139f B0       		.byte	0xb0
 4971 13a0 0A       		.byte	0xa
 4972 13a1 34000000 		.4byte	0x34
 4973 13a5 02       		.byte	0x2
 4974 13a6 23       		.byte	0x23
 4975 13a7 00       		.uleb128 0
 4976 13a8 0A       		.uleb128 0xa
 4977 13a9 4500     		.ascii	"E\000"
 4978 13ab 04       		.byte	0x4
 4979 13ac B1       		.byte	0xb1
 4980 13ad 12       		.byte	0x12
 4981 13ae 71140000 		.4byte	0x1471
 4982 13b2 02       		.byte	0x2
 4983 13b3 23       		.byte	0x23
 4984 13b4 5C       		.uleb128 0x5c
 4985 13b5 09       		.uleb128 0x9
 4986 13b6 91160000 		.4byte	.LASF1298
 4987 13ba 04       		.byte	0x4
 4988 13bb B2       		.byte	0xb2
 4989 13bc 06       		.byte	0x6
 4990 13bd 58000000 		.4byte	0x58
 4991 13c1 02       		.byte	0x2
 4992 13c2 23       		.byte	0x23
 4993 13c3 60       		.uleb128 0x60
 4994 13c4 09       		.uleb128 0x9
 4995 13c5 AD410000 		.4byte	.LASF1300
 4996 13c9 04       		.byte	0x4
 4997 13ca B3       		.byte	0xb3
 4998 13cb 06       		.byte	0x6
 4999 13cc 58000000 		.4byte	0x58
 5000 13d0 02       		.byte	0x2
 5001 13d1 23       		.byte	0x23
 5002 13d2 64       		.uleb128 0x64
 5003 13d3 0A       		.uleb128 0xa
ARM GAS  /var/folders/65/xyhbx3_n6nd_hs7j3p9nfwv80000gn/T//ccls3DQP.s 			page 101


 5004 13d4 746F7000 		.ascii	"top\000"
 5005 13d8 04       		.byte	0x4
 5006 13d9 B4       		.byte	0xb4
 5007 13da 06       		.byte	0x6
 5008 13db 58000000 		.4byte	0x58
 5009 13df 02       		.byte	0x2
 5010 13e0 23       		.byte	0x23
 5011 13e1 68       		.uleb128 0x68
 5012 13e2 0A       		.uleb128 0xa
 5013 13e3 626F7400 		.ascii	"bot\000"
 5014 13e7 04       		.byte	0x4
 5015 13e8 B4       		.byte	0xb4
 5016 13e9 0B       		.byte	0xb
 5017 13ea 58000000 		.4byte	0x58
 5018 13ee 02       		.byte	0x2
 5019 13ef 23       		.byte	0x23
 5020 13f0 6C       		.uleb128 0x6c
 5021 13f1 09       		.uleb128 0x9
 5022 13f2 0B3D0000 		.4byte	.LASF1255
 5023 13f6 04       		.byte	0x4
 5024 13f7 B5       		.byte	0xb5
 5025 13f8 06       		.byte	0x6
 5026 13f9 58000000 		.4byte	0x58
 5027 13fd 02       		.byte	0x2
 5028 13fe 23       		.byte	0x23
 5029 13ff 70       		.uleb128 0x70
 5030 1400 0A       		.uleb128 0xa
 5031 1401 706300   		.ascii	"pc\000"
 5032 1404 04       		.byte	0x4
 5033 1405 B6       		.byte	0xb6
 5034 1406 12       		.byte	0x12
 5035 1407 77140000 		.4byte	0x1477
 5036 140b 02       		.byte	0x2
 5037 140c 23       		.byte	0x23
 5038 140d 74       		.uleb128 0x74
 5039 140e 00       		.byte	0
 5040 140f 07       		.uleb128 0x7
 5041 1410 33230000 		.4byte	.LASF1481
 5042 1414 04       		.byte	0x4
 5043 1415 4C       		.byte	0x4c
 5044 1416 1E       		.byte	0x1e
 5045 1417 1B140000 		.4byte	0x141b
 5046 141b 19       		.uleb128 0x19
 5047 141c 33230000 		.4byte	.LASF1481
 5048 1420 10       		.byte	0x10
 5049 1421 04       		.byte	0x4
 5050 1422 A4       		.byte	0xa4
 5051 1423 08       		.byte	0x8
 5052 1424 65140000 		.4byte	0x1465
 5053 1428 09       		.uleb128 0x9
 5054 1429 AC4F0000 		.4byte	.LASF1461
 5055 142d 04       		.byte	0x4
 5056 142e A6       		.byte	0xa6
 5057 142f 0E       		.byte	0xe
 5058 1430 FC040000 		.4byte	0x4fc
 5059 1434 02       		.byte	0x2
 5060 1435 23       		.byte	0x23
ARM GAS  /var/folders/65/xyhbx3_n6nd_hs7j3p9nfwv80000gn/T//ccls3DQP.s 			page 102


 5061 1436 00       		.uleb128 0
 5062 1437 09       		.uleb128 0x9
 5063 1438 6F3E0000 		.4byte	.LASF1482
 5064 143c 04       		.byte	0x4
 5065 143d A7       		.byte	0xa7
 5066 143e 0E       		.byte	0xe
 5067 143f FC040000 		.4byte	0x4fc
 5068 1443 02       		.byte	0x2
 5069 1444 23       		.byte	0x23
 5070 1445 04       		.uleb128 0x4
 5071 1446 09       		.uleb128 0x9
 5072 1447 C5320000 		.4byte	.LASF1258
 5073 144b 04       		.byte	0x4
 5074 144c A8       		.byte	0xa8
 5075 144d 06       		.byte	0x6
 5076 144e 58000000 		.4byte	0x58
 5077 1452 02       		.byte	0x2
 5078 1453 23       		.byte	0x23
 5079 1454 08       		.uleb128 0x8
 5080 1455 09       		.uleb128 0x9
 5081 1456 8B2B0000 		.4byte	.LASF1287
 5082 145a 04       		.byte	0x4
 5083 145b A9       		.byte	0xa9
 5084 145c 06       		.byte	0x6
 5085 145d 58000000 		.4byte	0x58
 5086 1461 02       		.byte	0x2
 5087 1462 23       		.byte	0x23
 5088 1463 0C       		.uleb128 0xc
 5089 1464 00       		.byte	0
 5090 1465 07       		.uleb128 0x7
 5091 1466 DE660000 		.4byte	.LASF1483
 5092 146a 04       		.byte	0x4
 5093 146b 77       		.byte	0x77
 5094 146c 18       		.byte	0x18
 5095 146d 7F050000 		.4byte	0x57f
 5096 1471 0D       		.uleb128 0xd
 5097 1472 04       		.byte	0x4
 5098 1473 13130000 		.4byte	0x1313
 5099 1477 0D       		.uleb128 0xd
 5100 1478 04       		.byte	0x4
 5101 1479 65140000 		.4byte	0x1465
 5102 147d 19       		.uleb128 0x19
 5103 147e 02380000 		.4byte	.LASF1484
 5104 1482 48       		.byte	0x48
 5105 1483 04       		.byte	0x4
 5106 1484 C0       		.byte	0xc0
 5107 1485 10       		.byte	0x10
 5108 1486 B2140000 		.4byte	0x14b2
 5109 148a 0A       		.uleb128 0xa
 5110 148b 6E00     		.ascii	"n\000"
 5111 148d 04       		.byte	0x4
 5112 148e C0       		.byte	0xc0
 5113 148f 20       		.byte	0x20
 5114 1490 58000000 		.4byte	0x58
 5115 1494 02       		.byte	0x2
 5116 1495 23       		.byte	0x23
 5117 1496 00       		.uleb128 0
ARM GAS  /var/folders/65/xyhbx3_n6nd_hs7j3p9nfwv80000gn/T//ccls3DQP.s 			page 103


 5118 1497 0A       		.uleb128 0xa
 5119 1498 6D00     		.ascii	"m\000"
 5120 149a 04       		.byte	0x4
 5121 149b C0       		.byte	0xc0
 5122 149c 23       		.byte	0x23
 5123 149d 58000000 		.4byte	0x58
 5124 14a1 02       		.byte	0x2
 5125 14a2 23       		.byte	0x23
 5126 14a3 04       		.uleb128 0x4
 5127 14a4 0A       		.uleb128 0xa
 5128 14a5 7300     		.ascii	"s\000"
 5129 14a7 04       		.byte	0x4
 5130 14a8 C0       		.byte	0xc0
 5131 14a9 2B       		.byte	0x2b
 5132 14aa B2140000 		.4byte	0x14b2
 5133 14ae 02       		.byte	0x2
 5134 14af 23       		.byte	0x23
 5135 14b0 08       		.uleb128 0x8
 5136 14b1 00       		.byte	0
 5137 14b2 04       		.uleb128 0x4
 5138 14b3 02050000 		.4byte	0x502
 5139 14b7 C2140000 		.4byte	0x14c2
 5140 14bb 05       		.uleb128 0x5
 5141 14bc 51000000 		.4byte	0x51
 5142 14c0 3F       		.byte	0x3f
 5143 14c1 00       		.byte	0
 5144 14c2 07       		.uleb128 0x7
 5145 14c3 02380000 		.4byte	.LASF1484
 5146 14c7 04       		.byte	0x4
 5147 14c8 C0       		.byte	0xc0
 5148 14c9 34       		.byte	0x34
 5149 14ca 7D140000 		.4byte	0x147d
 5150 14ce 18       		.uleb128 0x18
 5151 14cf 0C       		.byte	0xc
 5152 14d0 04       		.byte	0x4
 5153 14d1 DB       		.byte	0xdb
 5154 14d2 02       		.byte	0x2
 5155 14d3 05150000 		.4byte	0x1505
 5156 14d7 09       		.uleb128 0x9
 5157 14d8 A23E0000 		.4byte	.LASF1266
 5158 14dc 04       		.byte	0x4
 5159 14dd DB       		.byte	0xdb
 5160 14de 11       		.byte	0x11
 5161 14df 810B0000 		.4byte	0xb81
 5162 14e3 02       		.byte	0x2
 5163 14e4 23       		.byte	0x23
 5164 14e5 00       		.uleb128 0
 5165 14e6 0A       		.uleb128 0xa
 5166 14e7 6C656E00 		.ascii	"len\000"
 5167 14eb 04       		.byte	0x4
 5168 14ec DB       		.byte	0xdb
 5169 14ed 1B       		.byte	0x1b
 5170 14ee 58000000 		.4byte	0x58
 5171 14f2 02       		.byte	0x2
 5172 14f3 23       		.byte	0x23
 5173 14f4 04       		.uleb128 0x4
 5174 14f5 0A       		.uleb128 0xa
ARM GAS  /var/folders/65/xyhbx3_n6nd_hs7j3p9nfwv80000gn/T//ccls3DQP.s 			page 104


 5175 14f6 63617000 		.ascii	"cap\000"
 5176 14fa 04       		.byte	0x4
 5177 14fb DB       		.byte	0xdb
 5178 14fc 20       		.byte	0x20
 5179 14fd 58000000 		.4byte	0x58
 5180 1501 02       		.byte	0x2
 5181 1502 23       		.byte	0x23
 5182 1503 08       		.uleb128 0x8
 5183 1504 00       		.byte	0
 5184 1505 0D       		.uleb128 0xd
 5185 1506 04       		.byte	0x4
 5186 1507 6E130000 		.4byte	0x136e
 5187 150b 0D       		.uleb128 0xd
 5188 150c 04       		.byte	0x4
 5189 150d E5100000 		.4byte	0x10e5
 5190 1511 0D       		.uleb128 0xd
 5191 1512 04       		.byte	0x4
 5192 1513 F30F0000 		.4byte	0xff3
 5193 1517 04       		.uleb128 0x4
 5194 1518 02050000 		.4byte	0x502
 5195 151c 27150000 		.4byte	0x1527
 5196 1520 05       		.uleb128 0x5
 5197 1521 51000000 		.4byte	0x51
 5198 1525 0B       		.byte	0xb
 5199 1526 00       		.byte	0
 5200 1527 0D       		.uleb128 0xd
 5201 1528 04       		.byte	0x4
 5202 1529 670F0000 		.4byte	0xf67
 5203 152d 0D       		.uleb128 0xd
 5204 152e 04       		.byte	0x4
 5205 152f B8110000 		.4byte	0x11b8
 5206 1533 0D       		.uleb128 0xd
 5207 1534 04       		.byte	0x4
 5208 1535 9C100000 		.4byte	0x109c
 5209 1539 04       		.uleb128 0x4
 5210 153a 71140000 		.4byte	0x1471
 5211 153e 4A150000 		.4byte	0x154a
 5212 1542 26       		.uleb128 0x26
 5213 1543 51000000 		.4byte	0x51
 5214 1547 FF03     		.2byte	0x3ff
 5215 1549 00       		.byte	0
 5216 154a 04       		.uleb128 0x4
 5217 154b 0F140000 		.4byte	0x140f
 5218 154f 5B150000 		.4byte	0x155b
 5219 1553 26       		.uleb128 0x26
 5220 1554 51000000 		.4byte	0x51
 5221 1558 FF03     		.2byte	0x3ff
 5222 155a 00       		.byte	0
 5223 155b 04       		.uleb128 0x4
 5224 155c 80130000 		.4byte	0x1380
 5225 1560 6B150000 		.4byte	0x156b
 5226 1564 05       		.uleb128 0x5
 5227 1565 51000000 		.4byte	0x51
 5228 1569 3F       		.byte	0x3f
 5229 156a 00       		.byte	0
 5230 156b 03       		.uleb128 0x3
 5231 156c B2700000 		.4byte	.LASF1485
ARM GAS  /var/folders/65/xyhbx3_n6nd_hs7j3p9nfwv80000gn/T//ccls3DQP.s 			page 105


 5232 1570 04       		.byte	0x4
 5233 1571 2401     		.2byte	0x124
 5234 1573 1C       		.byte	0x1c
 5235 1574 78150000 		.4byte	0x1578
 5236 1578 1C       		.uleb128 0x1c
 5237 1579 B2700000 		.4byte	.LASF1485
 5238 157d 30       		.byte	0x30
 5239 157e 04       		.byte	0x4
 5240 157f A801     		.2byte	0x1a8
 5241 1581 08       		.byte	0x8
 5242 1582 07160000 		.4byte	0x1607
 5243 1586 0C       		.uleb128 0xc
 5244 1587 207F0000 		.4byte	.LASF1486
 5245 158b 04       		.byte	0x4
 5246 158c AA01     		.2byte	0x1aa
 5247 158e 0F       		.byte	0xf
 5248 158f D5190000 		.4byte	0x19d5
 5249 1593 02       		.byte	0x2
 5250 1594 23       		.byte	0x23
 5251 1595 00       		.uleb128 0
 5252 1596 0C       		.uleb128 0xc
 5253 1597 E6350000 		.4byte	.LASF1487
 5254 159b 04       		.byte	0x4
 5255 159c AA01     		.2byte	0x1aa
 5256 159e 16       		.byte	0x16
 5257 159f D5190000 		.4byte	0x19d5
 5258 15a3 02       		.byte	0x2
 5259 15a4 23       		.byte	0x23
 5260 15a5 04       		.uleb128 0x4
 5261 15a6 0C       		.uleb128 0xc
 5262 15a7 FC4E0000 		.4byte	.LASF1488
 5263 15ab 04       		.byte	0x4
 5264 15ac AB01     		.2byte	0x1ab
 5265 15ae 06       		.byte	0x6
 5266 15af 58000000 		.4byte	0x58
 5267 15b3 02       		.byte	0x2
 5268 15b4 23       		.byte	0x23
 5269 15b5 08       		.uleb128 0x8
 5270 15b6 0C       		.uleb128 0xc
 5271 15b7 2B1B0000 		.4byte	.LASF1489
 5272 15bb 04       		.byte	0x4
 5273 15bc AC01     		.2byte	0x1ac
 5274 15be 06       		.byte	0x6
 5275 15bf 58000000 		.4byte	0x58
 5276 15c3 02       		.byte	0x2
 5277 15c4 23       		.byte	0x23
 5278 15c5 0C       		.uleb128 0xc
 5279 15c6 0C       		.uleb128 0xc
 5280 15c7 C2440000 		.4byte	.LASF1490
 5281 15cb 04       		.byte	0x4
 5282 15cc AD01     		.2byte	0x1ad
 5283 15ce 0B       		.byte	0xb
 5284 15cf 670F0000 		.4byte	0xf67
 5285 15d3 02       		.byte	0x2
 5286 15d4 23       		.byte	0x23
 5287 15d5 10       		.uleb128 0x10
 5288 15d6 0C       		.uleb128 0xc
ARM GAS  /var/folders/65/xyhbx3_n6nd_hs7j3p9nfwv80000gn/T//ccls3DQP.s 			page 106


 5289 15d7 5C1A0000 		.4byte	.LASF1491
 5290 15db 04       		.byte	0x4
 5291 15dc AE01     		.2byte	0x1ae
 5292 15de 0D       		.byte	0xd
 5293 15df 11150000 		.4byte	0x1511
 5294 15e3 02       		.byte	0x2
 5295 15e4 23       		.byte	0x23
 5296 15e5 20       		.uleb128 0x20
 5297 15e6 0C       		.uleb128 0xc
 5298 15e7 FD750000 		.4byte	.LASF1492
 5299 15eb 04       		.byte	0x4
 5300 15ec AF01     		.2byte	0x1af
 5301 15ee 0D       		.byte	0xd
 5302 15ef 11150000 		.4byte	0x1511
 5303 15f3 02       		.byte	0x2
 5304 15f4 23       		.byte	0x23
 5305 15f5 24       		.uleb128 0x24
 5306 15f6 0C       		.uleb128 0xc
 5307 15f7 AC4F0000 		.4byte	.LASF1461
 5308 15fb 04       		.byte	0x4
 5309 15fc B001     		.2byte	0x1b0
 5310 15fe 07       		.byte	0x7
 5311 15ff 5B170000 		.4byte	0x175b
 5312 1603 02       		.byte	0x2
 5313 1604 23       		.byte	0x23
 5314 1605 28       		.uleb128 0x28
 5315 1606 00       		.byte	0
 5316 1607 03       		.uleb128 0x3
 5317 1608 791A0000 		.4byte	.LASF1493
 5318 160c 04       		.byte	0x4
 5319 160d 2501     		.2byte	0x125
 5320 160f 1C       		.byte	0x1c
 5321 1610 14160000 		.4byte	0x1614
 5322 1614 1C       		.uleb128 0x1c
 5323 1615 791A0000 		.4byte	.LASF1493
 5324 1619 08       		.byte	0x8
 5325 161a 04       		.byte	0x4
 5326 161b B301     		.2byte	0x1b3
 5327 161d 08       		.byte	0x8
 5328 161e 43160000 		.4byte	0x1643
 5329 1622 0C       		.uleb128 0xc
 5330 1623 F10A0000 		.4byte	.LASF1494
 5331 1627 04       		.byte	0x4
 5332 1628 B501     		.2byte	0x1b5
 5333 162a 0F       		.byte	0xf
 5334 162b EE180000 		.4byte	0x18ee
 5335 162f 02       		.byte	0x2
 5336 1630 23       		.byte	0x23
 5337 1631 00       		.uleb128 0
 5338 1632 0C       		.uleb128 0xc
 5339 1633 AC4F0000 		.4byte	.LASF1461
 5340 1637 04       		.byte	0x4
 5341 1638 B601     		.2byte	0x1b6
 5342 163a 07       		.byte	0x7
 5343 163b 5B170000 		.4byte	0x175b
 5344 163f 02       		.byte	0x2
 5345 1640 23       		.byte	0x23
ARM GAS  /var/folders/65/xyhbx3_n6nd_hs7j3p9nfwv80000gn/T//ccls3DQP.s 			page 107


 5346 1641 04       		.uleb128 0x4
 5347 1642 00       		.byte	0
 5348 1643 22       		.uleb128 0x22
 5349 1644 A1140000 		.4byte	.LASF1496
 5350 1648 07       		.byte	0x7
 5351 1649 01       		.byte	0x1
 5352 164a 49050000 		.4byte	0x549
 5353 164e 04       		.byte	0x4
 5354 164f 3901     		.2byte	0x139
 5355 1651 06       		.byte	0x6
 5356 1652 B7160000 		.4byte	0x16b7
 5357 1656 14       		.uleb128 0x14
 5358 1657 67930000 		.4byte	.LASF1497
 5359 165b 00       		.byte	0
 5360 165c 14       		.uleb128 0x14
 5361 165d AD540000 		.4byte	.LASF1498
 5362 1661 01       		.byte	0x1
 5363 1662 14       		.uleb128 0x14
 5364 1663 22110000 		.4byte	.LASF1499
 5365 1667 02       		.byte	0x2
 5366 1668 14       		.uleb128 0x14
 5367 1669 F40F0000 		.4byte	.LASF1500
 5368 166d 03       		.byte	0x3
 5369 166e 14       		.uleb128 0x14
 5370 166f BC180000 		.4byte	.LASF1501
 5371 1673 04       		.byte	0x4
 5372 1674 14       		.uleb128 0x14
 5373 1675 D8010000 		.4byte	.LASF1502
 5374 1679 05       		.byte	0x5
 5375 167a 14       		.uleb128 0x14
 5376 167b 5E560000 		.4byte	.LASF1503
 5377 167f 06       		.byte	0x6
 5378 1680 14       		.uleb128 0x14
 5379 1681 2B100000 		.4byte	.LASF1504
 5380 1685 07       		.byte	0x7
 5381 1686 14       		.uleb128 0x14
 5382 1687 B51E0000 		.4byte	.LASF1505
 5383 168b 08       		.byte	0x8
 5384 168c 14       		.uleb128 0x14
 5385 168d BF1A0000 		.4byte	.LASF1506
 5386 1691 09       		.byte	0x9
 5387 1692 14       		.uleb128 0x14
 5388 1693 E80A0000 		.4byte	.LASF1507
 5389 1697 0A       		.byte	0xa
 5390 1698 14       		.uleb128 0x14
 5391 1699 A4410000 		.4byte	.LASF1508
 5392 169d 0B       		.byte	0xb
 5393 169e 14       		.uleb128 0x14
 5394 169f 35650000 		.4byte	.LASF1509
 5395 16a3 0C       		.byte	0xc
 5396 16a4 14       		.uleb128 0x14
 5397 16a5 3C4B0000 		.4byte	.LASF1510
 5398 16a9 0D       		.byte	0xd
 5399 16aa 14       		.uleb128 0x14
 5400 16ab 84540000 		.4byte	.LASF1511
 5401 16af 0E       		.byte	0xe
 5402 16b0 14       		.uleb128 0x14
ARM GAS  /var/folders/65/xyhbx3_n6nd_hs7j3p9nfwv80000gn/T//ccls3DQP.s 			page 108


 5403 16b1 D1910000 		.4byte	.LASF1512
 5404 16b5 0F       		.byte	0xf
 5405 16b6 00       		.byte	0
 5406 16b7 1D       		.uleb128 0x1d
 5407 16b8 10       		.byte	0x10
 5408 16b9 04       		.byte	0x4
 5409 16ba 5501     		.2byte	0x155
 5410 16bc 02       		.byte	0x2
 5411 16bd E2160000 		.4byte	0x16e2
 5412 16c1 0B       		.uleb128 0xb
 5413 16c2 70616400 		.ascii	"pad\000"
 5414 16c6 04       		.byte	0x4
 5415 16c7 5601     		.2byte	0x156
 5416 16c9 08       		.byte	0x8
 5417 16ca E2160000 		.4byte	0x16e2
 5418 16ce 02       		.byte	0x2
 5419 16cf 23       		.byte	0x23
 5420 16d0 00       		.uleb128 0
 5421 16d1 0C       		.uleb128 0xc
 5422 16d2 861D0000 		.4byte	.LASF1448
 5423 16d6 04       		.byte	0x4
 5424 16d7 5701     		.2byte	0x157
 5425 16d9 08       		.byte	0x8
 5426 16da 02050000 		.4byte	0x502
 5427 16de 02       		.byte	0x2
 5428 16df 23       		.byte	0x23
 5429 16e0 0F       		.uleb128 0xf
 5430 16e1 00       		.byte	0
 5431 16e2 04       		.uleb128 0x4
 5432 16e3 02050000 		.4byte	0x502
 5433 16e7 F2160000 		.4byte	0x16f2
 5434 16eb 05       		.uleb128 0x5
 5435 16ec 51000000 		.4byte	0x51
 5436 16f0 0E       		.byte	0xe
 5437 16f1 00       		.byte	0
 5438 16f2 1E       		.uleb128 0x1e
 5439 16f3 10       		.byte	0x10
 5440 16f4 04       		.byte	0x4
 5441 16f5 5901     		.2byte	0x159
 5442 16f7 02       		.byte	0x2
 5443 16f8 4B170000 		.4byte	0x174b
 5444 16fc 1F       		.uleb128 0x1f
 5445 16fd D2690000 		.4byte	.LASF1513
 5446 1701 04       		.byte	0x4
 5447 1702 5A01     		.2byte	0x15a
 5448 1704 08       		.byte	0x8
 5449 1705 4B170000 		.4byte	0x174b
 5450 1709 1F       		.uleb128 0x1f
 5451 170a 5C4F0000 		.4byte	.LASF1514
 5452 170e 04       		.byte	0x4
 5453 170f 5B01     		.2byte	0x15b
 5454 1711 07       		.byte	0x7
 5455 1712 58000000 		.4byte	0x58
 5456 1716 1F       		.uleb128 0x1f
 5457 1717 2B290000 		.4byte	.LASF1267
 5458 171b 04       		.byte	0x4
 5459 171c 5C01     		.2byte	0x15c
ARM GAS  /var/folders/65/xyhbx3_n6nd_hs7j3p9nfwv80000gn/T//ccls3DQP.s 			page 109


 5460 171e 0A       		.byte	0xa
 5461 171f 2D000000 		.4byte	0x2d
 5462 1723 1F       		.uleb128 0x1f
 5463 1724 E33B0000 		.4byte	.LASF1515
 5464 1728 04       		.byte	0x4
 5465 1729 5D01     		.2byte	0x15d
 5466 172b 0F       		.byte	0xf
 5467 172c FC040000 		.4byte	0x4fc
 5468 1730 1F       		.uleb128 0x1f
 5469 1731 EB730000 		.4byte	.LASF1516
 5470 1735 04       		.byte	0x4
 5471 1736 5E01     		.2byte	0x15e
 5472 1738 0E       		.byte	0xe
 5473 1739 33150000 		.4byte	0x1533
 5474 173d 1F       		.uleb128 0x1f
 5475 173e A7130000 		.4byte	.LASF1517
 5476 1742 04       		.byte	0x4
 5477 1743 5F01     		.2byte	0x15f
 5478 1745 0E       		.byte	0xe
 5479 1746 11150000 		.4byte	0x1511
 5480 174a 00       		.byte	0
 5481 174b 04       		.uleb128 0x4
 5482 174c 02050000 		.4byte	0x502
 5483 1750 5B170000 		.4byte	0x175b
 5484 1754 05       		.uleb128 0x5
 5485 1755 51000000 		.4byte	0x51
 5486 1759 0F       		.byte	0xf
 5487 175a 00       		.byte	0
 5488 175b 04       		.uleb128 0x4
 5489 175c 02050000 		.4byte	0x502
 5490 1760 6B170000 		.4byte	0x176b
 5491 1764 05       		.uleb128 0x5
 5492 1765 51000000 		.4byte	0x51
 5493 1769 00       		.byte	0
 5494 176a 00       		.byte	0
 5495 176b 1D       		.uleb128 0x1d
 5496 176c 18       		.byte	0x18
 5497 176d 04       		.byte	0x4
 5498 176e 7C01     		.2byte	0x17c
 5499 1770 03       		.byte	0x3
 5500 1771 A6170000 		.4byte	0x17a6
 5501 1775 0C       		.uleb128 0xc
 5502 1776 120B0000 		.4byte	.LASF1518
 5503 177a 04       		.byte	0x4
 5504 177b 7D01     		.2byte	0x17d
 5505 177d 08       		.byte	0x8
 5506 177e 58000000 		.4byte	0x58
 5507 1782 02       		.byte	0x2
 5508 1783 23       		.byte	0x23
 5509 1784 00       		.uleb128 0
 5510 1785 0C       		.uleb128 0xc
 5511 1786 665B0000 		.4byte	.LASF1457
 5512 178a 04       		.byte	0x4
 5513 178b 7E01     		.2byte	0x17e
 5514 178d 0A       		.byte	0xa
 5515 178e 810B0000 		.4byte	0xb81
 5516 1792 02       		.byte	0x2
ARM GAS  /var/folders/65/xyhbx3_n6nd_hs7j3p9nfwv80000gn/T//ccls3DQP.s 			page 110


 5517 1793 23       		.byte	0x23
 5518 1794 04       		.uleb128 0x4
 5519 1795 0C       		.uleb128 0xc
 5520 1796 D2690000 		.4byte	.LASF1513
 5521 179a 04       		.byte	0x4
 5522 179b 7F01     		.2byte	0x17f
 5523 179d 09       		.byte	0x9
 5524 179e 4B170000 		.4byte	0x174b
 5525 17a2 02       		.byte	0x2
 5526 17a3 23       		.byte	0x23
 5527 17a4 08       		.uleb128 0x8
 5528 17a5 00       		.byte	0
 5529 17a6 1D       		.uleb128 0x1d
 5530 17a7 14       		.byte	0x14
 5531 17a8 04       		.byte	0x4
 5532 17a9 8101     		.2byte	0x181
 5533 17ab 03       		.byte	0x3
 5534 17ac 01180000 		.4byte	0x1801
 5535 17b0 0C       		.uleb128 0xc
 5536 17b1 120B0000 		.4byte	.LASF1518
 5537 17b5 04       		.byte	0x4
 5538 17b6 8201     		.2byte	0x182
 5539 17b8 08       		.byte	0x8
 5540 17b9 58000000 		.4byte	0x58
 5541 17bd 02       		.byte	0x2
 5542 17be 23       		.byte	0x23
 5543 17bf 00       		.uleb128 0
 5544 17c0 0C       		.uleb128 0xc
 5545 17c1 9C380000 		.4byte	.LASF1519
 5546 17c5 04       		.byte	0x4
 5547 17c6 8301     		.2byte	0x183
 5548 17c8 08       		.byte	0x8
 5549 17c9 58000000 		.4byte	0x58
 5550 17cd 02       		.byte	0x2
 5551 17ce 23       		.byte	0x23
 5552 17cf 04       		.uleb128 0x4
 5553 17d0 0C       		.uleb128 0xc
 5554 17d1 04760000 		.4byte	.LASF1520
 5555 17d5 04       		.byte	0x4
 5556 17d6 8401     		.2byte	0x184
 5557 17d8 08       		.byte	0x8
 5558 17d9 58000000 		.4byte	0x58
 5559 17dd 02       		.byte	0x2
 5560 17de 23       		.byte	0x23
 5561 17df 08       		.uleb128 0x8
 5562 17e0 0C       		.uleb128 0xc
 5563 17e1 11880000 		.4byte	.LASF1521
 5564 17e5 04       		.byte	0x4
 5565 17e6 8501     		.2byte	0x185
 5566 17e8 08       		.byte	0x8
 5567 17e9 58000000 		.4byte	0x58
 5568 17ed 02       		.byte	0x2
 5569 17ee 23       		.byte	0x23
 5570 17ef 0C       		.uleb128 0xc
 5571 17f0 0C       		.uleb128 0xc
 5572 17f1 06870000 		.4byte	.LASF1522
 5573 17f5 04       		.byte	0x4
ARM GAS  /var/folders/65/xyhbx3_n6nd_hs7j3p9nfwv80000gn/T//ccls3DQP.s 			page 111


 5574 17f6 8601     		.2byte	0x186
 5575 17f8 0E       		.byte	0xe
 5576 17f9 27150000 		.4byte	0x1527
 5577 17fd 02       		.byte	0x2
 5578 17fe 23       		.byte	0x23
 5579 17ff 10       		.uleb128 0x10
 5580 1800 00       		.byte	0
 5581 1801 1D       		.uleb128 0x1d
 5582 1802 08       		.byte	0x8
 5583 1803 04       		.byte	0x4
 5584 1804 8801     		.2byte	0x188
 5585 1806 03       		.byte	0x3
 5586 1807 2C180000 		.4byte	0x182c
 5587 180b 0C       		.uleb128 0xc
 5588 180c E95F0000 		.4byte	.LASF1523
 5589 1810 04       		.byte	0x4
 5590 1811 8901     		.2byte	0x189
 5591 1813 11       		.byte	0x11
 5592 1814 2D150000 		.4byte	0x152d
 5593 1818 02       		.byte	0x2
 5594 1819 23       		.byte	0x23
 5595 181a 00       		.uleb128 0
 5596 181b 0C       		.uleb128 0xc
 5597 181c AF6B0000 		.4byte	.LASF1524
 5598 1820 04       		.byte	0x4
 5599 1821 8A01     		.2byte	0x18a
 5600 1823 14       		.byte	0x14
 5601 1824 71140000 		.4byte	0x1471
 5602 1828 02       		.byte	0x2
 5603 1829 23       		.byte	0x23
 5604 182a 04       		.uleb128 0x4
 5605 182b 00       		.byte	0
 5606 182c 1D       		.uleb128 0x1d
 5607 182d 18       		.byte	0x18
 5608 182e 04       		.byte	0x4
 5609 182f 8C01     		.2byte	0x18c
 5610 1831 03       		.byte	0x3
 5611 1832 97180000 		.4byte	0x1897
 5612 1836 0C       		.uleb128 0xc
 5613 1837 AC4F0000 		.4byte	.LASF1461
 5614 183b 04       		.byte	0x4
 5615 183c 8D01     		.2byte	0x18d
 5616 183e 10       		.byte	0x10
 5617 183f FC040000 		.4byte	0x4fc
 5618 1843 02       		.byte	0x2
 5619 1844 23       		.byte	0x23
 5620 1845 00       		.uleb128 0
 5621 1846 0C       		.uleb128 0xc
 5622 1847 E95F0000 		.4byte	.LASF1523
 5623 184b 04       		.byte	0x4
 5624 184c 8E01     		.2byte	0x18e
 5625 184e 11       		.byte	0x11
 5626 184f A1040000 		.4byte	0x4a1
 5627 1853 02       		.byte	0x2
 5628 1854 23       		.byte	0x23
 5629 1855 04       		.uleb128 0x4
 5630 1856 0C       		.uleb128 0xc
ARM GAS  /var/folders/65/xyhbx3_n6nd_hs7j3p9nfwv80000gn/T//ccls3DQP.s 			page 112


 5631 1857 83130000 		.4byte	.LASF1525
 5632 185b 04       		.byte	0x4
 5633 185c 8F01     		.2byte	0x18f
 5634 185e 11       		.byte	0x11
 5635 185f A1040000 		.4byte	0x4a1
 5636 1863 02       		.byte	0x2
 5637 1864 23       		.byte	0x23
 5638 1865 08       		.uleb128 0x8
 5639 1866 0C       		.uleb128 0xc
 5640 1867 120B0000 		.4byte	.LASF1518
 5641 186b 04       		.byte	0x4
 5642 186c 9001     		.2byte	0x190
 5643 186e 08       		.byte	0x8
 5644 186f 58000000 		.4byte	0x58
 5645 1873 02       		.byte	0x2
 5646 1874 23       		.byte	0x23
 5647 1875 0C       		.uleb128 0xc
 5648 1876 0C       		.uleb128 0xc
 5649 1877 F67B0000 		.4byte	.LASF1526
 5650 187b 04       		.byte	0x4
 5651 187c 9101     		.2byte	0x191
 5652 187e 0A       		.byte	0xa
 5653 187f 7B040000 		.4byte	0x47b
 5654 1883 02       		.byte	0x2
 5655 1884 23       		.byte	0x23
 5656 1885 10       		.uleb128 0x10
 5657 1886 0C       		.uleb128 0xc
 5658 1887 DF720000 		.4byte	.LASF1527
 5659 188b 04       		.byte	0x4
 5660 188c 9201     		.2byte	0x192
 5661 188e 10       		.byte	0x10
 5662 188f AD040000 		.4byte	0x4ad
 5663 1893 02       		.byte	0x2
 5664 1894 23       		.byte	0x23
 5665 1895 14       		.uleb128 0x14
 5666 1896 00       		.byte	0
 5667 1897 1D       		.uleb128 0x1d
 5668 1898 14       		.byte	0x14
 5669 1899 04       		.byte	0x4
 5670 189a 9501     		.2byte	0x195
 5671 189c 03       		.byte	0x3
 5672 189d EE180000 		.4byte	0x18ee
 5673 18a1 0C       		.uleb128 0xc
 5674 18a2 34260000 		.4byte	.LASF1528
 5675 18a6 04       		.byte	0x4
 5676 18a7 9601     		.2byte	0x196
 5677 18a9 0F       		.byte	0xf
 5678 18aa 11150000 		.4byte	0x1511
 5679 18ae 02       		.byte	0x2
 5680 18af 23       		.byte	0x23
 5681 18b0 00       		.uleb128 0
 5682 18b1 0B       		.uleb128 0xb
 5683 18b2 6900     		.ascii	"i\000"
 5684 18b4 04       		.byte	0x4
 5685 18b5 9701     		.2byte	0x197
 5686 18b7 08       		.byte	0x8
 5687 18b8 58000000 		.4byte	0x58
ARM GAS  /var/folders/65/xyhbx3_n6nd_hs7j3p9nfwv80000gn/T//ccls3DQP.s 			page 113


 5688 18bc 02       		.byte	0x2
 5689 18bd 23       		.byte	0x23
 5690 18be 04       		.uleb128 0x4
 5691 18bf 0B       		.uleb128 0xb
 5692 18c0 6E00     		.ascii	"n\000"
 5693 18c2 04       		.byte	0x4
 5694 18c3 9701     		.2byte	0x197
 5695 18c5 0B       		.byte	0xb
 5696 18c6 58000000 		.4byte	0x58
 5697 18ca 02       		.byte	0x2
 5698 18cb 23       		.byte	0x23
 5699 18cc 08       		.uleb128 0x8
 5700 18cd 0C       		.uleb128 0xc
 5701 18ce 2F260000 		.4byte	.LASF1529
 5702 18d2 04       		.byte	0x4
 5703 18d3 9801     		.2byte	0x198
 5704 18d5 11       		.byte	0x11
 5705 18d6 EE180000 		.4byte	0x18ee
 5706 18da 02       		.byte	0x2
 5707 18db 23       		.byte	0x23
 5708 18dc 0C       		.uleb128 0xc
 5709 18dd 0C       		.uleb128 0xc
 5710 18de BD560000 		.4byte	.LASF1530
 5711 18e2 04       		.byte	0x4
 5712 18e3 9801     		.2byte	0x198
 5713 18e5 18       		.byte	0x18
 5714 18e6 EE180000 		.4byte	0x18ee
 5715 18ea 02       		.byte	0x2
 5716 18eb 23       		.byte	0x23
 5717 18ec 10       		.uleb128 0x10
 5718 18ed 00       		.byte	0
 5719 18ee 0D       		.uleb128 0xd
 5720 18ef 04       		.byte	0x4
 5721 18f0 07160000 		.4byte	0x1607
 5722 18f4 1D       		.uleb128 0x1d
 5723 18f5 18       		.byte	0x18
 5724 18f6 04       		.byte	0x4
 5725 18f7 9A01     		.2byte	0x19a
 5726 18f9 03       		.byte	0x3
 5727 18fa 5F190000 		.4byte	0x195f
 5728 18fe 0B       		.uleb128 0xb
 5729 18ff 74616700 		.ascii	"tag\000"
 5730 1903 04       		.byte	0x4
 5731 1904 9B01     		.2byte	0x19b
 5732 1906 10       		.byte	0x10
 5733 1907 FC040000 		.4byte	0x4fc
 5734 190b 02       		.byte	0x2
 5735 190c 23       		.byte	0x23
 5736 190d 00       		.uleb128 0
 5737 190e 0C       		.uleb128 0xc
 5738 190f F67B0000 		.4byte	.LASF1526
 5739 1913 04       		.byte	0x4
 5740 1914 9C01     		.2byte	0x19c
 5741 1916 0A       		.byte	0xa
 5742 1917 7B040000 		.4byte	0x47b
 5743 191b 02       		.byte	0x2
 5744 191c 23       		.byte	0x23
ARM GAS  /var/folders/65/xyhbx3_n6nd_hs7j3p9nfwv80000gn/T//ccls3DQP.s 			page 114


 5745 191d 04       		.uleb128 0x4
 5746 191e 0B       		.uleb128 0xb
 5747 191f 68617300 		.ascii	"has\000"
 5748 1923 04       		.byte	0x4
 5749 1924 9D01     		.2byte	0x19d
 5750 1926 13       		.byte	0x13
 5751 1927 D0040000 		.4byte	0x4d0
 5752 192b 02       		.byte	0x2
 5753 192c 23       		.byte	0x23
 5754 192d 08       		.uleb128 0x8
 5755 192e 0B       		.uleb128 0xb
 5756 192f 70757400 		.ascii	"put\000"
 5757 1933 04       		.byte	0x4
 5758 1934 9E01     		.2byte	0x19e
 5759 1936 0B       		.byte	0xb
 5760 1937 0E050000 		.4byte	0x50e
 5761 193b 02       		.byte	0x2
 5762 193c 23       		.byte	0x23
 5763 193d 0C       		.uleb128 0xc
 5764 193e 0C       		.uleb128 0xc
 5765 193f A0710000 		.4byte	.LASF1531
 5766 1943 04       		.byte	0x4
 5767 1944 9F01     		.2byte	0x19f
 5768 1946 0E       		.byte	0xe
 5769 1947 1A050000 		.4byte	0x51a
 5770 194b 02       		.byte	0x2
 5771 194c 23       		.byte	0x23
 5772 194d 10       		.uleb128 0x10
 5773 194e 0C       		.uleb128 0xc
 5774 194f DF720000 		.4byte	.LASF1527
 5775 1953 04       		.byte	0x4
 5776 1954 A001     		.2byte	0x1a0
 5777 1956 10       		.byte	0x10
 5778 1957 AD040000 		.4byte	0x4ad
 5779 195b 02       		.byte	0x2
 5780 195c 23       		.byte	0x23
 5781 195d 14       		.uleb128 0x14
 5782 195e 00       		.byte	0
 5783 195f 1E       		.uleb128 0x1e
 5784 1960 18       		.byte	0x18
 5785 1961 04       		.byte	0x4
 5786 1962 7901     		.2byte	0x179
 5787 1964 02       		.byte	0x2
 5788 1965 D5190000 		.4byte	0x19d5
 5789 1969 1F       		.uleb128 0x1f
 5790 196a 5C4F0000 		.4byte	.LASF1514
 5791 196e 04       		.byte	0x4
 5792 196f 7A01     		.2byte	0x17a
 5793 1971 07       		.byte	0x7
 5794 1972 58000000 		.4byte	0x58
 5795 1976 1F       		.uleb128 0x1f
 5796 1977 2B290000 		.4byte	.LASF1267
 5797 197b 04       		.byte	0x4
 5798 197c 7B01     		.2byte	0x17b
 5799 197e 0A       		.byte	0xa
 5800 197f 2D000000 		.4byte	0x2d
 5801 1983 25       		.uleb128 0x25
ARM GAS  /var/folders/65/xyhbx3_n6nd_hs7j3p9nfwv80000gn/T//ccls3DQP.s 			page 115


 5802 1984 7300     		.ascii	"s\000"
 5803 1986 04       		.byte	0x4
 5804 1987 8001     		.2byte	0x180
 5805 1989 05       		.byte	0x5
 5806 198a 6B170000 		.4byte	0x176b
 5807 198e 25       		.uleb128 0x25
 5808 198f 6100     		.ascii	"a\000"
 5809 1991 04       		.byte	0x4
 5810 1992 8701     		.2byte	0x187
 5811 1994 05       		.byte	0x5
 5812 1995 A6170000 		.4byte	0x17a6
 5813 1999 25       		.uleb128 0x25
 5814 199a 6600     		.ascii	"f\000"
 5815 199c 04       		.byte	0x4
 5816 199d 8B01     		.2byte	0x18b
 5817 199f 05       		.byte	0x5
 5818 19a0 01180000 		.4byte	0x1801
 5819 19a4 25       		.uleb128 0x25
 5820 19a5 6300     		.ascii	"c\000"
 5821 19a7 04       		.byte	0x4
 5822 19a8 9301     		.2byte	0x193
 5823 19aa 05       		.byte	0x5
 5824 19ab 2C180000 		.4byte	0x182c
 5825 19af 25       		.uleb128 0x25
 5826 19b0 7200     		.ascii	"r\000"
 5827 19b2 04       		.byte	0x4
 5828 19b3 9401     		.2byte	0x194
 5829 19b5 0D       		.byte	0xd
 5830 19b6 980F0000 		.4byte	0xf98
 5831 19ba 1F       		.uleb128 0x1f
 5832 19bb D67C0000 		.4byte	.LASF1532
 5833 19bf 04       		.byte	0x4
 5834 19c0 9901     		.2byte	0x199
 5835 19c2 05       		.byte	0x5
 5836 19c3 97180000 		.4byte	0x1897
 5837 19c7 1F       		.uleb128 0x1f
 5838 19c8 2F900000 		.4byte	.LASF1533
 5839 19cc 04       		.byte	0x4
 5840 19cd A101     		.2byte	0x1a1
 5841 19cf 05       		.byte	0x5
 5842 19d0 F4180000 		.4byte	0x18f4
 5843 19d4 00       		.byte	0
 5844 19d5 0D       		.uleb128 0xd
 5845 19d6 04       		.byte	0x4
 5846 19d7 6B150000 		.4byte	0x156b
 5847 19db 22       		.uleb128 0x22
 5848 19dc 87080000 		.4byte	.LASF1534
 5849 19e0 07       		.byte	0x7
 5850 19e1 01       		.byte	0x1
 5851 19e2 49050000 		.4byte	0x549
 5852 19e6 04       		.byte	0x4
 5853 19e7 4002     		.2byte	0x240
 5854 19e9 06       		.byte	0x6
 5855 19ea 171C0000 		.4byte	0x1c17
 5856 19ee 14       		.uleb128 0x14
 5857 19ef 09130000 		.4byte	.LASF1535
 5858 19f3 00       		.byte	0
ARM GAS  /var/folders/65/xyhbx3_n6nd_hs7j3p9nfwv80000gn/T//ccls3DQP.s 			page 116


 5859 19f4 14       		.uleb128 0x14
 5860 19f5 96110000 		.4byte	.LASF1536
 5861 19f9 01       		.byte	0x1
 5862 19fa 14       		.uleb128 0x14
 5863 19fb 422E0000 		.4byte	.LASF1537
 5864 19ff 02       		.byte	0x2
 5865 1a00 14       		.uleb128 0x14
 5866 1a01 3D790000 		.4byte	.LASF1538
 5867 1a05 03       		.byte	0x3
 5868 1a06 14       		.uleb128 0x14
 5869 1a07 D8830000 		.4byte	.LASF1539
 5870 1a0b 04       		.byte	0x4
 5871 1a0c 14       		.uleb128 0x14
 5872 1a0d DA5B0000 		.4byte	.LASF1540
 5873 1a11 05       		.byte	0x5
 5874 1a12 14       		.uleb128 0x14
 5875 1a13 9D8F0000 		.4byte	.LASF1541
 5876 1a17 06       		.byte	0x6
 5877 1a18 14       		.uleb128 0x14
 5878 1a19 BE640000 		.4byte	.LASF1542
 5879 1a1d 07       		.byte	0x7
 5880 1a1e 14       		.uleb128 0x14
 5881 1a1f EB400000 		.4byte	.LASF1543
 5882 1a23 08       		.byte	0x8
 5883 1a24 14       		.uleb128 0x14
 5884 1a25 431D0000 		.4byte	.LASF1544
 5885 1a29 09       		.byte	0x9
 5886 1a2a 14       		.uleb128 0x14
 5887 1a2b CC070000 		.4byte	.LASF1545
 5888 1a2f 0A       		.byte	0xa
 5889 1a30 14       		.uleb128 0x14
 5890 1a31 AE070000 		.4byte	.LASF1546
 5891 1a35 0B       		.byte	0xb
 5892 1a36 14       		.uleb128 0x14
 5893 1a37 66950000 		.4byte	.LASF1547
 5894 1a3b 0C       		.byte	0xc
 5895 1a3c 14       		.uleb128 0x14
 5896 1a3d 2E6F0000 		.4byte	.LASF1548
 5897 1a41 0D       		.byte	0xd
 5898 1a42 14       		.uleb128 0x14
 5899 1a43 AD8E0000 		.4byte	.LASF1549
 5900 1a47 0E       		.byte	0xe
 5901 1a48 14       		.uleb128 0x14
 5902 1a49 B7540000 		.4byte	.LASF1550
 5903 1a4d 0F       		.byte	0xf
 5904 1a4e 14       		.uleb128 0x14
 5905 1a4f FB6E0000 		.4byte	.LASF1551
 5906 1a53 10       		.byte	0x10
 5907 1a54 14       		.uleb128 0x14
 5908 1a55 D2540000 		.4byte	.LASF1552
 5909 1a59 11       		.byte	0x11
 5910 1a5a 14       		.uleb128 0x14
 5911 1a5b 8A240000 		.4byte	.LASF1553
 5912 1a5f 12       		.byte	0x12
 5913 1a60 14       		.uleb128 0x14
 5914 1a61 52840000 		.4byte	.LASF1554
 5915 1a65 13       		.byte	0x13
ARM GAS  /var/folders/65/xyhbx3_n6nd_hs7j3p9nfwv80000gn/T//ccls3DQP.s 			page 117


 5916 1a66 14       		.uleb128 0x14
 5917 1a67 D51E0000 		.4byte	.LASF1555
 5918 1a6b 14       		.byte	0x14
 5919 1a6c 14       		.uleb128 0x14
 5920 1a6d D1080000 		.4byte	.LASF1556
 5921 1a71 15       		.byte	0x15
 5922 1a72 14       		.uleb128 0x14
 5923 1a73 FF3C0000 		.4byte	.LASF1557
 5924 1a77 16       		.byte	0x16
 5925 1a78 14       		.uleb128 0x14
 5926 1a79 F0760000 		.4byte	.LASF1558
 5927 1a7d 17       		.byte	0x17
 5928 1a7e 14       		.uleb128 0x14
 5929 1a7f DA710000 		.4byte	.LASF1559
 5930 1a83 18       		.byte	0x18
 5931 1a84 14       		.uleb128 0x14
 5932 1a85 9C6D0000 		.4byte	.LASF1560
 5933 1a89 19       		.byte	0x19
 5934 1a8a 14       		.uleb128 0x14
 5935 1a8b 657B0000 		.4byte	.LASF1561
 5936 1a8f 1A       		.byte	0x1a
 5937 1a90 14       		.uleb128 0x14
 5938 1a91 93280000 		.4byte	.LASF1562
 5939 1a95 1B       		.byte	0x1b
 5940 1a96 14       		.uleb128 0x14
 5941 1a97 5F690000 		.4byte	.LASF1563
 5942 1a9b 1C       		.byte	0x1c
 5943 1a9c 14       		.uleb128 0x14
 5944 1a9d D6400000 		.4byte	.LASF1564
 5945 1aa1 1D       		.byte	0x1d
 5946 1aa2 14       		.uleb128 0x14
 5947 1aa3 70080000 		.4byte	.LASF1565
 5948 1aa7 1E       		.byte	0x1e
 5949 1aa8 14       		.uleb128 0x14
 5950 1aa9 861F0000 		.4byte	.LASF1566
 5951 1aad 1F       		.byte	0x1f
 5952 1aae 14       		.uleb128 0x14
 5953 1aaf E5980000 		.4byte	.LASF1567
 5954 1ab3 20       		.byte	0x20
 5955 1ab4 14       		.uleb128 0x14
 5956 1ab5 9A100000 		.4byte	.LASF1568
 5957 1ab9 21       		.byte	0x21
 5958 1aba 14       		.uleb128 0x14
 5959 1abb A7830000 		.4byte	.LASF1569
 5960 1abf 22       		.byte	0x22
 5961 1ac0 14       		.uleb128 0x14
 5962 1ac1 71970000 		.4byte	.LASF1570
 5963 1ac5 23       		.byte	0x23
 5964 1ac6 14       		.uleb128 0x14
 5965 1ac7 B47B0000 		.4byte	.LASF1571
 5966 1acb 24       		.byte	0x24
 5967 1acc 14       		.uleb128 0x14
 5968 1acd 5A780000 		.4byte	.LASF1572
 5969 1ad1 25       		.byte	0x25
 5970 1ad2 14       		.uleb128 0x14
 5971 1ad3 D15B0000 		.4byte	.LASF1573
 5972 1ad7 26       		.byte	0x26
ARM GAS  /var/folders/65/xyhbx3_n6nd_hs7j3p9nfwv80000gn/T//ccls3DQP.s 			page 118


 5973 1ad8 14       		.uleb128 0x14
 5974 1ad9 9C5C0000 		.4byte	.LASF1574
 5975 1add 27       		.byte	0x27
 5976 1ade 14       		.uleb128 0x14
 5977 1adf 8B5C0000 		.4byte	.LASF1575
 5978 1ae3 28       		.byte	0x28
 5979 1ae4 14       		.uleb128 0x14
 5980 1ae5 EF390000 		.4byte	.LASF1576
 5981 1ae9 29       		.byte	0x29
 5982 1aea 14       		.uleb128 0x14
 5983 1aeb E47F0000 		.4byte	.LASF1577
 5984 1aef 2A       		.byte	0x2a
 5985 1af0 14       		.uleb128 0x14
 5986 1af1 B4330000 		.4byte	.LASF1578
 5987 1af5 2B       		.byte	0x2b
 5988 1af6 14       		.uleb128 0x14
 5989 1af7 DE910000 		.4byte	.LASF1579
 5990 1afb 2C       		.byte	0x2c
 5991 1afc 14       		.uleb128 0x14
 5992 1afd 6B340000 		.4byte	.LASF1580
 5993 1b01 2D       		.byte	0x2d
 5994 1b02 14       		.uleb128 0x14
 5995 1b03 E5420000 		.4byte	.LASF1581
 5996 1b07 2E       		.byte	0x2e
 5997 1b08 14       		.uleb128 0x14
 5998 1b09 FC120000 		.4byte	.LASF1582
 5999 1b0d 2F       		.byte	0x2f
 6000 1b0e 14       		.uleb128 0x14
 6001 1b0f 3E970000 		.4byte	.LASF1583
 6002 1b13 30       		.byte	0x30
 6003 1b14 14       		.uleb128 0x14
 6004 1b15 FF460000 		.4byte	.LASF1584
 6005 1b19 31       		.byte	0x31
 6006 1b1a 14       		.uleb128 0x14
 6007 1b1b F12C0000 		.4byte	.LASF1585
 6008 1b1f 32       		.byte	0x32
 6009 1b20 14       		.uleb128 0x14
 6010 1b21 F0910000 		.4byte	.LASF1586
 6011 1b25 33       		.byte	0x33
 6012 1b26 14       		.uleb128 0x14
 6013 1b27 CA1A0000 		.4byte	.LASF1587
 6014 1b2b 34       		.byte	0x34
 6015 1b2c 14       		.uleb128 0x14
 6016 1b2d FE380000 		.4byte	.LASF1588
 6017 1b31 35       		.byte	0x35
 6018 1b32 14       		.uleb128 0x14
 6019 1b33 4E710000 		.4byte	.LASF1589
 6020 1b37 36       		.byte	0x36
 6021 1b38 14       		.uleb128 0x14
 6022 1b39 55130000 		.4byte	.LASF1590
 6023 1b3d 37       		.byte	0x37
 6024 1b3e 14       		.uleb128 0x14
 6025 1b3f E9600000 		.4byte	.LASF1591
 6026 1b43 38       		.byte	0x38
 6027 1b44 14       		.uleb128 0x14
 6028 1b45 AC020000 		.4byte	.LASF1592
 6029 1b49 39       		.byte	0x39
ARM GAS  /var/folders/65/xyhbx3_n6nd_hs7j3p9nfwv80000gn/T//ccls3DQP.s 			page 119


 6030 1b4a 14       		.uleb128 0x14
 6031 1b4b B7920000 		.4byte	.LASF1593
 6032 1b4f 3A       		.byte	0x3a
 6033 1b50 14       		.uleb128 0x14
 6034 1b51 FC880000 		.4byte	.LASF1594
 6035 1b55 3B       		.byte	0x3b
 6036 1b56 14       		.uleb128 0x14
 6037 1b57 9B830000 		.4byte	.LASF1595
 6038 1b5b 3C       		.byte	0x3c
 6039 1b5c 14       		.uleb128 0x14
 6040 1b5d 4F500000 		.4byte	.LASF1596
 6041 1b61 3D       		.byte	0x3d
 6042 1b62 14       		.uleb128 0x14
 6043 1b63 BC310000 		.4byte	.LASF1597
 6044 1b67 3E       		.byte	0x3e
 6045 1b68 14       		.uleb128 0x14
 6046 1b69 E82F0000 		.4byte	.LASF1598
 6047 1b6d 3F       		.byte	0x3f
 6048 1b6e 14       		.uleb128 0x14
 6049 1b6f 4B300000 		.4byte	.LASF1599
 6050 1b73 40       		.byte	0x40
 6051 1b74 14       		.uleb128 0x14
 6052 1b75 B3990000 		.4byte	.LASF1600
 6053 1b79 41       		.byte	0x41
 6054 1b7a 14       		.uleb128 0x14
 6055 1b7b 95800000 		.4byte	.LASF1601
 6056 1b7f 42       		.byte	0x42
 6057 1b80 14       		.uleb128 0x14
 6058 1b81 640A0000 		.4byte	.LASF1602
 6059 1b85 43       		.byte	0x43
 6060 1b86 14       		.uleb128 0x14
 6061 1b87 7E260000 		.4byte	.LASF1603
 6062 1b8b 44       		.byte	0x44
 6063 1b8c 14       		.uleb128 0x14
 6064 1b8d 48840000 		.4byte	.LASF1604
 6065 1b91 45       		.byte	0x45
 6066 1b92 14       		.uleb128 0x14
 6067 1b93 9C060000 		.4byte	.LASF1605
 6068 1b97 46       		.byte	0x46
 6069 1b98 14       		.uleb128 0x14
 6070 1b99 55990000 		.4byte	.LASF1606
 6071 1b9d 47       		.byte	0x47
 6072 1b9e 14       		.uleb128 0x14
 6073 1b9f 787C0000 		.4byte	.LASF1607
 6074 1ba3 48       		.byte	0x48
 6075 1ba4 14       		.uleb128 0x14
 6076 1ba5 93430000 		.4byte	.LASF1608
 6077 1ba9 49       		.byte	0x49
 6078 1baa 14       		.uleb128 0x14
 6079 1bab 9C1E0000 		.4byte	.LASF1609
 6080 1baf 4A       		.byte	0x4a
 6081 1bb0 14       		.uleb128 0x14
 6082 1bb1 DE130000 		.4byte	.LASF1610
 6083 1bb5 4B       		.byte	0x4b
 6084 1bb6 14       		.uleb128 0x14
 6085 1bb7 921E0000 		.4byte	.LASF1611
 6086 1bbb 4C       		.byte	0x4c
ARM GAS  /var/folders/65/xyhbx3_n6nd_hs7j3p9nfwv80000gn/T//ccls3DQP.s 			page 120


 6087 1bbc 14       		.uleb128 0x14
 6088 1bbd 550F0000 		.4byte	.LASF1612
 6089 1bc1 4D       		.byte	0x4d
 6090 1bc2 14       		.uleb128 0x14
 6091 1bc3 A2970000 		.4byte	.LASF1613
 6092 1bc7 4E       		.byte	0x4e
 6093 1bc8 14       		.uleb128 0x14
 6094 1bc9 EE090000 		.4byte	.LASF1614
 6095 1bcd 4F       		.byte	0x4f
 6096 1bce 14       		.uleb128 0x14
 6097 1bcf C40E0000 		.4byte	.LASF1615
 6098 1bd3 50       		.byte	0x50
 6099 1bd4 14       		.uleb128 0x14
 6100 1bd5 8D100000 		.4byte	.LASF1616
 6101 1bd9 51       		.byte	0x51
 6102 1bda 14       		.uleb128 0x14
 6103 1bdb E2890000 		.4byte	.LASF1617
 6104 1bdf 52       		.byte	0x52
 6105 1be0 14       		.uleb128 0x14
 6106 1be1 3F690000 		.4byte	.LASF1618
 6107 1be5 53       		.byte	0x53
 6108 1be6 14       		.uleb128 0x14
 6109 1be7 31700000 		.4byte	.LASF1619
 6110 1beb 54       		.byte	0x54
 6111 1bec 14       		.uleb128 0x14
 6112 1bed F0640000 		.4byte	.LASF1620
 6113 1bf1 55       		.byte	0x55
 6114 1bf2 14       		.uleb128 0x14
 6115 1bf3 ED1B0000 		.4byte	.LASF1621
 6116 1bf7 56       		.byte	0x56
 6117 1bf8 14       		.uleb128 0x14
 6118 1bf9 77500000 		.4byte	.LASF1622
 6119 1bfd 57       		.byte	0x57
 6120 1bfe 14       		.uleb128 0x14
 6121 1bff F3820000 		.4byte	.LASF1623
 6122 1c03 58       		.byte	0x58
 6123 1c04 14       		.uleb128 0x14
 6124 1c05 F2600000 		.4byte	.LASF1624
 6125 1c09 59       		.byte	0x59
 6126 1c0a 14       		.uleb128 0x14
 6127 1c0b D30E0000 		.4byte	.LASF1625
 6128 1c0f 5A       		.byte	0x5a
 6129 1c10 14       		.uleb128 0x14
 6130 1c11 42780000 		.4byte	.LASF1626
 6131 1c15 5B       		.byte	0x5b
 6132 1c16 00       		.byte	0
 6133 1c17 03       		.uleb128 0x3
 6134 1c18 FF840000 		.4byte	.LASF1627
 6135 1c1c 04       		.byte	0x4
 6136 1c1d B102     		.2byte	0x2b1
 6137 1c1f 1C       		.byte	0x1c
 6138 1c20 241C0000 		.4byte	0x1c24
 6139 1c24 1C       		.uleb128 0x1c
 6140 1c25 FF840000 		.4byte	.LASF1627
 6141 1c29 0C       		.byte	0xc
 6142 1c2a 04       		.byte	0x4
 6143 1c2b B302     		.2byte	0x2b3
ARM GAS  /var/folders/65/xyhbx3_n6nd_hs7j3p9nfwv80000gn/T//ccls3DQP.s 			page 121


 6144 1c2d 08       		.byte	0x8
 6145 1c2e 631C0000 		.4byte	0x1c63
 6146 1c32 0C       		.uleb128 0xc
 6147 1c33 861D0000 		.4byte	.LASF1448
 6148 1c37 04       		.byte	0x4
 6149 1c38 B502     		.2byte	0x2b5
 6150 1c3a 12       		.byte	0x12
 6151 1c3b DB190000 		.4byte	0x19db
 6152 1c3f 02       		.byte	0x2
 6153 1c40 23       		.byte	0x23
 6154 1c41 00       		.uleb128 0
 6155 1c42 0C       		.uleb128 0xc
 6156 1c43 7F470000 		.4byte	.LASF1628
 6157 1c47 04       		.byte	0x4
 6158 1c48 B602     		.2byte	0x2b6
 6159 1c4a 06       		.byte	0x6
 6160 1c4b 58000000 		.4byte	0x58
 6161 1c4f 02       		.byte	0x2
 6162 1c50 23       		.byte	0x23
 6163 1c51 04       		.uleb128 0x4
 6164 1c52 0C       		.uleb128 0xc
 6165 1c53 F10A0000 		.4byte	.LASF1494
 6166 1c57 04       		.byte	0x4
 6167 1c58 B702     		.2byte	0x2b7
 6168 1c5a 0F       		.byte	0xf
 6169 1c5b 631C0000 		.4byte	0x1c63
 6170 1c5f 02       		.byte	0x2
 6171 1c60 23       		.byte	0x23
 6172 1c61 08       		.uleb128 0x8
 6173 1c62 00       		.byte	0
 6174 1c63 0D       		.uleb128 0xd
 6175 1c64 04       		.byte	0x4
 6176 1c65 171C0000 		.4byte	0x1c17
 6177 1c69 0D       		.uleb128 0xd
 6178 1c6a 04       		.byte	0x4
 6179 1c6b 2D150000 		.4byte	0x152d
 6180 1c6f 0D       		.uleb128 0xd
 6181 1c70 04       		.byte	0x4
 6182 1c71 FC040000 		.4byte	0x4fc
 6183 1c75 07       		.uleb128 0x7
 6184 1c76 DE920000 		.4byte	.LASF1629
 6185 1c7a 0B       		.byte	0xb
 6186 1c7b 11       		.byte	0x11
 6187 1c7c 0D       		.byte	0xd
 6188 1c7d 58000000 		.4byte	0x58
 6189 1c81 27       		.uleb128 0x27
 6190 1c82 01       		.byte	0x1
 6191 1c83 048D0000 		.4byte	.LASF1631
 6192 1c87 01       		.byte	0x1
 6193 1c88 1301     		.2byte	0x113
 6194 1c8a 0D       		.byte	0xd
 6195 1c8b 01       		.byte	0x1
 6196 1c8c FC040000 		.4byte	0x4fc
 6197 1c90 00000000 		.4byte	.LFB12
 6198 1c94 3C000000 		.4byte	.LFE12
 6199 1c98 00000000 		.4byte	.LLST38
 6200 1c9c 01       		.byte	0x1
ARM GAS  /var/folders/65/xyhbx3_n6nd_hs7j3p9nfwv80000gn/T//ccls3DQP.s 			page 122


 6201 1c9d 551D0000 		.4byte	0x1d55
 6202 1ca1 28       		.uleb128 0x28
 6203 1ca2 4A00     		.ascii	"J\000"
 6204 1ca4 01       		.byte	0x1
 6205 1ca5 1301     		.2byte	0x113
 6206 1ca7 22       		.byte	0x22
 6207 1ca8 9B040000 		.4byte	0x49b
 6208 1cac 54000000 		.4byte	.LLST39
 6209 1cb0 50000000 		.4byte	.LVUS39
 6210 1cb4 28       		.uleb128 0x28
 6211 1cb5 69647800 		.ascii	"idx\000"
 6212 1cb9 01       		.byte	0x1
 6213 1cba 1301     		.2byte	0x113
 6214 1cbc 29       		.byte	0x29
 6215 1cbd 58000000 		.4byte	0x58
 6216 1cc1 77000000 		.4byte	.LLST40
 6217 1cc5 73000000 		.4byte	.LVUS40
 6218 1cc9 29       		.uleb128 0x29
 6219 1cca 1E380000 		.4byte	.LASF1630
 6220 1cce 01       		.byte	0x1
 6221 1ccf 1301     		.2byte	0x113
 6222 1cd1 3A       		.byte	0x3a
 6223 1cd2 FC040000 		.4byte	0x4fc
 6224 1cd6 9C000000 		.4byte	.LLST41
 6225 1cda 96000000 		.4byte	.LVUS41
 6226 1cde 2A       		.uleb128 0x2a
 6227 1cdf 7300     		.ascii	"s\000"
 6228 1ce1 01       		.byte	0x1
 6229 1ce2 1501     		.2byte	0x115
 6230 1ce4 0E       		.byte	0xe
 6231 1ce5 FC040000 		.4byte	0x4fc
 6232 1ce9 CB000000 		.4byte	.LLST42
 6233 1ced C9000000 		.4byte	.LVUS42
 6234 1cf1 2B       		.uleb128 0x2b
 6235 1cf2 0E000000 		.4byte	.LVL240
 6236 1cf6 2D2F0000 		.4byte	0x2f2d
 6237 1cfa 061D0000 		.4byte	0x1d06
 6238 1cfe 2C       		.uleb128 0x2c
 6239 1cff 01       		.byte	0x1
 6240 1d00 50       		.byte	0x50
 6241 1d01 03       		.byte	0x3
 6242 1d02 91       		.byte	0x91
 6243 1d03 68       		.sleb128 -24
 6244 1d04 06       		.byte	0x6
 6245 1d05 00       		.byte	0
 6246 1d06 2D       		.uleb128 0x2d
 6247 1d07 12000000 		.4byte	.LVL241
 6248 1d0b 3B2F0000 		.4byte	0x2f3b
 6249 1d0f 2B       		.uleb128 0x2b
 6250 1d10 1C000000 		.4byte	.LVL242
 6251 1d14 492F0000 		.4byte	0x2f49
 6252 1d18 291D0000 		.4byte	0x1d29
 6253 1d1c 2C       		.uleb128 0x2c
 6254 1d1d 01       		.byte	0x1
 6255 1d1e 50       		.byte	0x50
 6256 1d1f 03       		.byte	0x3
 6257 1d20 91       		.byte	0x91
ARM GAS  /var/folders/65/xyhbx3_n6nd_hs7j3p9nfwv80000gn/T//ccls3DQP.s 			page 123


 6258 1d21 68       		.sleb128 -24
 6259 1d22 06       		.byte	0x6
 6260 1d23 2C       		.uleb128 0x2c
 6261 1d24 01       		.byte	0x1
 6262 1d25 51       		.byte	0x51
 6263 1d26 01       		.byte	0x1
 6264 1d27 31       		.byte	0x31
 6265 1d28 00       		.byte	0
 6266 1d29 2B       		.uleb128 0x2b
 6267 1d2a 2C000000 		.4byte	.LVL244
 6268 1d2e 551D0000 		.4byte	0x1d55
 6269 1d32 441D0000 		.4byte	0x1d44
 6270 1d36 2C       		.uleb128 0x2c
 6271 1d37 01       		.byte	0x1
 6272 1d38 50       		.byte	0x50
 6273 1d39 02       		.byte	0x2
 6274 1d3a 75       		.byte	0x75
 6275 1d3b 00       		.sleb128 0
 6276 1d3c 2C       		.uleb128 0x2c
 6277 1d3d 01       		.byte	0x1
 6278 1d3e 51       		.byte	0x51
 6279 1d3f 03       		.byte	0x3
 6280 1d40 91       		.byte	0x91
 6281 1d41 6C       		.sleb128 -20
 6282 1d42 06       		.byte	0x6
 6283 1d43 00       		.byte	0
 6284 1d44 2E       		.uleb128 0x2e
 6285 1d45 34000000 		.4byte	.LVL246
 6286 1d49 572F0000 		.4byte	0x2f57
 6287 1d4d 2C       		.uleb128 0x2c
 6288 1d4e 01       		.byte	0x1
 6289 1d4f 50       		.byte	0x50
 6290 1d50 02       		.byte	0x2
 6291 1d51 75       		.byte	0x75
 6292 1d52 00       		.sleb128 0
 6293 1d53 00       		.byte	0
 6294 1d54 00       		.byte	0
 6295 1d55 27       		.uleb128 0x27
 6296 1d56 01       		.byte	0x1
 6297 1d57 90810000 		.4byte	.LASF1632
 6298 1d5b 01       		.byte	0x1
 6299 1d5c 0C01     		.2byte	0x10c
 6300 1d5e 0D       		.byte	0xd
 6301 1d5f 01       		.byte	0x1
 6302 1d60 FC040000 		.4byte	0x4fc
 6303 1d64 00000000 		.4byte	.LFB11
 6304 1d68 26000000 		.4byte	.LFE11
 6305 1d6c DE000000 		.4byte	.LLST35
 6306 1d70 01       		.byte	0x1
 6307 1d71 E51D0000 		.4byte	0x1de5
 6308 1d75 28       		.uleb128 0x28
 6309 1d76 4A00     		.ascii	"J\000"
 6310 1d78 01       		.byte	0x1
 6311 1d79 0C01     		.2byte	0x10c
 6312 1d7b 21       		.byte	0x21
 6313 1d7c 9B040000 		.4byte	0x49b
 6314 1d80 12010000 		.4byte	.LLST36
ARM GAS  /var/folders/65/xyhbx3_n6nd_hs7j3p9nfwv80000gn/T//ccls3DQP.s 			page 124


 6315 1d84 0A010000 		.4byte	.LVUS36
 6316 1d88 28       		.uleb128 0x28
 6317 1d89 69647800 		.ascii	"idx\000"
 6318 1d8d 01       		.byte	0x1
 6319 1d8e 0C01     		.2byte	0x10c
 6320 1d90 28       		.byte	0x28
 6321 1d91 58000000 		.4byte	0x58
 6322 1d95 51010000 		.4byte	.LLST37
 6323 1d99 49010000 		.4byte	.LVUS37
 6324 1d9d 2B       		.uleb128 0x2b
 6325 1d9e 0A000000 		.4byte	.LVL235
 6326 1da2 E51D0000 		.4byte	0x1de5
 6327 1da6 B71D0000 		.4byte	0x1db7
 6328 1daa 2C       		.uleb128 0x2c
 6329 1dab 01       		.byte	0x1
 6330 1dac 50       		.byte	0x50
 6331 1dad 02       		.byte	0x2
 6332 1dae 75       		.byte	0x75
 6333 1daf 00       		.sleb128 0
 6334 1db0 2C       		.uleb128 0x2c
 6335 1db1 01       		.byte	0x1
 6336 1db2 51       		.byte	0x51
 6337 1db3 02       		.byte	0x2
 6338 1db4 74       		.byte	0x74
 6339 1db5 00       		.sleb128 0
 6340 1db6 00       		.byte	0
 6341 1db7 2B       		.uleb128 0x2b
 6342 1db8 1A000000 		.4byte	.LVL236
 6343 1dbc 652F0000 		.4byte	0x2f65
 6344 1dc0 CB1D0000 		.4byte	0x1dcb
 6345 1dc4 2C       		.uleb128 0x2c
 6346 1dc5 01       		.byte	0x1
 6347 1dc6 50       		.byte	0x50
 6348 1dc7 02       		.byte	0x2
 6349 1dc8 75       		.byte	0x75
 6350 1dc9 00       		.sleb128 0
 6351 1dca 00       		.byte	0
 6352 1dcb 2F       		.uleb128 0x2f
 6353 1dcc 26000000 		.4byte	.LVL238
 6354 1dd0 01       		.byte	0x1
 6355 1dd1 732F0000 		.4byte	0x2f73
 6356 1dd5 2C       		.uleb128 0x2c
 6357 1dd6 01       		.byte	0x1
 6358 1dd7 50       		.byte	0x50
 6359 1dd8 03       		.byte	0x3
 6360 1dd9 F3       		.byte	0xf3
 6361 1dda 01       		.uleb128 0x1
 6362 1ddb 50       		.byte	0x50
 6363 1ddc 2C       		.uleb128 0x2c
 6364 1ddd 01       		.byte	0x1
 6365 1dde 51       		.byte	0x51
 6366 1ddf 03       		.byte	0x3
 6367 1de0 F3       		.byte	0xf3
 6368 1de1 01       		.uleb128 0x1
 6369 1de2 51       		.byte	0x51
 6370 1de3 00       		.byte	0
 6371 1de4 00       		.byte	0
ARM GAS  /var/folders/65/xyhbx3_n6nd_hs7j3p9nfwv80000gn/T//ccls3DQP.s 			page 125


 6372 1de5 30       		.uleb128 0x30
 6373 1de6 01       		.byte	0x1
 6374 1de7 F5150000 		.4byte	.LASF1674
 6375 1deb 01       		.byte	0x1
 6376 1dec F2       		.byte	0xf2
 6377 1ded 06       		.byte	0x6
 6378 1dee 01       		.byte	0x1
 6379 1def 00000000 		.4byte	.LFB10
 6380 1df3 88000000 		.4byte	.LFE10
 6381 1df7 88010000 		.4byte	.LLST31
 6382 1dfb 01       		.byte	0x1
 6383 1dfc 351F0000 		.4byte	0x1f35
 6384 1e00 31       		.uleb128 0x31
 6385 1e01 4A00     		.ascii	"J\000"
 6386 1e03 01       		.byte	0x1
 6387 1e04 F2       		.byte	0xf2
 6388 1e05 18       		.byte	0x18
 6389 1e06 9B040000 		.4byte	0x49b
 6390 1e0a D4010000 		.4byte	.LLST32
 6391 1e0e CC010000 		.4byte	.LVUS32
 6392 1e12 31       		.uleb128 0x31
 6393 1e13 69647800 		.ascii	"idx\000"
 6394 1e17 01       		.byte	0x1
 6395 1e18 F2       		.byte	0xf2
 6396 1e19 1F       		.byte	0x1f
 6397 1e1a 58000000 		.4byte	0x58
 6398 1e1e 0F020000 		.4byte	.LLST33
 6399 1e22 0B020000 		.4byte	.LVUS33
 6400 1e26 32       		.uleb128 0x32
 6401 1e27 736200   		.ascii	"sb\000"
 6402 1e2a 01       		.byte	0x1
 6403 1e2b F4       		.byte	0xf4
 6404 1e2c 0D       		.byte	0xd
 6405 1e2d 351F0000 		.4byte	0x1f35
 6406 1e31 02       		.byte	0x2
 6407 1e32 91       		.byte	0x91
 6408 1e33 6C       		.sleb128 -20
 6409 1e34 33       		.uleb128 0x33
 6410 1e35 63030000 		.4byte	.LASF1633
 6411 1e39 01       		.byte	0x1
 6412 1e3a F5       		.byte	0xf5
 6413 1e3b 06       		.byte	0x6
 6414 1e3c 58000000 		.4byte	0x58
 6415 1e40 30020000 		.4byte	.LLST34
 6416 1e44 2E020000 		.4byte	.LVUS34
 6417 1e48 2B       		.uleb128 0x2b
 6418 1e49 10000000 		.4byte	.LVL219
 6419 1e4d 2D2F0000 		.4byte	0x2f2d
 6420 1e51 5D1E0000 		.4byte	0x1e5d
 6421 1e55 2C       		.uleb128 0x2c
 6422 1e56 01       		.byte	0x1
 6423 1e57 50       		.byte	0x50
 6424 1e58 03       		.byte	0x3
 6425 1e59 7D       		.byte	0x7d
 6426 1e5a 00       		.sleb128 0
 6427 1e5b 06       		.byte	0x6
 6428 1e5c 00       		.byte	0
ARM GAS  /var/folders/65/xyhbx3_n6nd_hs7j3p9nfwv80000gn/T//ccls3DQP.s 			page 126


 6429 1e5d 2D       		.uleb128 0x2d
 6430 1e5e 14000000 		.4byte	.LVL220
 6431 1e62 3B2F0000 		.4byte	0x2f3b
 6432 1e66 2B       		.uleb128 0x2b
 6433 1e67 22000000 		.4byte	.LVL221
 6434 1e6b 812F0000 		.4byte	0x2f81
 6435 1e6f 811E0000 		.4byte	0x1e81
 6436 1e73 2C       		.uleb128 0x2c
 6437 1e74 01       		.byte	0x1
 6438 1e75 50       		.byte	0x50
 6439 1e76 02       		.byte	0x2
 6440 1e77 76       		.byte	0x76
 6441 1e78 00       		.sleb128 0
 6442 1e79 2C       		.uleb128 0x2c
 6443 1e7a 01       		.byte	0x1
 6444 1e7b 51       		.byte	0x51
 6445 1e7c 03       		.byte	0x3
 6446 1e7d 91       		.byte	0x91
 6447 1e7e 64       		.sleb128 -28
 6448 1e7f 06       		.byte	0x6
 6449 1e80 00       		.byte	0
 6450 1e81 2B       		.uleb128 0x2b
 6451 1e82 38000000 		.4byte	.LVL223
 6452 1e86 3B1F0000 		.4byte	0x1f3b
 6453 1e8a 9B1E0000 		.4byte	0x1e9b
 6454 1e8e 2C       		.uleb128 0x2c
 6455 1e8f 01       		.byte	0x1
 6456 1e90 50       		.byte	0x50
 6457 1e91 02       		.byte	0x2
 6458 1e92 76       		.byte	0x76
 6459 1e93 00       		.sleb128 0
 6460 1e94 2C       		.uleb128 0x2c
 6461 1e95 01       		.byte	0x1
 6462 1e96 51       		.byte	0x51
 6463 1e97 02       		.byte	0x2
 6464 1e98 91       		.byte	0x91
 6465 1e99 6C       		.sleb128 -20
 6466 1e9a 00       		.byte	0
 6467 1e9b 2B       		.uleb128 0x2b
 6468 1e9c 44000000 		.4byte	.LVL224
 6469 1ea0 492F0000 		.4byte	0x2f49
 6470 1ea4 B41E0000 		.4byte	0x1eb4
 6471 1ea8 2C       		.uleb128 0x2c
 6472 1ea9 01       		.byte	0x1
 6473 1eaa 50       		.byte	0x50
 6474 1eab 02       		.byte	0x2
 6475 1eac 76       		.byte	0x76
 6476 1ead 00       		.sleb128 0
 6477 1eae 2C       		.uleb128 0x2c
 6478 1eaf 01       		.byte	0x1
 6479 1eb0 51       		.byte	0x51
 6480 1eb1 01       		.byte	0x1
 6481 1eb2 31       		.byte	0x31
 6482 1eb3 00       		.byte	0
 6483 1eb4 2B       		.uleb128 0x2b
 6484 1eb5 4E000000 		.4byte	.LVL225
 6485 1eb9 8F2F0000 		.4byte	0x2f8f
ARM GAS  /var/folders/65/xyhbx3_n6nd_hs7j3p9nfwv80000gn/T//ccls3DQP.s 			page 127


 6486 1ebd D41E0000 		.4byte	0x1ed4
 6487 1ec1 2C       		.uleb128 0x2c
 6488 1ec2 01       		.byte	0x1
 6489 1ec3 50       		.byte	0x50
 6490 1ec4 02       		.byte	0x2
 6491 1ec5 76       		.byte	0x76
 6492 1ec6 00       		.sleb128 0
 6493 1ec7 2C       		.uleb128 0x2c
 6494 1ec8 01       		.byte	0x1
 6495 1ec9 51       		.byte	0x51
 6496 1eca 02       		.byte	0x2
 6497 1ecb 91       		.byte	0x91
 6498 1ecc 6C       		.sleb128 -20
 6499 1ecd 2C       		.uleb128 0x2c
 6500 1ece 01       		.byte	0x1
 6501 1ecf 52       		.byte	0x52
 6502 1ed0 02       		.byte	0x2
 6503 1ed1 74       		.byte	0x74
 6504 1ed2 00       		.sleb128 0
 6505 1ed3 00       		.byte	0
 6506 1ed4 2B       		.uleb128 0x2b
 6507 1ed5 5C000000 		.4byte	.LVL226
 6508 1ed9 9D2F0000 		.4byte	0x2f9d
 6509 1edd E81E0000 		.4byte	0x1ee8
 6510 1ee1 2C       		.uleb128 0x2c
 6511 1ee2 01       		.byte	0x1
 6512 1ee3 50       		.byte	0x50
 6513 1ee4 02       		.byte	0x2
 6514 1ee5 74       		.byte	0x74
 6515 1ee6 00       		.sleb128 0
 6516 1ee7 00       		.byte	0
 6517 1ee8 2B       		.uleb128 0x2b
 6518 1ee9 62000000 		.4byte	.LVL227
 6519 1eed 572F0000 		.4byte	0x2f57
 6520 1ef1 FC1E0000 		.4byte	0x1efc
 6521 1ef5 2C       		.uleb128 0x2c
 6522 1ef6 01       		.byte	0x1
 6523 1ef7 50       		.byte	0x50
 6524 1ef8 02       		.byte	0x2
 6525 1ef9 74       		.byte	0x74
 6526 1efa 00       		.sleb128 0
 6527 1efb 00       		.byte	0
 6528 1efc 2B       		.uleb128 0x2b
 6529 1efd 6A000000 		.4byte	.LVL228
 6530 1f01 AB2F0000 		.4byte	0x2fab
 6531 1f05 101F0000 		.4byte	0x1f10
 6532 1f09 2C       		.uleb128 0x2c
 6533 1f0a 01       		.byte	0x1
 6534 1f0b 50       		.byte	0x50
 6535 1f0c 02       		.byte	0x2
 6536 1f0d 74       		.byte	0x74
 6537 1f0e 00       		.sleb128 0
 6538 1f0f 00       		.byte	0
 6539 1f10 2B       		.uleb128 0x2b
 6540 1f11 7C000000 		.4byte	.LVL232
 6541 1f15 AB2F0000 		.4byte	0x2fab
 6542 1f19 241F0000 		.4byte	0x1f24
ARM GAS  /var/folders/65/xyhbx3_n6nd_hs7j3p9nfwv80000gn/T//ccls3DQP.s 			page 128


 6543 1f1d 2C       		.uleb128 0x2c
 6544 1f1e 01       		.byte	0x1
 6545 1f1f 50       		.byte	0x50
 6546 1f20 02       		.byte	0x2
 6547 1f21 74       		.byte	0x74
 6548 1f22 00       		.sleb128 0
 6549 1f23 00       		.byte	0
 6550 1f24 2E       		.uleb128 0x2e
 6551 1f25 82000000 		.4byte	.LVL233
 6552 1f29 B92F0000 		.4byte	0x2fb9
 6553 1f2d 2C       		.uleb128 0x2c
 6554 1f2e 01       		.byte	0x1
 6555 1f2f 50       		.byte	0x50
 6556 1f30 02       		.byte	0x2
 6557 1f31 74       		.byte	0x74
 6558 1f32 00       		.sleb128 0
 6559 1f33 00       		.byte	0
 6560 1f34 00       		.byte	0
 6561 1f35 0D       		.uleb128 0xd
 6562 1f36 04       		.byte	0x4
 6563 1f37 C2140000 		.4byte	0x14c2
 6564 1f3b 34       		.uleb128 0x34
 6565 1f3c D0710000 		.4byte	.LASF1634
 6566 1f40 01       		.byte	0x1
 6567 1f41 97       		.byte	0x97
 6568 1f42 0D       		.byte	0xd
 6569 1f43 01       		.byte	0x1
 6570 1f44 01       		.byte	0x1
 6571 1f45 7B1F0000 		.4byte	0x1f7b
 6572 1f49 35       		.uleb128 0x35
 6573 1f4a 4A00     		.ascii	"J\000"
 6574 1f4c 01       		.byte	0x1
 6575 1f4d 97       		.byte	0x97
 6576 1f4e 21       		.byte	0x21
 6577 1f4f 9B040000 		.4byte	0x49b
 6578 1f53 35       		.uleb128 0x35
 6579 1f54 736200   		.ascii	"sb\000"
 6580 1f57 01       		.byte	0x1
 6581 1f58 97       		.byte	0x97
 6582 1f59 30       		.byte	0x30
 6583 1f5a 7B1F0000 		.4byte	0x1f7b
 6584 1f5e 36       		.uleb128 0x36
 6585 1f5f 37       		.uleb128 0x37
 6586 1f60 6F626A00 		.ascii	"obj\000"
 6587 1f64 01       		.byte	0x1
 6588 1f65 A4       		.byte	0xa4
 6589 1f66 0E       		.byte	0xe
 6590 1f67 11150000 		.4byte	0x1511
 6591 1f6b 36       		.uleb128 0x36
 6592 1f6c 37       		.uleb128 0x37
 6593 1f6d 62756600 		.ascii	"buf\000"
 6594 1f71 01       		.byte	0x1
 6595 1f72 CE       		.byte	0xce
 6596 1f73 0A       		.byte	0xa
 6597 1f74 811F0000 		.4byte	0x1f81
 6598 1f78 00       		.byte	0
 6599 1f79 00       		.byte	0
ARM GAS  /var/folders/65/xyhbx3_n6nd_hs7j3p9nfwv80000gn/T//ccls3DQP.s 			page 129


 6600 1f7a 00       		.byte	0
 6601 1f7b 0D       		.uleb128 0xd
 6602 1f7c 04       		.byte	0x4
 6603 1f7d 351F0000 		.4byte	0x1f35
 6604 1f81 04       		.uleb128 0x4
 6605 1f82 02050000 		.4byte	0x502
 6606 1f86 911F0000 		.4byte	0x1f91
 6607 1f8a 05       		.uleb128 0x5
 6608 1f8b 51000000 		.4byte	0x51
 6609 1f8f 27       		.byte	0x27
 6610 1f90 00       		.byte	0
 6611 1f91 34       		.uleb128 0x34
 6612 1f92 147E0000 		.4byte	.LASF1635
 6613 1f96 01       		.byte	0x1
 6614 1f97 89       		.byte	0x89
 6615 1f98 0D       		.byte	0xd
 6616 1f99 01       		.byte	0x1
 6617 1f9a 01       		.byte	0x1
 6618 1f9b CB1F0000 		.4byte	0x1fcb
 6619 1f9f 35       		.uleb128 0x35
 6620 1fa0 4A00     		.ascii	"J\000"
 6621 1fa2 01       		.byte	0x1
 6622 1fa3 89       		.byte	0x89
 6623 1fa4 1F       		.byte	0x1f
 6624 1fa5 9B040000 		.4byte	0x49b
 6625 1fa9 35       		.uleb128 0x35
 6626 1faa 736200   		.ascii	"sb\000"
 6627 1fad 01       		.byte	0x1
 6628 1fae 89       		.byte	0x89
 6629 1faf 2E       		.byte	0x2e
 6630 1fb0 7B1F0000 		.4byte	0x1f7b
 6631 1fb4 35       		.uleb128 0x35
 6632 1fb5 66756E00 		.ascii	"fun\000"
 6633 1fb9 01       		.byte	0x1
 6634 1fba 89       		.byte	0x89
 6635 1fbb 3F       		.byte	0x3f
 6636 1fbc 2D150000 		.4byte	0x152d
 6637 1fc0 37       		.uleb128 0x37
 6638 1fc1 6900     		.ascii	"i\000"
 6639 1fc3 01       		.byte	0x1
 6640 1fc4 8B       		.byte	0x8b
 6641 1fc5 06       		.byte	0x6
 6642 1fc6 58000000 		.4byte	0x58
 6643 1fca 00       		.byte	0
 6644 1fcb 34       		.uleb128 0x34
 6645 1fcc 0D920000 		.4byte	.LASF1636
 6646 1fd0 01       		.byte	0x1
 6647 1fd1 6E       		.byte	0x6e
 6648 1fd2 0D       		.byte	0xd
 6649 1fd3 01       		.byte	0x1
 6650 1fd4 01       		.byte	0x1
 6651 1fd5 03200000 		.4byte	0x2003
 6652 1fd9 35       		.uleb128 0x35
 6653 1fda 4A00     		.ascii	"J\000"
 6654 1fdc 01       		.byte	0x1
 6655 1fdd 6E       		.byte	0x6e
 6656 1fde 21       		.byte	0x21
ARM GAS  /var/folders/65/xyhbx3_n6nd_hs7j3p9nfwv80000gn/T//ccls3DQP.s 			page 130


 6657 1fdf 9B040000 		.4byte	0x49b
 6658 1fe3 35       		.uleb128 0x35
 6659 1fe4 736200   		.ascii	"sb\000"
 6660 1fe7 01       		.byte	0x1
 6661 1fe8 6E       		.byte	0x6e
 6662 1fe9 30       		.byte	0x30
 6663 1fea 7B1F0000 		.4byte	0x1f7b
 6664 1fee 37       		.uleb128 0x37
 6665 1fef 6E00     		.ascii	"n\000"
 6666 1ff1 01       		.byte	0x1
 6667 1ff2 70       		.byte	0x70
 6668 1ff3 06       		.byte	0x6
 6669 1ff4 58000000 		.4byte	0x58
 6670 1ff8 37       		.uleb128 0x37
 6671 1ff9 6900     		.ascii	"i\000"
 6672 1ffb 01       		.byte	0x1
 6673 1ffc 70       		.byte	0x70
 6674 1ffd 09       		.byte	0x9
 6675 1ffe 58000000 		.4byte	0x58
 6676 2002 00       		.byte	0
 6677 2003 34       		.uleb128 0x34
 6678 2004 794A0000 		.4byte	.LASF1637
 6679 2008 01       		.byte	0x1
 6680 2009 4F       		.byte	0x4f
 6681 200a 0D       		.byte	0xd
 6682 200b 01       		.byte	0x1
 6683 200c 01       		.byte	0x1
 6684 200d 47200000 		.4byte	0x2047
 6685 2011 35       		.uleb128 0x35
 6686 2012 4A00     		.ascii	"J\000"
 6687 2014 01       		.byte	0x1
 6688 2015 4F       		.byte	0x4f
 6689 2016 22       		.byte	0x22
 6690 2017 9B040000 		.4byte	0x49b
 6691 201b 35       		.uleb128 0x35
 6692 201c 736200   		.ascii	"sb\000"
 6693 201f 01       		.byte	0x1
 6694 2020 4F       		.byte	0x4f
 6695 2021 31       		.byte	0x31
 6696 2022 7B1F0000 		.4byte	0x1f7b
 6697 2026 37       		.uleb128 0x37
 6698 2027 6B657900 		.ascii	"key\000"
 6699 202b 01       		.byte	0x1
 6700 202c 51       		.byte	0x51
 6701 202d 0E       		.byte	0xe
 6702 202e FC040000 		.4byte	0x4fc
 6703 2032 37       		.uleb128 0x37
 6704 2033 6900     		.ascii	"i\000"
 6705 2035 01       		.byte	0x1
 6706 2036 52       		.byte	0x52
 6707 2037 06       		.byte	0x6
 6708 2038 58000000 		.4byte	0x58
 6709 203c 37       		.uleb128 0x37
 6710 203d 6E00     		.ascii	"n\000"
 6711 203f 01       		.byte	0x1
 6712 2040 52       		.byte	0x52
 6713 2041 09       		.byte	0x9
ARM GAS  /var/folders/65/xyhbx3_n6nd_hs7j3p9nfwv80000gn/T//ccls3DQP.s 			page 131


 6714 2042 58000000 		.4byte	0x58
 6715 2046 00       		.byte	0
 6716 2047 34       		.uleb128 0x34
 6717 2048 27690000 		.4byte	.LASF1638
 6718 204c 01       		.byte	0x1
 6719 204d 40       		.byte	0x40
 6720 204e 0D       		.byte	0xd
 6721 204f 01       		.byte	0x1
 6722 2050 01       		.byte	0x1
 6723 2051 81200000 		.4byte	0x2081
 6724 2055 35       		.uleb128 0x35
 6725 2056 4A00     		.ascii	"J\000"
 6726 2058 01       		.byte	0x1
 6727 2059 40       		.byte	0x40
 6728 205a 21       		.byte	0x21
 6729 205b 9B040000 		.4byte	0x49b
 6730 205f 35       		.uleb128 0x35
 6731 2060 736200   		.ascii	"sb\000"
 6732 2063 01       		.byte	0x1
 6733 2064 40       		.byte	0x40
 6734 2065 30       		.byte	0x30
 6735 2066 7B1F0000 		.4byte	0x1f7b
 6736 206a 38       		.uleb128 0x38
 6737 206b AC4F0000 		.4byte	.LASF1461
 6738 206f 01       		.byte	0x1
 6739 2070 40       		.byte	0x40
 6740 2071 40       		.byte	0x40
 6741 2072 FC040000 		.4byte	0x4fc
 6742 2076 37       		.uleb128 0x37
 6743 2077 7000     		.ascii	"p\000"
 6744 2079 01       		.byte	0x1
 6745 207a 42       		.byte	0x42
 6746 207b 0E       		.byte	0xe
 6747 207c FC040000 		.4byte	0x4fc
 6748 2080 00       		.byte	0
 6749 2081 39       		.uleb128 0x39
 6750 2082 D6130000 		.4byte	.LASF1639
 6751 2086 01       		.byte	0x1
 6752 2087 0F       		.byte	0xf
 6753 2088 0D       		.byte	0xd
 6754 2089 01       		.byte	0x1
 6755 208a 00000000 		.4byte	.LFB4
 6756 208e A4010000 		.4byte	.LFE4
 6757 2092 43020000 		.4byte	.LLST4
 6758 2096 01       		.byte	0x1
 6759 2097 47230000 		.4byte	0x2347
 6760 209b 31       		.uleb128 0x31
 6761 209c 4A00     		.ascii	"J\000"
 6762 209e 01       		.byte	0x1
 6763 209f 0F       		.byte	0xf
 6764 20a0 1F       		.byte	0x1f
 6765 20a1 9B040000 		.4byte	0x49b
 6766 20a5 8F020000 		.4byte	.LLST5
 6767 20a9 87020000 		.4byte	.LVUS5
 6768 20ad 31       		.uleb128 0x31
 6769 20ae 736200   		.ascii	"sb\000"
 6770 20b1 01       		.byte	0x1
ARM GAS  /var/folders/65/xyhbx3_n6nd_hs7j3p9nfwv80000gn/T//ccls3DQP.s 			page 132


 6771 20b2 0F       		.byte	0xf
 6772 20b3 2E       		.byte	0x2e
 6773 20b4 7B1F0000 		.4byte	0x1f7b
 6774 20b8 CB020000 		.4byte	.LLST6
 6775 20bc C3020000 		.4byte	.LVUS6
 6776 20c0 31       		.uleb128 0x31
 6777 20c1 7300     		.ascii	"s\000"
 6778 20c3 01       		.byte	0x1
 6779 20c4 0F       		.byte	0xf
 6780 20c5 3E       		.byte	0x3e
 6781 20c6 FC040000 		.4byte	0x4fc
 6782 20ca 05030000 		.4byte	.LLST7
 6783 20ce FF020000 		.4byte	.LVUS7
 6784 20d2 32       		.uleb128 0x32
 6785 20d3 48455800 		.ascii	"HEX\000"
 6786 20d7 01       		.byte	0x1
 6787 20d8 11       		.byte	0x11
 6788 20d9 15       		.byte	0x15
 6789 20da FC040000 		.4byte	0x4fc
 6790 20de 06       		.byte	0x6
 6791 20df 03       		.byte	0x3
 6792 20e0 1C000000 		.4byte	.LC8
 6793 20e4 9F       		.byte	0x9f
 6794 20e5 3A       		.uleb128 0x3a
 6795 20e6 6900     		.ascii	"i\000"
 6796 20e8 01       		.byte	0x1
 6797 20e9 12       		.byte	0x12
 6798 20ea 06       		.byte	0x6
 6799 20eb 58000000 		.4byte	0x58
 6800 20ef 30030000 		.4byte	.LLST8
 6801 20f3 2E030000 		.4byte	.LVUS8
 6802 20f7 3A       		.uleb128 0x3a
 6803 20f8 6E00     		.ascii	"n\000"
 6804 20fa 01       		.byte	0x1
 6805 20fb 12       		.byte	0x12
 6806 20fc 09       		.byte	0x9
 6807 20fd 58000000 		.4byte	0x58
 6808 2101 6E030000 		.4byte	.LLST9
 6809 2105 44030000 		.4byte	.LVUS9
 6810 2109 32       		.uleb128 0x32
 6811 210a 6300     		.ascii	"c\000"
 6812 210c 01       		.byte	0x1
 6813 210d 13       		.byte	0x13
 6814 210e 07       		.byte	0x7
 6815 210f 751C0000 		.4byte	0x1c75
 6816 2113 02       		.byte	0x2
 6817 2114 91       		.byte	0x91
 6818 2115 54       		.sleb128 -44
 6819 2116 2B       		.uleb128 0x2b
 6820 2117 12000000 		.4byte	.LVL12
 6821 211b 8F2F0000 		.4byte	0x2f8f
 6822 211f 36210000 		.4byte	0x2136
 6823 2123 2C       		.uleb128 0x2c
 6824 2124 01       		.byte	0x1
 6825 2125 50       		.byte	0x50
 6826 2126 02       		.byte	0x2
 6827 2127 75       		.byte	0x75
ARM GAS  /var/folders/65/xyhbx3_n6nd_hs7j3p9nfwv80000gn/T//ccls3DQP.s 			page 133


 6828 2128 00       		.sleb128 0
 6829 2129 2C       		.uleb128 0x2c
 6830 212a 01       		.byte	0x1
 6831 212b 51       		.byte	0x51
 6832 212c 02       		.byte	0x2
 6833 212d 76       		.byte	0x76
 6834 212e 00       		.sleb128 0
 6835 212f 2C       		.uleb128 0x2c
 6836 2130 01       		.byte	0x1
 6837 2131 52       		.byte	0x52
 6838 2132 02       		.byte	0x2
 6839 2133 08       		.byte	0x8
 6840 2134 22       		.byte	0x22
 6841 2135 00       		.byte	0
 6842 2136 2B       		.uleb128 0x2b
 6843 2137 2A000000 		.4byte	.LVL13
 6844 213b C72F0000 		.4byte	0x2fc7
 6845 213f 50210000 		.4byte	0x2150
 6846 2143 2C       		.uleb128 0x2c
 6847 2144 01       		.byte	0x1
 6848 2145 50       		.byte	0x50
 6849 2146 02       		.byte	0x2
 6850 2147 91       		.byte	0x91
 6851 2148 54       		.sleb128 -44
 6852 2149 2C       		.uleb128 0x2c
 6853 214a 01       		.byte	0x1
 6854 214b 51       		.byte	0x51
 6855 214c 02       		.byte	0x2
 6856 214d 7A       		.byte	0x7a
 6857 214e 00       		.sleb128 0
 6858 214f 00       		.byte	0
 6859 2150 2B       		.uleb128 0x2b
 6860 2151 6C000000 		.4byte	.LVL17
 6861 2155 D52F0000 		.4byte	0x2fd5
 6862 2159 73210000 		.4byte	0x2173
 6863 215d 2C       		.uleb128 0x2c
 6864 215e 01       		.byte	0x1
 6865 215f 50       		.byte	0x50
 6866 2160 02       		.byte	0x2
 6867 2161 75       		.byte	0x75
 6868 2162 00       		.sleb128 0
 6869 2163 2C       		.uleb128 0x2c
 6870 2164 01       		.byte	0x1
 6871 2165 51       		.byte	0x51
 6872 2166 02       		.byte	0x2
 6873 2167 76       		.byte	0x76
 6874 2168 00       		.sleb128 0
 6875 2169 2C       		.uleb128 0x2c
 6876 216a 01       		.byte	0x1
 6877 216b 52       		.byte	0x52
 6878 216c 05       		.byte	0x5
 6879 216d 03       		.byte	0x3
 6880 216e 00000000 		.4byte	.LC1
 6881 2172 00       		.byte	0
 6882 2173 2B       		.uleb128 0x2b
 6883 2174 7E000000 		.4byte	.LVL19
 6884 2178 8F2F0000 		.4byte	0x2f8f
ARM GAS  /var/folders/65/xyhbx3_n6nd_hs7j3p9nfwv80000gn/T//ccls3DQP.s 			page 134


 6885 217c 93210000 		.4byte	0x2193
 6886 2180 2C       		.uleb128 0x2c
 6887 2181 01       		.byte	0x1
 6888 2182 50       		.byte	0x50
 6889 2183 02       		.byte	0x2
 6890 2184 75       		.byte	0x75
 6891 2185 00       		.sleb128 0
 6892 2186 2C       		.uleb128 0x2c
 6893 2187 01       		.byte	0x1
 6894 2188 51       		.byte	0x51
 6895 2189 02       		.byte	0x2
 6896 218a 76       		.byte	0x76
 6897 218b 00       		.sleb128 0
 6898 218c 2C       		.uleb128 0x2c
 6899 218d 01       		.byte	0x1
 6900 218e 52       		.byte	0x52
 6901 218f 02       		.byte	0x2
 6902 2190 08       		.byte	0x8
 6903 2191 22       		.byte	0x22
 6904 2192 00       		.byte	0
 6905 2193 2B       		.uleb128 0x2b
 6906 2194 90000000 		.4byte	.LVL23
 6907 2198 D52F0000 		.4byte	0x2fd5
 6908 219c B6210000 		.4byte	0x21b6
 6909 21a0 2C       		.uleb128 0x2c
 6910 21a1 01       		.byte	0x1
 6911 21a2 50       		.byte	0x50
 6912 21a3 02       		.byte	0x2
 6913 21a4 75       		.byte	0x75
 6914 21a5 00       		.sleb128 0
 6915 21a6 2C       		.uleb128 0x2c
 6916 21a7 01       		.byte	0x1
 6917 21a8 51       		.byte	0x51
 6918 21a9 02       		.byte	0x2
 6919 21aa 76       		.byte	0x76
 6920 21ab 00       		.sleb128 0
 6921 21ac 2C       		.uleb128 0x2c
 6922 21ad 01       		.byte	0x1
 6923 21ae 52       		.byte	0x52
 6924 21af 05       		.byte	0x5
 6925 21b0 03       		.byte	0x3
 6926 21b1 14000000 		.4byte	.LC6
 6927 21b5 00       		.byte	0
 6928 21b6 2B       		.uleb128 0x2b
 6929 21b7 9E000000 		.4byte	.LVL27
 6930 21bb D52F0000 		.4byte	0x2fd5
 6931 21bf D9210000 		.4byte	0x21d9
 6932 21c3 2C       		.uleb128 0x2c
 6933 21c4 01       		.byte	0x1
 6934 21c5 50       		.byte	0x50
 6935 21c6 02       		.byte	0x2
 6936 21c7 75       		.byte	0x75
 6937 21c8 00       		.sleb128 0
 6938 21c9 2C       		.uleb128 0x2c
 6939 21ca 01       		.byte	0x1
 6940 21cb 51       		.byte	0x51
 6941 21cc 02       		.byte	0x2
ARM GAS  /var/folders/65/xyhbx3_n6nd_hs7j3p9nfwv80000gn/T//ccls3DQP.s 			page 135


 6942 21cd 76       		.byte	0x76
 6943 21ce 00       		.sleb128 0
 6944 21cf 2C       		.uleb128 0x2c
 6945 21d0 01       		.byte	0x1
 6946 21d1 52       		.byte	0x52
 6947 21d2 05       		.byte	0x5
 6948 21d3 03       		.byte	0x3
 6949 21d4 0C000000 		.4byte	.LC4
 6950 21d8 00       		.byte	0
 6951 21d9 2B       		.uleb128 0x2b
 6952 21da AC000000 		.4byte	.LVL31
 6953 21de D52F0000 		.4byte	0x2fd5
 6954 21e2 FC210000 		.4byte	0x21fc
 6955 21e6 2C       		.uleb128 0x2c
 6956 21e7 01       		.byte	0x1
 6957 21e8 50       		.byte	0x50
 6958 21e9 02       		.byte	0x2
 6959 21ea 75       		.byte	0x75
 6960 21eb 00       		.sleb128 0
 6961 21ec 2C       		.uleb128 0x2c
 6962 21ed 01       		.byte	0x1
 6963 21ee 51       		.byte	0x51
 6964 21ef 02       		.byte	0x2
 6965 21f0 76       		.byte	0x76
 6966 21f1 00       		.sleb128 0
 6967 21f2 2C       		.uleb128 0x2c
 6968 21f3 01       		.byte	0x1
 6969 21f4 52       		.byte	0x52
 6970 21f5 05       		.byte	0x5
 6971 21f6 03       		.byte	0x3
 6972 21f7 10000000 		.4byte	.LC5
 6973 21fb 00       		.byte	0
 6974 21fc 2B       		.uleb128 0x2b
 6975 21fd BA000000 		.4byte	.LVL35
 6976 2201 D52F0000 		.4byte	0x2fd5
 6977 2205 1C220000 		.4byte	0x221c
 6978 2209 2C       		.uleb128 0x2c
 6979 220a 01       		.byte	0x1
 6980 220b 50       		.byte	0x50
 6981 220c 02       		.byte	0x2
 6982 220d 75       		.byte	0x75
 6983 220e 00       		.sleb128 0
 6984 220f 2C       		.uleb128 0x2c
 6985 2210 01       		.byte	0x1
 6986 2211 51       		.byte	0x51
 6987 2212 02       		.byte	0x2
 6988 2213 76       		.byte	0x76
 6989 2214 00       		.sleb128 0
 6990 2215 2C       		.uleb128 0x2c
 6991 2216 01       		.byte	0x1
 6992 2217 52       		.byte	0x52
 6993 2218 02       		.byte	0x2
 6994 2219 78       		.byte	0x78
 6995 221a 00       		.sleb128 0
 6996 221b 00       		.byte	0
 6997 221c 2B       		.uleb128 0x2b
 6998 221d C8000000 		.4byte	.LVL39
ARM GAS  /var/folders/65/xyhbx3_n6nd_hs7j3p9nfwv80000gn/T//ccls3DQP.s 			page 136


 6999 2221 D52F0000 		.4byte	0x2fd5
 7000 2225 3F220000 		.4byte	0x223f
 7001 2229 2C       		.uleb128 0x2c
 7002 222a 01       		.byte	0x1
 7003 222b 50       		.byte	0x50
 7004 222c 02       		.byte	0x2
 7005 222d 75       		.byte	0x75
 7006 222e 00       		.sleb128 0
 7007 222f 2C       		.uleb128 0x2c
 7008 2230 01       		.byte	0x1
 7009 2231 51       		.byte	0x51
 7010 2232 02       		.byte	0x2
 7011 2233 76       		.byte	0x76
 7012 2234 00       		.sleb128 0
 7013 2235 2C       		.uleb128 0x2c
 7014 2236 01       		.byte	0x1
 7015 2237 52       		.byte	0x52
 7016 2238 05       		.byte	0x5
 7017 2239 03       		.byte	0x3
 7018 223a 08000000 		.4byte	.LC3
 7019 223e 00       		.byte	0
 7020 223f 2B       		.uleb128 0x2b
 7021 2240 DA000000 		.4byte	.LVL43
 7022 2244 D52F0000 		.4byte	0x2fd5
 7023 2248 5F220000 		.4byte	0x225f
 7024 224c 2C       		.uleb128 0x2c
 7025 224d 01       		.byte	0x1
 7026 224e 50       		.byte	0x50
 7027 224f 02       		.byte	0x2
 7028 2250 75       		.byte	0x75
 7029 2251 00       		.sleb128 0
 7030 2252 2C       		.uleb128 0x2c
 7031 2253 01       		.byte	0x1
 7032 2254 51       		.byte	0x51
 7033 2255 02       		.byte	0x2
 7034 2256 76       		.byte	0x76
 7035 2257 00       		.sleb128 0
 7036 2258 2C       		.uleb128 0x2c
 7037 2259 01       		.byte	0x1
 7038 225a 52       		.byte	0x52
 7039 225b 02       		.byte	0x2
 7040 225c 79       		.byte	0x79
 7041 225d 00       		.sleb128 0
 7042 225e 00       		.byte	0
 7043 225f 2B       		.uleb128 0x2b
 7044 2260 F2000000 		.4byte	.LVL47
 7045 2264 8F2F0000 		.4byte	0x2f8f
 7046 2268 7F220000 		.4byte	0x227f
 7047 226c 2C       		.uleb128 0x2c
 7048 226d 01       		.byte	0x1
 7049 226e 50       		.byte	0x50
 7050 226f 02       		.byte	0x2
 7051 2270 75       		.byte	0x75
 7052 2271 00       		.sleb128 0
 7053 2272 2C       		.uleb128 0x2c
 7054 2273 01       		.byte	0x1
 7055 2274 51       		.byte	0x51
ARM GAS  /var/folders/65/xyhbx3_n6nd_hs7j3p9nfwv80000gn/T//ccls3DQP.s 			page 137


 7056 2275 02       		.byte	0x2
 7057 2276 76       		.byte	0x76
 7058 2277 00       		.sleb128 0
 7059 2278 2C       		.uleb128 0x2c
 7060 2279 01       		.byte	0x1
 7061 227a 52       		.byte	0x52
 7062 227b 02       		.byte	0x2
 7063 227c 08       		.byte	0x8
 7064 227d 5C       		.byte	0x5c
 7065 227e 00       		.byte	0
 7066 227f 2B       		.uleb128 0x2b
 7067 2280 FC000000 		.4byte	.LVL48
 7068 2284 8F2F0000 		.4byte	0x2f8f
 7069 2288 9F220000 		.4byte	0x229f
 7070 228c 2C       		.uleb128 0x2c
 7071 228d 01       		.byte	0x1
 7072 228e 50       		.byte	0x50
 7073 228f 02       		.byte	0x2
 7074 2290 75       		.byte	0x75
 7075 2291 00       		.sleb128 0
 7076 2292 2C       		.uleb128 0x2c
 7077 2293 01       		.byte	0x1
 7078 2294 51       		.byte	0x51
 7079 2295 02       		.byte	0x2
 7080 2296 76       		.byte	0x76
 7081 2297 00       		.sleb128 0
 7082 2298 2C       		.uleb128 0x2c
 7083 2299 01       		.byte	0x1
 7084 229a 52       		.byte	0x52
 7085 229b 02       		.byte	0x2
 7086 229c 08       		.byte	0x8
 7087 229d 75       		.byte	0x75
 7088 229e 00       		.byte	0
 7089 229f 2B       		.uleb128 0x2b
 7090 22a0 0C010000 		.4byte	.LVL49
 7091 22a4 8F2F0000 		.4byte	0x2f8f
 7092 22a8 B9220000 		.4byte	0x22b9
 7093 22ac 2C       		.uleb128 0x2c
 7094 22ad 01       		.byte	0x1
 7095 22ae 50       		.byte	0x50
 7096 22af 02       		.byte	0x2
 7097 22b0 75       		.byte	0x75
 7098 22b1 00       		.sleb128 0
 7099 22b2 2C       		.uleb128 0x2c
 7100 22b3 01       		.byte	0x1
 7101 22b4 51       		.byte	0x51
 7102 22b5 02       		.byte	0x2
 7103 22b6 76       		.byte	0x76
 7104 22b7 00       		.sleb128 0
 7105 22b8 00       		.byte	0
 7106 22b9 2D       		.uleb128 0x2d
 7107 22ba 1C010000 		.4byte	.LVL51
 7108 22be 8F2F0000 		.4byte	0x2f8f
 7109 22c2 2B       		.uleb128 0x2b
 7110 22c3 2C010000 		.4byte	.LVL52
 7111 22c7 8F2F0000 		.4byte	0x2f8f
 7112 22cb DC220000 		.4byte	0x22dc
ARM GAS  /var/folders/65/xyhbx3_n6nd_hs7j3p9nfwv80000gn/T//ccls3DQP.s 			page 138


 7113 22cf 2C       		.uleb128 0x2c
 7114 22d0 01       		.byte	0x1
 7115 22d1 50       		.byte	0x50
 7116 22d2 02       		.byte	0x2
 7117 22d3 75       		.byte	0x75
 7118 22d4 00       		.sleb128 0
 7119 22d5 2C       		.uleb128 0x2c
 7120 22d6 01       		.byte	0x1
 7121 22d7 51       		.byte	0x51
 7122 22d8 02       		.byte	0x2
 7123 22d9 76       		.byte	0x76
 7124 22da 00       		.sleb128 0
 7125 22db 00       		.byte	0
 7126 22dc 2B       		.uleb128 0x2b
 7127 22dd 3C010000 		.4byte	.LVL53
 7128 22e1 8F2F0000 		.4byte	0x2f8f
 7129 22e5 F6220000 		.4byte	0x22f6
 7130 22e9 2C       		.uleb128 0x2c
 7131 22ea 01       		.byte	0x1
 7132 22eb 50       		.byte	0x50
 7133 22ec 02       		.byte	0x2
 7134 22ed 75       		.byte	0x75
 7135 22ee 00       		.sleb128 0
 7136 22ef 2C       		.uleb128 0x2c
 7137 22f0 01       		.byte	0x1
 7138 22f1 51       		.byte	0x51
 7139 22f2 02       		.byte	0x2
 7140 22f3 76       		.byte	0x76
 7141 22f4 00       		.sleb128 0
 7142 22f5 00       		.byte	0
 7143 22f6 2B       		.uleb128 0x2b
 7144 22f7 4E010000 		.4byte	.LVL57
 7145 22fb 8F2F0000 		.4byte	0x2f8f
 7146 22ff 10230000 		.4byte	0x2310
 7147 2303 2C       		.uleb128 0x2c
 7148 2304 01       		.byte	0x1
 7149 2305 50       		.byte	0x50
 7150 2306 02       		.byte	0x2
 7151 2307 75       		.byte	0x75
 7152 2308 00       		.sleb128 0
 7153 2309 2C       		.uleb128 0x2c
 7154 230a 01       		.byte	0x1
 7155 230b 51       		.byte	0x51
 7156 230c 02       		.byte	0x2
 7157 230d 76       		.byte	0x76
 7158 230e 00       		.sleb128 0
 7159 230f 00       		.byte	0
 7160 2310 2B       		.uleb128 0x2b
 7161 2311 5C010000 		.4byte	.LVL61
 7162 2315 8F2F0000 		.4byte	0x2f8f
 7163 2319 30230000 		.4byte	0x2330
 7164 231d 2C       		.uleb128 0x2c
 7165 231e 01       		.byte	0x1
 7166 231f 50       		.byte	0x50
 7167 2320 02       		.byte	0x2
 7168 2321 75       		.byte	0x75
 7169 2322 00       		.sleb128 0
ARM GAS  /var/folders/65/xyhbx3_n6nd_hs7j3p9nfwv80000gn/T//ccls3DQP.s 			page 139


 7170 2323 2C       		.uleb128 0x2c
 7171 2324 01       		.byte	0x1
 7172 2325 51       		.byte	0x51
 7173 2326 02       		.byte	0x2
 7174 2327 76       		.byte	0x76
 7175 2328 00       		.sleb128 0
 7176 2329 2C       		.uleb128 0x2c
 7177 232a 01       		.byte	0x1
 7178 232b 52       		.byte	0x52
 7179 232c 02       		.byte	0x2
 7180 232d 08       		.byte	0x8
 7181 232e 5C       		.byte	0x5c
 7182 232f 00       		.byte	0
 7183 2330 2E       		.uleb128 0x2e
 7184 2331 7E010000 		.4byte	.LVL64
 7185 2335 8F2F0000 		.4byte	0x2f8f
 7186 2339 2C       		.uleb128 0x2c
 7187 233a 01       		.byte	0x1
 7188 233b 50       		.byte	0x50
 7189 233c 02       		.byte	0x2
 7190 233d 75       		.byte	0x75
 7191 233e 00       		.sleb128 0
 7192 233f 2C       		.uleb128 0x2c
 7193 2340 01       		.byte	0x1
 7194 2341 51       		.byte	0x51
 7195 2342 02       		.byte	0x2
 7196 2343 76       		.byte	0x76
 7197 2344 00       		.sleb128 0
 7198 2345 00       		.byte	0
 7199 2346 00       		.byte	0
 7200 2347 3B       		.uleb128 0x3b
 7201 2348 A77C0000 		.4byte	.LASF1640
 7202 234c 01       		.byte	0x1
 7203 234d 06       		.byte	0x6
 7204 234e 0D       		.byte	0xd
 7205 234f 01       		.byte	0x1
 7206 2350 00000000 		.4byte	.LFB3
 7207 2354 4C000000 		.4byte	.LFE3
 7208 2358 5D040000 		.4byte	.LLST0
 7209 235c 01       		.byte	0x1
 7210 235d 09240000 		.4byte	0x2409
 7211 2361 31       		.uleb128 0x31
 7212 2362 4A00     		.ascii	"J\000"
 7213 2364 01       		.byte	0x1
 7214 2365 06       		.byte	0x6
 7215 2366 1F       		.byte	0x1f
 7216 2367 9B040000 		.4byte	0x49b
 7217 236b B5040000 		.4byte	.LLST1
 7218 236f AF040000 		.4byte	.LVUS1
 7219 2373 31       		.uleb128 0x31
 7220 2374 736200   		.ascii	"sb\000"
 7221 2377 01       		.byte	0x1
 7222 2378 06       		.byte	0x6
 7223 2379 2E       		.byte	0x2e
 7224 237a 7B1F0000 		.4byte	0x1f7b
 7225 237e E7040000 		.4byte	.LLST2
 7226 2382 E1040000 		.4byte	.LVUS2
ARM GAS  /var/folders/65/xyhbx3_n6nd_hs7j3p9nfwv80000gn/T//ccls3DQP.s 			page 140


 7227 2386 31       		.uleb128 0x31
 7228 2387 6E00     		.ascii	"n\000"
 7229 2389 01       		.byte	0x1
 7230 238a 06       		.byte	0x6
 7231 238b 39       		.byte	0x39
 7232 238c 2D000000 		.4byte	0x2d
 7233 2390 17050000 		.4byte	.LLST3
 7234 2394 13050000 		.4byte	.LVUS3
 7235 2398 32       		.uleb128 0x32
 7236 2399 62756600 		.ascii	"buf\000"
 7237 239d 01       		.byte	0x1
 7238 239e 08       		.byte	0x8
 7239 239f 07       		.byte	0x7
 7240 23a0 811F0000 		.4byte	0x1f81
 7241 23a4 02       		.byte	0x2
 7242 23a5 91       		.byte	0x91
 7243 23a6 40       		.sleb128 -64
 7244 23a7 2B       		.uleb128 0x2b
 7245 23a8 2A000000 		.4byte	.LVL5
 7246 23ac E32F0000 		.4byte	0x2fe3
 7247 23b0 CF230000 		.4byte	0x23cf
 7248 23b4 2C       		.uleb128 0x2c
 7249 23b5 01       		.byte	0x1
 7250 23b6 50       		.byte	0x50
 7251 23b7 02       		.byte	0x2
 7252 23b8 76       		.byte	0x76
 7253 23b9 00       		.sleb128 0
 7254 23ba 2C       		.uleb128 0x2c
 7255 23bb 01       		.byte	0x1
 7256 23bc 51       		.byte	0x51
 7257 23bd 02       		.byte	0x2
 7258 23be 7D       		.byte	0x7d
 7259 23bf 00       		.sleb128 0
 7260 23c0 2C       		.uleb128 0x2c
 7261 23c1 08       		.byte	0x8
 7262 23c2 90       		.byte	0x90
 7263 23c3 40       		.uleb128 0x40
 7264 23c4 93       		.byte	0x93
 7265 23c5 04       		.uleb128 0x4
 7266 23c6 90       		.byte	0x90
 7267 23c7 41       		.uleb128 0x41
 7268 23c8 93       		.byte	0x93
 7269 23c9 04       		.uleb128 0x4
 7270 23ca 03       		.byte	0x3
 7271 23cb F5       		.byte	0xf5
 7272 23cc 04       		.uleb128 0x4
 7273 23cd 2D       		.uleb128 0x2d
 7274 23ce 00       		.byte	0
 7275 23cf 2B       		.uleb128 0x2b
 7276 23d0 34000000 		.4byte	.LVL6
 7277 23d4 D52F0000 		.4byte	0x2fd5
 7278 23d8 E9230000 		.4byte	0x23e9
 7279 23dc 2C       		.uleb128 0x2c
 7280 23dd 01       		.byte	0x1
 7281 23de 50       		.byte	0x50
 7282 23df 02       		.byte	0x2
 7283 23e0 76       		.byte	0x76
ARM GAS  /var/folders/65/xyhbx3_n6nd_hs7j3p9nfwv80000gn/T//ccls3DQP.s 			page 141


 7284 23e1 00       		.sleb128 0
 7285 23e2 2C       		.uleb128 0x2c
 7286 23e3 01       		.byte	0x1
 7287 23e4 51       		.byte	0x51
 7288 23e5 02       		.byte	0x2
 7289 23e6 77       		.byte	0x77
 7290 23e7 00       		.sleb128 0
 7291 23e8 00       		.byte	0
 7292 23e9 2E       		.uleb128 0x2e
 7293 23ea 42000000 		.4byte	.LVL8
 7294 23ee D52F0000 		.4byte	0x2fd5
 7295 23f2 2C       		.uleb128 0x2c
 7296 23f3 01       		.byte	0x1
 7297 23f4 50       		.byte	0x50
 7298 23f5 02       		.byte	0x2
 7299 23f6 76       		.byte	0x76
 7300 23f7 00       		.sleb128 0
 7301 23f8 2C       		.uleb128 0x2c
 7302 23f9 01       		.byte	0x1
 7303 23fa 51       		.byte	0x51
 7304 23fb 02       		.byte	0x2
 7305 23fc 77       		.byte	0x77
 7306 23fd 00       		.sleb128 0
 7307 23fe 2C       		.uleb128 0x2c
 7308 23ff 01       		.byte	0x1
 7309 2400 52       		.byte	0x52
 7310 2401 05       		.byte	0x5
 7311 2402 03       		.byte	0x3
 7312 2403 00000000 		.4byte	.LC0
 7313 2407 00       		.byte	0
 7314 2408 00       		.byte	0
 7315 2409 3C       		.uleb128 0x3c
 7316 240a 3B1F0000 		.4byte	0x1f3b
 7317 240e 00000000 		.4byte	.LFB9
 7318 2412 20050000 		.4byte	.LFE9
 7319 2416 3F050000 		.4byte	.LLST10
 7320 241a 01       		.byte	0x1
 7321 241b 2D2F0000 		.4byte	0x2f2d
 7322 241f 3D       		.uleb128 0x3d
 7323 2420 491F0000 		.4byte	0x1f49
 7324 2424 CF050000 		.4byte	.LLST11
 7325 2428 B7050000 		.4byte	.LVUS11
 7326 242c 3D       		.uleb128 0x3d
 7327 242d 531F0000 		.4byte	0x1f53
 7328 2431 6B060000 		.4byte	.LLST12
 7329 2435 5B060000 		.4byte	.LVUS12
 7330 2439 3E       		.uleb128 0x3e
 7331 243a 3B1F0000 		.4byte	0x1f3b
 7332 243e 40000000 		.4byte	.LBI16
 7333 2442 0000     		.2byte	.LVU133
 7334 2444 00000000 		.4byte	.Ldebug_ranges0+0
 7335 2448 01       		.byte	0x1
 7336 2449 97       		.byte	0x97
 7337 244a 0D       		.byte	0xd
 7338 244b B62E0000 		.4byte	0x2eb6
 7339 244f 3D       		.uleb128 0x3d
 7340 2450 531F0000 		.4byte	0x1f53
ARM GAS  /var/folders/65/xyhbx3_n6nd_hs7j3p9nfwv80000gn/T//ccls3DQP.s 			page 142


 7341 2454 DB060000 		.4byte	.LLST13
 7342 2458 CB060000 		.4byte	.LVUS13
 7343 245c 3D       		.uleb128 0x3d
 7344 245d 491F0000 		.4byte	0x1f49
 7345 2461 53070000 		.4byte	.LLST14
 7346 2465 3B070000 		.4byte	.LVUS14
 7347 2469 3F       		.uleb128 0x3f
 7348 246a 5E1F0000 		.4byte	0x1f5e
 7349 246e 20000000 		.4byte	.Ldebug_ranges0+0x20
 7350 2472 D22D0000 		.4byte	0x2dd2
 7351 2476 40       		.uleb128 0x40
 7352 2477 5F1F0000 		.4byte	0x1f5f
 7353 247b 19080000 		.4byte	.LLST15
 7354 247f DF070000 		.4byte	.LVUS15
 7355 2483 41       		.uleb128 0x41
 7356 2484 911F0000 		.4byte	0x1f91
 7357 2488 F4000000 		.4byte	.LBI19
 7358 248c 0000     		.2byte	.LVU166
 7359 248e F4000000 		.4byte	.LBB19
 7360 2492 4A010000 		.4byte	.LBE19
 7361 2496 01       		.byte	0x1
 7362 2497 AE       		.byte	0xae
 7363 2498 04       		.byte	0x4
 7364 2499 71250000 		.4byte	0x2571
 7365 249d 3D       		.uleb128 0x3d
 7366 249e B41F0000 		.4byte	0x1fb4
 7367 24a2 62090000 		.4byte	.LLST16
 7368 24a6 60090000 		.4byte	.LVUS16
 7369 24aa 3D       		.uleb128 0x3d
 7370 24ab A91F0000 		.4byte	0x1fa9
 7371 24af 7B090000 		.4byte	.LLST17
 7372 24b3 75090000 		.4byte	.LVUS17
 7373 24b7 3D       		.uleb128 0x3d
 7374 24b8 9F1F0000 		.4byte	0x1f9f
 7375 24bc AA090000 		.4byte	.LLST18
 7376 24c0 A4090000 		.4byte	.LVUS18
 7377 24c4 40       		.uleb128 0x40
 7378 24c5 C01F0000 		.4byte	0x1fc0
 7379 24c9 D9090000 		.4byte	.LLST19
 7380 24cd D3090000 		.4byte	.LVUS19
 7381 24d1 2B       		.uleb128 0x2b
 7382 24d2 FE000000 		.4byte	.LVL91
 7383 24d6 D52F0000 		.4byte	0x2fd5
 7384 24da F4240000 		.4byte	0x24f4
 7385 24de 2C       		.uleb128 0x2c
 7386 24df 01       		.byte	0x1
 7387 24e0 50       		.byte	0x50
 7388 24e1 02       		.byte	0x2
 7389 24e2 74       		.byte	0x74
 7390 24e3 00       		.sleb128 0
 7391 24e4 2C       		.uleb128 0x2c
 7392 24e5 01       		.byte	0x1
 7393 24e6 51       		.byte	0x51
 7394 24e7 02       		.byte	0x2
 7395 24e8 75       		.byte	0x75
 7396 24e9 00       		.sleb128 0
 7397 24ea 2C       		.uleb128 0x2c
ARM GAS  /var/folders/65/xyhbx3_n6nd_hs7j3p9nfwv80000gn/T//ccls3DQP.s 			page 143


 7398 24eb 01       		.byte	0x1
 7399 24ec 52       		.byte	0x52
 7400 24ed 05       		.byte	0x5
 7401 24ee 03       		.byte	0x3
 7402 24ef 34000000 		.4byte	.LC17
 7403 24f3 00       		.byte	0
 7404 24f4 2B       		.uleb128 0x2b
 7405 24f5 08010000 		.4byte	.LVL92
 7406 24f9 D52F0000 		.4byte	0x2fd5
 7407 24fd 0E250000 		.4byte	0x250e
 7408 2501 2C       		.uleb128 0x2c
 7409 2502 01       		.byte	0x1
 7410 2503 50       		.byte	0x50
 7411 2504 02       		.byte	0x2
 7412 2505 74       		.byte	0x74
 7413 2506 00       		.sleb128 0
 7414 2507 2C       		.uleb128 0x2c
 7415 2508 01       		.byte	0x1
 7416 2509 51       		.byte	0x51
 7417 250a 02       		.byte	0x2
 7418 250b 75       		.byte	0x75
 7419 250c 00       		.sleb128 0
 7420 250d 00       		.byte	0
 7421 250e 2B       		.uleb128 0x2b
 7422 250f 12010000 		.4byte	.LVL93
 7423 2513 8F2F0000 		.4byte	0x2f8f
 7424 2517 2E250000 		.4byte	0x252e
 7425 251b 2C       		.uleb128 0x2c
 7426 251c 01       		.byte	0x1
 7427 251d 50       		.byte	0x50
 7428 251e 02       		.byte	0x2
 7429 251f 74       		.byte	0x74
 7430 2520 00       		.sleb128 0
 7431 2521 2C       		.uleb128 0x2c
 7432 2522 01       		.byte	0x1
 7433 2523 51       		.byte	0x51
 7434 2524 02       		.byte	0x2
 7435 2525 75       		.byte	0x75
 7436 2526 00       		.sleb128 0
 7437 2527 2C       		.uleb128 0x2c
 7438 2528 01       		.byte	0x1
 7439 2529 52       		.byte	0x52
 7440 252a 02       		.byte	0x2
 7441 252b 08       		.byte	0x8
 7442 252c 28       		.byte	0x28
 7443 252d 00       		.byte	0
 7444 252e 2D       		.uleb128 0x2d
 7445 252f 22010000 		.4byte	.LVL95
 7446 2533 D52F0000 		.4byte	0x2fd5
 7447 2537 2B       		.uleb128 0x2b
 7448 2538 32010000 		.4byte	.LVL96
 7449 253c D52F0000 		.4byte	0x2fd5
 7450 2540 51250000 		.4byte	0x2551
 7451 2544 2C       		.uleb128 0x2c
 7452 2545 01       		.byte	0x1
 7453 2546 50       		.byte	0x50
 7454 2547 02       		.byte	0x2
ARM GAS  /var/folders/65/xyhbx3_n6nd_hs7j3p9nfwv80000gn/T//ccls3DQP.s 			page 144


 7455 2548 74       		.byte	0x74
 7456 2549 00       		.sleb128 0
 7457 254a 2C       		.uleb128 0x2c
 7458 254b 01       		.byte	0x1
 7459 254c 51       		.byte	0x51
 7460 254d 02       		.byte	0x2
 7461 254e 75       		.byte	0x75
 7462 254f 00       		.sleb128 0
 7463 2550 00       		.byte	0
 7464 2551 2E       		.uleb128 0x2e
 7465 2552 48010000 		.4byte	.LVL98
 7466 2556 D52F0000 		.4byte	0x2fd5
 7467 255a 2C       		.uleb128 0x2c
 7468 255b 01       		.byte	0x1
 7469 255c 50       		.byte	0x50
 7470 255d 02       		.byte	0x2
 7471 255e 74       		.byte	0x74
 7472 255f 00       		.sleb128 0
 7473 2560 2C       		.uleb128 0x2c
 7474 2561 01       		.byte	0x1
 7475 2562 51       		.byte	0x51
 7476 2563 02       		.byte	0x2
 7477 2564 75       		.byte	0x75
 7478 2565 00       		.sleb128 0
 7479 2566 2C       		.uleb128 0x2c
 7480 2567 01       		.byte	0x1
 7481 2568 52       		.byte	0x52
 7482 2569 05       		.byte	0x5
 7483 256a 03       		.byte	0x3
 7484 256b 40000000 		.4byte	.LC18
 7485 256f 00       		.byte	0
 7486 2570 00       		.byte	0
 7487 2571 42       		.uleb128 0x42
 7488 2572 6B1F0000 		.4byte	0x1f6b
 7489 2576 82010000 		.4byte	.LBB21
 7490 257a AC010000 		.4byte	.LBE21
 7491 257e F1250000 		.4byte	0x25f1
 7492 2582 43       		.uleb128 0x43
 7493 2583 6C1F0000 		.4byte	0x1f6c
 7494 2587 03       		.byte	0x3
 7495 2588 91       		.byte	0x91
 7496 2589 B87F     		.sleb128 -72
 7497 258b 2B       		.uleb128 0x2b
 7498 258c 8C010000 		.4byte	.LVL112
 7499 2590 D52F0000 		.4byte	0x2fd5
 7500 2594 AE250000 		.4byte	0x25ae
 7501 2598 2C       		.uleb128 0x2c
 7502 2599 01       		.byte	0x1
 7503 259a 50       		.byte	0x50
 7504 259b 02       		.byte	0x2
 7505 259c 74       		.byte	0x74
 7506 259d 00       		.sleb128 0
 7507 259e 2C       		.uleb128 0x2c
 7508 259f 01       		.byte	0x1
 7509 25a0 51       		.byte	0x51
 7510 25a1 02       		.byte	0x2
 7511 25a2 75       		.byte	0x75
ARM GAS  /var/folders/65/xyhbx3_n6nd_hs7j3p9nfwv80000gn/T//ccls3DQP.s 			page 145


 7512 25a3 00       		.sleb128 0
 7513 25a4 2C       		.uleb128 0x2c
 7514 25a5 01       		.byte	0x1
 7515 25a6 52       		.byte	0x52
 7516 25a7 05       		.byte	0x5
 7517 25a8 03       		.byte	0x3
 7518 25a9 A0000000 		.4byte	.LC24
 7519 25ad 00       		.byte	0
 7520 25ae 2B       		.uleb128 0x2b
 7521 25af 98010000 		.4byte	.LVL113
 7522 25b3 E32F0000 		.4byte	0x2fe3
 7523 25b7 C8250000 		.4byte	0x25c8
 7524 25bb 2C       		.uleb128 0x2c
 7525 25bc 01       		.byte	0x1
 7526 25bd 50       		.byte	0x50
 7527 25be 02       		.byte	0x2
 7528 25bf 74       		.byte	0x74
 7529 25c0 00       		.sleb128 0
 7530 25c1 2C       		.uleb128 0x2c
 7531 25c2 01       		.byte	0x1
 7532 25c3 51       		.byte	0x51
 7533 25c4 02       		.byte	0x2
 7534 25c5 7D       		.byte	0x7d
 7535 25c6 00       		.sleb128 0
 7536 25c7 00       		.byte	0
 7537 25c8 2D       		.uleb128 0x2d
 7538 25c9 A2010000 		.4byte	.LVL115
 7539 25cd D52F0000 		.4byte	0x2fd5
 7540 25d1 2E       		.uleb128 0x2e
 7541 25d2 AC010000 		.4byte	.LVL116
 7542 25d6 D52F0000 		.4byte	0x2fd5
 7543 25da 2C       		.uleb128 0x2c
 7544 25db 01       		.byte	0x1
 7545 25dc 50       		.byte	0x50
 7546 25dd 02       		.byte	0x2
 7547 25de 74       		.byte	0x74
 7548 25df 00       		.sleb128 0
 7549 25e0 2C       		.uleb128 0x2c
 7550 25e1 01       		.byte	0x1
 7551 25e2 51       		.byte	0x51
 7552 25e3 02       		.byte	0x2
 7553 25e4 75       		.byte	0x75
 7554 25e5 00       		.sleb128 0
 7555 25e6 2C       		.uleb128 0x2c
 7556 25e7 01       		.byte	0x1
 7557 25e8 52       		.byte	0x52
 7558 25e9 05       		.byte	0x5
 7559 25ea 03       		.byte	0x3
 7560 25eb 7C000000 		.4byte	.LC21
 7561 25ef 00       		.byte	0
 7562 25f0 00       		.byte	0
 7563 25f1 3E       		.uleb128 0x3e
 7564 25f2 CB1F0000 		.4byte	0x1fcb
 7565 25f6 D6020000 		.4byte	.LBI22
 7566 25fa 0100     		.2byte	.LVU257
 7567 25fc 40000000 		.4byte	.Ldebug_ranges0+0x40
 7568 2600 01       		.byte	0x1
ARM GAS  /var/folders/65/xyhbx3_n6nd_hs7j3p9nfwv80000gn/T//ccls3DQP.s 			page 146


 7569 2601 AA       		.byte	0xaa
 7570 2602 04       		.byte	0x4
 7571 2603 70270000 		.4byte	0x2770
 7572 2607 3D       		.uleb128 0x3d
 7573 2608 E31F0000 		.4byte	0x1fe3
 7574 260c 0B0A0000 		.4byte	.LLST20
 7575 2610 030A0000 		.4byte	.LVUS20
 7576 2614 3D       		.uleb128 0x3d
 7577 2615 D91F0000 		.4byte	0x1fd9
 7578 2619 470A0000 		.4byte	.LLST21
 7579 261d 3F0A0000 		.4byte	.LVUS21
 7580 2621 44       		.uleb128 0x44
 7581 2622 40000000 		.4byte	.Ldebug_ranges0+0x40
 7582 2626 40       		.uleb128 0x40
 7583 2627 EE1F0000 		.4byte	0x1fee
 7584 262b 830A0000 		.4byte	.LLST22
 7585 262f 7B0A0000 		.4byte	.LVUS22
 7586 2633 40       		.uleb128 0x40
 7587 2634 F81F0000 		.4byte	0x1ff8
 7588 2638 C10A0000 		.4byte	.LLST23
 7589 263c B90A0000 		.4byte	.LVUS23
 7590 2640 2B       		.uleb128 0x2b
 7591 2641 DC020000 		.4byte	.LVL157
 7592 2645 F22F0000 		.4byte	0x2ff2
 7593 2649 54260000 		.4byte	0x2654
 7594 264d 2C       		.uleb128 0x2c
 7595 264e 01       		.byte	0x1
 7596 264f 50       		.byte	0x50
 7597 2650 02       		.byte	0x2
 7598 2651 74       		.byte	0x74
 7599 2652 00       		.sleb128 0
 7600 2653 00       		.byte	0
 7601 2654 2B       		.uleb128 0x2b
 7602 2655 FA020000 		.4byte	.LVL163
 7603 2659 00300000 		.4byte	0x3000
 7604 265d 6E260000 		.4byte	0x266e
 7605 2661 2C       		.uleb128 0x2c
 7606 2662 01       		.byte	0x1
 7607 2663 50       		.byte	0x50
 7608 2664 02       		.byte	0x2
 7609 2665 74       		.byte	0x74
 7610 2666 00       		.sleb128 0
 7611 2667 2C       		.uleb128 0x2c
 7612 2668 01       		.byte	0x1
 7613 2669 51       		.byte	0x51
 7614 266a 02       		.byte	0x2
 7615 266b 77       		.byte	0x77
 7616 266c 00       		.sleb128 0
 7617 266d 00       		.byte	0
 7618 266e 2B       		.uleb128 0x2b
 7619 266f 06030000 		.4byte	.LVL164
 7620 2673 0E300000 		.4byte	0x300e
 7621 2677 88260000 		.4byte	0x2688
 7622 267b 2C       		.uleb128 0x2c
 7623 267c 01       		.byte	0x1
 7624 267d 50       		.byte	0x50
 7625 267e 02       		.byte	0x2
ARM GAS  /var/folders/65/xyhbx3_n6nd_hs7j3p9nfwv80000gn/T//ccls3DQP.s 			page 147


 7626 267f 74       		.byte	0x74
 7627 2680 00       		.sleb128 0
 7628 2681 2C       		.uleb128 0x2c
 7629 2682 01       		.byte	0x1
 7630 2683 51       		.byte	0x51
 7631 2684 02       		.byte	0x2
 7632 2685 77       		.byte	0x77
 7633 2686 00       		.sleb128 0
 7634 2687 00       		.byte	0
 7635 2688 2B       		.uleb128 0x2b
 7636 2689 12030000 		.4byte	.LVL165
 7637 268d 0E300000 		.4byte	0x300e
 7638 2691 A2260000 		.4byte	0x26a2
 7639 2695 2C       		.uleb128 0x2c
 7640 2696 01       		.byte	0x1
 7641 2697 50       		.byte	0x50
 7642 2698 02       		.byte	0x2
 7643 2699 74       		.byte	0x74
 7644 269a 00       		.sleb128 0
 7645 269b 2C       		.uleb128 0x2c
 7646 269c 01       		.byte	0x1
 7647 269d 51       		.byte	0x51
 7648 269e 02       		.byte	0x2
 7649 269f 09       		.byte	0x9
 7650 26a0 FF       		.byte	0xff
 7651 26a1 00       		.byte	0
 7652 26a2 2B       		.uleb128 0x2b
 7653 26a3 20030000 		.4byte	.LVL166
 7654 26a7 D52F0000 		.4byte	0x2fd5
 7655 26ab C5260000 		.4byte	0x26c5
 7656 26af 2C       		.uleb128 0x2c
 7657 26b0 01       		.byte	0x1
 7658 26b1 50       		.byte	0x50
 7659 26b2 02       		.byte	0x2
 7660 26b3 74       		.byte	0x74
 7661 26b4 00       		.sleb128 0
 7662 26b5 2C       		.uleb128 0x2c
 7663 26b6 01       		.byte	0x1
 7664 26b7 51       		.byte	0x51
 7665 26b8 02       		.byte	0x2
 7666 26b9 75       		.byte	0x75
 7667 26ba 00       		.sleb128 0
 7668 26bb 2C       		.uleb128 0x2c
 7669 26bc 01       		.byte	0x1
 7670 26bd 52       		.byte	0x52
 7671 26be 05       		.byte	0x5
 7672 26bf 03       		.byte	0x3
 7673 26c0 30000000 		.4byte	.LC16
 7674 26c4 00       		.byte	0
 7675 26c5 2B       		.uleb128 0x2b
 7676 26c6 AE040000 		.4byte	.LVL207
 7677 26ca 8F2F0000 		.4byte	0x2f8f
 7678 26ce E5260000 		.4byte	0x26e5
 7679 26d2 2C       		.uleb128 0x2c
 7680 26d3 01       		.byte	0x1
 7681 26d4 50       		.byte	0x50
 7682 26d5 02       		.byte	0x2
ARM GAS  /var/folders/65/xyhbx3_n6nd_hs7j3p9nfwv80000gn/T//ccls3DQP.s 			page 148


 7683 26d6 74       		.byte	0x74
 7684 26d7 00       		.sleb128 0
 7685 26d8 2C       		.uleb128 0x2c
 7686 26d9 01       		.byte	0x1
 7687 26da 51       		.byte	0x51
 7688 26db 02       		.byte	0x2
 7689 26dc 75       		.byte	0x75
 7690 26dd 00       		.sleb128 0
 7691 26de 2C       		.uleb128 0x2c
 7692 26df 01       		.byte	0x1
 7693 26e0 52       		.byte	0x52
 7694 26e1 02       		.byte	0x2
 7695 26e2 08       		.byte	0x8
 7696 26e3 5B       		.byte	0x5b
 7697 26e4 00       		.byte	0
 7698 26e5 2B       		.uleb128 0x2b
 7699 26e6 B8040000 		.4byte	.LVL208
 7700 26ea 1D300000 		.4byte	0x301d
 7701 26ee FF260000 		.4byte	0x26ff
 7702 26f2 2C       		.uleb128 0x2c
 7703 26f3 01       		.byte	0x1
 7704 26f4 50       		.byte	0x50
 7705 26f5 02       		.byte	0x2
 7706 26f6 74       		.byte	0x74
 7707 26f7 00       		.sleb128 0
 7708 26f8 2C       		.uleb128 0x2c
 7709 26f9 01       		.byte	0x1
 7710 26fa 51       		.byte	0x51
 7711 26fb 02       		.byte	0x2
 7712 26fc 09       		.byte	0x9
 7713 26fd FF       		.byte	0xff
 7714 26fe 00       		.byte	0
 7715 26ff 2B       		.uleb128 0x2b
 7716 2700 D4040000 		.4byte	.LVL211
 7717 2704 D52F0000 		.4byte	0x2fd5
 7718 2708 1F270000 		.4byte	0x271f
 7719 270c 2C       		.uleb128 0x2c
 7720 270d 01       		.byte	0x1
 7721 270e 50       		.byte	0x50
 7722 270f 02       		.byte	0x2
 7723 2710 74       		.byte	0x74
 7724 2711 00       		.sleb128 0
 7725 2712 2C       		.uleb128 0x2c
 7726 2713 01       		.byte	0x1
 7727 2714 51       		.byte	0x51
 7728 2715 02       		.byte	0x2
 7729 2716 75       		.byte	0x75
 7730 2717 00       		.sleb128 0
 7731 2718 2C       		.uleb128 0x2c
 7732 2719 01       		.byte	0x1
 7733 271a 52       		.byte	0x52
 7734 271b 02       		.byte	0x2
 7735 271c 78       		.byte	0x78
 7736 271d 00       		.sleb128 0
 7737 271e 00       		.byte	0
 7738 271f 2B       		.uleb128 0x2b
 7739 2720 E2040000 		.4byte	.LVL212
ARM GAS  /var/folders/65/xyhbx3_n6nd_hs7j3p9nfwv80000gn/T//ccls3DQP.s 			page 149


 7740 2724 2B300000 		.4byte	0x302b
 7741 2728 3F270000 		.4byte	0x273f
 7742 272c 2C       		.uleb128 0x2c
 7743 272d 01       		.byte	0x1
 7744 272e 50       		.byte	0x50
 7745 272f 02       		.byte	0x2
 7746 2730 74       		.byte	0x74
 7747 2731 00       		.sleb128 0
 7748 2732 2C       		.uleb128 0x2c
 7749 2733 01       		.byte	0x1
 7750 2734 51       		.byte	0x51
 7751 2735 02       		.byte	0x2
 7752 2736 09       		.byte	0x9
 7753 2737 FF       		.byte	0xff
 7754 2738 2C       		.uleb128 0x2c
 7755 2739 01       		.byte	0x1
 7756 273a 52       		.byte	0x52
 7757 273b 02       		.byte	0x2
 7758 273c 76       		.byte	0x76
 7759 273d 7F       		.sleb128 -1
 7760 273e 00       		.byte	0
 7761 273f 2B       		.uleb128 0x2b
 7762 2740 EE040000 		.4byte	.LVL213
 7763 2744 3B1F0000 		.4byte	0x1f3b
 7764 2748 59270000 		.4byte	0x2759
 7765 274c 2C       		.uleb128 0x2c
 7766 274d 01       		.byte	0x1
 7767 274e 50       		.byte	0x50
 7768 274f 02       		.byte	0x2
 7769 2750 74       		.byte	0x74
 7770 2751 00       		.sleb128 0
 7771 2752 2C       		.uleb128 0x2c
 7772 2753 01       		.byte	0x1
 7773 2754 51       		.byte	0x51
 7774 2755 02       		.byte	0x2
 7775 2756 75       		.byte	0x75
 7776 2757 00       		.sleb128 0
 7777 2758 00       		.byte	0
 7778 2759 2E       		.uleb128 0x2e
 7779 275a F6040000 		.4byte	.LVL214
 7780 275e 492F0000 		.4byte	0x2f49
 7781 2762 2C       		.uleb128 0x2c
 7782 2763 01       		.byte	0x1
 7783 2764 50       		.byte	0x50
 7784 2765 02       		.byte	0x2
 7785 2766 74       		.byte	0x74
 7786 2767 00       		.sleb128 0
 7787 2768 2C       		.uleb128 0x2c
 7788 2769 01       		.byte	0x1
 7789 276a 51       		.byte	0x51
 7790 276b 01       		.byte	0x1
 7791 276c 31       		.byte	0x31
 7792 276d 00       		.byte	0
 7793 276e 00       		.byte	0
 7794 276f 00       		.byte	0
 7795 2770 41       		.uleb128 0x41
 7796 2771 03200000 		.4byte	0x2003
ARM GAS  /var/folders/65/xyhbx3_n6nd_hs7j3p9nfwv80000gn/T//ccls3DQP.s 			page 150


 7797 2775 22030000 		.4byte	.LBI25
 7798 2779 0200     		.2byte	.LVU281
 7799 277b 22030000 		.4byte	.LBB25
 7800 277f A4040000 		.4byte	.LBE25
 7801 2783 01       		.byte	0x1
 7802 2784 A7       		.byte	0xa7
 7803 2785 04       		.byte	0x4
 7804 2786 EF290000 		.4byte	0x29ef
 7805 278a 3D       		.uleb128 0x3d
 7806 278b 1B200000 		.4byte	0x201b
 7807 278f F90A0000 		.4byte	.LLST24
 7808 2793 F70A0000 		.4byte	.LVUS24
 7809 2797 3D       		.uleb128 0x3d
 7810 2798 11200000 		.4byte	0x2011
 7811 279c 0E0B0000 		.4byte	.LLST25
 7812 27a0 0C0B0000 		.4byte	.LVUS25
 7813 27a4 40       		.uleb128 0x40
 7814 27a5 26200000 		.4byte	0x2026
 7815 27a9 2D0B0000 		.4byte	.LLST26
 7816 27ad 210B0000 		.4byte	.LVUS26
 7817 27b1 40       		.uleb128 0x40
 7818 27b2 32200000 		.4byte	0x2032
 7819 27b6 7B0B0000 		.4byte	.LLST27
 7820 27ba 770B0000 		.4byte	.LVUS27
 7821 27be 40       		.uleb128 0x40
 7822 27bf 3C200000 		.4byte	0x203c
 7823 27c3 A60B0000 		.4byte	.LLST28
 7824 27c7 9A0B0000 		.4byte	.LVUS28
 7825 27cb 3E       		.uleb128 0x3e
 7826 27cc 47200000 		.4byte	0x2047
 7827 27d0 F0030000 		.4byte	.LBI27
 7828 27d4 0100     		.2byte	.LVU318
 7829 27d6 58000000 		.4byte	.Ldebug_ranges0+0x58
 7830 27da 01       		.byte	0x1
 7831 27db 64       		.byte	0x64
 7832 27dc 03       		.byte	0x3
 7833 27dd 48280000 		.4byte	0x2848
 7834 27e1 3D       		.uleb128 0x3d
 7835 27e2 6A200000 		.4byte	0x206a
 7836 27e6 FD0B0000 		.4byte	.LLST29
 7837 27ea F70B0000 		.4byte	.LVUS29
 7838 27ee 45       		.uleb128 0x45
 7839 27ef 5F200000 		.4byte	0x205f
 7840 27f3 45       		.uleb128 0x45
 7841 27f4 55200000 		.4byte	0x2055
 7842 27f8 44       		.uleb128 0x44
 7843 27f9 58000000 		.4byte	.Ldebug_ranges0+0x58
 7844 27fd 40       		.uleb128 0x40
 7845 27fe 76200000 		.4byte	0x2076
 7846 2802 380C0000 		.4byte	.LLST30
 7847 2806 260C0000 		.4byte	.LVUS30
 7848 280a 2B       		.uleb128 0x2b
 7849 280b 1C040000 		.4byte	.LVL187
 7850 280f 81200000 		.4byte	0x2081
 7851 2813 2A280000 		.4byte	0x282a
 7852 2817 2C       		.uleb128 0x2c
 7853 2818 01       		.byte	0x1
ARM GAS  /var/folders/65/xyhbx3_n6nd_hs7j3p9nfwv80000gn/T//ccls3DQP.s 			page 151


 7854 2819 50       		.byte	0x50
 7855 281a 02       		.byte	0x2
 7856 281b 74       		.byte	0x74
 7857 281c 00       		.sleb128 0
 7858 281d 2C       		.uleb128 0x2c
 7859 281e 01       		.byte	0x1
 7860 281f 51       		.byte	0x51
 7861 2820 02       		.byte	0x2
 7862 2821 75       		.byte	0x75
 7863 2822 00       		.sleb128 0
 7864 2823 2C       		.uleb128 0x2c
 7865 2824 01       		.byte	0x1
 7866 2825 52       		.byte	0x52
 7867 2826 02       		.byte	0x2
 7868 2827 79       		.byte	0x79
 7869 2828 00       		.sleb128 0
 7870 2829 00       		.byte	0
 7871 282a 2E       		.uleb128 0x2e
 7872 282b 8E040000 		.4byte	.LVL201
 7873 282f D52F0000 		.4byte	0x2fd5
 7874 2833 2C       		.uleb128 0x2c
 7875 2834 01       		.byte	0x1
 7876 2835 50       		.byte	0x50
 7877 2836 02       		.byte	0x2
 7878 2837 74       		.byte	0x74
 7879 2838 00       		.sleb128 0
 7880 2839 2C       		.uleb128 0x2c
 7881 283a 01       		.byte	0x1
 7882 283b 51       		.byte	0x51
 7883 283c 02       		.byte	0x2
 7884 283d 75       		.byte	0x75
 7885 283e 00       		.sleb128 0
 7886 283f 2C       		.uleb128 0x2c
 7887 2840 01       		.byte	0x1
 7888 2841 52       		.byte	0x52
 7889 2842 02       		.byte	0x2
 7890 2843 79       		.byte	0x79
 7891 2844 00       		.sleb128 0
 7892 2845 00       		.byte	0
 7893 2846 00       		.byte	0
 7894 2847 00       		.byte	0
 7895 2848 2B       		.uleb128 0x2b
 7896 2849 28030000 		.4byte	.LVL169
 7897 284d F22F0000 		.4byte	0x2ff2
 7898 2851 5C280000 		.4byte	0x285c
 7899 2855 2C       		.uleb128 0x2c
 7900 2856 01       		.byte	0x1
 7901 2857 50       		.byte	0x50
 7902 2858 02       		.byte	0x2
 7903 2859 74       		.byte	0x74
 7904 285a 00       		.sleb128 0
 7905 285b 00       		.byte	0
 7906 285c 2B       		.uleb128 0x2b
 7907 285d 96030000 		.4byte	.LVL174
 7908 2861 00300000 		.4byte	0x3000
 7909 2865 76280000 		.4byte	0x2876
 7910 2869 2C       		.uleb128 0x2c
ARM GAS  /var/folders/65/xyhbx3_n6nd_hs7j3p9nfwv80000gn/T//ccls3DQP.s 			page 152


 7911 286a 01       		.byte	0x1
 7912 286b 50       		.byte	0x50
 7913 286c 02       		.byte	0x2
 7914 286d 74       		.byte	0x74
 7915 286e 00       		.sleb128 0
 7916 286f 2C       		.uleb128 0x2c
 7917 2870 01       		.byte	0x1
 7918 2871 51       		.byte	0x51
 7919 2872 02       		.byte	0x2
 7920 2873 76       		.byte	0x76
 7921 2874 00       		.sleb128 0
 7922 2875 00       		.byte	0
 7923 2876 2B       		.uleb128 0x2b
 7924 2877 A2030000 		.4byte	.LVL175
 7925 287b 0E300000 		.4byte	0x300e
 7926 287f 90280000 		.4byte	0x2890
 7927 2883 2C       		.uleb128 0x2c
 7928 2884 01       		.byte	0x1
 7929 2885 50       		.byte	0x50
 7930 2886 02       		.byte	0x2
 7931 2887 74       		.byte	0x74
 7932 2888 00       		.sleb128 0
 7933 2889 2C       		.uleb128 0x2c
 7934 288a 01       		.byte	0x1
 7935 288b 51       		.byte	0x51
 7936 288c 02       		.byte	0x2
 7937 288d 76       		.byte	0x76
 7938 288e 00       		.sleb128 0
 7939 288f 00       		.byte	0
 7940 2890 2B       		.uleb128 0x2b
 7941 2891 AE030000 		.4byte	.LVL176
 7942 2895 0E300000 		.4byte	0x300e
 7943 2899 AA280000 		.4byte	0x28aa
 7944 289d 2C       		.uleb128 0x2c
 7945 289e 01       		.byte	0x1
 7946 289f 50       		.byte	0x50
 7947 28a0 02       		.byte	0x2
 7948 28a1 74       		.byte	0x74
 7949 28a2 00       		.sleb128 0
 7950 28a3 2C       		.uleb128 0x2c
 7951 28a4 01       		.byte	0x1
 7952 28a5 51       		.byte	0x51
 7953 28a6 02       		.byte	0x2
 7954 28a7 09       		.byte	0x9
 7955 28a8 FF       		.byte	0xff
 7956 28a9 00       		.byte	0
 7957 28aa 2B       		.uleb128 0x2b
 7958 28ab BC030000 		.4byte	.LVL177
 7959 28af D52F0000 		.4byte	0x2fd5
 7960 28b3 CD280000 		.4byte	0x28cd
 7961 28b7 2C       		.uleb128 0x2c
 7962 28b8 01       		.byte	0x1
 7963 28b9 50       		.byte	0x50
 7964 28ba 02       		.byte	0x2
 7965 28bb 74       		.byte	0x74
 7966 28bc 00       		.sleb128 0
 7967 28bd 2C       		.uleb128 0x2c
ARM GAS  /var/folders/65/xyhbx3_n6nd_hs7j3p9nfwv80000gn/T//ccls3DQP.s 			page 153


 7968 28be 01       		.byte	0x1
 7969 28bf 51       		.byte	0x51
 7970 28c0 02       		.byte	0x2
 7971 28c1 75       		.byte	0x75
 7972 28c2 00       		.sleb128 0
 7973 28c3 2C       		.uleb128 0x2c
 7974 28c4 01       		.byte	0x1
 7975 28c5 52       		.byte	0x52
 7976 28c6 05       		.byte	0x5
 7977 28c7 03       		.byte	0x3
 7978 28c8 24000000 		.4byte	.LC13
 7979 28cc 00       		.byte	0
 7980 28cd 2B       		.uleb128 0x2b
 7981 28ce CE030000 		.4byte	.LVL179
 7982 28d2 8F2F0000 		.4byte	0x2f8f
 7983 28d6 ED280000 		.4byte	0x28ed
 7984 28da 2C       		.uleb128 0x2c
 7985 28db 01       		.byte	0x1
 7986 28dc 50       		.byte	0x50
 7987 28dd 02       		.byte	0x2
 7988 28de 74       		.byte	0x74
 7989 28df 00       		.sleb128 0
 7990 28e0 2C       		.uleb128 0x2c
 7991 28e1 01       		.byte	0x1
 7992 28e2 51       		.byte	0x51
 7993 28e3 02       		.byte	0x2
 7994 28e4 75       		.byte	0x75
 7995 28e5 00       		.sleb128 0
 7996 28e6 2C       		.uleb128 0x2c
 7997 28e7 01       		.byte	0x1
 7998 28e8 52       		.byte	0x52
 7999 28e9 02       		.byte	0x2
 8000 28ea 08       		.byte	0x8
 8001 28eb 7B       		.byte	0x7b
 8002 28ec 00       		.byte	0
 8003 28ed 2B       		.uleb128 0x2b
 8004 28ee DC030000 		.4byte	.LVL180
 8005 28f2 39300000 		.4byte	0x3039
 8006 28f6 0C290000 		.4byte	0x290c
 8007 28fa 2C       		.uleb128 0x2c
 8008 28fb 01       		.byte	0x1
 8009 28fc 50       		.byte	0x50
 8010 28fd 02       		.byte	0x2
 8011 28fe 74       		.byte	0x74
 8012 28ff 00       		.sleb128 0
 8013 2900 2C       		.uleb128 0x2c
 8014 2901 01       		.byte	0x1
 8015 2902 51       		.byte	0x51
 8016 2903 02       		.byte	0x2
 8017 2904 09       		.byte	0x9
 8018 2905 FF       		.byte	0xff
 8019 2906 2C       		.uleb128 0x2c
 8020 2907 01       		.byte	0x1
 8021 2908 52       		.byte	0x52
 8022 2909 01       		.byte	0x1
 8023 290a 31       		.byte	0x31
 8024 290b 00       		.byte	0
ARM GAS  /var/folders/65/xyhbx3_n6nd_hs7j3p9nfwv80000gn/T//ccls3DQP.s 			page 154


 8025 290c 2B       		.uleb128 0x2b
 8026 290d E6030000 		.4byte	.LVL181
 8027 2911 47300000 		.4byte	0x3047
 8028 2915 26290000 		.4byte	0x2926
 8029 2919 2C       		.uleb128 0x2c
 8030 291a 01       		.byte	0x1
 8031 291b 50       		.byte	0x50
 8032 291c 02       		.byte	0x2
 8033 291d 74       		.byte	0x74
 8034 291e 00       		.sleb128 0
 8035 291f 2C       		.uleb128 0x2c
 8036 2920 01       		.byte	0x1
 8037 2921 51       		.byte	0x51
 8038 2922 02       		.byte	0x2
 8039 2923 09       		.byte	0x9
 8040 2924 FF       		.byte	0xff
 8041 2925 00       		.byte	0
 8042 2926 2B       		.uleb128 0x2b
 8043 2927 28040000 		.4byte	.LVL188
 8044 292b D52F0000 		.4byte	0x2fd5
 8045 292f 46290000 		.4byte	0x2946
 8046 2933 2C       		.uleb128 0x2c
 8047 2934 01       		.byte	0x1
 8048 2935 50       		.byte	0x50
 8049 2936 02       		.byte	0x2
 8050 2937 74       		.byte	0x74
 8051 2938 00       		.sleb128 0
 8052 2939 2C       		.uleb128 0x2c
 8053 293a 01       		.byte	0x1
 8054 293b 51       		.byte	0x51
 8055 293c 02       		.byte	0x2
 8056 293d 75       		.byte	0x75
 8057 293e 00       		.sleb128 0
 8058 293f 2C       		.uleb128 0x2c
 8059 2940 01       		.byte	0x1
 8060 2941 52       		.byte	0x52
 8061 2942 02       		.byte	0x2
 8062 2943 77       		.byte	0x77
 8063 2944 00       		.sleb128 0
 8064 2945 00       		.byte	0
 8065 2946 2B       		.uleb128 0x2b
 8066 2947 34040000 		.4byte	.LVL189
 8067 294b 55300000 		.4byte	0x3055
 8068 294f 66290000 		.4byte	0x2966
 8069 2953 2C       		.uleb128 0x2c
 8070 2954 01       		.byte	0x1
 8071 2955 50       		.byte	0x50
 8072 2956 02       		.byte	0x2
 8073 2957 74       		.byte	0x74
 8074 2958 00       		.sleb128 0
 8075 2959 2C       		.uleb128 0x2c
 8076 295a 01       		.byte	0x1
 8077 295b 51       		.byte	0x51
 8078 295c 02       		.byte	0x2
 8079 295d 09       		.byte	0x9
 8080 295e FE       		.byte	0xfe
 8081 295f 2C       		.uleb128 0x2c
ARM GAS  /var/folders/65/xyhbx3_n6nd_hs7j3p9nfwv80000gn/T//ccls3DQP.s 			page 155


 8082 2960 01       		.byte	0x1
 8083 2961 52       		.byte	0x52
 8084 2962 02       		.byte	0x2
 8085 2963 79       		.byte	0x79
 8086 2964 00       		.sleb128 0
 8087 2965 00       		.byte	0
 8088 2966 2B       		.uleb128 0x2b
 8089 2967 3C040000 		.4byte	.LVL190
 8090 296b 3B1F0000 		.4byte	0x1f3b
 8091 296f 80290000 		.4byte	0x2980
 8092 2973 2C       		.uleb128 0x2c
 8093 2974 01       		.byte	0x1
 8094 2975 50       		.byte	0x50
 8095 2976 02       		.byte	0x2
 8096 2977 74       		.byte	0x74
 8097 2978 00       		.sleb128 0
 8098 2979 2C       		.uleb128 0x2c
 8099 297a 01       		.byte	0x1
 8100 297b 51       		.byte	0x51
 8101 297c 02       		.byte	0x2
 8102 297d 75       		.byte	0x75
 8103 297e 00       		.sleb128 0
 8104 297f 00       		.byte	0
 8105 2980 2B       		.uleb128 0x2b
 8106 2981 44040000 		.4byte	.LVL191
 8107 2985 492F0000 		.4byte	0x2f49
 8108 2989 99290000 		.4byte	0x2999
 8109 298d 2C       		.uleb128 0x2c
 8110 298e 01       		.byte	0x1
 8111 298f 50       		.byte	0x50
 8112 2990 02       		.byte	0x2
 8113 2991 74       		.byte	0x74
 8114 2992 00       		.sleb128 0
 8115 2993 2C       		.uleb128 0x2c
 8116 2994 01       		.byte	0x1
 8117 2995 51       		.byte	0x51
 8118 2996 01       		.byte	0x1
 8119 2997 31       		.byte	0x31
 8120 2998 00       		.byte	0
 8121 2999 2B       		.uleb128 0x2b
 8122 299a 82040000 		.4byte	.LVL198
 8123 299e D52F0000 		.4byte	0x2fd5
 8124 29a2 B9290000 		.4byte	0x29b9
 8125 29a6 2C       		.uleb128 0x2c
 8126 29a7 01       		.byte	0x1
 8127 29a8 50       		.byte	0x50
 8128 29a9 02       		.byte	0x2
 8129 29aa 74       		.byte	0x74
 8130 29ab 00       		.sleb128 0
 8131 29ac 2C       		.uleb128 0x2c
 8132 29ad 01       		.byte	0x1
 8133 29ae 51       		.byte	0x51
 8134 29af 02       		.byte	0x2
 8135 29b0 75       		.byte	0x75
 8136 29b1 00       		.sleb128 0
 8137 29b2 2C       		.uleb128 0x2c
 8138 29b3 01       		.byte	0x1
ARM GAS  /var/folders/65/xyhbx3_n6nd_hs7j3p9nfwv80000gn/T//ccls3DQP.s 			page 156


 8139 29b4 52       		.byte	0x52
 8140 29b5 02       		.byte	0x2
 8141 29b6 78       		.byte	0x78
 8142 29b7 00       		.sleb128 0
 8143 29b8 00       		.byte	0
 8144 29b9 2B       		.uleb128 0x2b
 8145 29ba 98040000 		.4byte	.LVL204
 8146 29be 492F0000 		.4byte	0x2f49
 8147 29c2 D2290000 		.4byte	0x29d2
 8148 29c6 2C       		.uleb128 0x2c
 8149 29c7 01       		.byte	0x1
 8150 29c8 50       		.byte	0x50
 8151 29c9 02       		.byte	0x2
 8152 29ca 74       		.byte	0x74
 8153 29cb 00       		.sleb128 0
 8154 29cc 2C       		.uleb128 0x2c
 8155 29cd 01       		.byte	0x1
 8156 29ce 51       		.byte	0x51
 8157 29cf 01       		.byte	0x1
 8158 29d0 31       		.byte	0x31
 8159 29d1 00       		.byte	0
 8160 29d2 2E       		.uleb128 0x2e
 8161 29d3 A2040000 		.4byte	.LVL205
 8162 29d7 8F2F0000 		.4byte	0x2f8f
 8163 29db 2C       		.uleb128 0x2c
 8164 29dc 01       		.byte	0x1
 8165 29dd 50       		.byte	0x50
 8166 29de 02       		.byte	0x2
 8167 29df 74       		.byte	0x74
 8168 29e0 00       		.sleb128 0
 8169 29e1 2C       		.uleb128 0x2c
 8170 29e2 01       		.byte	0x1
 8171 29e3 51       		.byte	0x51
 8172 29e4 02       		.byte	0x2
 8173 29e5 75       		.byte	0x75
 8174 29e6 00       		.sleb128 0
 8175 29e7 2C       		.uleb128 0x2c
 8176 29e8 01       		.byte	0x1
 8177 29e9 52       		.byte	0x52
 8178 29ea 02       		.byte	0x2
 8179 29eb 08       		.byte	0x8
 8180 29ec 7D       		.byte	0x7d
 8181 29ed 00       		.byte	0
 8182 29ee 00       		.byte	0
 8183 29ef 2B       		.uleb128 0x2b
 8184 29f0 B4000000 		.4byte	.LVL83
 8185 29f4 0E300000 		.4byte	0x300e
 8186 29f8 092A0000 		.4byte	0x2a09
 8187 29fc 2C       		.uleb128 0x2c
 8188 29fd 01       		.byte	0x1
 8189 29fe 50       		.byte	0x50
 8190 29ff 02       		.byte	0x2
 8191 2a00 74       		.byte	0x74
 8192 2a01 00       		.sleb128 0
 8193 2a02 2C       		.uleb128 0x2c
 8194 2a03 01       		.byte	0x1
 8195 2a04 51       		.byte	0x51
ARM GAS  /var/folders/65/xyhbx3_n6nd_hs7j3p9nfwv80000gn/T//ccls3DQP.s 			page 157


 8196 2a05 02       		.byte	0x2
 8197 2a06 09       		.byte	0x9
 8198 2a07 FF       		.byte	0xff
 8199 2a08 00       		.byte	0
 8200 2a09 2B       		.uleb128 0x2b
 8201 2a0a 54010000 		.4byte	.LVL101
 8202 2a0e D52F0000 		.4byte	0x2fd5
 8203 2a12 2C2A0000 		.4byte	0x2a2c
 8204 2a16 2C       		.uleb128 0x2c
 8205 2a17 01       		.byte	0x1
 8206 2a18 50       		.byte	0x50
 8207 2a19 02       		.byte	0x2
 8208 2a1a 74       		.byte	0x74
 8209 2a1b 00       		.sleb128 0
 8210 2a1c 2C       		.uleb128 0x2c
 8211 2a1d 01       		.byte	0x1
 8212 2a1e 51       		.byte	0x51
 8213 2a1f 02       		.byte	0x2
 8214 2a20 75       		.byte	0x75
 8215 2a21 00       		.sleb128 0
 8216 2a22 2C       		.uleb128 0x2c
 8217 2a23 01       		.byte	0x1
 8218 2a24 52       		.byte	0x52
 8219 2a25 05       		.byte	0x5
 8220 2a26 03       		.byte	0x3
 8221 2a27 34000000 		.4byte	.LC17
 8222 2a2b 00       		.byte	0
 8223 2a2c 2B       		.uleb128 0x2b
 8224 2a2d 5E010000 		.4byte	.LVL102
 8225 2a31 D52F0000 		.4byte	0x2fd5
 8226 2a35 462A0000 		.4byte	0x2a46
 8227 2a39 2C       		.uleb128 0x2c
 8228 2a3a 01       		.byte	0x1
 8229 2a3b 50       		.byte	0x50
 8230 2a3c 02       		.byte	0x2
 8231 2a3d 74       		.byte	0x74
 8232 2a3e 00       		.sleb128 0
 8233 2a3f 2C       		.uleb128 0x2c
 8234 2a40 01       		.byte	0x1
 8235 2a41 51       		.byte	0x51
 8236 2a42 02       		.byte	0x2
 8237 2a43 75       		.byte	0x75
 8238 2a44 00       		.sleb128 0
 8239 2a45 00       		.byte	0
 8240 2a46 2B       		.uleb128 0x2b
 8241 2a47 68010000 		.4byte	.LVL103
 8242 2a4b D52F0000 		.4byte	0x2fd5
 8243 2a4f 692A0000 		.4byte	0x2a69
 8244 2a53 2C       		.uleb128 0x2c
 8245 2a54 01       		.byte	0x1
 8246 2a55 50       		.byte	0x50
 8247 2a56 02       		.byte	0x2
 8248 2a57 74       		.byte	0x74
 8249 2a58 00       		.sleb128 0
 8250 2a59 2C       		.uleb128 0x2c
 8251 2a5a 01       		.byte	0x1
 8252 2a5b 51       		.byte	0x51
ARM GAS  /var/folders/65/xyhbx3_n6nd_hs7j3p9nfwv80000gn/T//ccls3DQP.s 			page 158


 8253 2a5c 02       		.byte	0x2
 8254 2a5d 75       		.byte	0x75
 8255 2a5e 00       		.sleb128 0
 8256 2a5f 2C       		.uleb128 0x2c
 8257 2a60 01       		.byte	0x1
 8258 2a61 52       		.byte	0x52
 8259 2a62 05       		.byte	0x5
 8260 2a63 03       		.byte	0x3
 8261 2a64 54000000 		.4byte	.LC19
 8262 2a68 00       		.byte	0
 8263 2a69 2B       		.uleb128 0x2b
 8264 2a6a 74010000 		.4byte	.LVL106
 8265 2a6e D52F0000 		.4byte	0x2fd5
 8266 2a72 8C2A0000 		.4byte	0x2a8c
 8267 2a76 2C       		.uleb128 0x2c
 8268 2a77 01       		.byte	0x1
 8269 2a78 50       		.byte	0x50
 8270 2a79 02       		.byte	0x2
 8271 2a7a 74       		.byte	0x74
 8272 2a7b 00       		.sleb128 0
 8273 2a7c 2C       		.uleb128 0x2c
 8274 2a7d 01       		.byte	0x1
 8275 2a7e 51       		.byte	0x51
 8276 2a7f 02       		.byte	0x2
 8277 2a80 75       		.byte	0x75
 8278 2a81 00       		.sleb128 0
 8279 2a82 2C       		.uleb128 0x2c
 8280 2a83 01       		.byte	0x1
 8281 2a84 52       		.byte	0x52
 8282 2a85 05       		.byte	0x5
 8283 2a86 03       		.byte	0x3
 8284 2a87 CC000000 		.4byte	.LC29
 8285 2a8b 00       		.byte	0
 8286 2a8c 2B       		.uleb128 0x2b
 8287 2a8d 80010000 		.4byte	.LVL109
 8288 2a91 D52F0000 		.4byte	0x2fd5
 8289 2a95 AF2A0000 		.4byte	0x2aaf
 8290 2a99 2C       		.uleb128 0x2c
 8291 2a9a 01       		.byte	0x1
 8292 2a9b 50       		.byte	0x50
 8293 2a9c 02       		.byte	0x2
 8294 2a9d 74       		.byte	0x74
 8295 2a9e 00       		.sleb128 0
 8296 2a9f 2C       		.uleb128 0x2c
 8297 2aa0 01       		.byte	0x1
 8298 2aa1 51       		.byte	0x51
 8299 2aa2 02       		.byte	0x2
 8300 2aa3 75       		.byte	0x75
 8301 2aa4 00       		.sleb128 0
 8302 2aa5 2C       		.uleb128 0x2c
 8303 2aa6 01       		.byte	0x1
 8304 2aa7 52       		.byte	0x52
 8305 2aa8 05       		.byte	0x5
 8306 2aa9 03       		.byte	0x3
 8307 2aaa C4000000 		.4byte	.LC28
 8308 2aae 00       		.byte	0
 8309 2aaf 2B       		.uleb128 0x2b
ARM GAS  /var/folders/65/xyhbx3_n6nd_hs7j3p9nfwv80000gn/T//ccls3DQP.s 			page 159


 8310 2ab0 B8010000 		.4byte	.LVL119
 8311 2ab4 8F2F0000 		.4byte	0x2f8f
 8312 2ab8 CF2A0000 		.4byte	0x2acf
 8313 2abc 2C       		.uleb128 0x2c
 8314 2abd 01       		.byte	0x1
 8315 2abe 50       		.byte	0x50
 8316 2abf 02       		.byte	0x2
 8317 2ac0 74       		.byte	0x74
 8318 2ac1 00       		.sleb128 0
 8319 2ac2 2C       		.uleb128 0x2c
 8320 2ac3 01       		.byte	0x1
 8321 2ac4 51       		.byte	0x51
 8322 2ac5 02       		.byte	0x2
 8323 2ac6 75       		.byte	0x75
 8324 2ac7 00       		.sleb128 0
 8325 2ac8 2C       		.uleb128 0x2c
 8326 2ac9 01       		.byte	0x1
 8327 2aca 52       		.byte	0x52
 8328 2acb 02       		.byte	0x2
 8329 2acc 08       		.byte	0x8
 8330 2acd 2F       		.byte	0x2f
 8331 2ace 00       		.byte	0
 8332 2acf 2B       		.uleb128 0x2b
 8333 2ad0 C2010000 		.4byte	.LVL120
 8334 2ad4 D52F0000 		.4byte	0x2fd5
 8335 2ad8 E92A0000 		.4byte	0x2ae9
 8336 2adc 2C       		.uleb128 0x2c
 8337 2add 01       		.byte	0x1
 8338 2ade 50       		.byte	0x50
 8339 2adf 02       		.byte	0x2
 8340 2ae0 74       		.byte	0x74
 8341 2ae1 00       		.sleb128 0
 8342 2ae2 2C       		.uleb128 0x2c
 8343 2ae3 01       		.byte	0x1
 8344 2ae4 51       		.byte	0x51
 8345 2ae5 02       		.byte	0x2
 8346 2ae6 75       		.byte	0x75
 8347 2ae7 00       		.sleb128 0
 8348 2ae8 00       		.byte	0
 8349 2ae9 2B       		.uleb128 0x2b
 8350 2aea CC010000 		.4byte	.LVL121
 8351 2aee 8F2F0000 		.4byte	0x2f8f
 8352 2af2 092B0000 		.4byte	0x2b09
 8353 2af6 2C       		.uleb128 0x2c
 8354 2af7 01       		.byte	0x1
 8355 2af8 50       		.byte	0x50
 8356 2af9 02       		.byte	0x2
 8357 2afa 74       		.byte	0x74
 8358 2afb 00       		.sleb128 0
 8359 2afc 2C       		.uleb128 0x2c
 8360 2afd 01       		.byte	0x1
 8361 2afe 51       		.byte	0x51
 8362 2aff 02       		.byte	0x2
 8363 2b00 75       		.byte	0x75
 8364 2b01 00       		.sleb128 0
 8365 2b02 2C       		.uleb128 0x2c
 8366 2b03 01       		.byte	0x1
ARM GAS  /var/folders/65/xyhbx3_n6nd_hs7j3p9nfwv80000gn/T//ccls3DQP.s 			page 160


 8367 2b04 52       		.byte	0x52
 8368 2b05 02       		.byte	0x2
 8369 2b06 08       		.byte	0x8
 8370 2b07 2F       		.byte	0x2f
 8371 2b08 00       		.byte	0
 8372 2b09 2B       		.uleb128 0x2b
 8373 2b0a EA010000 		.4byte	.LVL122
 8374 2b0e 8F2F0000 		.4byte	0x2f8f
 8375 2b12 292B0000 		.4byte	0x2b29
 8376 2b16 2C       		.uleb128 0x2c
 8377 2b17 01       		.byte	0x1
 8378 2b18 50       		.byte	0x50
 8379 2b19 02       		.byte	0x2
 8380 2b1a 74       		.byte	0x74
 8381 2b1b 00       		.sleb128 0
 8382 2b1c 2C       		.uleb128 0x2c
 8383 2b1d 01       		.byte	0x1
 8384 2b1e 51       		.byte	0x51
 8385 2b1f 02       		.byte	0x2
 8386 2b20 75       		.byte	0x75
 8387 2b21 00       		.sleb128 0
 8388 2b22 2C       		.uleb128 0x2c
 8389 2b23 01       		.byte	0x1
 8390 2b24 52       		.byte	0x52
 8391 2b25 02       		.byte	0x2
 8392 2b26 08       		.byte	0x8
 8393 2b27 6D       		.byte	0x6d
 8394 2b28 00       		.byte	0
 8395 2b29 2B       		.uleb128 0x2b
 8396 2b2a F6010000 		.4byte	.LVL125
 8397 2b2e D52F0000 		.4byte	0x2fd5
 8398 2b32 4C2B0000 		.4byte	0x2b4c
 8399 2b36 2C       		.uleb128 0x2c
 8400 2b37 01       		.byte	0x1
 8401 2b38 50       		.byte	0x50
 8402 2b39 02       		.byte	0x2
 8403 2b3a 74       		.byte	0x74
 8404 2b3b 00       		.sleb128 0
 8405 2b3c 2C       		.uleb128 0x2c
 8406 2b3d 01       		.byte	0x1
 8407 2b3e 51       		.byte	0x51
 8408 2b3f 02       		.byte	0x2
 8409 2b40 75       		.byte	0x75
 8410 2b41 00       		.sleb128 0
 8411 2b42 2C       		.uleb128 0x2c
 8412 2b43 01       		.byte	0x1
 8413 2b44 52       		.byte	0x52
 8414 2b45 05       		.byte	0x5
 8415 2b46 03       		.byte	0x3
 8416 2b47 E0000000 		.4byte	.LC31
 8417 2b4b 00       		.byte	0
 8418 2b4c 2B       		.uleb128 0x2b
 8419 2b4d 00020000 		.4byte	.LVL126
 8420 2b51 D52F0000 		.4byte	0x2fd5
 8421 2b55 662B0000 		.4byte	0x2b66
 8422 2b59 2C       		.uleb128 0x2c
 8423 2b5a 01       		.byte	0x1
ARM GAS  /var/folders/65/xyhbx3_n6nd_hs7j3p9nfwv80000gn/T//ccls3DQP.s 			page 161


 8424 2b5b 50       		.byte	0x50
 8425 2b5c 02       		.byte	0x2
 8426 2b5d 74       		.byte	0x74
 8427 2b5e 00       		.sleb128 0
 8428 2b5f 2C       		.uleb128 0x2c
 8429 2b60 01       		.byte	0x1
 8430 2b61 51       		.byte	0x51
 8431 2b62 02       		.byte	0x2
 8432 2b63 75       		.byte	0x75
 8433 2b64 00       		.sleb128 0
 8434 2b65 00       		.byte	0
 8435 2b66 2B       		.uleb128 0x2b
 8436 2b67 0A020000 		.4byte	.LVL127
 8437 2b6b 8F2F0000 		.4byte	0x2f8f
 8438 2b6f 862B0000 		.4byte	0x2b86
 8439 2b73 2C       		.uleb128 0x2c
 8440 2b74 01       		.byte	0x1
 8441 2b75 50       		.byte	0x50
 8442 2b76 02       		.byte	0x2
 8443 2b77 74       		.byte	0x74
 8444 2b78 00       		.sleb128 0
 8445 2b79 2C       		.uleb128 0x2c
 8446 2b7a 01       		.byte	0x1
 8447 2b7b 51       		.byte	0x51
 8448 2b7c 02       		.byte	0x2
 8449 2b7d 75       		.byte	0x75
 8450 2b7e 00       		.sleb128 0
 8451 2b7f 2C       		.uleb128 0x2c
 8452 2b80 01       		.byte	0x1
 8453 2b81 52       		.byte	0x52
 8454 2b82 02       		.byte	0x2
 8455 2b83 08       		.byte	0x8
 8456 2b84 5D       		.byte	0x5d
 8457 2b85 00       		.byte	0
 8458 2b86 2B       		.uleb128 0x2b
 8459 2b87 16020000 		.4byte	.LVL130
 8460 2b8b D52F0000 		.4byte	0x2fd5
 8461 2b8f A92B0000 		.4byte	0x2ba9
 8462 2b93 2C       		.uleb128 0x2c
 8463 2b94 01       		.byte	0x1
 8464 2b95 50       		.byte	0x50
 8465 2b96 02       		.byte	0x2
 8466 2b97 74       		.byte	0x74
 8467 2b98 00       		.sleb128 0
 8468 2b99 2C       		.uleb128 0x2c
 8469 2b9a 01       		.byte	0x1
 8470 2b9b 51       		.byte	0x51
 8471 2b9c 02       		.byte	0x2
 8472 2b9d 75       		.byte	0x75
 8473 2b9e 00       		.sleb128 0
 8474 2b9f 2C       		.uleb128 0x2c
 8475 2ba0 01       		.byte	0x1
 8476 2ba1 52       		.byte	0x52
 8477 2ba2 05       		.byte	0x5
 8478 2ba3 03       		.byte	0x3
 8479 2ba4 D4000000 		.4byte	.LC30
 8480 2ba8 00       		.byte	0
ARM GAS  /var/folders/65/xyhbx3_n6nd_hs7j3p9nfwv80000gn/T//ccls3DQP.s 			page 162


 8481 2ba9 2B       		.uleb128 0x2b
 8482 2baa 22020000 		.4byte	.LVL133
 8483 2bae D52F0000 		.4byte	0x2fd5
 8484 2bb2 CC2B0000 		.4byte	0x2bcc
 8485 2bb6 2C       		.uleb128 0x2c
 8486 2bb7 01       		.byte	0x1
 8487 2bb8 50       		.byte	0x50
 8488 2bb9 02       		.byte	0x2
 8489 2bba 74       		.byte	0x74
 8490 2bbb 00       		.sleb128 0
 8491 2bbc 2C       		.uleb128 0x2c
 8492 2bbd 01       		.byte	0x1
 8493 2bbe 51       		.byte	0x51
 8494 2bbf 02       		.byte	0x2
 8495 2bc0 75       		.byte	0x75
 8496 2bc1 00       		.sleb128 0
 8497 2bc2 2C       		.uleb128 0x2c
 8498 2bc3 01       		.byte	0x1
 8499 2bc4 52       		.byte	0x52
 8500 2bc5 05       		.byte	0x5
 8501 2bc6 03       		.byte	0x3
 8502 2bc7 90000000 		.4byte	.LC23
 8503 2bcb 00       		.byte	0
 8504 2bcc 2B       		.uleb128 0x2b
 8505 2bcd 2C020000 		.4byte	.LVL134
 8506 2bd1 81200000 		.4byte	0x2081
 8507 2bd5 E62B0000 		.4byte	0x2be6
 8508 2bd9 2C       		.uleb128 0x2c
 8509 2bda 01       		.byte	0x1
 8510 2bdb 50       		.byte	0x50
 8511 2bdc 02       		.byte	0x2
 8512 2bdd 74       		.byte	0x74
 8513 2bde 00       		.sleb128 0
 8514 2bdf 2C       		.uleb128 0x2c
 8515 2be0 01       		.byte	0x1
 8516 2be1 51       		.byte	0x51
 8517 2be2 02       		.byte	0x2
 8518 2be3 75       		.byte	0x75
 8519 2be4 00       		.sleb128 0
 8520 2be5 00       		.byte	0
 8521 2be6 2B       		.uleb128 0x2b
 8522 2be7 36020000 		.4byte	.LVL135
 8523 2beb D52F0000 		.4byte	0x2fd5
 8524 2bef 092C0000 		.4byte	0x2c09
 8525 2bf3 2C       		.uleb128 0x2c
 8526 2bf4 01       		.byte	0x1
 8527 2bf5 50       		.byte	0x50
 8528 2bf6 02       		.byte	0x2
 8529 2bf7 74       		.byte	0x74
 8530 2bf8 00       		.sleb128 0
 8531 2bf9 2C       		.uleb128 0x2c
 8532 2bfa 01       		.byte	0x1
 8533 2bfb 51       		.byte	0x51
 8534 2bfc 02       		.byte	0x2
 8535 2bfd 75       		.byte	0x75
 8536 2bfe 00       		.sleb128 0
 8537 2bff 2C       		.uleb128 0x2c
ARM GAS  /var/folders/65/xyhbx3_n6nd_hs7j3p9nfwv80000gn/T//ccls3DQP.s 			page 163


 8538 2c00 01       		.byte	0x1
 8539 2c01 52       		.byte	0x52
 8540 2c02 05       		.byte	0x5
 8541 2c03 03       		.byte	0x3
 8542 2c04 7C000000 		.4byte	.LC21
 8543 2c08 00       		.byte	0
 8544 2c09 2B       		.uleb128 0x2b
 8545 2c0a 42020000 		.4byte	.LVL138
 8546 2c0e D52F0000 		.4byte	0x2fd5
 8547 2c12 2C2C0000 		.4byte	0x2c2c
 8548 2c16 2C       		.uleb128 0x2c
 8549 2c17 01       		.byte	0x1
 8550 2c18 50       		.byte	0x50
 8551 2c19 02       		.byte	0x2
 8552 2c1a 74       		.byte	0x74
 8553 2c1b 00       		.sleb128 0
 8554 2c1c 2C       		.uleb128 0x2c
 8555 2c1d 01       		.byte	0x1
 8556 2c1e 51       		.byte	0x51
 8557 2c1f 02       		.byte	0x2
 8558 2c20 75       		.byte	0x75
 8559 2c21 00       		.sleb128 0
 8560 2c22 2C       		.uleb128 0x2c
 8561 2c23 01       		.byte	0x1
 8562 2c24 52       		.byte	0x52
 8563 2c25 05       		.byte	0x5
 8564 2c26 03       		.byte	0x3
 8565 2c27 80000000 		.4byte	.LC22
 8566 2c2b 00       		.byte	0
 8567 2c2c 2B       		.uleb128 0x2b
 8568 2c2d 4E020000 		.4byte	.LVL139
 8569 2c31 47230000 		.4byte	0x2347
 8570 2c35 462C0000 		.4byte	0x2c46
 8571 2c39 2C       		.uleb128 0x2c
 8572 2c3a 01       		.byte	0x1
 8573 2c3b 50       		.byte	0x50
 8574 2c3c 02       		.byte	0x2
 8575 2c3d 74       		.byte	0x74
 8576 2c3e 00       		.sleb128 0
 8577 2c3f 2C       		.uleb128 0x2c
 8578 2c40 01       		.byte	0x1
 8579 2c41 51       		.byte	0x51
 8580 2c42 02       		.byte	0x2
 8581 2c43 75       		.byte	0x75
 8582 2c44 00       		.sleb128 0
 8583 2c45 00       		.byte	0
 8584 2c46 2B       		.uleb128 0x2b
 8585 2c47 58020000 		.4byte	.LVL140
 8586 2c4b D52F0000 		.4byte	0x2fd5
 8587 2c4f 692C0000 		.4byte	0x2c69
 8588 2c53 2C       		.uleb128 0x2c
 8589 2c54 01       		.byte	0x1
 8590 2c55 50       		.byte	0x50
 8591 2c56 02       		.byte	0x2
 8592 2c57 74       		.byte	0x74
 8593 2c58 00       		.sleb128 0
 8594 2c59 2C       		.uleb128 0x2c
ARM GAS  /var/folders/65/xyhbx3_n6nd_hs7j3p9nfwv80000gn/T//ccls3DQP.s 			page 164


 8595 2c5a 01       		.byte	0x1
 8596 2c5b 51       		.byte	0x51
 8597 2c5c 02       		.byte	0x2
 8598 2c5d 75       		.byte	0x75
 8599 2c5e 00       		.sleb128 0
 8600 2c5f 2C       		.uleb128 0x2c
 8601 2c60 01       		.byte	0x1
 8602 2c61 52       		.byte	0x52
 8603 2c62 05       		.byte	0x5
 8604 2c63 03       		.byte	0x3
 8605 2c64 7C000000 		.4byte	.LC21
 8606 2c68 00       		.byte	0
 8607 2c69 2B       		.uleb128 0x2b
 8608 2c6a 64020000 		.4byte	.LVL143
 8609 2c6e D52F0000 		.4byte	0x2fd5
 8610 2c72 8C2C0000 		.4byte	0x2c8c
 8611 2c76 2C       		.uleb128 0x2c
 8612 2c77 01       		.byte	0x1
 8613 2c78 50       		.byte	0x50
 8614 2c79 02       		.byte	0x2
 8615 2c7a 74       		.byte	0x74
 8616 2c7b 00       		.sleb128 0
 8617 2c7c 2C       		.uleb128 0x2c
 8618 2c7d 01       		.byte	0x1
 8619 2c7e 51       		.byte	0x51
 8620 2c7f 02       		.byte	0x2
 8621 2c80 75       		.byte	0x75
 8622 2c81 00       		.sleb128 0
 8623 2c82 2C       		.uleb128 0x2c
 8624 2c83 01       		.byte	0x1
 8625 2c84 52       		.byte	0x52
 8626 2c85 05       		.byte	0x5
 8627 2c86 03       		.byte	0x3
 8628 2c87 6C000000 		.4byte	.LC20
 8629 2c8b 00       		.byte	0
 8630 2c8c 2B       		.uleb128 0x2b
 8631 2c8d 80020000 		.4byte	.LVL146
 8632 2c91 D52F0000 		.4byte	0x2fd5
 8633 2c95 AF2C0000 		.4byte	0x2caf
 8634 2c99 2C       		.uleb128 0x2c
 8635 2c9a 01       		.byte	0x1
 8636 2c9b 50       		.byte	0x50
 8637 2c9c 02       		.byte	0x2
 8638 2c9d 74       		.byte	0x74
 8639 2c9e 00       		.sleb128 0
 8640 2c9f 2C       		.uleb128 0x2c
 8641 2ca0 01       		.byte	0x1
 8642 2ca1 51       		.byte	0x51
 8643 2ca2 02       		.byte	0x2
 8644 2ca3 75       		.byte	0x75
 8645 2ca4 00       		.sleb128 0
 8646 2ca5 2C       		.uleb128 0x2c
 8647 2ca6 01       		.byte	0x1
 8648 2ca7 52       		.byte	0x52
 8649 2ca8 05       		.byte	0x5
 8650 2ca9 03       		.byte	0x3
 8651 2caa AC000000 		.4byte	.LC25
ARM GAS  /var/folders/65/xyhbx3_n6nd_hs7j3p9nfwv80000gn/T//ccls3DQP.s 			page 165


 8652 2cae 00       		.byte	0
 8653 2caf 2B       		.uleb128 0x2b
 8654 2cb0 8C020000 		.4byte	.LVL147
 8655 2cb4 55300000 		.4byte	0x3055
 8656 2cb8 D22C0000 		.4byte	0x2cd2
 8657 2cbc 2C       		.uleb128 0x2c
 8658 2cbd 01       		.byte	0x1
 8659 2cbe 50       		.byte	0x50
 8660 2cbf 02       		.byte	0x2
 8661 2cc0 74       		.byte	0x74
 8662 2cc1 00       		.sleb128 0
 8663 2cc2 2C       		.uleb128 0x2c
 8664 2cc3 01       		.byte	0x1
 8665 2cc4 51       		.byte	0x51
 8666 2cc5 02       		.byte	0x2
 8667 2cc6 09       		.byte	0x9
 8668 2cc7 FF       		.byte	0xff
 8669 2cc8 2C       		.uleb128 0x2c
 8670 2cc9 01       		.byte	0x1
 8671 2cca 52       		.byte	0x52
 8672 2ccb 05       		.byte	0x5
 8673 2ccc 03       		.byte	0x3
 8674 2ccd B4000000 		.4byte	.LC26
 8675 2cd1 00       		.byte	0
 8676 2cd2 2B       		.uleb128 0x2b
 8677 2cd3 96020000 		.4byte	.LVL148
 8678 2cd7 732F0000 		.4byte	0x2f73
 8679 2cdb EC2C0000 		.4byte	0x2cec
 8680 2cdf 2C       		.uleb128 0x2c
 8681 2ce0 01       		.byte	0x1
 8682 2ce1 50       		.byte	0x50
 8683 2ce2 02       		.byte	0x2
 8684 2ce3 74       		.byte	0x74
 8685 2ce4 00       		.sleb128 0
 8686 2ce5 2C       		.uleb128 0x2c
 8687 2ce6 01       		.byte	0x1
 8688 2ce7 51       		.byte	0x51
 8689 2ce8 02       		.byte	0x2
 8690 2ce9 09       		.byte	0x9
 8691 2cea FF       		.byte	0xff
 8692 2ceb 00       		.byte	0
 8693 2cec 2B       		.uleb128 0x2b
 8694 2ced A0020000 		.4byte	.LVL149
 8695 2cf1 D52F0000 		.4byte	0x2fd5
 8696 2cf5 062D0000 		.4byte	0x2d06
 8697 2cf9 2C       		.uleb128 0x2c
 8698 2cfa 01       		.byte	0x1
 8699 2cfb 50       		.byte	0x50
 8700 2cfc 02       		.byte	0x2
 8701 2cfd 74       		.byte	0x74
 8702 2cfe 00       		.sleb128 0
 8703 2cff 2C       		.uleb128 0x2c
 8704 2d00 01       		.byte	0x1
 8705 2d01 51       		.byte	0x51
 8706 2d02 02       		.byte	0x2
 8707 2d03 75       		.byte	0x75
 8708 2d04 00       		.sleb128 0
ARM GAS  /var/folders/65/xyhbx3_n6nd_hs7j3p9nfwv80000gn/T//ccls3DQP.s 			page 166


 8709 2d05 00       		.byte	0
 8710 2d06 2B       		.uleb128 0x2b
 8711 2d07 A8020000 		.4byte	.LVL150
 8712 2d0b 492F0000 		.4byte	0x2f49
 8713 2d0f 1F2D0000 		.4byte	0x2d1f
 8714 2d13 2C       		.uleb128 0x2c
 8715 2d14 01       		.byte	0x1
 8716 2d15 50       		.byte	0x50
 8717 2d16 02       		.byte	0x2
 8718 2d17 74       		.byte	0x74
 8719 2d18 00       		.sleb128 0
 8720 2d19 2C       		.uleb128 0x2c
 8721 2d1a 01       		.byte	0x1
 8722 2d1b 51       		.byte	0x51
 8723 2d1c 01       		.byte	0x1
 8724 2d1d 31       		.byte	0x31
 8725 2d1e 00       		.byte	0
 8726 2d1f 2B       		.uleb128 0x2b
 8727 2d20 B2020000 		.4byte	.LVL151
 8728 2d24 8F2F0000 		.4byte	0x2f8f
 8729 2d28 3F2D0000 		.4byte	0x2d3f
 8730 2d2c 2C       		.uleb128 0x2c
 8731 2d2d 01       		.byte	0x1
 8732 2d2e 50       		.byte	0x50
 8733 2d2f 02       		.byte	0x2
 8734 2d30 74       		.byte	0x74
 8735 2d31 00       		.sleb128 0
 8736 2d32 2C       		.uleb128 0x2c
 8737 2d33 01       		.byte	0x1
 8738 2d34 51       		.byte	0x51
 8739 2d35 02       		.byte	0x2
 8740 2d36 75       		.byte	0x75
 8741 2d37 00       		.sleb128 0
 8742 2d38 2C       		.uleb128 0x2c
 8743 2d39 01       		.byte	0x1
 8744 2d3a 52       		.byte	0x52
 8745 2d3b 02       		.byte	0x2
 8746 2d3c 08       		.byte	0x8
 8747 2d3d 28       		.byte	0x28
 8748 2d3e 00       		.byte	0
 8749 2d3f 2B       		.uleb128 0x2b
 8750 2d40 BE020000 		.4byte	.LVL152
 8751 2d44 63300000 		.4byte	0x3063
 8752 2d48 622D0000 		.4byte	0x2d62
 8753 2d4c 2C       		.uleb128 0x2c
 8754 2d4d 01       		.byte	0x1
 8755 2d4e 50       		.byte	0x50
 8756 2d4f 02       		.byte	0x2
 8757 2d50 74       		.byte	0x74
 8758 2d51 00       		.sleb128 0
 8759 2d52 2C       		.uleb128 0x2c
 8760 2d53 01       		.byte	0x1
 8761 2d54 51       		.byte	0x51
 8762 2d55 02       		.byte	0x2
 8763 2d56 09       		.byte	0x9
 8764 2d57 FF       		.byte	0xff
 8765 2d58 2C       		.uleb128 0x2c
ARM GAS  /var/folders/65/xyhbx3_n6nd_hs7j3p9nfwv80000gn/T//ccls3DQP.s 			page 167


 8766 2d59 01       		.byte	0x1
 8767 2d5a 52       		.byte	0x52
 8768 2d5b 05       		.byte	0x5
 8769 2d5c 03       		.byte	0x3
 8770 2d5d BC000000 		.4byte	.LC27
 8771 2d61 00       		.byte	0
 8772 2d62 2B       		.uleb128 0x2b
 8773 2d63 CC020000 		.4byte	.LVL153
 8774 2d67 3B1F0000 		.4byte	0x1f3b
 8775 2d6b 7C2D0000 		.4byte	0x2d7c
 8776 2d6f 2C       		.uleb128 0x2c
 8777 2d70 01       		.byte	0x1
 8778 2d71 50       		.byte	0x50
 8779 2d72 02       		.byte	0x2
 8780 2d73 74       		.byte	0x74
 8781 2d74 00       		.sleb128 0
 8782 2d75 2C       		.uleb128 0x2c
 8783 2d76 01       		.byte	0x1
 8784 2d77 51       		.byte	0x51
 8785 2d78 02       		.byte	0x2
 8786 2d79 75       		.byte	0x75
 8787 2d7a 00       		.sleb128 0
 8788 2d7b 00       		.byte	0
 8789 2d7c 2B       		.uleb128 0x2b
 8790 2d7d D4020000 		.4byte	.LVL154
 8791 2d81 492F0000 		.4byte	0x2f49
 8792 2d85 952D0000 		.4byte	0x2d95
 8793 2d89 2C       		.uleb128 0x2c
 8794 2d8a 01       		.byte	0x1
 8795 2d8b 50       		.byte	0x50
 8796 2d8c 02       		.byte	0x2
 8797 2d8d 74       		.byte	0x74
 8798 2d8e 00       		.sleb128 0
 8799 2d8f 2C       		.uleb128 0x2c
 8800 2d90 01       		.byte	0x1
 8801 2d91 51       		.byte	0x51
 8802 2d92 01       		.byte	0x1
 8803 2d93 31       		.byte	0x31
 8804 2d94 00       		.byte	0
 8805 2d95 2B       		.uleb128 0x2b
 8806 2d96 02050000 		.4byte	.LVL216
 8807 2d9a 8F2F0000 		.4byte	0x2f8f
 8808 2d9e B52D0000 		.4byte	0x2db5
 8809 2da2 2C       		.uleb128 0x2c
 8810 2da3 01       		.byte	0x1
 8811 2da4 50       		.byte	0x50
 8812 2da5 02       		.byte	0x2
 8813 2da6 74       		.byte	0x74
 8814 2da7 00       		.sleb128 0
 8815 2da8 2C       		.uleb128 0x2c
 8816 2da9 01       		.byte	0x1
 8817 2daa 51       		.byte	0x51
 8818 2dab 02       		.byte	0x2
 8819 2dac 75       		.byte	0x75
 8820 2dad 00       		.sleb128 0
 8821 2dae 2C       		.uleb128 0x2c
 8822 2daf 01       		.byte	0x1
ARM GAS  /var/folders/65/xyhbx3_n6nd_hs7j3p9nfwv80000gn/T//ccls3DQP.s 			page 168


 8823 2db0 52       		.byte	0x52
 8824 2db1 02       		.byte	0x2
 8825 2db2 08       		.byte	0x8
 8826 2db3 69       		.byte	0x69
 8827 2db4 00       		.byte	0
 8828 2db5 2E       		.uleb128 0x2e
 8829 2db6 10050000 		.4byte	.LVL217
 8830 2dba 8F2F0000 		.4byte	0x2f8f
 8831 2dbe 2C       		.uleb128 0x2c
 8832 2dbf 01       		.byte	0x1
 8833 2dc0 50       		.byte	0x50
 8834 2dc1 02       		.byte	0x2
 8835 2dc2 74       		.byte	0x74
 8836 2dc3 00       		.sleb128 0
 8837 2dc4 2C       		.uleb128 0x2c
 8838 2dc5 01       		.byte	0x1
 8839 2dc6 51       		.byte	0x51
 8840 2dc7 02       		.byte	0x2
 8841 2dc8 75       		.byte	0x75
 8842 2dc9 00       		.sleb128 0
 8843 2dca 2C       		.uleb128 0x2c
 8844 2dcb 01       		.byte	0x1
 8845 2dcc 52       		.byte	0x52
 8846 2dcd 02       		.byte	0x2
 8847 2dce 08       		.byte	0x8
 8848 2dcf 67       		.byte	0x67
 8849 2dd0 00       		.byte	0
 8850 2dd1 00       		.byte	0
 8851 2dd2 2B       		.uleb128 0x2b
 8852 2dd3 4A000000 		.4byte	.LVL73
 8853 2dd7 71300000 		.4byte	0x3071
 8854 2ddb EC2D0000 		.4byte	0x2dec
 8855 2ddf 2C       		.uleb128 0x2c
 8856 2de0 01       		.byte	0x1
 8857 2de1 50       		.byte	0x50
 8858 2de2 02       		.byte	0x2
 8859 2de3 74       		.byte	0x74
 8860 2de4 00       		.sleb128 0
 8861 2de5 2C       		.uleb128 0x2c
 8862 2de6 01       		.byte	0x1
 8863 2de7 51       		.byte	0x51
 8864 2de8 02       		.byte	0x2
 8865 2de9 09       		.byte	0x9
 8866 2dea FF       		.byte	0xff
 8867 2deb 00       		.byte	0
 8868 2dec 2B       		.uleb128 0x2b
 8869 2ded 56000000 		.4byte	.LVL74
 8870 2df1 7F300000 		.4byte	0x307f
 8871 2df5 062E0000 		.4byte	0x2e06
 8872 2df9 2C       		.uleb128 0x2c
 8873 2dfa 01       		.byte	0x1
 8874 2dfb 50       		.byte	0x50
 8875 2dfc 02       		.byte	0x2
 8876 2dfd 74       		.byte	0x74
 8877 2dfe 00       		.sleb128 0
 8878 2dff 2C       		.uleb128 0x2c
 8879 2e00 01       		.byte	0x1
ARM GAS  /var/folders/65/xyhbx3_n6nd_hs7j3p9nfwv80000gn/T//ccls3DQP.s 			page 169


 8880 2e01 51       		.byte	0x51
 8881 2e02 02       		.byte	0x2
 8882 2e03 09       		.byte	0x9
 8883 2e04 FF       		.byte	0xff
 8884 2e05 00       		.byte	0
 8885 2e06 2B       		.uleb128 0x2b
 8886 2e07 62000000 		.4byte	.LVL75
 8887 2e0b 8D300000 		.4byte	0x308d
 8888 2e0f 202E0000 		.4byte	0x2e20
 8889 2e13 2C       		.uleb128 0x2c
 8890 2e14 01       		.byte	0x1
 8891 2e15 50       		.byte	0x50
 8892 2e16 02       		.byte	0x2
 8893 2e17 74       		.byte	0x74
 8894 2e18 00       		.sleb128 0
 8895 2e19 2C       		.uleb128 0x2c
 8896 2e1a 01       		.byte	0x1
 8897 2e1b 51       		.byte	0x51
 8898 2e1c 02       		.byte	0x2
 8899 2e1d 09       		.byte	0x9
 8900 2e1e FF       		.byte	0xff
 8901 2e1f 00       		.byte	0
 8902 2e20 2B       		.uleb128 0x2b
 8903 2e21 6E000000 		.4byte	.LVL76
 8904 2e25 47230000 		.4byte	0x2347
 8905 2e29 3A2E0000 		.4byte	0x2e3a
 8906 2e2d 2C       		.uleb128 0x2c
 8907 2e2e 01       		.byte	0x1
 8908 2e2f 50       		.byte	0x50
 8909 2e30 02       		.byte	0x2
 8910 2e31 74       		.byte	0x74
 8911 2e32 00       		.sleb128 0
 8912 2e33 2C       		.uleb128 0x2c
 8913 2e34 01       		.byte	0x1
 8914 2e35 51       		.byte	0x51
 8915 2e36 02       		.byte	0x2
 8916 2e37 75       		.byte	0x75
 8917 2e38 00       		.sleb128 0
 8918 2e39 00       		.byte	0
 8919 2e3a 2B       		.uleb128 0x2b
 8920 2e3b 78000000 		.4byte	.LVL77
 8921 2e3f 9B300000 		.4byte	0x309b
 8922 2e43 4E2E0000 		.4byte	0x2e4e
 8923 2e47 2C       		.uleb128 0x2c
 8924 2e48 01       		.byte	0x1
 8925 2e49 50       		.byte	0x50
 8926 2e4a 02       		.byte	0x2
 8927 2e4b 74       		.byte	0x74
 8928 2e4c 00       		.sleb128 0
 8929 2e4d 00       		.byte	0
 8930 2e4e 2B       		.uleb128 0x2b
 8931 2e4f 8C000000 		.4byte	.LVL78
 8932 2e53 D52F0000 		.4byte	0x2fd5
 8933 2e57 682E0000 		.4byte	0x2e68
 8934 2e5b 2C       		.uleb128 0x2c
 8935 2e5c 01       		.byte	0x1
 8936 2e5d 50       		.byte	0x50
ARM GAS  /var/folders/65/xyhbx3_n6nd_hs7j3p9nfwv80000gn/T//ccls3DQP.s 			page 170


 8937 2e5e 02       		.byte	0x2
 8938 2e5f 74       		.byte	0x74
 8939 2e60 00       		.sleb128 0
 8940 2e61 2C       		.uleb128 0x2c
 8941 2e62 01       		.byte	0x1
 8942 2e63 51       		.byte	0x51
 8943 2e64 02       		.byte	0x2
 8944 2e65 75       		.byte	0x75
 8945 2e66 00       		.sleb128 0
 8946 2e67 00       		.byte	0
 8947 2e68 2B       		.uleb128 0x2b
 8948 2e69 98000000 		.4byte	.LVL80
 8949 2e6d A9300000 		.4byte	0x30a9
 8950 2e71 7C2E0000 		.4byte	0x2e7c
 8951 2e75 2C       		.uleb128 0x2c
 8952 2e76 01       		.byte	0x1
 8953 2e77 50       		.byte	0x50
 8954 2e78 02       		.byte	0x2
 8955 2e79 74       		.byte	0x74
 8956 2e7a 00       		.sleb128 0
 8957 2e7b 00       		.byte	0
 8958 2e7c 2B       		.uleb128 0x2b
 8959 2e7d A6000000 		.4byte	.LVL82
 8960 2e81 00300000 		.4byte	0x3000
 8961 2e85 962E0000 		.4byte	0x2e96
 8962 2e89 2C       		.uleb128 0x2c
 8963 2e8a 01       		.byte	0x1
 8964 2e8b 50       		.byte	0x50
 8965 2e8c 02       		.byte	0x2
 8966 2e8d 74       		.byte	0x74
 8967 2e8e 00       		.sleb128 0
 8968 2e8f 2C       		.uleb128 0x2c
 8969 2e90 01       		.byte	0x1
 8970 2e91 51       		.byte	0x51
 8971 2e92 02       		.byte	0x2
 8972 2e93 09       		.byte	0x9
 8973 2e94 FF       		.byte	0xff
 8974 2e95 00       		.byte	0
 8975 2e96 2D       		.uleb128 0x2d
 8976 2e97 E6000000 		.4byte	.LVL86
 8977 2e9b 732F0000 		.4byte	0x2f73
 8978 2e9f 2E       		.uleb128 0x2e
 8979 2ea0 F0000000 		.4byte	.LVL87
 8980 2ea4 81200000 		.4byte	0x2081
 8981 2ea8 2C       		.uleb128 0x2c
 8982 2ea9 01       		.byte	0x1
 8983 2eaa 50       		.byte	0x50
 8984 2eab 02       		.byte	0x2
 8985 2eac 74       		.byte	0x74
 8986 2ead 00       		.sleb128 0
 8987 2eae 2C       		.uleb128 0x2c
 8988 2eaf 01       		.byte	0x1
 8989 2eb0 51       		.byte	0x51
 8990 2eb1 02       		.byte	0x2
 8991 2eb2 75       		.byte	0x75
 8992 2eb3 00       		.sleb128 0
 8993 2eb4 00       		.byte	0
ARM GAS  /var/folders/65/xyhbx3_n6nd_hs7j3p9nfwv80000gn/T//ccls3DQP.s 			page 171


 8994 2eb5 00       		.byte	0
 8995 2eb6 2B       		.uleb128 0x2b
 8996 2eb7 12000000 		.4byte	.LVL67
 8997 2ebb B7300000 		.4byte	0x30b7
 8998 2ebf D02E0000 		.4byte	0x2ed0
 8999 2ec3 2C       		.uleb128 0x2c
 9000 2ec4 01       		.byte	0x1
 9001 2ec5 50       		.byte	0x50
 9002 2ec6 02       		.byte	0x2
 9003 2ec7 74       		.byte	0x74
 9004 2ec8 00       		.sleb128 0
 9005 2ec9 2C       		.uleb128 0x2c
 9006 2eca 01       		.byte	0x1
 9007 2ecb 51       		.byte	0x51
 9008 2ecc 02       		.byte	0x2
 9009 2ecd 09       		.byte	0x9
 9010 2ece FF       		.byte	0xff
 9011 2ecf 00       		.byte	0
 9012 2ed0 2B       		.uleb128 0x2b
 9013 2ed1 1E000000 		.4byte	.LVL68
 9014 2ed5 D52F0000 		.4byte	0x2fd5
 9015 2ed9 F32E0000 		.4byte	0x2ef3
 9016 2edd 2C       		.uleb128 0x2c
 9017 2ede 01       		.byte	0x1
 9018 2edf 50       		.byte	0x50
 9019 2ee0 02       		.byte	0x2
 9020 2ee1 74       		.byte	0x74
 9021 2ee2 00       		.sleb128 0
 9022 2ee3 2C       		.uleb128 0x2c
 9023 2ee4 01       		.byte	0x1
 9024 2ee5 51       		.byte	0x51
 9025 2ee6 02       		.byte	0x2
 9026 2ee7 75       		.byte	0x75
 9027 2ee8 00       		.sleb128 0
 9028 2ee9 2C       		.uleb128 0x2c
 9029 2eea 01       		.byte	0x1
 9030 2eeb 52       		.byte	0x52
 9031 2eec 05       		.byte	0x5
 9032 2eed 03       		.byte	0x3
 9033 2eee 10000000 		.4byte	.LC11
 9034 2ef2 00       		.byte	0
 9035 2ef3 2B       		.uleb128 0x2b
 9036 2ef4 2E000000 		.4byte	.LVL70
 9037 2ef8 C5300000 		.4byte	0x30c5
 9038 2efc 0D2F0000 		.4byte	0x2f0d
 9039 2f00 2C       		.uleb128 0x2c
 9040 2f01 01       		.byte	0x1
 9041 2f02 50       		.byte	0x50
 9042 2f03 02       		.byte	0x2
 9043 2f04 74       		.byte	0x74
 9044 2f05 00       		.sleb128 0
 9045 2f06 2C       		.uleb128 0x2c
 9046 2f07 01       		.byte	0x1
 9047 2f08 51       		.byte	0x51
 9048 2f09 02       		.byte	0x2
 9049 2f0a 09       		.byte	0x9
 9050 2f0b FF       		.byte	0xff
ARM GAS  /var/folders/65/xyhbx3_n6nd_hs7j3p9nfwv80000gn/T//ccls3DQP.s 			page 172


 9051 2f0c 00       		.byte	0
 9052 2f0d 2E       		.uleb128 0x2e
 9053 2f0e 3A000000 		.4byte	.LVL71
 9054 2f12 D52F0000 		.4byte	0x2fd5
 9055 2f16 2C       		.uleb128 0x2c
 9056 2f17 01       		.byte	0x1
 9057 2f18 50       		.byte	0x50
 9058 2f19 02       		.byte	0x2
 9059 2f1a 74       		.byte	0x74
 9060 2f1b 00       		.sleb128 0
 9061 2f1c 2C       		.uleb128 0x2c
 9062 2f1d 01       		.byte	0x1
 9063 2f1e 51       		.byte	0x51
 9064 2f1f 02       		.byte	0x2
 9065 2f20 75       		.byte	0x75
 9066 2f21 00       		.sleb128 0
 9067 2f22 2C       		.uleb128 0x2c
 9068 2f23 01       		.byte	0x1
 9069 2f24 52       		.byte	0x52
 9070 2f25 05       		.byte	0x5
 9071 2f26 03       		.byte	0x3
 9072 2f27 1C000000 		.4byte	.LC12
 9073 2f2b 00       		.byte	0
 9074 2f2c 00       		.byte	0
 9075 2f2d 46       		.uleb128 0x46
 9076 2f2e 01       		.byte	0x1
 9077 2f2f 01       		.byte	0x1
 9078 2f30 EF040000 		.4byte	.LASF1644
 9079 2f34 EF040000 		.4byte	.LASF1644
 9080 2f38 03       		.byte	0x3
 9081 2f39 46       		.byte	0x46
 9082 2f3a 07       		.byte	0x7
 9083 2f3b 46       		.uleb128 0x46
 9084 2f3c 01       		.byte	0x1
 9085 2f3d 01       		.byte	0x1
 9086 2f3e F28E0000 		.4byte	.LASF1645
 9087 2f42 F28E0000 		.4byte	.LASF1645
 9088 2f46 0C       		.byte	0xc
 9089 2f47 14       		.byte	0x14
 9090 2f48 05       		.byte	0x5
 9091 2f49 46       		.uleb128 0x46
 9092 2f4a 01       		.byte	0x1
 9093 2f4b 01       		.byte	0x1
 9094 2f4c 9E610000 		.4byte	.LASF1646
 9095 2f50 9E610000 		.4byte	.LASF1646
 9096 2f54 03       		.byte	0x3
 9097 2f55 DE       		.byte	0xde
 9098 2f56 06       		.byte	0x6
 9099 2f57 46       		.uleb128 0x46
 9100 2f58 01       		.byte	0x1
 9101 2f59 01       		.byte	0x1
 9102 2f5a 82280000 		.4byte	.LASF1647
 9103 2f5e 82280000 		.4byte	.LASF1647
 9104 2f62 03       		.byte	0x3
 9105 2f63 4B       		.byte	0x4b
 9106 2f64 06       		.byte	0x6
 9107 2f65 46       		.uleb128 0x46
ARM GAS  /var/folders/65/xyhbx3_n6nd_hs7j3p9nfwv80000gn/T//ccls3DQP.s 			page 173


 9108 2f66 01       		.byte	0x1
 9109 2f67 01       		.byte	0x1
 9110 2f68 23610000 		.4byte	.LASF1648
 9111 2f6c 23610000 		.4byte	.LASF1648
 9112 2f70 03       		.byte	0x3
 9113 2f71 E3       		.byte	0xe3
 9114 2f72 06       		.byte	0x6
 9115 2f73 46       		.uleb128 0x46
 9116 2f74 01       		.byte	0x1
 9117 2f75 01       		.byte	0x1
 9118 2f76 F2590000 		.4byte	.LASF1649
 9119 2f7a F2590000 		.4byte	.LASF1649
 9120 2f7e 03       		.byte	0x3
 9121 2f7f CF       		.byte	0xcf
 9122 2f80 0D       		.byte	0xd
 9123 2f81 46       		.uleb128 0x46
 9124 2f82 01       		.byte	0x1
 9125 2f83 01       		.byte	0x1
 9126 2f84 EC6C0000 		.4byte	.LASF1650
 9127 2f88 EC6C0000 		.4byte	.LASF1650
 9128 2f8c 03       		.byte	0x3
 9129 2f8d E0       		.byte	0xe0
 9130 2f8e 06       		.byte	0x6
 9131 2f8f 46       		.uleb128 0x46
 9132 2f90 01       		.byte	0x1
 9133 2f91 01       		.byte	0x1
 9134 2f92 577C0000 		.4byte	.LASF1651
 9135 2f96 577C0000 		.4byte	.LASF1651
 9136 2f9a 04       		.byte	0x4
 9137 2f9b C2       		.byte	0xc2
 9138 2f9c 06       		.byte	0x6
 9139 2f9d 46       		.uleb128 0x46
 9140 2f9e 01       		.byte	0x1
 9141 2f9f 01       		.byte	0x1
 9142 2fa0 F46C0000 		.4byte	.LASF1652
 9143 2fa4 F46C0000 		.4byte	.LASF1652
 9144 2fa8 03       		.byte	0x3
 9145 2fa9 A6       		.byte	0xa6
 9146 2faa 06       		.byte	0x6
 9147 2fab 46       		.uleb128 0x46
 9148 2fac 01       		.byte	0x1
 9149 2fad 01       		.byte	0x1
 9150 2fae 94450000 		.4byte	.LASF1653
 9151 2fb2 94450000 		.4byte	.LASF1653
 9152 2fb6 04       		.byte	0x4
 9153 2fb7 41       		.byte	0x41
 9154 2fb8 06       		.byte	0x6
 9155 2fb9 46       		.uleb128 0x46
 9156 2fba 01       		.byte	0x1
 9157 2fbb 01       		.byte	0x1
 9158 2fbc 48140000 		.4byte	.LASF1654
 9159 2fc0 48140000 		.4byte	.LASF1654
 9160 2fc4 03       		.byte	0x3
 9161 2fc5 7C       		.byte	0x7c
 9162 2fc6 12       		.byte	0x12
 9163 2fc7 46       		.uleb128 0x46
 9164 2fc8 01       		.byte	0x1
ARM GAS  /var/folders/65/xyhbx3_n6nd_hs7j3p9nfwv80000gn/T//ccls3DQP.s 			page 174


 9165 2fc9 01       		.byte	0x1
 9166 2fca 4D1A0000 		.4byte	.LASF1655
 9167 2fce 4D1A0000 		.4byte	.LASF1655
 9168 2fd2 0B       		.byte	0xb
 9169 2fd3 28       		.byte	0x28
 9170 2fd4 05       		.byte	0x5
 9171 2fd5 46       		.uleb128 0x46
 9172 2fd6 01       		.byte	0x1
 9173 2fd7 01       		.byte	0x1
 9174 2fd8 9F7C0000 		.4byte	.LASF1656
 9175 2fdc 9F7C0000 		.4byte	.LASF1656
 9176 2fe0 04       		.byte	0x4
 9177 2fe1 C3       		.byte	0xc3
 9178 2fe2 06       		.byte	0x6
 9179 2fe3 47       		.uleb128 0x47
 9180 2fe4 01       		.byte	0x1
 9181 2fe5 01       		.byte	0x1
 9182 2fe6 E9340000 		.4byte	.LASF1657
 9183 2fea E9340000 		.4byte	.LASF1657
 9184 2fee 04       		.byte	0x4
 9185 2fef DB01     		.2byte	0x1db
 9186 2ff1 0D       		.byte	0xd
 9187 2ff2 46       		.uleb128 0x46
 9188 2ff3 01       		.byte	0x1
 9189 2ff4 01       		.byte	0x1
 9190 2ff5 240E0000 		.4byte	.LASF1658
 9191 2ff9 240E0000 		.4byte	.LASF1658
 9192 2ffd 03       		.byte	0x3
 9193 2ffe DD       		.byte	0xdd
 9194 2fff 05       		.byte	0x5
 9195 3000 46       		.uleb128 0x46
 9196 3001 01       		.byte	0x1
 9197 3002 01       		.byte	0x1
 9198 3003 32290000 		.4byte	.LASF1659
 9199 3007 32290000 		.4byte	.LASF1659
 9200 300b 03       		.byte	0x3
 9201 300c C1       		.byte	0xc1
 9202 300d 05       		.byte	0x5
 9203 300e 47       		.uleb128 0x47
 9204 300f 01       		.byte	0x1
 9205 3010 01       		.byte	0x1
 9206 3011 16110000 		.4byte	.LASF1660
 9207 3015 16110000 		.4byte	.LASF1660
 9208 3019 04       		.byte	0x4
 9209 301a C701     		.2byte	0x1c7
 9210 301c 0C       		.byte	0xc
 9211 301d 46       		.uleb128 0x46
 9212 301e 01       		.byte	0x1
 9213 301f 01       		.byte	0x1
 9214 3020 DC500000 		.4byte	.LASF1661
 9215 3024 DC500000 		.4byte	.LASF1661
 9216 3028 03       		.byte	0x3
 9217 3029 98       		.byte	0x98
 9218 302a 05       		.byte	0x5
 9219 302b 46       		.uleb128 0x46
 9220 302c 01       		.byte	0x1
 9221 302d 01       		.byte	0x1
ARM GAS  /var/folders/65/xyhbx3_n6nd_hs7j3p9nfwv80000gn/T//ccls3DQP.s 			page 175


 9222 302e 65440000 		.4byte	.LASF1662
 9223 3032 65440000 		.4byte	.LASF1662
 9224 3036 03       		.byte	0x3
 9225 3037 9A       		.byte	0x9a
 9226 3038 05       		.byte	0x5
 9227 3039 46       		.uleb128 0x46
 9228 303a 01       		.byte	0x1
 9229 303b 01       		.byte	0x1
 9230 303c 1F410000 		.4byte	.LASF1663
 9231 3040 1F410000 		.4byte	.LASF1663
 9232 3044 03       		.byte	0x3
 9233 3045 B7       		.byte	0xb7
 9234 3046 06       		.byte	0x6
 9235 3047 46       		.uleb128 0x46
 9236 3048 01       		.byte	0x1
 9237 3049 01       		.byte	0x1
 9238 304a 4E2A0000 		.4byte	.LASF1664
 9239 304e 4E2A0000 		.4byte	.LASF1664
 9240 3052 03       		.byte	0x3
 9241 3053 B8       		.byte	0xb8
 9242 3054 0D       		.byte	0xd
 9243 3055 46       		.uleb128 0x46
 9244 3056 01       		.byte	0x1
 9245 3057 01       		.byte	0x1
 9246 3058 0A8B0000 		.4byte	.LASF1665
 9247 305c 0A8B0000 		.4byte	.LASF1665
 9248 3060 03       		.byte	0x3
 9249 3061 92       		.byte	0x92
 9250 3062 06       		.byte	0x6
 9251 3063 46       		.uleb128 0x46
 9252 3064 01       		.byte	0x1
 9253 3065 01       		.byte	0x1
 9254 3066 9F4A0000 		.4byte	.LASF1666
 9255 306a 9F4A0000 		.4byte	.LASF1666
 9256 306e 03       		.byte	0x3
 9257 306f 91       		.byte	0x91
 9258 3070 05       		.byte	0x5
 9259 3071 46       		.uleb128 0x46
 9260 3072 01       		.byte	0x1
 9261 3073 01       		.byte	0x1
 9262 3074 984D0000 		.4byte	.LASF1667
 9263 3078 984D0000 		.4byte	.LASF1667
 9264 307c 03       		.byte	0x3
 9265 307d BD       		.byte	0xbd
 9266 307e 05       		.byte	0x5
 9267 307f 46       		.uleb128 0x46
 9268 3080 01       		.byte	0x1
 9269 3081 01       		.byte	0x1
 9270 3082 00000000 		.4byte	.LASF1668
 9271 3086 00000000 		.4byte	.LASF1668
 9272 308a 03       		.byte	0x3
 9273 308b BE       		.byte	0xbe
 9274 308c 05       		.byte	0x5
 9275 308d 46       		.uleb128 0x46
 9276 308e 01       		.byte	0x1
 9277 308f 01       		.byte	0x1
 9278 3090 07820000 		.4byte	.LASF1669
ARM GAS  /var/folders/65/xyhbx3_n6nd_hs7j3p9nfwv80000gn/T//ccls3DQP.s 			page 176


 9279 3094 07820000 		.4byte	.LASF1669
 9280 3098 03       		.byte	0x3
 9281 3099 CE       		.byte	0xce
 9282 309a 08       		.byte	0x8
 9283 309b 46       		.uleb128 0x46
 9284 309c 01       		.byte	0x1
 9285 309d 01       		.byte	0x1
 9286 309e CF980000 		.4byte	.LASF1670
 9287 30a2 CF980000 		.4byte	.LASF1670
 9288 30a6 03       		.byte	0x3
 9289 30a7 CD       		.byte	0xcd
 9290 30a8 05       		.byte	0x5
 9291 30a9 46       		.uleb128 0x46
 9292 30aa 01       		.byte	0x1
 9293 30ab 01       		.byte	0x1
 9294 30ac 5E720000 		.4byte	.LASF1671
 9295 30b0 5E720000 		.4byte	.LASF1671
 9296 30b4 03       		.byte	0x3
 9297 30b5 BF       		.byte	0xbf
 9298 30b6 05       		.byte	0x5
 9299 30b7 46       		.uleb128 0x46
 9300 30b8 01       		.byte	0x1
 9301 30b9 01       		.byte	0x1
 9302 30ba EC4F0000 		.4byte	.LASF1672
 9303 30be EC4F0000 		.4byte	.LASF1672
 9304 30c2 03       		.byte	0x3
 9305 30c3 BB       		.byte	0xbb
 9306 30c4 05       		.byte	0x5
 9307 30c5 46       		.uleb128 0x46
 9308 30c6 01       		.byte	0x1
 9309 30c7 01       		.byte	0x1
 9310 30c8 FB070000 		.4byte	.LASF1673
 9311 30cc FB070000 		.4byte	.LASF1673
 9312 30d0 03       		.byte	0x3
 9313 30d1 BC       		.byte	0xbc
 9314 30d2 05       		.byte	0x5
 9315 30d3 00       		.byte	0
 9316              		.section	.debug_abbrev,"",%progbits
 9317              	.Ldebug_abbrev0:
 9318 0000 01       		.uleb128 0x1
 9319 0001 11       		.uleb128 0x11
 9320 0002 01       		.byte	0x1
 9321 0003 25       		.uleb128 0x25
 9322 0004 0E       		.uleb128 0xe
 9323 0005 13       		.uleb128 0x13
 9324 0006 0B       		.uleb128 0xb
 9325 0007 03       		.uleb128 0x3
 9326 0008 0E       		.uleb128 0xe
 9327 0009 1B       		.uleb128 0x1b
 9328 000a 0E       		.uleb128 0xe
 9329 000b 55       		.uleb128 0x55
 9330 000c 06       		.uleb128 0x6
 9331 000d 11       		.uleb128 0x11
 9332 000e 01       		.uleb128 0x1
 9333 000f 52       		.uleb128 0x52
 9334 0010 01       		.uleb128 0x1
 9335 0011 10       		.uleb128 0x10
ARM GAS  /var/folders/65/xyhbx3_n6nd_hs7j3p9nfwv80000gn/T//ccls3DQP.s 			page 177


 9336 0012 06       		.uleb128 0x6
 9337 0013 9942     		.uleb128 0x2119
 9338 0015 06       		.uleb128 0x6
 9339 0016 00       		.byte	0
 9340 0017 00       		.byte	0
 9341 0018 02       		.uleb128 0x2
 9342 0019 24       		.uleb128 0x24
 9343 001a 00       		.byte	0
 9344 001b 0B       		.uleb128 0xb
 9345 001c 0B       		.uleb128 0xb
 9346 001d 3E       		.uleb128 0x3e
 9347 001e 0B       		.uleb128 0xb
 9348 001f 03       		.uleb128 0x3
 9349 0020 0E       		.uleb128 0xe
 9350 0021 00       		.byte	0
 9351 0022 00       		.byte	0
 9352 0023 03       		.uleb128 0x3
 9353 0024 16       		.uleb128 0x16
 9354 0025 00       		.byte	0
 9355 0026 03       		.uleb128 0x3
 9356 0027 0E       		.uleb128 0xe
 9357 0028 3A       		.uleb128 0x3a
 9358 0029 0B       		.uleb128 0xb
 9359 002a 3B       		.uleb128 0x3b
 9360 002b 05       		.uleb128 0x5
 9361 002c 39       		.uleb128 0x39
 9362 002d 0B       		.uleb128 0xb
 9363 002e 49       		.uleb128 0x49
 9364 002f 13       		.uleb128 0x13
 9365 0030 00       		.byte	0
 9366 0031 00       		.byte	0
 9367 0032 04       		.uleb128 0x4
 9368 0033 01       		.uleb128 0x1
 9369 0034 01       		.byte	0x1
 9370 0035 49       		.uleb128 0x49
 9371 0036 13       		.uleb128 0x13
 9372 0037 01       		.uleb128 0x1
 9373 0038 13       		.uleb128 0x13
 9374 0039 00       		.byte	0
 9375 003a 00       		.byte	0
 9376 003b 05       		.uleb128 0x5
 9377 003c 21       		.uleb128 0x21
 9378 003d 00       		.byte	0
 9379 003e 49       		.uleb128 0x49
 9380 003f 13       		.uleb128 0x13
 9381 0040 2F       		.uleb128 0x2f
 9382 0041 0B       		.uleb128 0xb
 9383 0042 00       		.byte	0
 9384 0043 00       		.byte	0
 9385 0044 06       		.uleb128 0x6
 9386 0045 24       		.uleb128 0x24
 9387 0046 00       		.byte	0
 9388 0047 0B       		.uleb128 0xb
 9389 0048 0B       		.uleb128 0xb
 9390 0049 3E       		.uleb128 0x3e
 9391 004a 0B       		.uleb128 0xb
 9392 004b 03       		.uleb128 0x3
ARM GAS  /var/folders/65/xyhbx3_n6nd_hs7j3p9nfwv80000gn/T//ccls3DQP.s 			page 178


 9393 004c 08       		.uleb128 0x8
 9394 004d 00       		.byte	0
 9395 004e 00       		.byte	0
 9396 004f 07       		.uleb128 0x7
 9397 0050 16       		.uleb128 0x16
 9398 0051 00       		.byte	0
 9399 0052 03       		.uleb128 0x3
 9400 0053 0E       		.uleb128 0xe
 9401 0054 3A       		.uleb128 0x3a
 9402 0055 0B       		.uleb128 0xb
 9403 0056 3B       		.uleb128 0x3b
 9404 0057 0B       		.uleb128 0xb
 9405 0058 39       		.uleb128 0x39
 9406 0059 0B       		.uleb128 0xb
 9407 005a 49       		.uleb128 0x49
 9408 005b 13       		.uleb128 0x13
 9409 005c 00       		.byte	0
 9410 005d 00       		.byte	0
 9411 005e 08       		.uleb128 0x8
 9412 005f 13       		.uleb128 0x13
 9413 0060 01       		.byte	0x1
 9414 0061 03       		.uleb128 0x3
 9415 0062 0E       		.uleb128 0xe
 9416 0063 0B       		.uleb128 0xb
 9417 0064 05       		.uleb128 0x5
 9418 0065 3A       		.uleb128 0x3a
 9419 0066 0B       		.uleb128 0xb
 9420 0067 3B       		.uleb128 0x3b
 9421 0068 0B       		.uleb128 0xb
 9422 0069 39       		.uleb128 0x39
 9423 006a 0B       		.uleb128 0xb
 9424 006b 01       		.uleb128 0x1
 9425 006c 13       		.uleb128 0x13
 9426 006d 00       		.byte	0
 9427 006e 00       		.byte	0
 9428 006f 09       		.uleb128 0x9
 9429 0070 0D       		.uleb128 0xd
 9430 0071 00       		.byte	0
 9431 0072 03       		.uleb128 0x3
 9432 0073 0E       		.uleb128 0xe
 9433 0074 3A       		.uleb128 0x3a
 9434 0075 0B       		.uleb128 0xb
 9435 0076 3B       		.uleb128 0x3b
 9436 0077 0B       		.uleb128 0xb
 9437 0078 39       		.uleb128 0x39
 9438 0079 0B       		.uleb128 0xb
 9439 007a 49       		.uleb128 0x49
 9440 007b 13       		.uleb128 0x13
 9441 007c 38       		.uleb128 0x38
 9442 007d 0A       		.uleb128 0xa
 9443 007e 00       		.byte	0
 9444 007f 00       		.byte	0
 9445 0080 0A       		.uleb128 0xa
 9446 0081 0D       		.uleb128 0xd
 9447 0082 00       		.byte	0
 9448 0083 03       		.uleb128 0x3
 9449 0084 08       		.uleb128 0x8
ARM GAS  /var/folders/65/xyhbx3_n6nd_hs7j3p9nfwv80000gn/T//ccls3DQP.s 			page 179


 9450 0085 3A       		.uleb128 0x3a
 9451 0086 0B       		.uleb128 0xb
 9452 0087 3B       		.uleb128 0x3b
 9453 0088 0B       		.uleb128 0xb
 9454 0089 39       		.uleb128 0x39
 9455 008a 0B       		.uleb128 0xb
 9456 008b 49       		.uleb128 0x49
 9457 008c 13       		.uleb128 0x13
 9458 008d 38       		.uleb128 0x38
 9459 008e 0A       		.uleb128 0xa
 9460 008f 00       		.byte	0
 9461 0090 00       		.byte	0
 9462 0091 0B       		.uleb128 0xb
 9463 0092 0D       		.uleb128 0xd
 9464 0093 00       		.byte	0
 9465 0094 03       		.uleb128 0x3
 9466 0095 08       		.uleb128 0x8
 9467 0096 3A       		.uleb128 0x3a
 9468 0097 0B       		.uleb128 0xb
 9469 0098 3B       		.uleb128 0x3b
 9470 0099 05       		.uleb128 0x5
 9471 009a 39       		.uleb128 0x39
 9472 009b 0B       		.uleb128 0xb
 9473 009c 49       		.uleb128 0x49
 9474 009d 13       		.uleb128 0x13
 9475 009e 38       		.uleb128 0x38
 9476 009f 0A       		.uleb128 0xa
 9477 00a0 00       		.byte	0
 9478 00a1 00       		.byte	0
 9479 00a2 0C       		.uleb128 0xc
 9480 00a3 0D       		.uleb128 0xd
 9481 00a4 00       		.byte	0
 9482 00a5 03       		.uleb128 0x3
 9483 00a6 0E       		.uleb128 0xe
 9484 00a7 3A       		.uleb128 0x3a
 9485 00a8 0B       		.uleb128 0xb
 9486 00a9 3B       		.uleb128 0x3b
 9487 00aa 05       		.uleb128 0x5
 9488 00ab 39       		.uleb128 0x39
 9489 00ac 0B       		.uleb128 0xb
 9490 00ad 49       		.uleb128 0x49
 9491 00ae 13       		.uleb128 0x13
 9492 00af 38       		.uleb128 0x38
 9493 00b0 0A       		.uleb128 0xa
 9494 00b1 00       		.byte	0
 9495 00b2 00       		.byte	0
 9496 00b3 0D       		.uleb128 0xd
 9497 00b4 0F       		.uleb128 0xf
 9498 00b5 00       		.byte	0
 9499 00b6 0B       		.uleb128 0xb
 9500 00b7 0B       		.uleb128 0xb
 9501 00b8 49       		.uleb128 0x49
 9502 00b9 13       		.uleb128 0x13
 9503 00ba 00       		.byte	0
 9504 00bb 00       		.byte	0
 9505 00bc 0E       		.uleb128 0xe
 9506 00bd 15       		.uleb128 0x15
ARM GAS  /var/folders/65/xyhbx3_n6nd_hs7j3p9nfwv80000gn/T//ccls3DQP.s 			page 180


 9507 00be 01       		.byte	0x1
 9508 00bf 27       		.uleb128 0x27
 9509 00c0 0C       		.uleb128 0xc
 9510 00c1 49       		.uleb128 0x49
 9511 00c2 13       		.uleb128 0x13
 9512 00c3 01       		.uleb128 0x1
 9513 00c4 13       		.uleb128 0x13
 9514 00c5 00       		.byte	0
 9515 00c6 00       		.byte	0
 9516 00c7 0F       		.uleb128 0xf
 9517 00c8 05       		.uleb128 0x5
 9518 00c9 00       		.byte	0
 9519 00ca 49       		.uleb128 0x49
 9520 00cb 13       		.uleb128 0x13
 9521 00cc 00       		.byte	0
 9522 00cd 00       		.byte	0
 9523 00ce 10       		.uleb128 0x10
 9524 00cf 0F       		.uleb128 0xf
 9525 00d0 00       		.byte	0
 9526 00d1 0B       		.uleb128 0xb
 9527 00d2 0B       		.uleb128 0xb
 9528 00d3 00       		.byte	0
 9529 00d4 00       		.byte	0
 9530 00d5 11       		.uleb128 0x11
 9531 00d6 15       		.uleb128 0x15
 9532 00d7 01       		.byte	0x1
 9533 00d8 27       		.uleb128 0x27
 9534 00d9 0C       		.uleb128 0xc
 9535 00da 01       		.uleb128 0x1
 9536 00db 13       		.uleb128 0x13
 9537 00dc 00       		.byte	0
 9538 00dd 00       		.byte	0
 9539 00de 12       		.uleb128 0x12
 9540 00df 26       		.uleb128 0x26
 9541 00e0 00       		.byte	0
 9542 00e1 49       		.uleb128 0x49
 9543 00e2 13       		.uleb128 0x13
 9544 00e3 00       		.byte	0
 9545 00e4 00       		.byte	0
 9546 00e5 13       		.uleb128 0x13
 9547 00e6 04       		.uleb128 0x4
 9548 00e7 01       		.byte	0x1
 9549 00e8 3E       		.uleb128 0x3e
 9550 00e9 0B       		.uleb128 0xb
 9551 00ea 0B       		.uleb128 0xb
 9552 00eb 0B       		.uleb128 0xb
 9553 00ec 49       		.uleb128 0x49
 9554 00ed 13       		.uleb128 0x13
 9555 00ee 3A       		.uleb128 0x3a
 9556 00ef 0B       		.uleb128 0xb
 9557 00f0 3B       		.uleb128 0x3b
 9558 00f1 0B       		.uleb128 0xb
 9559 00f2 39       		.uleb128 0x39
 9560 00f3 0B       		.uleb128 0xb
 9561 00f4 01       		.uleb128 0x1
 9562 00f5 13       		.uleb128 0x13
 9563 00f6 00       		.byte	0
ARM GAS  /var/folders/65/xyhbx3_n6nd_hs7j3p9nfwv80000gn/T//ccls3DQP.s 			page 181


 9564 00f7 00       		.byte	0
 9565 00f8 14       		.uleb128 0x14
 9566 00f9 28       		.uleb128 0x28
 9567 00fa 00       		.byte	0
 9568 00fb 03       		.uleb128 0x3
 9569 00fc 0E       		.uleb128 0xe
 9570 00fd 1C       		.uleb128 0x1c
 9571 00fe 0B       		.uleb128 0xb
 9572 00ff 00       		.byte	0
 9573 0100 00       		.byte	0
 9574 0101 15       		.uleb128 0x15
 9575 0102 13       		.uleb128 0x13
 9576 0103 00       		.byte	0
 9577 0104 03       		.uleb128 0x3
 9578 0105 0E       		.uleb128 0xe
 9579 0106 3C       		.uleb128 0x3c
 9580 0107 0C       		.uleb128 0xc
 9581 0108 00       		.byte	0
 9582 0109 00       		.byte	0
 9583 010a 16       		.uleb128 0x16
 9584 010b 17       		.uleb128 0x17
 9585 010c 01       		.byte	0x1
 9586 010d 0B       		.uleb128 0xb
 9587 010e 0B       		.uleb128 0xb
 9588 010f 3A       		.uleb128 0x3a
 9589 0110 0B       		.uleb128 0xb
 9590 0111 3B       		.uleb128 0x3b
 9591 0112 0B       		.uleb128 0xb
 9592 0113 39       		.uleb128 0x39
 9593 0114 0B       		.uleb128 0xb
 9594 0115 01       		.uleb128 0x1
 9595 0116 13       		.uleb128 0x13
 9596 0117 00       		.byte	0
 9597 0118 00       		.byte	0
 9598 0119 17       		.uleb128 0x17
 9599 011a 0D       		.uleb128 0xd
 9600 011b 00       		.byte	0
 9601 011c 03       		.uleb128 0x3
 9602 011d 0E       		.uleb128 0xe
 9603 011e 3A       		.uleb128 0x3a
 9604 011f 0B       		.uleb128 0xb
 9605 0120 3B       		.uleb128 0x3b
 9606 0121 0B       		.uleb128 0xb
 9607 0122 39       		.uleb128 0x39
 9608 0123 0B       		.uleb128 0xb
 9609 0124 49       		.uleb128 0x49
 9610 0125 13       		.uleb128 0x13
 9611 0126 00       		.byte	0
 9612 0127 00       		.byte	0
 9613 0128 18       		.uleb128 0x18
 9614 0129 13       		.uleb128 0x13
 9615 012a 01       		.byte	0x1
 9616 012b 0B       		.uleb128 0xb
 9617 012c 0B       		.uleb128 0xb
 9618 012d 3A       		.uleb128 0x3a
 9619 012e 0B       		.uleb128 0xb
 9620 012f 3B       		.uleb128 0x3b
ARM GAS  /var/folders/65/xyhbx3_n6nd_hs7j3p9nfwv80000gn/T//ccls3DQP.s 			page 182


 9621 0130 0B       		.uleb128 0xb
 9622 0131 39       		.uleb128 0x39
 9623 0132 0B       		.uleb128 0xb
 9624 0133 01       		.uleb128 0x1
 9625 0134 13       		.uleb128 0x13
 9626 0135 00       		.byte	0
 9627 0136 00       		.byte	0
 9628 0137 19       		.uleb128 0x19
 9629 0138 13       		.uleb128 0x13
 9630 0139 01       		.byte	0x1
 9631 013a 03       		.uleb128 0x3
 9632 013b 0E       		.uleb128 0xe
 9633 013c 0B       		.uleb128 0xb
 9634 013d 0B       		.uleb128 0xb
 9635 013e 3A       		.uleb128 0x3a
 9636 013f 0B       		.uleb128 0xb
 9637 0140 3B       		.uleb128 0x3b
 9638 0141 0B       		.uleb128 0xb
 9639 0142 39       		.uleb128 0x39
 9640 0143 0B       		.uleb128 0xb
 9641 0144 01       		.uleb128 0x1
 9642 0145 13       		.uleb128 0x13
 9643 0146 00       		.byte	0
 9644 0147 00       		.byte	0
 9645 0148 1A       		.uleb128 0x1a
 9646 0149 15       		.uleb128 0x15
 9647 014a 00       		.byte	0
 9648 014b 27       		.uleb128 0x27
 9649 014c 0C       		.uleb128 0xc
 9650 014d 00       		.byte	0
 9651 014e 00       		.byte	0
 9652 014f 1B       		.uleb128 0x1b
 9653 0150 13       		.uleb128 0x13
 9654 0151 01       		.byte	0x1
 9655 0152 03       		.uleb128 0x3
 9656 0153 0E       		.uleb128 0xe
 9657 0154 0B       		.uleb128 0xb
 9658 0155 05       		.uleb128 0x5
 9659 0156 3A       		.uleb128 0x3a
 9660 0157 0B       		.uleb128 0xb
 9661 0158 3B       		.uleb128 0x3b
 9662 0159 05       		.uleb128 0x5
 9663 015a 39       		.uleb128 0x39
 9664 015b 0B       		.uleb128 0xb
 9665 015c 01       		.uleb128 0x1
 9666 015d 13       		.uleb128 0x13
 9667 015e 00       		.byte	0
 9668 015f 00       		.byte	0
 9669 0160 1C       		.uleb128 0x1c
 9670 0161 13       		.uleb128 0x13
 9671 0162 01       		.byte	0x1
 9672 0163 03       		.uleb128 0x3
 9673 0164 0E       		.uleb128 0xe
 9674 0165 0B       		.uleb128 0xb
 9675 0166 0B       		.uleb128 0xb
 9676 0167 3A       		.uleb128 0x3a
 9677 0168 0B       		.uleb128 0xb
ARM GAS  /var/folders/65/xyhbx3_n6nd_hs7j3p9nfwv80000gn/T//ccls3DQP.s 			page 183


 9678 0169 3B       		.uleb128 0x3b
 9679 016a 05       		.uleb128 0x5
 9680 016b 39       		.uleb128 0x39
 9681 016c 0B       		.uleb128 0xb
 9682 016d 01       		.uleb128 0x1
 9683 016e 13       		.uleb128 0x13
 9684 016f 00       		.byte	0
 9685 0170 00       		.byte	0
 9686 0171 1D       		.uleb128 0x1d
 9687 0172 13       		.uleb128 0x13
 9688 0173 01       		.byte	0x1
 9689 0174 0B       		.uleb128 0xb
 9690 0175 0B       		.uleb128 0xb
 9691 0176 3A       		.uleb128 0x3a
 9692 0177 0B       		.uleb128 0xb
 9693 0178 3B       		.uleb128 0x3b
 9694 0179 05       		.uleb128 0x5
 9695 017a 39       		.uleb128 0x39
 9696 017b 0B       		.uleb128 0xb
 9697 017c 01       		.uleb128 0x1
 9698 017d 13       		.uleb128 0x13
 9699 017e 00       		.byte	0
 9700 017f 00       		.byte	0
 9701 0180 1E       		.uleb128 0x1e
 9702 0181 17       		.uleb128 0x17
 9703 0182 01       		.byte	0x1
 9704 0183 0B       		.uleb128 0xb
 9705 0184 0B       		.uleb128 0xb
 9706 0185 3A       		.uleb128 0x3a
 9707 0186 0B       		.uleb128 0xb
 9708 0187 3B       		.uleb128 0x3b
 9709 0188 05       		.uleb128 0x5
 9710 0189 39       		.uleb128 0x39
 9711 018a 0B       		.uleb128 0xb
 9712 018b 01       		.uleb128 0x1
 9713 018c 13       		.uleb128 0x13
 9714 018d 00       		.byte	0
 9715 018e 00       		.byte	0
 9716 018f 1F       		.uleb128 0x1f
 9717 0190 0D       		.uleb128 0xd
 9718 0191 00       		.byte	0
 9719 0192 03       		.uleb128 0x3
 9720 0193 0E       		.uleb128 0xe
 9721 0194 3A       		.uleb128 0x3a
 9722 0195 0B       		.uleb128 0xb
 9723 0196 3B       		.uleb128 0x3b
 9724 0197 05       		.uleb128 0x5
 9725 0198 39       		.uleb128 0x39
 9726 0199 0B       		.uleb128 0xb
 9727 019a 49       		.uleb128 0x49
 9728 019b 13       		.uleb128 0x13
 9729 019c 00       		.byte	0
 9730 019d 00       		.byte	0
 9731 019e 20       		.uleb128 0x20
 9732 019f 34       		.uleb128 0x34
 9733 01a0 00       		.byte	0
 9734 01a1 03       		.uleb128 0x3
ARM GAS  /var/folders/65/xyhbx3_n6nd_hs7j3p9nfwv80000gn/T//ccls3DQP.s 			page 184


 9735 01a2 0E       		.uleb128 0xe
 9736 01a3 3A       		.uleb128 0x3a
 9737 01a4 0B       		.uleb128 0xb
 9738 01a5 3B       		.uleb128 0x3b
 9739 01a6 05       		.uleb128 0x5
 9740 01a7 39       		.uleb128 0x39
 9741 01a8 0B       		.uleb128 0xb
 9742 01a9 49       		.uleb128 0x49
 9743 01aa 13       		.uleb128 0x13
 9744 01ab 3F       		.uleb128 0x3f
 9745 01ac 0C       		.uleb128 0xc
 9746 01ad 3C       		.uleb128 0x3c
 9747 01ae 0C       		.uleb128 0xc
 9748 01af 00       		.byte	0
 9749 01b0 00       		.byte	0
 9750 01b1 21       		.uleb128 0x21
 9751 01b2 34       		.uleb128 0x34
 9752 01b3 00       		.byte	0
 9753 01b4 03       		.uleb128 0x3
 9754 01b5 0E       		.uleb128 0xe
 9755 01b6 3A       		.uleb128 0x3a
 9756 01b7 0B       		.uleb128 0xb
 9757 01b8 3B       		.uleb128 0x3b
 9758 01b9 0B       		.uleb128 0xb
 9759 01ba 39       		.uleb128 0x39
 9760 01bb 0B       		.uleb128 0xb
 9761 01bc 49       		.uleb128 0x49
 9762 01bd 13       		.uleb128 0x13
 9763 01be 3F       		.uleb128 0x3f
 9764 01bf 0C       		.uleb128 0xc
 9765 01c0 3C       		.uleb128 0x3c
 9766 01c1 0C       		.uleb128 0xc
 9767 01c2 00       		.byte	0
 9768 01c3 00       		.byte	0
 9769 01c4 22       		.uleb128 0x22
 9770 01c5 04       		.uleb128 0x4
 9771 01c6 01       		.byte	0x1
 9772 01c7 03       		.uleb128 0x3
 9773 01c8 0E       		.uleb128 0xe
 9774 01c9 3E       		.uleb128 0x3e
 9775 01ca 0B       		.uleb128 0xb
 9776 01cb 0B       		.uleb128 0xb
 9777 01cc 0B       		.uleb128 0xb
 9778 01cd 49       		.uleb128 0x49
 9779 01ce 13       		.uleb128 0x13
 9780 01cf 3A       		.uleb128 0x3a
 9781 01d0 0B       		.uleb128 0xb
 9782 01d1 3B       		.uleb128 0x3b
 9783 01d2 05       		.uleb128 0x5
 9784 01d3 39       		.uleb128 0x39
 9785 01d4 0B       		.uleb128 0xb
 9786 01d5 01       		.uleb128 0x1
 9787 01d6 13       		.uleb128 0x13
 9788 01d7 00       		.byte	0
 9789 01d8 00       		.byte	0
 9790 01d9 23       		.uleb128 0x23
 9791 01da 28       		.uleb128 0x28
ARM GAS  /var/folders/65/xyhbx3_n6nd_hs7j3p9nfwv80000gn/T//ccls3DQP.s 			page 185


 9792 01db 00       		.byte	0
 9793 01dc 03       		.uleb128 0x3
 9794 01dd 0E       		.uleb128 0xe
 9795 01de 1C       		.uleb128 0x1c
 9796 01df 0D       		.uleb128 0xd
 9797 01e0 00       		.byte	0
 9798 01e1 00       		.byte	0
 9799 01e2 24       		.uleb128 0x24
 9800 01e3 17       		.uleb128 0x17
 9801 01e4 01       		.byte	0x1
 9802 01e5 03       		.uleb128 0x3
 9803 01e6 0E       		.uleb128 0xe
 9804 01e7 0B       		.uleb128 0xb
 9805 01e8 0B       		.uleb128 0xb
 9806 01e9 3A       		.uleb128 0x3a
 9807 01ea 0B       		.uleb128 0xb
 9808 01eb 3B       		.uleb128 0x3b
 9809 01ec 05       		.uleb128 0x5
 9810 01ed 39       		.uleb128 0x39
 9811 01ee 0B       		.uleb128 0xb
 9812 01ef 01       		.uleb128 0x1
 9813 01f0 13       		.uleb128 0x13
 9814 01f1 00       		.byte	0
 9815 01f2 00       		.byte	0
 9816 01f3 25       		.uleb128 0x25
 9817 01f4 0D       		.uleb128 0xd
 9818 01f5 00       		.byte	0
 9819 01f6 03       		.uleb128 0x3
 9820 01f7 08       		.uleb128 0x8
 9821 01f8 3A       		.uleb128 0x3a
 9822 01f9 0B       		.uleb128 0xb
 9823 01fa 3B       		.uleb128 0x3b
 9824 01fb 05       		.uleb128 0x5
 9825 01fc 39       		.uleb128 0x39
 9826 01fd 0B       		.uleb128 0xb
 9827 01fe 49       		.uleb128 0x49
 9828 01ff 13       		.uleb128 0x13
 9829 0200 00       		.byte	0
 9830 0201 00       		.byte	0
 9831 0202 26       		.uleb128 0x26
 9832 0203 21       		.uleb128 0x21
 9833 0204 00       		.byte	0
 9834 0205 49       		.uleb128 0x49
 9835 0206 13       		.uleb128 0x13
 9836 0207 2F       		.uleb128 0x2f
 9837 0208 05       		.uleb128 0x5
 9838 0209 00       		.byte	0
 9839 020a 00       		.byte	0
 9840 020b 27       		.uleb128 0x27
 9841 020c 2E       		.uleb128 0x2e
 9842 020d 01       		.byte	0x1
 9843 020e 3F       		.uleb128 0x3f
 9844 020f 0C       		.uleb128 0xc
 9845 0210 03       		.uleb128 0x3
 9846 0211 0E       		.uleb128 0xe
 9847 0212 3A       		.uleb128 0x3a
 9848 0213 0B       		.uleb128 0xb
ARM GAS  /var/folders/65/xyhbx3_n6nd_hs7j3p9nfwv80000gn/T//ccls3DQP.s 			page 186


 9849 0214 3B       		.uleb128 0x3b
 9850 0215 05       		.uleb128 0x5
 9851 0216 39       		.uleb128 0x39
 9852 0217 0B       		.uleb128 0xb
 9853 0218 27       		.uleb128 0x27
 9854 0219 0C       		.uleb128 0xc
 9855 021a 49       		.uleb128 0x49
 9856 021b 13       		.uleb128 0x13
 9857 021c 11       		.uleb128 0x11
 9858 021d 01       		.uleb128 0x1
 9859 021e 12       		.uleb128 0x12
 9860 021f 01       		.uleb128 0x1
 9861 0220 40       		.uleb128 0x40
 9862 0221 06       		.uleb128 0x6
 9863 0222 9742     		.uleb128 0x2117
 9864 0224 0C       		.uleb128 0xc
 9865 0225 01       		.uleb128 0x1
 9866 0226 13       		.uleb128 0x13
 9867 0227 00       		.byte	0
 9868 0228 00       		.byte	0
 9869 0229 28       		.uleb128 0x28
 9870 022a 05       		.uleb128 0x5
 9871 022b 00       		.byte	0
 9872 022c 03       		.uleb128 0x3
 9873 022d 08       		.uleb128 0x8
 9874 022e 3A       		.uleb128 0x3a
 9875 022f 0B       		.uleb128 0xb
 9876 0230 3B       		.uleb128 0x3b
 9877 0231 05       		.uleb128 0x5
 9878 0232 39       		.uleb128 0x39
 9879 0233 0B       		.uleb128 0xb
 9880 0234 49       		.uleb128 0x49
 9881 0235 13       		.uleb128 0x13
 9882 0236 02       		.uleb128 0x2
 9883 0237 06       		.uleb128 0x6
 9884 0238 B742     		.uleb128 0x2137
 9885 023a 06       		.uleb128 0x6
 9886 023b 00       		.byte	0
 9887 023c 00       		.byte	0
 9888 023d 29       		.uleb128 0x29
 9889 023e 05       		.uleb128 0x5
 9890 023f 00       		.byte	0
 9891 0240 03       		.uleb128 0x3
 9892 0241 0E       		.uleb128 0xe
 9893 0242 3A       		.uleb128 0x3a
 9894 0243 0B       		.uleb128 0xb
 9895 0244 3B       		.uleb128 0x3b
 9896 0245 05       		.uleb128 0x5
 9897 0246 39       		.uleb128 0x39
 9898 0247 0B       		.uleb128 0xb
 9899 0248 49       		.uleb128 0x49
 9900 0249 13       		.uleb128 0x13
 9901 024a 02       		.uleb128 0x2
 9902 024b 06       		.uleb128 0x6
 9903 024c B742     		.uleb128 0x2137
 9904 024e 06       		.uleb128 0x6
 9905 024f 00       		.byte	0
ARM GAS  /var/folders/65/xyhbx3_n6nd_hs7j3p9nfwv80000gn/T//ccls3DQP.s 			page 187


 9906 0250 00       		.byte	0
 9907 0251 2A       		.uleb128 0x2a
 9908 0252 34       		.uleb128 0x34
 9909 0253 00       		.byte	0
 9910 0254 03       		.uleb128 0x3
 9911 0255 08       		.uleb128 0x8
 9912 0256 3A       		.uleb128 0x3a
 9913 0257 0B       		.uleb128 0xb
 9914 0258 3B       		.uleb128 0x3b
 9915 0259 05       		.uleb128 0x5
 9916 025a 39       		.uleb128 0x39
 9917 025b 0B       		.uleb128 0xb
 9918 025c 49       		.uleb128 0x49
 9919 025d 13       		.uleb128 0x13
 9920 025e 02       		.uleb128 0x2
 9921 025f 06       		.uleb128 0x6
 9922 0260 B742     		.uleb128 0x2137
 9923 0262 06       		.uleb128 0x6
 9924 0263 00       		.byte	0
 9925 0264 00       		.byte	0
 9926 0265 2B       		.uleb128 0x2b
 9927 0266 898201   		.uleb128 0x4109
 9928 0269 01       		.byte	0x1
 9929 026a 11       		.uleb128 0x11
 9930 026b 01       		.uleb128 0x1
 9931 026c 31       		.uleb128 0x31
 9932 026d 13       		.uleb128 0x13
 9933 026e 01       		.uleb128 0x1
 9934 026f 13       		.uleb128 0x13
 9935 0270 00       		.byte	0
 9936 0271 00       		.byte	0
 9937 0272 2C       		.uleb128 0x2c
 9938 0273 8A8201   		.uleb128 0x410a
 9939 0276 00       		.byte	0
 9940 0277 02       		.uleb128 0x2
 9941 0278 0A       		.uleb128 0xa
 9942 0279 9142     		.uleb128 0x2111
 9943 027b 0A       		.uleb128 0xa
 9944 027c 00       		.byte	0
 9945 027d 00       		.byte	0
 9946 027e 2D       		.uleb128 0x2d
 9947 027f 898201   		.uleb128 0x4109
 9948 0282 00       		.byte	0
 9949 0283 11       		.uleb128 0x11
 9950 0284 01       		.uleb128 0x1
 9951 0285 31       		.uleb128 0x31
 9952 0286 13       		.uleb128 0x13
 9953 0287 00       		.byte	0
 9954 0288 00       		.byte	0
 9955 0289 2E       		.uleb128 0x2e
 9956 028a 898201   		.uleb128 0x4109
 9957 028d 01       		.byte	0x1
 9958 028e 11       		.uleb128 0x11
 9959 028f 01       		.uleb128 0x1
 9960 0290 31       		.uleb128 0x31
 9961 0291 13       		.uleb128 0x13
 9962 0292 00       		.byte	0
ARM GAS  /var/folders/65/xyhbx3_n6nd_hs7j3p9nfwv80000gn/T//ccls3DQP.s 			page 188


 9963 0293 00       		.byte	0
 9964 0294 2F       		.uleb128 0x2f
 9965 0295 898201   		.uleb128 0x4109
 9966 0298 01       		.byte	0x1
 9967 0299 11       		.uleb128 0x11
 9968 029a 01       		.uleb128 0x1
 9969 029b 9542     		.uleb128 0x2115
 9970 029d 0C       		.uleb128 0xc
 9971 029e 31       		.uleb128 0x31
 9972 029f 13       		.uleb128 0x13
 9973 02a0 00       		.byte	0
 9974 02a1 00       		.byte	0
 9975 02a2 30       		.uleb128 0x30
 9976 02a3 2E       		.uleb128 0x2e
 9977 02a4 01       		.byte	0x1
 9978 02a5 3F       		.uleb128 0x3f
 9979 02a6 0C       		.uleb128 0xc
 9980 02a7 03       		.uleb128 0x3
 9981 02a8 0E       		.uleb128 0xe
 9982 02a9 3A       		.uleb128 0x3a
 9983 02aa 0B       		.uleb128 0xb
 9984 02ab 3B       		.uleb128 0x3b
 9985 02ac 0B       		.uleb128 0xb
 9986 02ad 39       		.uleb128 0x39
 9987 02ae 0B       		.uleb128 0xb
 9988 02af 27       		.uleb128 0x27
 9989 02b0 0C       		.uleb128 0xc
 9990 02b1 11       		.uleb128 0x11
 9991 02b2 01       		.uleb128 0x1
 9992 02b3 12       		.uleb128 0x12
 9993 02b4 01       		.uleb128 0x1
 9994 02b5 40       		.uleb128 0x40
 9995 02b6 06       		.uleb128 0x6
 9996 02b7 9742     		.uleb128 0x2117
 9997 02b9 0C       		.uleb128 0xc
 9998 02ba 01       		.uleb128 0x1
 9999 02bb 13       		.uleb128 0x13
 10000 02bc 00       		.byte	0
 10001 02bd 00       		.byte	0
 10002 02be 31       		.uleb128 0x31
 10003 02bf 05       		.uleb128 0x5
 10004 02c0 00       		.byte	0
 10005 02c1 03       		.uleb128 0x3
 10006 02c2 08       		.uleb128 0x8
 10007 02c3 3A       		.uleb128 0x3a
 10008 02c4 0B       		.uleb128 0xb
 10009 02c5 3B       		.uleb128 0x3b
 10010 02c6 0B       		.uleb128 0xb
 10011 02c7 39       		.uleb128 0x39
 10012 02c8 0B       		.uleb128 0xb
 10013 02c9 49       		.uleb128 0x49
 10014 02ca 13       		.uleb128 0x13
 10015 02cb 02       		.uleb128 0x2
 10016 02cc 06       		.uleb128 0x6
 10017 02cd B742     		.uleb128 0x2137
 10018 02cf 06       		.uleb128 0x6
 10019 02d0 00       		.byte	0
ARM GAS  /var/folders/65/xyhbx3_n6nd_hs7j3p9nfwv80000gn/T//ccls3DQP.s 			page 189


 10020 02d1 00       		.byte	0
 10021 02d2 32       		.uleb128 0x32
 10022 02d3 34       		.uleb128 0x34
 10023 02d4 00       		.byte	0
 10024 02d5 03       		.uleb128 0x3
 10025 02d6 08       		.uleb128 0x8
 10026 02d7 3A       		.uleb128 0x3a
 10027 02d8 0B       		.uleb128 0xb
 10028 02d9 3B       		.uleb128 0x3b
 10029 02da 0B       		.uleb128 0xb
 10030 02db 39       		.uleb128 0x39
 10031 02dc 0B       		.uleb128 0xb
 10032 02dd 49       		.uleb128 0x49
 10033 02de 13       		.uleb128 0x13
 10034 02df 02       		.uleb128 0x2
 10035 02e0 0A       		.uleb128 0xa
 10036 02e1 00       		.byte	0
 10037 02e2 00       		.byte	0
 10038 02e3 33       		.uleb128 0x33
 10039 02e4 34       		.uleb128 0x34
 10040 02e5 00       		.byte	0
 10041 02e6 03       		.uleb128 0x3
 10042 02e7 0E       		.uleb128 0xe
 10043 02e8 3A       		.uleb128 0x3a
 10044 02e9 0B       		.uleb128 0xb
 10045 02ea 3B       		.uleb128 0x3b
 10046 02eb 0B       		.uleb128 0xb
 10047 02ec 39       		.uleb128 0x39
 10048 02ed 0B       		.uleb128 0xb
 10049 02ee 49       		.uleb128 0x49
 10050 02ef 13       		.uleb128 0x13
 10051 02f0 02       		.uleb128 0x2
 10052 02f1 06       		.uleb128 0x6
 10053 02f2 B742     		.uleb128 0x2137
 10054 02f4 06       		.uleb128 0x6
 10055 02f5 00       		.byte	0
 10056 02f6 00       		.byte	0
 10057 02f7 34       		.uleb128 0x34
 10058 02f8 2E       		.uleb128 0x2e
 10059 02f9 01       		.byte	0x1
 10060 02fa 03       		.uleb128 0x3
 10061 02fb 0E       		.uleb128 0xe
 10062 02fc 3A       		.uleb128 0x3a
 10063 02fd 0B       		.uleb128 0xb
 10064 02fe 3B       		.uleb128 0x3b
 10065 02ff 0B       		.uleb128 0xb
 10066 0300 39       		.uleb128 0x39
 10067 0301 0B       		.uleb128 0xb
 10068 0302 27       		.uleb128 0x27
 10069 0303 0C       		.uleb128 0xc
 10070 0304 20       		.uleb128 0x20
 10071 0305 0B       		.uleb128 0xb
 10072 0306 01       		.uleb128 0x1
 10073 0307 13       		.uleb128 0x13
 10074 0308 00       		.byte	0
 10075 0309 00       		.byte	0
 10076 030a 35       		.uleb128 0x35
ARM GAS  /var/folders/65/xyhbx3_n6nd_hs7j3p9nfwv80000gn/T//ccls3DQP.s 			page 190


 10077 030b 05       		.uleb128 0x5
 10078 030c 00       		.byte	0
 10079 030d 03       		.uleb128 0x3
 10080 030e 08       		.uleb128 0x8
 10081 030f 3A       		.uleb128 0x3a
 10082 0310 0B       		.uleb128 0xb
 10083 0311 3B       		.uleb128 0x3b
 10084 0312 0B       		.uleb128 0xb
 10085 0313 39       		.uleb128 0x39
 10086 0314 0B       		.uleb128 0xb
 10087 0315 49       		.uleb128 0x49
 10088 0316 13       		.uleb128 0x13
 10089 0317 00       		.byte	0
 10090 0318 00       		.byte	0
 10091 0319 36       		.uleb128 0x36
 10092 031a 0B       		.uleb128 0xb
 10093 031b 01       		.byte	0x1
 10094 031c 00       		.byte	0
 10095 031d 00       		.byte	0
 10096 031e 37       		.uleb128 0x37
 10097 031f 34       		.uleb128 0x34
 10098 0320 00       		.byte	0
 10099 0321 03       		.uleb128 0x3
 10100 0322 08       		.uleb128 0x8
 10101 0323 3A       		.uleb128 0x3a
 10102 0324 0B       		.uleb128 0xb
 10103 0325 3B       		.uleb128 0x3b
 10104 0326 0B       		.uleb128 0xb
 10105 0327 39       		.uleb128 0x39
 10106 0328 0B       		.uleb128 0xb
 10107 0329 49       		.uleb128 0x49
 10108 032a 13       		.uleb128 0x13
 10109 032b 00       		.byte	0
 10110 032c 00       		.byte	0
 10111 032d 38       		.uleb128 0x38
 10112 032e 05       		.uleb128 0x5
 10113 032f 00       		.byte	0
 10114 0330 03       		.uleb128 0x3
 10115 0331 0E       		.uleb128 0xe
 10116 0332 3A       		.uleb128 0x3a
 10117 0333 0B       		.uleb128 0xb
 10118 0334 3B       		.uleb128 0x3b
 10119 0335 0B       		.uleb128 0xb
 10120 0336 39       		.uleb128 0x39
 10121 0337 0B       		.uleb128 0xb
 10122 0338 49       		.uleb128 0x49
 10123 0339 13       		.uleb128 0x13
 10124 033a 00       		.byte	0
 10125 033b 00       		.byte	0
 10126 033c 39       		.uleb128 0x39
 10127 033d 2E       		.uleb128 0x2e
 10128 033e 01       		.byte	0x1
 10129 033f 03       		.uleb128 0x3
 10130 0340 0E       		.uleb128 0xe
 10131 0341 3A       		.uleb128 0x3a
 10132 0342 0B       		.uleb128 0xb
 10133 0343 3B       		.uleb128 0x3b
ARM GAS  /var/folders/65/xyhbx3_n6nd_hs7j3p9nfwv80000gn/T//ccls3DQP.s 			page 191


 10134 0344 0B       		.uleb128 0xb
 10135 0345 39       		.uleb128 0x39
 10136 0346 0B       		.uleb128 0xb
 10137 0347 27       		.uleb128 0x27
 10138 0348 0C       		.uleb128 0xc
 10139 0349 11       		.uleb128 0x11
 10140 034a 01       		.uleb128 0x1
 10141 034b 12       		.uleb128 0x12
 10142 034c 01       		.uleb128 0x1
 10143 034d 40       		.uleb128 0x40
 10144 034e 06       		.uleb128 0x6
 10145 034f 9742     		.uleb128 0x2117
 10146 0351 0C       		.uleb128 0xc
 10147 0352 01       		.uleb128 0x1
 10148 0353 13       		.uleb128 0x13
 10149 0354 00       		.byte	0
 10150 0355 00       		.byte	0
 10151 0356 3A       		.uleb128 0x3a
 10152 0357 34       		.uleb128 0x34
 10153 0358 00       		.byte	0
 10154 0359 03       		.uleb128 0x3
 10155 035a 08       		.uleb128 0x8
 10156 035b 3A       		.uleb128 0x3a
 10157 035c 0B       		.uleb128 0xb
 10158 035d 3B       		.uleb128 0x3b
 10159 035e 0B       		.uleb128 0xb
 10160 035f 39       		.uleb128 0x39
 10161 0360 0B       		.uleb128 0xb
 10162 0361 49       		.uleb128 0x49
 10163 0362 13       		.uleb128 0x13
 10164 0363 02       		.uleb128 0x2
 10165 0364 06       		.uleb128 0x6
 10166 0365 B742     		.uleb128 0x2137
 10167 0367 06       		.uleb128 0x6
 10168 0368 00       		.byte	0
 10169 0369 00       		.byte	0
 10170 036a 3B       		.uleb128 0x3b
 10171 036b 2E       		.uleb128 0x2e
 10172 036c 01       		.byte	0x1
 10173 036d 03       		.uleb128 0x3
 10174 036e 0E       		.uleb128 0xe
 10175 036f 3A       		.uleb128 0x3a
 10176 0370 0B       		.uleb128 0xb
 10177 0371 3B       		.uleb128 0x3b
 10178 0372 0B       		.uleb128 0xb
 10179 0373 39       		.uleb128 0x39
 10180 0374 0B       		.uleb128 0xb
 10181 0375 27       		.uleb128 0x27
 10182 0376 0C       		.uleb128 0xc
 10183 0377 11       		.uleb128 0x11
 10184 0378 01       		.uleb128 0x1
 10185 0379 12       		.uleb128 0x12
 10186 037a 01       		.uleb128 0x1
 10187 037b 40       		.uleb128 0x40
 10188 037c 06       		.uleb128 0x6
 10189 037d 9642     		.uleb128 0x2116
 10190 037f 0C       		.uleb128 0xc
ARM GAS  /var/folders/65/xyhbx3_n6nd_hs7j3p9nfwv80000gn/T//ccls3DQP.s 			page 192


 10191 0380 01       		.uleb128 0x1
 10192 0381 13       		.uleb128 0x13
 10193 0382 00       		.byte	0
 10194 0383 00       		.byte	0
 10195 0384 3C       		.uleb128 0x3c
 10196 0385 2E       		.uleb128 0x2e
 10197 0386 01       		.byte	0x1
 10198 0387 31       		.uleb128 0x31
 10199 0388 13       		.uleb128 0x13
 10200 0389 11       		.uleb128 0x11
 10201 038a 01       		.uleb128 0x1
 10202 038b 12       		.uleb128 0x12
 10203 038c 01       		.uleb128 0x1
 10204 038d 40       		.uleb128 0x40
 10205 038e 06       		.uleb128 0x6
 10206 038f 9742     		.uleb128 0x2117
 10207 0391 0C       		.uleb128 0xc
 10208 0392 01       		.uleb128 0x1
 10209 0393 13       		.uleb128 0x13
 10210 0394 00       		.byte	0
 10211 0395 00       		.byte	0
 10212 0396 3D       		.uleb128 0x3d
 10213 0397 05       		.uleb128 0x5
 10214 0398 00       		.byte	0
 10215 0399 31       		.uleb128 0x31
 10216 039a 13       		.uleb128 0x13
 10217 039b 02       		.uleb128 0x2
 10218 039c 06       		.uleb128 0x6
 10219 039d B742     		.uleb128 0x2137
 10220 039f 06       		.uleb128 0x6
 10221 03a0 00       		.byte	0
 10222 03a1 00       		.byte	0
 10223 03a2 3E       		.uleb128 0x3e
 10224 03a3 1D       		.uleb128 0x1d
 10225 03a4 01       		.byte	0x1
 10226 03a5 31       		.uleb128 0x31
 10227 03a6 13       		.uleb128 0x13
 10228 03a7 52       		.uleb128 0x52
 10229 03a8 01       		.uleb128 0x1
 10230 03a9 B842     		.uleb128 0x2138
 10231 03ab 05       		.uleb128 0x5
 10232 03ac 55       		.uleb128 0x55
 10233 03ad 06       		.uleb128 0x6
 10234 03ae 58       		.uleb128 0x58
 10235 03af 0B       		.uleb128 0xb
 10236 03b0 59       		.uleb128 0x59
 10237 03b1 0B       		.uleb128 0xb
 10238 03b2 57       		.uleb128 0x57
 10239 03b3 0B       		.uleb128 0xb
 10240 03b4 01       		.uleb128 0x1
 10241 03b5 13       		.uleb128 0x13
 10242 03b6 00       		.byte	0
 10243 03b7 00       		.byte	0
 10244 03b8 3F       		.uleb128 0x3f
 10245 03b9 0B       		.uleb128 0xb
 10246 03ba 01       		.byte	0x1
 10247 03bb 31       		.uleb128 0x31
ARM GAS  /var/folders/65/xyhbx3_n6nd_hs7j3p9nfwv80000gn/T//ccls3DQP.s 			page 193


 10248 03bc 13       		.uleb128 0x13
 10249 03bd 55       		.uleb128 0x55
 10250 03be 06       		.uleb128 0x6
 10251 03bf 01       		.uleb128 0x1
 10252 03c0 13       		.uleb128 0x13
 10253 03c1 00       		.byte	0
 10254 03c2 00       		.byte	0
 10255 03c3 40       		.uleb128 0x40
 10256 03c4 34       		.uleb128 0x34
 10257 03c5 00       		.byte	0
 10258 03c6 31       		.uleb128 0x31
 10259 03c7 13       		.uleb128 0x13
 10260 03c8 02       		.uleb128 0x2
 10261 03c9 06       		.uleb128 0x6
 10262 03ca B742     		.uleb128 0x2137
 10263 03cc 06       		.uleb128 0x6
 10264 03cd 00       		.byte	0
 10265 03ce 00       		.byte	0
 10266 03cf 41       		.uleb128 0x41
 10267 03d0 1D       		.uleb128 0x1d
 10268 03d1 01       		.byte	0x1
 10269 03d2 31       		.uleb128 0x31
 10270 03d3 13       		.uleb128 0x13
 10271 03d4 52       		.uleb128 0x52
 10272 03d5 01       		.uleb128 0x1
 10273 03d6 B842     		.uleb128 0x2138
 10274 03d8 05       		.uleb128 0x5
 10275 03d9 11       		.uleb128 0x11
 10276 03da 01       		.uleb128 0x1
 10277 03db 12       		.uleb128 0x12
 10278 03dc 01       		.uleb128 0x1
 10279 03dd 58       		.uleb128 0x58
 10280 03de 0B       		.uleb128 0xb
 10281 03df 59       		.uleb128 0x59
 10282 03e0 0B       		.uleb128 0xb
 10283 03e1 57       		.uleb128 0x57
 10284 03e2 0B       		.uleb128 0xb
 10285 03e3 01       		.uleb128 0x1
 10286 03e4 13       		.uleb128 0x13
 10287 03e5 00       		.byte	0
 10288 03e6 00       		.byte	0
 10289 03e7 42       		.uleb128 0x42
 10290 03e8 0B       		.uleb128 0xb
 10291 03e9 01       		.byte	0x1
 10292 03ea 31       		.uleb128 0x31
 10293 03eb 13       		.uleb128 0x13
 10294 03ec 11       		.uleb128 0x11
 10295 03ed 01       		.uleb128 0x1
 10296 03ee 12       		.uleb128 0x12
 10297 03ef 01       		.uleb128 0x1
 10298 03f0 01       		.uleb128 0x1
 10299 03f1 13       		.uleb128 0x13
 10300 03f2 00       		.byte	0
 10301 03f3 00       		.byte	0
 10302 03f4 43       		.uleb128 0x43
 10303 03f5 34       		.uleb128 0x34
 10304 03f6 00       		.byte	0
ARM GAS  /var/folders/65/xyhbx3_n6nd_hs7j3p9nfwv80000gn/T//ccls3DQP.s 			page 194


 10305 03f7 31       		.uleb128 0x31
 10306 03f8 13       		.uleb128 0x13
 10307 03f9 02       		.uleb128 0x2
 10308 03fa 0A       		.uleb128 0xa
 10309 03fb 00       		.byte	0
 10310 03fc 00       		.byte	0
 10311 03fd 44       		.uleb128 0x44
 10312 03fe 0B       		.uleb128 0xb
 10313 03ff 01       		.byte	0x1
 10314 0400 55       		.uleb128 0x55
 10315 0401 06       		.uleb128 0x6
 10316 0402 00       		.byte	0
 10317 0403 00       		.byte	0
 10318 0404 45       		.uleb128 0x45
 10319 0405 05       		.uleb128 0x5
 10320 0406 00       		.byte	0
 10321 0407 31       		.uleb128 0x31
 10322 0408 13       		.uleb128 0x13
 10323 0409 00       		.byte	0
 10324 040a 00       		.byte	0
 10325 040b 46       		.uleb128 0x46
 10326 040c 2E       		.uleb128 0x2e
 10327 040d 00       		.byte	0
 10328 040e 3F       		.uleb128 0x3f
 10329 040f 0C       		.uleb128 0xc
 10330 0410 3C       		.uleb128 0x3c
 10331 0411 0C       		.uleb128 0xc
 10332 0412 8740     		.uleb128 0x2007
 10333 0414 0E       		.uleb128 0xe
 10334 0415 03       		.uleb128 0x3
 10335 0416 0E       		.uleb128 0xe
 10336 0417 3A       		.uleb128 0x3a
 10337 0418 0B       		.uleb128 0xb
 10338 0419 3B       		.uleb128 0x3b
 10339 041a 0B       		.uleb128 0xb
 10340 041b 39       		.uleb128 0x39
 10341 041c 0B       		.uleb128 0xb
 10342 041d 00       		.byte	0
 10343 041e 00       		.byte	0
 10344 041f 47       		.uleb128 0x47
 10345 0420 2E       		.uleb128 0x2e
 10346 0421 00       		.byte	0
 10347 0422 3F       		.uleb128 0x3f
 10348 0423 0C       		.uleb128 0xc
 10349 0424 3C       		.uleb128 0x3c
 10350 0425 0C       		.uleb128 0xc
 10351 0426 8740     		.uleb128 0x2007
 10352 0428 0E       		.uleb128 0xe
 10353 0429 03       		.uleb128 0x3
 10354 042a 0E       		.uleb128 0xe
 10355 042b 3A       		.uleb128 0x3a
 10356 042c 0B       		.uleb128 0xb
 10357 042d 3B       		.uleb128 0x3b
 10358 042e 05       		.uleb128 0x5
 10359 042f 39       		.uleb128 0x39
 10360 0430 0B       		.uleb128 0xb
 10361 0431 00       		.byte	0
ARM GAS  /var/folders/65/xyhbx3_n6nd_hs7j3p9nfwv80000gn/T//ccls3DQP.s 			page 195


 10362 0432 00       		.byte	0
 10363 0433 00       		.byte	0
 10364              		.section	.debug_loc,"",%progbits
 10365              	.Ldebug_loc0:
 10366              	.LLST38:
 10367 0000 00000000 		.4byte	.LFB12
 10368 0004 02000000 		.4byte	.LCFI23
 10369 0008 0200     		.2byte	0x2
 10370 000a 7D       		.byte	0x7d
 10371 000b 00       		.sleb128 0
 10372 000c 02000000 		.4byte	.LCFI23
 10373 0010 04000000 		.4byte	.LCFI24
 10374 0014 0200     		.2byte	0x2
 10375 0016 7D       		.byte	0x7d
 10376 0017 0C       		.sleb128 12
 10377 0018 04000000 		.4byte	.LCFI24
 10378 001c 20000000 		.4byte	.LCFI25
 10379 0020 0200     		.2byte	0x2
 10380 0022 7D       		.byte	0x7d
 10381 0023 20       		.sleb128 32
 10382 0024 20000000 		.4byte	.LCFI25
 10383 0028 22000000 		.4byte	.LCFI26
 10384 002c 0200     		.2byte	0x2
 10385 002e 7D       		.byte	0x7d
 10386 002f 0C       		.sleb128 12
 10387 0030 22000000 		.4byte	.LCFI26
 10388 0034 3A000000 		.4byte	.LCFI27
 10389 0038 0200     		.2byte	0x2
 10390 003a 7D       		.byte	0x7d
 10391 003b 20       		.sleb128 32
 10392 003c 3A000000 		.4byte	.LCFI27
 10393 0040 3C000000 		.4byte	.LFE12
 10394 0044 0200     		.2byte	0x2
 10395 0046 7D       		.byte	0x7d
 10396 0047 0C       		.sleb128 12
 10397 0048 00000000 		.4byte	0
 10398 004c 00000000 		.4byte	0
 10399              	.LVUS39:
 10400 0050 00       		.uleb128 0
 10401 0051 00       		.uleb128 .LVU441
 10402 0052 00       		.uleb128 .LVU441
 10403 0053 00       		.uleb128 0
 10404              	.LLST39:
 10405 0054 00000000 		.4byte	.LVL239
 10406 0058 0D000000 		.4byte	.LVL240-1
 10407 005c 0100     		.2byte	0x1
 10408 005e 50       		.byte	0x50
 10409 005f 0D000000 		.4byte	.LVL240-1
 10410 0063 3C000000 		.4byte	.LFE12
 10411 0067 0200     		.2byte	0x2
 10412 0069 91       		.byte	0x91
 10413 006a 68       		.sleb128 -24
 10414 006b 00000000 		.4byte	0
 10415 006f 00000000 		.4byte	0
 10416              	.LVUS40:
 10417 0073 00       		.uleb128 0
 10418 0074 00       		.uleb128 .LVU441
ARM GAS  /var/folders/65/xyhbx3_n6nd_hs7j3p9nfwv80000gn/T//ccls3DQP.s 			page 196


 10419 0075 00       		.uleb128 .LVU441
 10420 0076 00       		.uleb128 0
 10421              	.LLST40:
 10422 0077 00000000 		.4byte	.LVL239
 10423 007b 0D000000 		.4byte	.LVL240-1
 10424 007f 0100     		.2byte	0x1
 10425 0081 51       		.byte	0x51
 10426 0082 0D000000 		.4byte	.LVL240-1
 10427 0086 3C000000 		.4byte	.LFE12
 10428 008a 0200     		.2byte	0x2
 10429 008c 91       		.byte	0x91
 10430 008d 6C       		.sleb128 -20
 10431 008e 00000000 		.4byte	0
 10432 0092 00000000 		.4byte	0
 10433              	.LVUS41:
 10434 0096 00       		.uleb128 0
 10435 0097 00       		.uleb128 .LVU441
 10436 0098 00       		.uleb128 .LVU441
 10437 0099 00       		.uleb128 .LVU450
 10438 009a 00       		.uleb128 .LVU450
 10439 009b 00       		.uleb128 0
 10440              	.LLST41:
 10441 009c 00000000 		.4byte	.LVL239
 10442 00a0 0D000000 		.4byte	.LVL240-1
 10443 00a4 0100     		.2byte	0x1
 10444 00a6 52       		.byte	0x52
 10445 00a7 0D000000 		.4byte	.LVL240-1
 10446 00ab 36000000 		.4byte	.LVL247
 10447 00af 0200     		.2byte	0x2
 10448 00b1 91       		.byte	0x91
 10449 00b2 64       		.sleb128 -28
 10450 00b3 36000000 		.4byte	.LVL247
 10451 00b7 3C000000 		.4byte	.LFE12
 10452 00bb 0400     		.2byte	0x4
 10453 00bd F3       		.byte	0xf3
 10454 00be 01       		.uleb128 0x1
 10455 00bf 52       		.byte	0x52
 10456 00c0 9F       		.byte	0x9f
 10457 00c1 00000000 		.4byte	0
 10458 00c5 00000000 		.4byte	0
 10459              	.LVUS42:
 10460 00c9 00       		.uleb128 .LVU448
 10461 00ca 00       		.uleb128 0
 10462              	.LLST42:
 10463 00cb 30000000 		.4byte	.LVL245
 10464 00cf 3C000000 		.4byte	.LFE12
 10465 00d3 0100     		.2byte	0x1
 10466 00d5 54       		.byte	0x54
 10467 00d6 00000000 		.4byte	0
 10468 00da 00000000 		.4byte	0
 10469              	.LLST35:
 10470 00de 00000000 		.4byte	.LFB11
 10471 00e2 02000000 		.4byte	.LCFI21
 10472 00e6 0200     		.2byte	0x2
 10473 00e8 7D       		.byte	0x7d
 10474 00e9 00       		.sleb128 0
 10475 00ea 02000000 		.4byte	.LCFI21
ARM GAS  /var/folders/65/xyhbx3_n6nd_hs7j3p9nfwv80000gn/T//ccls3DQP.s 			page 197


 10476 00ee 22000000 		.4byte	.LCFI22
 10477 00f2 0200     		.2byte	0x2
 10478 00f4 7D       		.byte	0x7d
 10479 00f5 10       		.sleb128 16
 10480 00f6 22000000 		.4byte	.LCFI22
 10481 00fa 26000000 		.4byte	.LFE11
 10482 00fe 0200     		.2byte	0x2
 10483 0100 7D       		.byte	0x7d
 10484 0101 00       		.sleb128 0
 10485 0102 00000000 		.4byte	0
 10486 0106 00000000 		.4byte	0
 10487              	.LVUS36:
 10488 010a 00       		.uleb128 0
 10489 010b 00       		.uleb128 .LVU429
 10490 010c 00       		.uleb128 .LVU429
 10491 010d 00       		.uleb128 .LVU433
 10492 010e 00       		.uleb128 .LVU433
 10493 010f 00       		.uleb128 .LVU434
 10494 0110 00       		.uleb128 .LVU434
 10495 0111 00       		.uleb128 0
 10496              	.LLST36:
 10497 0112 00000000 		.4byte	.LVL234
 10498 0116 09000000 		.4byte	.LVL235-1
 10499 011a 0100     		.2byte	0x1
 10500 011c 50       		.byte	0x50
 10501 011d 09000000 		.4byte	.LVL235-1
 10502 0121 22000000 		.4byte	.LVL237
 10503 0125 0100     		.2byte	0x1
 10504 0127 55       		.byte	0x55
 10505 0128 22000000 		.4byte	.LVL237
 10506 012c 25000000 		.4byte	.LVL238-1
 10507 0130 0100     		.2byte	0x1
 10508 0132 50       		.byte	0x50
 10509 0133 25000000 		.4byte	.LVL238-1
 10510 0137 26000000 		.4byte	.LFE11
 10511 013b 0400     		.2byte	0x4
 10512 013d F3       		.byte	0xf3
 10513 013e 01       		.uleb128 0x1
 10514 013f 50       		.byte	0x50
 10515 0140 9F       		.byte	0x9f
 10516 0141 00000000 		.4byte	0
 10517 0145 00000000 		.4byte	0
 10518              	.LVUS37:
 10519 0149 00       		.uleb128 0
 10520 014a 00       		.uleb128 .LVU429
 10521 014b 00       		.uleb128 .LVU429
 10522 014c 00       		.uleb128 .LVU433
 10523 014d 00       		.uleb128 .LVU433
 10524 014e 00       		.uleb128 .LVU434
 10525 014f 00       		.uleb128 .LVU434
 10526 0150 00       		.uleb128 0
 10527              	.LLST37:
 10528 0151 00000000 		.4byte	.LVL234
 10529 0155 09000000 		.4byte	.LVL235-1
 10530 0159 0100     		.2byte	0x1
 10531 015b 51       		.byte	0x51
 10532 015c 09000000 		.4byte	.LVL235-1
ARM GAS  /var/folders/65/xyhbx3_n6nd_hs7j3p9nfwv80000gn/T//ccls3DQP.s 			page 198


 10533 0160 22000000 		.4byte	.LVL237
 10534 0164 0100     		.2byte	0x1
 10535 0166 54       		.byte	0x54
 10536 0167 22000000 		.4byte	.LVL237
 10537 016b 25000000 		.4byte	.LVL238-1
 10538 016f 0100     		.2byte	0x1
 10539 0171 51       		.byte	0x51
 10540 0172 25000000 		.4byte	.LVL238-1
 10541 0176 26000000 		.4byte	.LFE11
 10542 017a 0400     		.2byte	0x4
 10543 017c F3       		.byte	0xf3
 10544 017d 01       		.uleb128 0x1
 10545 017e 51       		.byte	0x51
 10546 017f 9F       		.byte	0x9f
 10547 0180 00000000 		.4byte	0
 10548 0184 00000000 		.4byte	0
 10549              	.LLST31:
 10550 0188 00000000 		.4byte	.LFB10
 10551 018c 02000000 		.4byte	.LCFI17
 10552 0190 0200     		.2byte	0x2
 10553 0192 7D       		.byte	0x7d
 10554 0193 00       		.sleb128 0
 10555 0194 02000000 		.4byte	.LCFI17
 10556 0198 06000000 		.4byte	.LCFI18
 10557 019c 0200     		.2byte	0x2
 10558 019e 7D       		.byte	0x7d
 10559 019f 10       		.sleb128 16
 10560 01a0 06000000 		.4byte	.LCFI18
 10561 01a4 6C000000 		.4byte	.LCFI19
 10562 01a8 0200     		.2byte	0x2
 10563 01aa 7D       		.byte	0x7d
 10564 01ab 20       		.sleb128 32
 10565 01ac 6C000000 		.4byte	.LCFI19
 10566 01b0 6E000000 		.4byte	.LCFI20
 10567 01b4 0200     		.2byte	0x2
 10568 01b6 7D       		.byte	0x7d
 10569 01b7 10       		.sleb128 16
 10570 01b8 6E000000 		.4byte	.LCFI20
 10571 01bc 88000000 		.4byte	.LFE10
 10572 01c0 0200     		.2byte	0x2
 10573 01c2 7D       		.byte	0x7d
 10574 01c3 20       		.sleb128 32
 10575 01c4 00000000 		.4byte	0
 10576 01c8 00000000 		.4byte	0
 10577              	.LVUS32:
 10578 01cc 00       		.uleb128 0
 10579 01cd 00       		.uleb128 .LVU395
 10580 01ce 00       		.uleb128 .LVU395
 10581 01cf 00       		.uleb128 .LVU420
 10582 01d0 00       		.uleb128 .LVU420
 10583 01d1 00       		.uleb128 .LVU421
 10584 01d2 00       		.uleb128 .LVU421
 10585 01d3 00       		.uleb128 0
 10586              	.LLST32:
 10587 01d4 00000000 		.4byte	.LVL218
 10588 01d8 0F000000 		.4byte	.LVL219-1
 10589 01dc 0100     		.2byte	0x1
ARM GAS  /var/folders/65/xyhbx3_n6nd_hs7j3p9nfwv80000gn/T//ccls3DQP.s 			page 199


 10590 01de 50       		.byte	0x50
 10591 01df 0F000000 		.4byte	.LVL219-1
 10592 01e3 6C000000 		.4byte	.LVL229
 10593 01e7 0200     		.2byte	0x2
 10594 01e9 7D       		.byte	0x7d
 10595 01ea 00       		.sleb128 0
 10596 01eb 6C000000 		.4byte	.LVL229
 10597 01ef 6E000000 		.4byte	.LVL230
 10598 01f3 0200     		.2byte	0x2
 10599 01f5 91       		.byte	0x91
 10600 01f6 60       		.sleb128 -32
 10601 01f7 6E000000 		.4byte	.LVL230
 10602 01fb 88000000 		.4byte	.LFE10
 10603 01ff 0200     		.2byte	0x2
 10604 0201 7D       		.byte	0x7d
 10605 0202 00       		.sleb128 0
 10606 0203 00000000 		.4byte	0
 10607 0207 00000000 		.4byte	0
 10608              	.LVUS33:
 10609 020b 00       		.uleb128 0
 10610 020c 00       		.uleb128 .LVU395
 10611 020d 00       		.uleb128 .LVU395
 10612 020e 00       		.uleb128 0
 10613              	.LLST33:
 10614 020f 00000000 		.4byte	.LVL218
 10615 0213 0F000000 		.4byte	.LVL219-1
 10616 0217 0100     		.2byte	0x1
 10617 0219 51       		.byte	0x51
 10618 021a 0F000000 		.4byte	.LVL219-1
 10619 021e 88000000 		.4byte	.LFE10
 10620 0222 0200     		.2byte	0x2
 10621 0224 91       		.byte	0x91
 10622 0225 64       		.sleb128 -28
 10623 0226 00000000 		.4byte	0
 10624 022a 00000000 		.4byte	0
 10625              	.LVUS34:
 10626 022e 00       		.uleb128 .LVU401
 10627 022f 00       		.uleb128 .LVU422
 10628              	.LLST34:
 10629 0230 2A000000 		.4byte	.LVL222
 10630 0234 72000000 		.4byte	.LVL231
 10631 0238 0100     		.2byte	0x1
 10632 023a 55       		.byte	0x55
 10633 023b 00000000 		.4byte	0
 10634 023f 00000000 		.4byte	0
 10635              	.LLST4:
 10636 0243 00000000 		.4byte	.LFB4
 10637 0247 04000000 		.4byte	.LCFI5
 10638 024b 0200     		.2byte	0x2
 10639 024d 7D       		.byte	0x7d
 10640 024e 00       		.sleb128 0
 10641 024f 04000000 		.4byte	.LCFI5
 10642 0253 08000000 		.4byte	.LCFI6
 10643 0257 0200     		.2byte	0x2
 10644 0259 7D       		.byte	0x7d
 10645 025a 24       		.sleb128 36
 10646 025b 08000000 		.4byte	.LCFI6
ARM GAS  /var/folders/65/xyhbx3_n6nd_hs7j3p9nfwv80000gn/T//ccls3DQP.s 			page 200


 10647 025f 80000000 		.4byte	.LCFI7
 10648 0263 0200     		.2byte	0x2
 10649 0265 7D       		.byte	0x7d
 10650 0266 30       		.sleb128 48
 10651 0267 80000000 		.4byte	.LCFI7
 10652 026b 84000000 		.4byte	.LCFI8
 10653 026f 0200     		.2byte	0x2
 10654 0271 7D       		.byte	0x7d
 10655 0272 24       		.sleb128 36
 10656 0273 84000000 		.4byte	.LCFI8
 10657 0277 A4010000 		.4byte	.LFE4
 10658 027b 0200     		.2byte	0x2
 10659 027d 7D       		.byte	0x7d
 10660 027e 30       		.sleb128 48
 10661 027f 00000000 		.4byte	0
 10662 0283 00000000 		.4byte	0
 10663              	.LVUS5:
 10664 0287 00       		.uleb128 0
 10665 0288 00       		.uleb128 .LVU23
 10666 0289 00       		.uleb128 .LVU23
 10667 028a 00       		.uleb128 .LVU92
 10668 028b 00       		.uleb128 .LVU92
 10669 028c 00       		.uleb128 .LVU93
 10670 028d 00       		.uleb128 .LVU93
 10671 028e 00       		.uleb128 0
 10672              	.LLST5:
 10673 028f 00000000 		.4byte	.LVL10
 10674 0293 11000000 		.4byte	.LVL12-1
 10675 0297 0100     		.2byte	0x1
 10676 0299 50       		.byte	0x50
 10677 029a 11000000 		.4byte	.LVL12-1
 10678 029e 18010000 		.4byte	.LVL50
 10679 02a2 0100     		.2byte	0x1
 10680 02a4 55       		.byte	0x55
 10681 02a5 18010000 		.4byte	.LVL50
 10682 02a9 1B010000 		.4byte	.LVL51-1
 10683 02ad 0100     		.2byte	0x1
 10684 02af 50       		.byte	0x50
 10685 02b0 1B010000 		.4byte	.LVL51-1
 10686 02b4 A4010000 		.4byte	.LFE4
 10687 02b8 0100     		.2byte	0x1
 10688 02ba 55       		.byte	0x55
 10689 02bb 00000000 		.4byte	0
 10690 02bf 00000000 		.4byte	0
 10691              	.LVUS6:
 10692 02c3 00       		.uleb128 0
 10693 02c4 00       		.uleb128 .LVU23
 10694 02c5 00       		.uleb128 .LVU23
 10695 02c6 00       		.uleb128 .LVU92
 10696 02c7 00       		.uleb128 .LVU92
 10697 02c8 00       		.uleb128 .LVU93
 10698 02c9 00       		.uleb128 .LVU93
 10699 02ca 00       		.uleb128 0
 10700              	.LLST6:
 10701 02cb 00000000 		.4byte	.LVL10
 10702 02cf 11000000 		.4byte	.LVL12-1
 10703 02d3 0100     		.2byte	0x1
ARM GAS  /var/folders/65/xyhbx3_n6nd_hs7j3p9nfwv80000gn/T//ccls3DQP.s 			page 201


 10704 02d5 51       		.byte	0x51
 10705 02d6 11000000 		.4byte	.LVL12-1
 10706 02da 18010000 		.4byte	.LVL50
 10707 02de 0100     		.2byte	0x1
 10708 02e0 56       		.byte	0x56
 10709 02e1 18010000 		.4byte	.LVL50
 10710 02e5 1B010000 		.4byte	.LVL51-1
 10711 02e9 0100     		.2byte	0x1
 10712 02eb 51       		.byte	0x51
 10713 02ec 1B010000 		.4byte	.LVL51-1
 10714 02f0 A4010000 		.4byte	.LFE4
 10715 02f4 0100     		.2byte	0x1
 10716 02f6 56       		.byte	0x56
 10717 02f7 00000000 		.4byte	0
 10718 02fb 00000000 		.4byte	0
 10719              	.LVUS7:
 10720 02ff 00       		.uleb128 0
 10721 0300 00       		.uleb128 .LVU18
 10722 0301 00       		.uleb128 .LVU18
 10723 0302 01       		.uleb128 .LVU24
 10724 0303 02       		.uleb128 .LVU38
 10725 0304 00       		.uleb128 .LVU41
 10726              	.LLST7:
 10727 0305 00000000 		.4byte	.LVL10
 10728 0309 0A000000 		.4byte	.LVL11
 10729 030d 0100     		.2byte	0x1
 10730 030f 52       		.byte	0x52
 10731 0310 0A000000 		.4byte	.LVL11
 10732 0314 12000000 		.4byte	.LVL12
 10733 0318 0100     		.2byte	0x1
 10734 031a 5A       		.byte	0x5a
 10735 031b 6C000000 		.4byte	.LVL17
 10736 031f 74000000 		.4byte	.LVL18
 10737 0323 0100     		.2byte	0x1
 10738 0325 54       		.byte	0x54
 10739 0326 00000000 		.4byte	0
 10740 032a 00000000 		.4byte	0
 10741              	.LVUS8:
 10742 032e 00       		.uleb128 .LVU112
 10743 032f 00       		.uleb128 .LVU114
 10744              	.LLST8:
 10745 0330 64010000 		.4byte	.LVL62
 10746 0334 72010000 		.4byte	.LVL63
 10747 0338 0200     		.2byte	0x2
 10748 033a 30       		.byte	0x30
 10749 033b 9F       		.byte	0x9f
 10750 033c 00000000 		.4byte	0
 10751 0340 00000000 		.4byte	0
 10752              	.LVUS9:
 10753 0344 00       		.uleb128 .LVU32
 10754 0345 00       		.uleb128 .LVU34
 10755 0346 00       		.uleb128 .LVU34
 10756 0347 00       		.uleb128 .LVU35
 10757 0348 00       		.uleb128 .LVU43
 10758 0349 00       		.uleb128 .LVU44
 10759 034a 00       		.uleb128 .LVU44
 10760 034b 00       		.uleb128 .LVU45
ARM GAS  /var/folders/65/xyhbx3_n6nd_hs7j3p9nfwv80000gn/T//ccls3DQP.s 			page 202


 10761 034c 00       		.uleb128 .LVU48
 10762 034d 00       		.uleb128 .LVU49
 10763 034e 00       		.uleb128 .LVU49
 10764 034f 00       		.uleb128 .LVU50
 10765 0350 00       		.uleb128 .LVU53
 10766 0351 00       		.uleb128 .LVU54
 10767 0352 00       		.uleb128 .LVU54
 10768 0353 00       		.uleb128 .LVU55
 10769 0354 00       		.uleb128 .LVU58
 10770 0355 00       		.uleb128 .LVU59
 10771 0356 00       		.uleb128 .LVU59
 10772 0357 00       		.uleb128 .LVU60
 10773 0358 00       		.uleb128 .LVU63
 10774 0359 00       		.uleb128 .LVU64
 10775 035a 00       		.uleb128 .LVU64
 10776 035b 00       		.uleb128 .LVU65
 10777 035c 00       		.uleb128 .LVU68
 10778 035d 00       		.uleb128 .LVU70
 10779 035e 00       		.uleb128 .LVU70
 10780 035f 00       		.uleb128 .LVU71
 10781 0360 00       		.uleb128 .LVU74
 10782 0361 00       		.uleb128 .LVU79
 10783 0362 00       		.uleb128 .LVU79
 10784 0363 00       		.uleb128 .LVU80
 10785 0364 00       		.uleb128 .LVU103
 10786 0365 00       		.uleb128 .LVU106
 10787 0366 00       		.uleb128 .LVU106
 10788 0367 00       		.uleb128 .LVU107
 10789 0368 00       		.uleb128 .LVU108
 10790 0369 00       		.uleb128 .LVU109
 10791 036a 00       		.uleb128 .LVU109
 10792 036b 00       		.uleb128 .LVU110
 10793 036c 00       		.uleb128 .LVU112
 10794 036d 00       		.uleb128 .LVU114
 10795              	.LLST9:
 10796 036e 2E000000 		.4byte	.LVL14
 10797 0372 66000000 		.4byte	.LVL15
 10798 0376 0100     		.2byte	0x1
 10799 0378 50       		.byte	0x50
 10800 0379 66000000 		.4byte	.LVL15
 10801 037d 68000000 		.4byte	.LVL16
 10802 0381 0100     		.2byte	0x1
 10803 0383 54       		.byte	0x54
 10804 0384 84000000 		.4byte	.LVL20
 10805 0388 8A000000 		.4byte	.LVL21
 10806 038c 0100     		.2byte	0x1
 10807 038e 50       		.byte	0x50
 10808 038f 8A000000 		.4byte	.LVL21
 10809 0393 8C000000 		.4byte	.LVL22
 10810 0397 0100     		.2byte	0x1
 10811 0399 54       		.byte	0x54
 10812 039a 92000000 		.4byte	.LVL24
 10813 039e 98000000 		.4byte	.LVL25
 10814 03a2 0100     		.2byte	0x1
 10815 03a4 50       		.byte	0x50
 10816 03a5 98000000 		.4byte	.LVL25
 10817 03a9 9A000000 		.4byte	.LVL26
ARM GAS  /var/folders/65/xyhbx3_n6nd_hs7j3p9nfwv80000gn/T//ccls3DQP.s 			page 203


 10818 03ad 0100     		.2byte	0x1
 10819 03af 54       		.byte	0x54
 10820 03b0 A0000000 		.4byte	.LVL28
 10821 03b4 A6000000 		.4byte	.LVL29
 10822 03b8 0100     		.2byte	0x1
 10823 03ba 50       		.byte	0x50
 10824 03bb A6000000 		.4byte	.LVL29
 10825 03bf A8000000 		.4byte	.LVL30
 10826 03c3 0100     		.2byte	0x1
 10827 03c5 54       		.byte	0x54
 10828 03c6 AE000000 		.4byte	.LVL32
 10829 03ca B4000000 		.4byte	.LVL33
 10830 03ce 0100     		.2byte	0x1
 10831 03d0 50       		.byte	0x50
 10832 03d1 B4000000 		.4byte	.LVL33
 10833 03d5 B6000000 		.4byte	.LVL34
 10834 03d9 0100     		.2byte	0x1
 10835 03db 54       		.byte	0x54
 10836 03dc BC000000 		.4byte	.LVL36
 10837 03e0 C2000000 		.4byte	.LVL37
 10838 03e4 0100     		.2byte	0x1
 10839 03e6 50       		.byte	0x50
 10840 03e7 C2000000 		.4byte	.LVL37
 10841 03eb C4000000 		.4byte	.LVL38
 10842 03ef 0100     		.2byte	0x1
 10843 03f1 54       		.byte	0x54
 10844 03f2 CA000000 		.4byte	.LVL40
 10845 03f6 D4000000 		.4byte	.LVL41
 10846 03fa 0100     		.2byte	0x1
 10847 03fc 50       		.byte	0x50
 10848 03fd D4000000 		.4byte	.LVL41
 10849 0401 D6000000 		.4byte	.LVL42
 10850 0405 0100     		.2byte	0x1
 10851 0407 54       		.byte	0x54
 10852 0408 DC000000 		.4byte	.LVL44
 10853 040c EC000000 		.4byte	.LVL45
 10854 0410 0100     		.2byte	0x1
 10855 0412 50       		.byte	0x50
 10856 0413 EC000000 		.4byte	.LVL45
 10857 0417 EE000000 		.4byte	.LVL46
 10858 041b 0100     		.2byte	0x1
 10859 041d 54       		.byte	0x54
 10860 041e 3E010000 		.4byte	.LVL54
 10861 0422 48010000 		.4byte	.LVL55
 10862 0426 0100     		.2byte	0x1
 10863 0428 50       		.byte	0x50
 10864 0429 48010000 		.4byte	.LVL55
 10865 042d 4A010000 		.4byte	.LVL56
 10866 0431 0100     		.2byte	0x1
 10867 0433 54       		.byte	0x54
 10868 0434 50010000 		.4byte	.LVL58
 10869 0438 56010000 		.4byte	.LVL59
 10870 043c 0100     		.2byte	0x1
 10871 043e 50       		.byte	0x50
 10872 043f 56010000 		.4byte	.LVL59
 10873 0443 58010000 		.4byte	.LVL60
 10874 0447 0100     		.2byte	0x1
ARM GAS  /var/folders/65/xyhbx3_n6nd_hs7j3p9nfwv80000gn/T//ccls3DQP.s 			page 204


 10875 0449 54       		.byte	0x54
 10876 044a 64010000 		.4byte	.LVL62
 10877 044e 72010000 		.4byte	.LVL63
 10878 0452 0100     		.2byte	0x1
 10879 0454 50       		.byte	0x50
 10880 0455 00000000 		.4byte	0
 10881 0459 00000000 		.4byte	0
 10882              	.LLST0:
 10883 045d 00000000 		.4byte	.LFB3
 10884 0461 02000000 		.4byte	.LCFI0
 10885 0465 0200     		.2byte	0x2
 10886 0467 7D       		.byte	0x7d
 10887 0468 00       		.sleb128 0
 10888 0469 02000000 		.4byte	.LCFI0
 10889 046d 08000000 		.4byte	.LCFI1
 10890 0471 0200     		.2byte	0x2
 10891 0473 7D       		.byte	0x7d
 10892 0474 14       		.sleb128 20
 10893 0475 08000000 		.4byte	.LCFI1
 10894 0479 36000000 		.4byte	.LCFI2
 10895 047d 0300     		.2byte	0x3
 10896 047f 7D       		.byte	0x7d
 10897 0480 C000     		.sleb128 64
 10898 0482 36000000 		.4byte	.LCFI2
 10899 0486 38000000 		.4byte	.LCFI3
 10900 048a 0200     		.2byte	0x2
 10901 048c 7D       		.byte	0x7d
 10902 048d 14       		.sleb128 20
 10903 048e 38000000 		.4byte	.LCFI3
 10904 0492 44000000 		.4byte	.LCFI4
 10905 0496 0300     		.2byte	0x3
 10906 0498 7D       		.byte	0x7d
 10907 0499 C000     		.sleb128 64
 10908 049b 44000000 		.4byte	.LCFI4
 10909 049f 4C000000 		.4byte	.LFE3
 10910 04a3 0200     		.2byte	0x2
 10911 04a5 7D       		.byte	0x7d
 10912 04a6 14       		.sleb128 20
 10913 04a7 00000000 		.4byte	0
 10914 04ab 00000000 		.4byte	0
 10915              	.LVUS1:
 10916 04af 00       		.uleb128 0
 10917 04b0 00       		.uleb128 .LVU7
 10918 04b1 00       		.uleb128 .LVU7
 10919 04b2 00       		.uleb128 .LVU14
 10920 04b3 00       		.uleb128 .LVU14
 10921 04b4 00       		.uleb128 0
 10922              	.LLST1:
 10923 04b5 00000000 		.4byte	.LVL0
 10924 04b9 12000000 		.4byte	.LVL2
 10925 04bd 0100     		.2byte	0x1
 10926 04bf 50       		.byte	0x50
 10927 04c0 12000000 		.4byte	.LVL2
 10928 04c4 46000000 		.4byte	.LVL9
 10929 04c8 0100     		.2byte	0x1
 10930 04ca 56       		.byte	0x56
 10931 04cb 46000000 		.4byte	.LVL9
ARM GAS  /var/folders/65/xyhbx3_n6nd_hs7j3p9nfwv80000gn/T//ccls3DQP.s 			page 205


 10932 04cf 4C000000 		.4byte	.LFE3
 10933 04d3 0400     		.2byte	0x4
 10934 04d5 F3       		.byte	0xf3
 10935 04d6 01       		.uleb128 0x1
 10936 04d7 50       		.byte	0x50
 10937 04d8 9F       		.byte	0x9f
 10938 04d9 00000000 		.4byte	0
 10939 04dd 00000000 		.4byte	0
 10940              	.LVUS2:
 10941 04e1 00       		.uleb128 0
 10942 04e2 00       		.uleb128 .LVU8
 10943 04e3 00       		.uleb128 .LVU8
 10944 04e4 00       		.uleb128 .LVU14
 10945 04e5 00       		.uleb128 .LVU14
 10946 04e6 00       		.uleb128 0
 10947              	.LLST2:
 10948 04e7 00000000 		.4byte	.LVL0
 10949 04eb 14000000 		.4byte	.LVL3
 10950 04ef 0100     		.2byte	0x1
 10951 04f1 51       		.byte	0x51
 10952 04f2 14000000 		.4byte	.LVL3
 10953 04f6 46000000 		.4byte	.LVL9
 10954 04fa 0100     		.2byte	0x1
 10955 04fc 57       		.byte	0x57
 10956 04fd 46000000 		.4byte	.LVL9
 10957 0501 4C000000 		.4byte	.LFE3
 10958 0505 0400     		.2byte	0x4
 10959 0507 F3       		.byte	0xf3
 10960 0508 01       		.uleb128 0x1
 10961 0509 51       		.byte	0x51
 10962 050a 9F       		.byte	0x9f
 10963 050b 00000000 		.4byte	0
 10964 050f 00000000 		.4byte	0
 10965              	.LVUS3:
 10966 0513 00       		.uleb128 0
 10967 0514 00       		.uleb128 .LVU6
 10968 0515 00       		.uleb128 .LVU6
 10969 0516 00       		.uleb128 0
 10970              	.LLST3:
 10971 0517 00000000 		.4byte	.LVL0
 10972 051b 0E000000 		.4byte	.LVL1
 10973 051f 0600     		.2byte	0x6
 10974 0521 52       		.byte	0x52
 10975 0522 93       		.byte	0x93
 10976 0523 04       		.uleb128 0x4
 10977 0524 53       		.byte	0x53
 10978 0525 93       		.byte	0x93
 10979 0526 04       		.uleb128 0x4
 10980 0527 0E000000 		.4byte	.LVL1
 10981 052b 4C000000 		.4byte	.LFE3
 10982 052f 0600     		.2byte	0x6
 10983 0531 F3       		.byte	0xf3
 10984 0532 03       		.uleb128 0x3
 10985 0533 F5       		.byte	0xf5
 10986 0534 02       		.uleb128 0x2
 10987 0535 2D       		.uleb128 0x2d
 10988 0536 9F       		.byte	0x9f
ARM GAS  /var/folders/65/xyhbx3_n6nd_hs7j3p9nfwv80000gn/T//ccls3DQP.s 			page 206


 10989 0537 00000000 		.4byte	0
 10990 053b 00000000 		.4byte	0
 10991              	.LLST10:
 10992 053f 00000000 		.4byte	.LFB9
 10993 0543 04000000 		.4byte	.LCFI9
 10994 0547 0200     		.2byte	0x2
 10995 0549 7D       		.byte	0x7d
 10996 054a 00       		.sleb128 0
 10997 054b 04000000 		.4byte	.LCFI9
 10998 054f 08000000 		.4byte	.LCFI10
 10999 0553 0200     		.2byte	0x2
 11000 0555 7D       		.byte	0x7d
 11001 0556 1C       		.sleb128 28
 11002 0557 08000000 		.4byte	.LCFI10
 11003 055b 20000000 		.4byte	.LCFI11
 11004 055f 0300     		.2byte	0x3
 11005 0561 7D       		.byte	0x7d
 11006 0562 C800     		.sleb128 72
 11007 0564 20000000 		.4byte	.LCFI11
 11008 0568 24000000 		.4byte	.LCFI12
 11009 056c 0200     		.2byte	0x2
 11010 056e 7D       		.byte	0x7d
 11011 056f 1C       		.sleb128 28
 11012 0570 24000000 		.4byte	.LCFI12
 11013 0574 3C000000 		.4byte	.LCFI13
 11014 0578 0300     		.2byte	0x3
 11015 057a 7D       		.byte	0x7d
 11016 057b C800     		.sleb128 72
 11017 057d 3C000000 		.4byte	.LCFI13
 11018 0581 40000000 		.4byte	.LCFI14
 11019 0585 0200     		.2byte	0x2
 11020 0587 7D       		.byte	0x7d
 11021 0588 1C       		.sleb128 28
 11022 0589 40000000 		.4byte	.LCFI14
 11023 058d 8E000000 		.4byte	.LCFI15
 11024 0591 0300     		.2byte	0x3
 11025 0593 7D       		.byte	0x7d
 11026 0594 C800     		.sleb128 72
 11027 0596 8E000000 		.4byte	.LCFI15
 11028 059a 92000000 		.4byte	.LCFI16
 11029 059e 0200     		.2byte	0x2
 11030 05a0 7D       		.byte	0x7d
 11031 05a1 1C       		.sleb128 28
 11032 05a2 92000000 		.4byte	.LCFI16
 11033 05a6 20050000 		.4byte	.LFE9
 11034 05aa 0300     		.2byte	0x3
 11035 05ac 7D       		.byte	0x7d
 11036 05ad C800     		.sleb128 72
 11037 05af 00000000 		.4byte	0
 11038 05b3 00000000 		.4byte	0
 11039              	.LVUS11:
 11040 05b7 00       		.uleb128 0
 11041 05b8 00       		.uleb128 .LVU125
 11042 05b9 00       		.uleb128 .LVU125
 11043 05ba 00       		.uleb128 .LVU156
 11044 05bb 00       		.uleb128 .LVU156
 11045 05bc 00       		.uleb128 .LVU158
ARM GAS  /var/folders/65/xyhbx3_n6nd_hs7j3p9nfwv80000gn/T//ccls3DQP.s 			page 207


 11046 05bd 00       		.uleb128 .LVU158
 11047 05be 00       		.uleb128 .LVU162
 11048 05bf 00       		.uleb128 .LVU162
 11049 05c0 00       		.uleb128 .LVU164
 11050 05c1 00       		.uleb128 .LVU164
 11051 05c2 00       		.uleb128 .LVU176
 11052 05c3 00       		.uleb128 .LVU176
 11053 05c4 00       		.uleb128 .LVU177
 11054 05c5 00       		.uleb128 .LVU177
 11055 05c6 00       		.uleb128 .LVU207
 11056 05c7 00       		.uleb128 .LVU207
 11057 05c8 00       		.uleb128 .LVU208
 11058 05c9 00       		.uleb128 .LVU208
 11059 05ca 00       		.uleb128 .LVU374
 11060 05cb 00       		.uleb128 .LVU374
 11061 05cc 00       		.uleb128 .LVU375
 11062 05cd 00       		.uleb128 .LVU375
 11063 05ce 00       		.uleb128 0
 11064              	.LLST11:
 11065 05cf 00000000 		.4byte	.LVL65
 11066 05d3 11000000 		.4byte	.LVL67-1
 11067 05d7 0100     		.2byte	0x1
 11068 05d9 50       		.byte	0x50
 11069 05da 11000000 		.4byte	.LVL67-1
 11070 05de A2000000 		.4byte	.LVL81
 11071 05e2 0100     		.2byte	0x1
 11072 05e4 54       		.byte	0x54
 11073 05e5 A2000000 		.4byte	.LVL81
 11074 05e9 A5000000 		.4byte	.LVL82-1
 11075 05ed 0100     		.2byte	0x1
 11076 05ef 50       		.byte	0x50
 11077 05f0 A5000000 		.4byte	.LVL82-1
 11078 05f4 E2000000 		.4byte	.LVL85
 11079 05f8 0100     		.2byte	0x1
 11080 05fa 54       		.byte	0x54
 11081 05fb E2000000 		.4byte	.LVL85
 11082 05ff E5000000 		.4byte	.LVL86-1
 11083 0603 0100     		.2byte	0x1
 11084 0605 50       		.byte	0x50
 11085 0606 E5000000 		.4byte	.LVL86-1
 11086 060a 1E010000 		.4byte	.LVL94
 11087 060e 0100     		.2byte	0x1
 11088 0610 54       		.byte	0x54
 11089 0611 1E010000 		.4byte	.LVL94
 11090 0615 21010000 		.4byte	.LVL95-1
 11091 0619 0100     		.2byte	0x1
 11092 061b 50       		.byte	0x50
 11093 061c 21010000 		.4byte	.LVL95-1
 11094 0620 9E010000 		.4byte	.LVL114
 11095 0624 0100     		.2byte	0x1
 11096 0626 54       		.byte	0x54
 11097 0627 9E010000 		.4byte	.LVL114
 11098 062b A1010000 		.4byte	.LVL115-1
 11099 062f 0100     		.2byte	0x1
 11100 0631 50       		.byte	0x50
 11101 0632 A1010000 		.4byte	.LVL115-1
 11102 0636 D0040000 		.4byte	.LVL210
ARM GAS  /var/folders/65/xyhbx3_n6nd_hs7j3p9nfwv80000gn/T//ccls3DQP.s 			page 208


 11103 063a 0100     		.2byte	0x1
 11104 063c 54       		.byte	0x54
 11105 063d D0040000 		.4byte	.LVL210
 11106 0641 D3040000 		.4byte	.LVL211-1
 11107 0645 0100     		.2byte	0x1
 11108 0647 50       		.byte	0x50
 11109 0648 D3040000 		.4byte	.LVL211-1
 11110 064c 20050000 		.4byte	.LFE9
 11111 0650 0100     		.2byte	0x1
 11112 0652 54       		.byte	0x54
 11113 0653 00000000 		.4byte	0
 11114 0657 00000000 		.4byte	0
 11115              	.LVUS12:
 11116 065b 00       		.uleb128 0
 11117 065c 00       		.uleb128 .LVU123
 11118 065d 00       		.uleb128 .LVU123
 11119 065e 00       		.uleb128 .LVU176
 11120 065f 00       		.uleb128 .LVU176
 11121 0660 00       		.uleb128 .LVU177
 11122 0661 00       		.uleb128 .LVU177
 11123 0662 00       		.uleb128 .LVU207
 11124 0663 00       		.uleb128 .LVU207
 11125 0664 00       		.uleb128 .LVU208
 11126 0665 00       		.uleb128 .LVU208
 11127 0666 00       		.uleb128 .LVU374
 11128 0667 00       		.uleb128 .LVU374
 11129 0668 00       		.uleb128 .LVU375
 11130 0669 00       		.uleb128 .LVU375
 11131 066a 00       		.uleb128 0
 11132              	.LLST12:
 11133 066b 00000000 		.4byte	.LVL65
 11134 066f 0C000000 		.4byte	.LVL66
 11135 0673 0100     		.2byte	0x1
 11136 0675 51       		.byte	0x51
 11137 0676 0C000000 		.4byte	.LVL66
 11138 067a 1E010000 		.4byte	.LVL94
 11139 067e 0100     		.2byte	0x1
 11140 0680 55       		.byte	0x55
 11141 0681 1E010000 		.4byte	.LVL94
 11142 0685 21010000 		.4byte	.LVL95-1
 11143 0689 0100     		.2byte	0x1
 11144 068b 51       		.byte	0x51
 11145 068c 21010000 		.4byte	.LVL95-1
 11146 0690 9E010000 		.4byte	.LVL114
 11147 0694 0100     		.2byte	0x1
 11148 0696 55       		.byte	0x55
 11149 0697 9E010000 		.4byte	.LVL114
 11150 069b A1010000 		.4byte	.LVL115-1
 11151 069f 0100     		.2byte	0x1
 11152 06a1 51       		.byte	0x51
 11153 06a2 A1010000 		.4byte	.LVL115-1
 11154 06a6 D0040000 		.4byte	.LVL210
 11155 06aa 0100     		.2byte	0x1
 11156 06ac 55       		.byte	0x55
 11157 06ad D0040000 		.4byte	.LVL210
 11158 06b1 D3040000 		.4byte	.LVL211-1
 11159 06b5 0100     		.2byte	0x1
ARM GAS  /var/folders/65/xyhbx3_n6nd_hs7j3p9nfwv80000gn/T//ccls3DQP.s 			page 209


 11160 06b7 51       		.byte	0x51
 11161 06b8 D3040000 		.4byte	.LVL211-1
 11162 06bc 20050000 		.4byte	.LFE9
 11163 06c0 0100     		.2byte	0x1
 11164 06c2 55       		.byte	0x55
 11165 06c3 00000000 		.4byte	0
 11166 06c7 00000000 		.4byte	0
 11167              	.LVUS13:
 11168 06cb 00       		.uleb128 .LVU133
 11169 06cc 00       		.uleb128 .LVU176
 11170 06cd 00       		.uleb128 .LVU176
 11171 06ce 00       		.uleb128 .LVU177
 11172 06cf 00       		.uleb128 .LVU177
 11173 06d0 00       		.uleb128 .LVU207
 11174 06d1 00       		.uleb128 .LVU207
 11175 06d2 00       		.uleb128 .LVU208
 11176 06d3 00       		.uleb128 .LVU208
 11177 06d4 01       		.uleb128 .LVU226
 11178 06d5 00       		.uleb128 .LVU228
 11179 06d6 00       		.uleb128 .LVU374
 11180 06d7 00       		.uleb128 .LVU374
 11181 06d8 00       		.uleb128 .LVU375
 11182 06d9 00       		.uleb128 .LVU375
 11183 06da 00       		.uleb128 0
 11184              	.LLST13:
 11185 06db 40000000 		.4byte	.LVL72
 11186 06df 1E010000 		.4byte	.LVL94
 11187 06e3 0100     		.2byte	0x1
 11188 06e5 55       		.byte	0x55
 11189 06e6 1E010000 		.4byte	.LVL94
 11190 06ea 21010000 		.4byte	.LVL95-1
 11191 06ee 0100     		.2byte	0x1
 11192 06f0 51       		.byte	0x51
 11193 06f1 21010000 		.4byte	.LVL95-1
 11194 06f5 9E010000 		.4byte	.LVL114
 11195 06f9 0100     		.2byte	0x1
 11196 06fb 55       		.byte	0x55
 11197 06fc 9E010000 		.4byte	.LVL114
 11198 0700 A1010000 		.4byte	.LVL115-1
 11199 0704 0100     		.2byte	0x1
 11200 0706 51       		.byte	0x51
 11201 0707 A1010000 		.4byte	.LVL115-1
 11202 070b 0A020000 		.4byte	.LVL127
 11203 070f 0100     		.2byte	0x1
 11204 0711 55       		.byte	0x55
 11205 0712 0C020000 		.4byte	.LVL128
 11206 0716 D0040000 		.4byte	.LVL210
 11207 071a 0100     		.2byte	0x1
 11208 071c 55       		.byte	0x55
 11209 071d D0040000 		.4byte	.LVL210
 11210 0721 D3040000 		.4byte	.LVL211-1
 11211 0725 0100     		.2byte	0x1
 11212 0727 51       		.byte	0x51
 11213 0728 D3040000 		.4byte	.LVL211-1
 11214 072c 20050000 		.4byte	.LFE9
 11215 0730 0100     		.2byte	0x1
 11216 0732 55       		.byte	0x55
ARM GAS  /var/folders/65/xyhbx3_n6nd_hs7j3p9nfwv80000gn/T//ccls3DQP.s 			page 210


 11217 0733 00000000 		.4byte	0
 11218 0737 00000000 		.4byte	0
 11219              	.LVUS14:
 11220 073b 00       		.uleb128 .LVU133
 11221 073c 00       		.uleb128 .LVU156
 11222 073d 00       		.uleb128 .LVU156
 11223 073e 00       		.uleb128 .LVU158
 11224 073f 00       		.uleb128 .LVU158
 11225 0740 00       		.uleb128 .LVU162
 11226 0741 00       		.uleb128 .LVU162
 11227 0742 00       		.uleb128 .LVU164
 11228 0743 00       		.uleb128 .LVU164
 11229 0744 00       		.uleb128 .LVU176
 11230 0745 00       		.uleb128 .LVU176
 11231 0746 00       		.uleb128 .LVU177
 11232 0747 00       		.uleb128 .LVU177
 11233 0748 00       		.uleb128 .LVU207
 11234 0749 00       		.uleb128 .LVU207
 11235 074a 00       		.uleb128 .LVU208
 11236 074b 00       		.uleb128 .LVU208
 11237 074c 01       		.uleb128 .LVU226
 11238 074d 00       		.uleb128 .LVU228
 11239 074e 00       		.uleb128 .LVU374
 11240 074f 00       		.uleb128 .LVU374
 11241 0750 00       		.uleb128 .LVU375
 11242 0751 00       		.uleb128 .LVU375
 11243 0752 00       		.uleb128 0
 11244              	.LLST14:
 11245 0753 40000000 		.4byte	.LVL72
 11246 0757 A2000000 		.4byte	.LVL81
 11247 075b 0100     		.2byte	0x1
 11248 075d 54       		.byte	0x54
 11249 075e A2000000 		.4byte	.LVL81
 11250 0762 A5000000 		.4byte	.LVL82-1
 11251 0766 0100     		.2byte	0x1
 11252 0768 50       		.byte	0x50
 11253 0769 A5000000 		.4byte	.LVL82-1
 11254 076d E2000000 		.4byte	.LVL85
 11255 0771 0100     		.2byte	0x1
 11256 0773 54       		.byte	0x54
 11257 0774 E2000000 		.4byte	.LVL85
 11258 0778 E5000000 		.4byte	.LVL86-1
 11259 077c 0100     		.2byte	0x1
 11260 077e 50       		.byte	0x50
 11261 077f E5000000 		.4byte	.LVL86-1
 11262 0783 1E010000 		.4byte	.LVL94
 11263 0787 0100     		.2byte	0x1
 11264 0789 54       		.byte	0x54
 11265 078a 1E010000 		.4byte	.LVL94
 11266 078e 21010000 		.4byte	.LVL95-1
 11267 0792 0100     		.2byte	0x1
 11268 0794 50       		.byte	0x50
 11269 0795 21010000 		.4byte	.LVL95-1
 11270 0799 9E010000 		.4byte	.LVL114
 11271 079d 0100     		.2byte	0x1
 11272 079f 54       		.byte	0x54
 11273 07a0 9E010000 		.4byte	.LVL114
ARM GAS  /var/folders/65/xyhbx3_n6nd_hs7j3p9nfwv80000gn/T//ccls3DQP.s 			page 211


 11274 07a4 A1010000 		.4byte	.LVL115-1
 11275 07a8 0100     		.2byte	0x1
 11276 07aa 50       		.byte	0x50
 11277 07ab A1010000 		.4byte	.LVL115-1
 11278 07af 0A020000 		.4byte	.LVL127
 11279 07b3 0100     		.2byte	0x1
 11280 07b5 54       		.byte	0x54
 11281 07b6 0C020000 		.4byte	.LVL128
 11282 07ba D0040000 		.4byte	.LVL210
 11283 07be 0100     		.2byte	0x1
 11284 07c0 54       		.byte	0x54
 11285 07c1 D0040000 		.4byte	.LVL210
 11286 07c5 D3040000 		.4byte	.LVL211-1
 11287 07c9 0100     		.2byte	0x1
 11288 07cb 50       		.byte	0x50
 11289 07cc D3040000 		.4byte	.LVL211-1
 11290 07d0 20050000 		.4byte	.LFE9
 11291 07d4 0100     		.2byte	0x1
 11292 07d6 54       		.byte	0x54
 11293 07d7 00000000 		.4byte	0
 11294 07db 00000000 		.4byte	0
 11295              	.LVUS15:
 11296 07df 00       		.uleb128 .LVU161
 11297 07e0 00       		.uleb128 .LVU162
 11298 07e1 00       		.uleb128 .LVU165
 11299 07e2 00       		.uleb128 .LVU169
 11300 07e3 00       		.uleb128 .LVU191
 11301 07e4 00       		.uleb128 .LVU193
 11302 07e5 00       		.uleb128 .LVU193
 11303 07e6 00       		.uleb128 .LVU197
 11304 07e7 00       		.uleb128 .LVU197
 11305 07e8 00       		.uleb128 .LVU198
 11306 07e9 00       		.uleb128 .LVU198
 11307 07ea 00       		.uleb128 .LVU200
 11308 07eb 00       		.uleb128 .LVU200
 11309 07ec 00       		.uleb128 .LVU201
 11310 07ed 00       		.uleb128 .LVU201
 11311 07ee 00       		.uleb128 .LVU203
 11312 07ef 00       		.uleb128 .LVU203
 11313 07f0 00       		.uleb128 .LVU205
 11314 07f1 00       		.uleb128 .LVU205
 11315 07f2 00       		.uleb128 .LVU210
 11316 07f3 00       		.uleb128 .LVU210
 11317 07f4 00       		.uleb128 .LVU211
 11318 07f5 00       		.uleb128 .LVU211
 11319 07f6 00       		.uleb128 .LVU221
 11320 07f7 00       		.uleb128 .LVU221
 11321 07f8 00       		.uleb128 .LVU222
 11322 07f9 00       		.uleb128 .LVU222
 11323 07fa 00       		.uleb128 .LVU224
 11324 07fb 00       		.uleb128 .LVU228
 11325 07fc 00       		.uleb128 .LVU229
 11326 07fd 00       		.uleb128 .LVU229
 11327 07fe 00       		.uleb128 .LVU231
 11328 07ff 00       		.uleb128 .LVU231
 11329 0800 00       		.uleb128 .LVU232
 11330 0801 00       		.uleb128 .LVU232
ARM GAS  /var/folders/65/xyhbx3_n6nd_hs7j3p9nfwv80000gn/T//ccls3DQP.s 			page 212


 11331 0802 00       		.uleb128 .LVU236
 11332 0803 00       		.uleb128 .LVU236
 11333 0804 00       		.uleb128 .LVU237
 11334 0805 00       		.uleb128 .LVU237
 11335 0806 00       		.uleb128 .LVU241
 11336 0807 00       		.uleb128 .LVU241
 11337 0808 00       		.uleb128 .LVU242
 11338 0809 00       		.uleb128 .LVU242
 11339 080a 00       		.uleb128 .LVU244
 11340 080b 00       		.uleb128 .LVU244
 11341 080c 00       		.uleb128 .LVU245
 11342 080d 00       		.uleb128 .LVU245
 11343 080e 00       		.uleb128 .LVU256
 11344 080f 00       		.uleb128 .LVU256
 11345 0810 00       		.uleb128 .LVU261
 11346 0811 00       		.uleb128 .LVU261
 11347 0812 00       		.uleb128 .LVU266
 11348 0813 00       		.uleb128 .LVU279
 11349 0814 00       		.uleb128 .LVU286
 11350 0815 00       		.uleb128 .LVU286
 11351 0816 00       		.uleb128 .LVU290
 11352 0817 00       		.uleb128 .LVU382
 11353 0818 00       		.uleb128 0
 11354              	.LLST15:
 11355 0819 B8000000 		.4byte	.LVL84
 11356 081d E2000000 		.4byte	.LVL85
 11357 0821 0100     		.2byte	0x1
 11358 0823 50       		.byte	0x50
 11359 0824 F2000000 		.4byte	.LVL88
 11360 0828 FA000000 		.4byte	.LVL90
 11361 082c 0100     		.2byte	0x1
 11362 082e 50       		.byte	0x50
 11363 082f 4A010000 		.4byte	.LVL99
 11364 0833 4E010000 		.4byte	.LVL100
 11365 0837 0100     		.2byte	0x1
 11366 0839 50       		.byte	0x50
 11367 083a 4E010000 		.4byte	.LVL100
 11368 083e 6A010000 		.4byte	.LVL104
 11369 0842 0100     		.2byte	0x1
 11370 0844 57       		.byte	0x57
 11371 0845 6A010000 		.4byte	.LVL104
 11372 0849 6E010000 		.4byte	.LVL105
 11373 084d 0100     		.2byte	0x1
 11374 084f 50       		.byte	0x50
 11375 0850 6E010000 		.4byte	.LVL105
 11376 0854 76010000 		.4byte	.LVL107
 11377 0858 0100     		.2byte	0x1
 11378 085a 57       		.byte	0x57
 11379 085b 76010000 		.4byte	.LVL107
 11380 085f 7A010000 		.4byte	.LVL108
 11381 0863 0100     		.2byte	0x1
 11382 0865 50       		.byte	0x50
 11383 0866 7A010000 		.4byte	.LVL108
 11384 086a 82010000 		.4byte	.LVL110
 11385 086e 0100     		.2byte	0x1
 11386 0870 57       		.byte	0x57
 11387 0871 82010000 		.4byte	.LVL110
ARM GAS  /var/folders/65/xyhbx3_n6nd_hs7j3p9nfwv80000gn/T//ccls3DQP.s 			page 213


 11388 0875 88010000 		.4byte	.LVL111
 11389 0879 0100     		.2byte	0x1
 11390 087b 50       		.byte	0x50
 11391 087c 88010000 		.4byte	.LVL111
 11392 0880 AE010000 		.4byte	.LVL117
 11393 0884 0100     		.2byte	0x1
 11394 0886 57       		.byte	0x57
 11395 0887 AE010000 		.4byte	.LVL117
 11396 088b B4010000 		.4byte	.LVL118
 11397 088f 0100     		.2byte	0x1
 11398 0891 50       		.byte	0x50
 11399 0892 B4010000 		.4byte	.LVL118
 11400 0896 EC010000 		.4byte	.LVL123
 11401 089a 0100     		.2byte	0x1
 11402 089c 57       		.byte	0x57
 11403 089d EC010000 		.4byte	.LVL123
 11404 08a1 F2010000 		.4byte	.LVL124
 11405 08a5 0100     		.2byte	0x1
 11406 08a7 50       		.byte	0x50
 11407 08a8 F2010000 		.4byte	.LVL124
 11408 08ac 00020000 		.4byte	.LVL126
 11409 08b0 0100     		.2byte	0x1
 11410 08b2 57       		.byte	0x57
 11411 08b3 0C020000 		.4byte	.LVL128
 11412 08b7 10020000 		.4byte	.LVL129
 11413 08bb 0100     		.2byte	0x1
 11414 08bd 50       		.byte	0x50
 11415 08be 10020000 		.4byte	.LVL129
 11416 08c2 18020000 		.4byte	.LVL131
 11417 08c6 0100     		.2byte	0x1
 11418 08c8 57       		.byte	0x57
 11419 08c9 18020000 		.4byte	.LVL131
 11420 08cd 1C020000 		.4byte	.LVL132
 11421 08d1 0100     		.2byte	0x1
 11422 08d3 50       		.byte	0x50
 11423 08d4 1C020000 		.4byte	.LVL132
 11424 08d8 38020000 		.4byte	.LVL136
 11425 08dc 0100     		.2byte	0x1
 11426 08de 57       		.byte	0x57
 11427 08df 38020000 		.4byte	.LVL136
 11428 08e3 3C020000 		.4byte	.LVL137
 11429 08e7 0100     		.2byte	0x1
 11430 08e9 50       		.byte	0x50
 11431 08ea 3C020000 		.4byte	.LVL137
 11432 08ee 5A020000 		.4byte	.LVL141
 11433 08f2 0100     		.2byte	0x1
 11434 08f4 57       		.byte	0x57
 11435 08f5 5A020000 		.4byte	.LVL141
 11436 08f9 60020000 		.4byte	.LVL142
 11437 08fd 0100     		.2byte	0x1
 11438 08ff 50       		.byte	0x50
 11439 0900 60020000 		.4byte	.LVL142
 11440 0904 76020000 		.4byte	.LVL144
 11441 0908 0100     		.2byte	0x1
 11442 090a 57       		.byte	0x57
 11443 090b 76020000 		.4byte	.LVL144
 11444 090f 7C020000 		.4byte	.LVL145
ARM GAS  /var/folders/65/xyhbx3_n6nd_hs7j3p9nfwv80000gn/T//ccls3DQP.s 			page 214


 11445 0913 0100     		.2byte	0x1
 11446 0915 50       		.byte	0x50
 11447 0916 7C020000 		.4byte	.LVL145
 11448 091a D6020000 		.4byte	.LVL155
 11449 091e 0100     		.2byte	0x1
 11450 0920 57       		.byte	0x57
 11451 0921 D6020000 		.4byte	.LVL155
 11452 0925 D8020000 		.4byte	.LVL156
 11453 0929 0100     		.2byte	0x1
 11454 092b 50       		.byte	0x50
 11455 092c D8020000 		.4byte	.LVL156
 11456 0930 E8020000 		.4byte	.LVL159
 11457 0934 0100     		.2byte	0x1
 11458 0936 57       		.byte	0x57
 11459 0937 22030000 		.4byte	.LVL167
 11460 093b 24030000 		.4byte	.LVL168
 11461 093f 0100     		.2byte	0x1
 11462 0941 50       		.byte	0x50
 11463 0942 24030000 		.4byte	.LVL168
 11464 0946 30030000 		.4byte	.LVL170
 11465 094a 0100     		.2byte	0x1
 11466 094c 57       		.byte	0x57
 11467 094d F8040000 		.4byte	.LVL215
 11468 0951 20050000 		.4byte	.LFE9
 11469 0955 0100     		.2byte	0x1
 11470 0957 57       		.byte	0x57
 11471 0958 00000000 		.4byte	0
 11472 095c 00000000 		.4byte	0
 11473              	.LVUS16:
 11474 0960 00       		.uleb128 .LVU166
 11475 0961 00       		.uleb128 .LVU191
 11476              	.LLST16:
 11477 0962 F4000000 		.4byte	.LVL89
 11478 0966 4A010000 		.4byte	.LVL99
 11479 096a 0100     		.2byte	0x1
 11480 096c 57       		.byte	0x57
 11481 096d 00000000 		.4byte	0
 11482 0971 00000000 		.4byte	0
 11483              	.LVUS17:
 11484 0975 00       		.uleb128 .LVU166
 11485 0976 00       		.uleb128 .LVU176
 11486 0977 00       		.uleb128 .LVU176
 11487 0978 00       		.uleb128 .LVU177
 11488 0979 00       		.uleb128 .LVU177
 11489 097a 00       		.uleb128 .LVU191
 11490              	.LLST17:
 11491 097b F4000000 		.4byte	.LVL89
 11492 097f 1E010000 		.4byte	.LVL94
 11493 0983 0100     		.2byte	0x1
 11494 0985 55       		.byte	0x55
 11495 0986 1E010000 		.4byte	.LVL94
 11496 098a 21010000 		.4byte	.LVL95-1
 11497 098e 0100     		.2byte	0x1
 11498 0990 51       		.byte	0x51
 11499 0991 21010000 		.4byte	.LVL95-1
 11500 0995 4A010000 		.4byte	.LVL99
 11501 0999 0100     		.2byte	0x1
ARM GAS  /var/folders/65/xyhbx3_n6nd_hs7j3p9nfwv80000gn/T//ccls3DQP.s 			page 215


 11502 099b 55       		.byte	0x55
 11503 099c 00000000 		.4byte	0
 11504 09a0 00000000 		.4byte	0
 11505              	.LVUS18:
 11506 09a4 00       		.uleb128 .LVU166
 11507 09a5 00       		.uleb128 .LVU176
 11508 09a6 00       		.uleb128 .LVU176
 11509 09a7 00       		.uleb128 .LVU177
 11510 09a8 00       		.uleb128 .LVU177
 11511 09a9 00       		.uleb128 .LVU191
 11512              	.LLST18:
 11513 09aa F4000000 		.4byte	.LVL89
 11514 09ae 1E010000 		.4byte	.LVL94
 11515 09b2 0100     		.2byte	0x1
 11516 09b4 54       		.byte	0x54
 11517 09b5 1E010000 		.4byte	.LVL94
 11518 09b9 21010000 		.4byte	.LVL95-1
 11519 09bd 0100     		.2byte	0x1
 11520 09bf 50       		.byte	0x50
 11521 09c0 21010000 		.4byte	.LVL95-1
 11522 09c4 4A010000 		.4byte	.LVL99
 11523 09c8 0100     		.2byte	0x1
 11524 09ca 54       		.byte	0x54
 11525 09cb 00000000 		.4byte	0
 11526 09cf 00000000 		.4byte	0
 11527              	.LVUS19:
 11528 09d3 01       		.uleb128 .LVU173
 11529 09d4 00       		.uleb128 .LVU176
 11530 09d5 00       		.uleb128 .LVU176
 11531 09d6 00       		.uleb128 .LVU177
 11532 09d7 00       		.uleb128 .LVU180
 11533 09d8 00       		.uleb128 .LVU189
 11534              	.LLST19:
 11535 09d9 12010000 		.4byte	.LVL93
 11536 09dd 1E010000 		.4byte	.LVL94
 11537 09e1 0200     		.2byte	0x2
 11538 09e3 30       		.byte	0x30
 11539 09e4 9F       		.byte	0x9f
 11540 09e5 1E010000 		.4byte	.LVL94
 11541 09e9 22010000 		.4byte	.LVL95
 11542 09ed 0100     		.2byte	0x1
 11543 09ef 56       		.byte	0x56
 11544 09f0 32010000 		.4byte	.LVL96
 11545 09f4 3E010000 		.4byte	.LVL97
 11546 09f8 0100     		.2byte	0x1
 11547 09fa 56       		.byte	0x56
 11548 09fb 00000000 		.4byte	0
 11549 09ff 00000000 		.4byte	0
 11550              	.LVUS20:
 11551 0a03 01       		.uleb128 .LVU257
 11552 0a04 00       		.uleb128 .LVU279
 11553 0a05 00       		.uleb128 .LVU359
 11554 0a06 00       		.uleb128 .LVU374
 11555 0a07 00       		.uleb128 .LVU374
 11556 0a08 00       		.uleb128 .LVU375
 11557 0a09 00       		.uleb128 .LVU375
 11558 0a0a 00       		.uleb128 .LVU382
ARM GAS  /var/folders/65/xyhbx3_n6nd_hs7j3p9nfwv80000gn/T//ccls3DQP.s 			page 216


 11559              	.LLST20:
 11560 0a0b D6020000 		.4byte	.LVL155
 11561 0a0f 22030000 		.4byte	.LVL167
 11562 0a13 0100     		.2byte	0x1
 11563 0a15 55       		.byte	0x55
 11564 0a16 A4040000 		.4byte	.LVL206
 11565 0a1a D0040000 		.4byte	.LVL210
 11566 0a1e 0100     		.2byte	0x1
 11567 0a20 55       		.byte	0x55
 11568 0a21 D0040000 		.4byte	.LVL210
 11569 0a25 D3040000 		.4byte	.LVL211-1
 11570 0a29 0100     		.2byte	0x1
 11571 0a2b 51       		.byte	0x51
 11572 0a2c D3040000 		.4byte	.LVL211-1
 11573 0a30 F8040000 		.4byte	.LVL215
 11574 0a34 0100     		.2byte	0x1
 11575 0a36 55       		.byte	0x55
 11576 0a37 00000000 		.4byte	0
 11577 0a3b 00000000 		.4byte	0
 11578              	.LVUS21:
 11579 0a3f 01       		.uleb128 .LVU257
 11580 0a40 00       		.uleb128 .LVU279
 11581 0a41 00       		.uleb128 .LVU359
 11582 0a42 00       		.uleb128 .LVU374
 11583 0a43 00       		.uleb128 .LVU374
 11584 0a44 00       		.uleb128 .LVU375
 11585 0a45 00       		.uleb128 .LVU375
 11586 0a46 00       		.uleb128 .LVU382
 11587              	.LLST21:
 11588 0a47 D6020000 		.4byte	.LVL155
 11589 0a4b 22030000 		.4byte	.LVL167
 11590 0a4f 0100     		.2byte	0x1
 11591 0a51 54       		.byte	0x54
 11592 0a52 A4040000 		.4byte	.LVL206
 11593 0a56 D0040000 		.4byte	.LVL210
 11594 0a5a 0100     		.2byte	0x1
 11595 0a5c 54       		.byte	0x54
 11596 0a5d D0040000 		.4byte	.LVL210
 11597 0a61 D3040000 		.4byte	.LVL211-1
 11598 0a65 0100     		.2byte	0x1
 11599 0a67 50       		.byte	0x50
 11600 0a68 D3040000 		.4byte	.LVL211-1
 11601 0a6c F8040000 		.4byte	.LVL215
 11602 0a70 0100     		.2byte	0x1
 11603 0a72 54       		.byte	0x54
 11604 0a73 00000000 		.4byte	0
 11605 0a77 00000000 		.4byte	0
 11606              	.LVUS22:
 11607 0a7b 00       		.uleb128 .LVU262
 11608 0a7c 00       		.uleb128 .LVU265
 11609 0a7d 00       		.uleb128 .LVU265
 11610 0a7e 00       		.uleb128 .LVU279
 11611 0a7f 00       		.uleb128 .LVU363
 11612 0a80 00       		.uleb128 .LVU367
 11613 0a81 00       		.uleb128 .LVU367
 11614 0a82 00       		.uleb128 .LVU382
 11615              	.LLST22:
ARM GAS  /var/folders/65/xyhbx3_n6nd_hs7j3p9nfwv80000gn/T//ccls3DQP.s 			page 217


 11616 0a83 DC020000 		.4byte	.LVL157
 11617 0a87 E6020000 		.4byte	.LVL158
 11618 0a8b 0300     		.2byte	0x3
 11619 0a8d 70       		.byte	0x70
 11620 0a8e 7F       		.sleb128 -1
 11621 0a8f 9F       		.byte	0x9f
 11622 0a90 E6020000 		.4byte	.LVL158
 11623 0a94 22030000 		.4byte	.LVL167
 11624 0a98 0100     		.2byte	0x1
 11625 0a9a 58       		.byte	0x58
 11626 0a9b B8040000 		.4byte	.LVL208
 11627 0a9f C4040000 		.4byte	.LVL209
 11628 0aa3 0100     		.2byte	0x1
 11629 0aa5 50       		.byte	0x50
 11630 0aa6 C4040000 		.4byte	.LVL209
 11631 0aaa F8040000 		.4byte	.LVL215
 11632 0aae 0100     		.2byte	0x1
 11633 0ab0 57       		.byte	0x57
 11634 0ab1 00000000 		.4byte	0
 11635 0ab5 00000000 		.4byte	0
 11636              	.LVUS23:
 11637 0ab9 01       		.uleb128 .LVU263
 11638 0aba 00       		.uleb128 .LVU267
 11639 0abb 00       		.uleb128 .LVU267
 11640 0abc 00       		.uleb128 .LVU279
 11641 0abd 01       		.uleb128 .LVU364
 11642 0abe 00       		.uleb128 .LVU367
 11643 0abf 00       		.uleb128 .LVU367
 11644 0ac0 00       		.uleb128 .LVU375
 11645              	.LLST23:
 11646 0ac1 DC020000 		.4byte	.LVL157
 11647 0ac5 EA020000 		.4byte	.LVL160
 11648 0ac9 0200     		.2byte	0x2
 11649 0acb 30       		.byte	0x30
 11650 0acc 9F       		.byte	0x9f
 11651 0acd EA020000 		.4byte	.LVL160
 11652 0ad1 22030000 		.4byte	.LVL167
 11653 0ad5 0100     		.2byte	0x1
 11654 0ad7 57       		.byte	0x57
 11655 0ad8 B8040000 		.4byte	.LVL208
 11656 0adc C4040000 		.4byte	.LVL209
 11657 0ae0 0200     		.2byte	0x2
 11658 0ae2 30       		.byte	0x30
 11659 0ae3 9F       		.byte	0x9f
 11660 0ae4 C4040000 		.4byte	.LVL209
 11661 0ae8 D4040000 		.4byte	.LVL211
 11662 0aec 0100     		.2byte	0x1
 11663 0aee 56       		.byte	0x56
 11664 0aef 00000000 		.4byte	0
 11665 0af3 00000000 		.4byte	0
 11666              	.LVUS24:
 11667 0af7 02       		.uleb128 .LVU281
 11668 0af8 00       		.uleb128 .LVU359
 11669              	.LLST24:
 11670 0af9 22030000 		.4byte	.LVL167
 11671 0afd A4040000 		.4byte	.LVL206
 11672 0b01 0100     		.2byte	0x1
ARM GAS  /var/folders/65/xyhbx3_n6nd_hs7j3p9nfwv80000gn/T//ccls3DQP.s 			page 218


 11673 0b03 55       		.byte	0x55
 11674 0b04 00000000 		.4byte	0
 11675 0b08 00000000 		.4byte	0
 11676              	.LVUS25:
 11677 0b0c 02       		.uleb128 .LVU281
 11678 0b0d 00       		.uleb128 .LVU359
 11679              	.LLST25:
 11680 0b0e 22030000 		.4byte	.LVL167
 11681 0b12 A4040000 		.4byte	.LVL206
 11682 0b16 0100     		.2byte	0x1
 11683 0b18 54       		.byte	0x54
 11684 0b19 00000000 		.4byte	0
 11685 0b1d 00000000 		.4byte	0
 11686              	.LVUS26:
 11687 0b21 00       		.uleb128 .LVU314
 11688 0b22 00       		.uleb128 .LVU317
 11689 0b23 00       		.uleb128 .LVU317
 11690 0b24 00       		.uleb128 .LVU350
 11691 0b25 00       		.uleb128 .LVU350
 11692 0b26 00       		.uleb128 .LVU352
 11693 0b27 00       		.uleb128 .LVU352
 11694 0b28 00       		.uleb128 .LVU355
 11695 0b29 00       		.uleb128 .LVU355
 11696 0b2a 00       		.uleb128 .LVU357
 11697 0b2b 00       		.uleb128 .LVU357
 11698 0b2c 00       		.uleb128 .LVU359
 11699              	.LLST26:
 11700 0b2d E6030000 		.4byte	.LVL181
 11701 0b31 F0030000 		.4byte	.LVL183
 11702 0b35 0100     		.2byte	0x1
 11703 0b37 50       		.byte	0x50
 11704 0b38 F0030000 		.4byte	.LVL183
 11705 0b3c 78040000 		.4byte	.LVL196
 11706 0b40 0100     		.2byte	0x1
 11707 0b42 59       		.byte	0x59
 11708 0b43 78040000 		.4byte	.LVL196
 11709 0b47 7E040000 		.4byte	.LVL197
 11710 0b4b 0100     		.2byte	0x1
 11711 0b4d 50       		.byte	0x50
 11712 0b4e 7E040000 		.4byte	.LVL197
 11713 0b52 90040000 		.4byte	.LVL202
 11714 0b56 0100     		.2byte	0x1
 11715 0b58 59       		.byte	0x59
 11716 0b59 90040000 		.4byte	.LVL202
 11717 0b5d 92040000 		.4byte	.LVL203
 11718 0b61 0100     		.2byte	0x1
 11719 0b63 50       		.byte	0x50
 11720 0b64 92040000 		.4byte	.LVL203
 11721 0b68 A4040000 		.4byte	.LVL206
 11722 0b6c 0100     		.2byte	0x1
 11723 0b6e 59       		.byte	0x59
 11724 0b6f 00000000 		.4byte	0
 11725 0b73 00000000 		.4byte	0
 11726              	.LVUS27:
 11727 0b77 01       		.uleb128 .LVU288
 11728 0b78 00       		.uleb128 .LVU291
 11729 0b79 00       		.uleb128 .LVU291
ARM GAS  /var/folders/65/xyhbx3_n6nd_hs7j3p9nfwv80000gn/T//ccls3DQP.s 			page 219


 11730 0b7a 00       		.uleb128 .LVU303
 11731              	.LLST27:
 11732 0b7b 28030000 		.4byte	.LVL169
 11733 0b7f 88030000 		.4byte	.LVL171
 11734 0b83 0200     		.2byte	0x2
 11735 0b85 30       		.byte	0x30
 11736 0b86 9F       		.byte	0x9f
 11737 0b87 88030000 		.4byte	.LVL171
 11738 0b8b BE030000 		.4byte	.LVL178
 11739 0b8f 0100     		.2byte	0x1
 11740 0b91 56       		.byte	0x56
 11741 0b92 00000000 		.4byte	0
 11742 0b96 00000000 		.4byte	0
 11743              	.LVUS28:
 11744 0b9a 00       		.uleb128 .LVU287
 11745 0b9b 00       		.uleb128 .LVU291
 11746 0b9c 01       		.uleb128 .LVU304
 11747 0b9d 01       		.uleb128 .LVU312
 11748 0b9e 01       		.uleb128 .LVU312
 11749 0b9f 01       		.uleb128 .LVU316
 11750 0ba0 01       		.uleb128 .LVU316
 11751 0ba1 00       		.uleb128 .LVU317
 11752 0ba2 00       		.uleb128 .LVU350
 11753 0ba3 00       		.uleb128 .LVU353
 11754 0ba4 00       		.uleb128 .LVU355
 11755 0ba5 00       		.uleb128 .LVU359
 11756              	.LLST28:
 11757 0ba6 28030000 		.4byte	.LVL169
 11758 0baa 88030000 		.4byte	.LVL171
 11759 0bae 0300     		.2byte	0x3
 11760 0bb0 70       		.byte	0x70
 11761 0bb1 7F       		.sleb128 -1
 11762 0bb2 9F       		.byte	0x9f
 11763 0bb3 BE030000 		.4byte	.LVL178
 11764 0bb7 DC030000 		.4byte	.LVL180
 11765 0bbb 0200     		.2byte	0x2
 11766 0bbd 30       		.byte	0x30
 11767 0bbe 9F       		.byte	0x9f
 11768 0bbf DC030000 		.4byte	.LVL180
 11769 0bc3 EC030000 		.4byte	.LVL182
 11770 0bc7 0100     		.2byte	0x1
 11771 0bc9 56       		.byte	0x56
 11772 0bca EC030000 		.4byte	.LVL182
 11773 0bce F0030000 		.4byte	.LVL183
 11774 0bd2 0300     		.2byte	0x3
 11775 0bd4 76       		.byte	0x76
 11776 0bd5 01       		.sleb128 1
 11777 0bd6 9F       		.byte	0x9f
 11778 0bd7 78040000 		.4byte	.LVL196
 11779 0bdb 84040000 		.4byte	.LVL199
 11780 0bdf 0300     		.2byte	0x3
 11781 0be1 76       		.byte	0x76
 11782 0be2 01       		.sleb128 1
 11783 0be3 9F       		.byte	0x9f
 11784 0be4 90040000 		.4byte	.LVL202
 11785 0be8 A4040000 		.4byte	.LVL206
 11786 0bec 0100     		.2byte	0x1
ARM GAS  /var/folders/65/xyhbx3_n6nd_hs7j3p9nfwv80000gn/T//ccls3DQP.s 			page 220


 11787 0bee 56       		.byte	0x56
 11788 0bef 00000000 		.4byte	0
 11789 0bf3 00000000 		.4byte	0
 11790              	.LVUS29:
 11791 0bf7 01       		.uleb128 .LVU318
 11792 0bf8 00       		.uleb128 .LVU331
 11793 0bf9 00       		.uleb128 .LVU336
 11794 0bfa 00       		.uleb128 .LVU350
 11795 0bfb 00       		.uleb128 .LVU353
 11796 0bfc 00       		.uleb128 .LVU355
 11797              	.LLST29:
 11798 0bfd F0030000 		.4byte	.LVL183
 11799 0c01 1C040000 		.4byte	.LVL187
 11800 0c05 0100     		.2byte	0x1
 11801 0c07 59       		.byte	0x59
 11802 0c08 46040000 		.4byte	.LVL192
 11803 0c0c 78040000 		.4byte	.LVL196
 11804 0c10 0100     		.2byte	0x1
 11805 0c12 59       		.byte	0x59
 11806 0c13 84040000 		.4byte	.LVL199
 11807 0c17 90040000 		.4byte	.LVL202
 11808 0c1b 0100     		.2byte	0x1
 11809 0c1d 59       		.byte	0x59
 11810 0c1e 00000000 		.4byte	0
 11811 0c22 00000000 		.4byte	0
 11812              	.LVUS30:
 11813 0c26 03       		.uleb128 .LVU320
 11814 0c27 00       		.uleb128 .LVU323
 11815 0c28 00       		.uleb128 .LVU323
 11816 0c29 01       		.uleb128 .LVU324
 11817 0c2a 01       		.uleb128 .LVU324
 11818 0c2b 00       		.uleb128 .LVU326
 11819 0c2c 00       		.uleb128 .LVU326
 11820 0c2d 00       		.uleb128 .LVU330
 11821 0c2e 00       		.uleb128 .LVU336
 11822 0c2f 00       		.uleb128 .LVU340
 11823 0c30 00       		.uleb128 .LVU340
 11824 0c31 00       		.uleb128 .LVU341
 11825 0c32 00       		.uleb128 .LVU341
 11826 0c33 00       		.uleb128 .LVU342
 11827 0c34 01       		.uleb128 .LVU343
 11828 0c35 00       		.uleb128 .LVU350
 11829 0c36 00       		.uleb128 .LVU353
 11830 0c37 00       		.uleb128 .LVU354
 11831              	.LLST30:
 11832 0c38 F0030000 		.4byte	.LVL183
 11833 0c3c 00040000 		.4byte	.LVL184
 11834 0c40 0100     		.2byte	0x1
 11835 0c42 59       		.byte	0x59
 11836 0c43 00040000 		.4byte	.LVL184
 11837 0c47 00040000 		.4byte	.LVL184
 11838 0c4b 0100     		.2byte	0x1
 11839 0c4d 50       		.byte	0x50
 11840 0c4e 00040000 		.4byte	.LVL184
 11841 0c52 04040000 		.4byte	.LVL185
 11842 0c56 0300     		.2byte	0x3
 11843 0c58 70       		.byte	0x70
ARM GAS  /var/folders/65/xyhbx3_n6nd_hs7j3p9nfwv80000gn/T//ccls3DQP.s 			page 221


 11844 0c59 01       		.sleb128 1
 11845 0c5a 9F       		.byte	0x9f
 11846 0c5b 04040000 		.4byte	.LVL185
 11847 0c5f 12040000 		.4byte	.LVL186
 11848 0c63 0100     		.2byte	0x1
 11849 0c65 50       		.byte	0x50
 11850 0c66 46040000 		.4byte	.LVL192
 11851 0c6a 58040000 		.4byte	.LVL193
 11852 0c6e 0100     		.2byte	0x1
 11853 0c70 59       		.byte	0x59
 11854 0c71 58040000 		.4byte	.LVL193
 11855 0c75 5C040000 		.4byte	.LVL194
 11856 0c79 0100     		.2byte	0x1
 11857 0c7b 50       		.byte	0x50
 11858 0c7c 5C040000 		.4byte	.LVL194
 11859 0c80 60040000 		.4byte	.LVL195
 11860 0c84 0300     		.2byte	0x3
 11861 0c86 70       		.byte	0x70
 11862 0c87 7F       		.sleb128 -1
 11863 0c88 9F       		.byte	0x9f
 11864 0c89 60040000 		.4byte	.LVL195
 11865 0c8d 78040000 		.4byte	.LVL196
 11866 0c91 0100     		.2byte	0x1
 11867 0c93 50       		.byte	0x50
 11868 0c94 84040000 		.4byte	.LVL199
 11869 0c98 8A040000 		.4byte	.LVL200
 11870 0c9c 0100     		.2byte	0x1
 11871 0c9e 50       		.byte	0x50
 11872 0c9f 00000000 		.4byte	0
 11873 0ca3 00000000 		.4byte	0
 11874              		.section	.debug_aranges,"",%progbits
 11875 0000 44000000 		.4byte	0x44
 11876 0004 0200     		.2byte	0x2
 11877 0006 00000000 		.4byte	.Ldebug_info0
 11878 000a 04       		.byte	0x4
 11879 000b 00       		.byte	0
 11880 000c 0000     		.2byte	0
 11881 000e 0000     		.2byte	0
 11882 0010 00000000 		.4byte	.LFB3
 11883 0014 4C000000 		.4byte	.LFE3-.LFB3
 11884 0018 00000000 		.4byte	.LFB4
 11885 001c A4010000 		.4byte	.LFE4-.LFB4
 11886 0020 00000000 		.4byte	.LFB9
 11887 0024 20050000 		.4byte	.LFE9-.LFB9
 11888 0028 00000000 		.4byte	.LFB10
 11889 002c 88000000 		.4byte	.LFE10-.LFB10
 11890 0030 00000000 		.4byte	.LFB11
 11891 0034 26000000 		.4byte	.LFE11-.LFB11
 11892 0038 00000000 		.4byte	.LFB12
 11893 003c 3C000000 		.4byte	.LFE12-.LFB12
 11894 0040 00000000 		.4byte	0
 11895 0044 00000000 		.4byte	0
 11896              		.section	.debug_ranges,"",%progbits
 11897              	.Ldebug_ranges0:
 11898 0000 40000000 		.4byte	.LBB16
 11899 0004 8C000000 		.4byte	.LBE16
 11900 0008 92000000 		.4byte	.LBB38
ARM GAS  /var/folders/65/xyhbx3_n6nd_hs7j3p9nfwv80000gn/T//ccls3DQP.s 			page 222


 11901 000c 0A020000 		.4byte	.LBE38
 11902 0010 0C020000 		.4byte	.LBB39
 11903 0014 20050000 		.4byte	.LBE39
 11904 0018 00000000 		.4byte	0
 11905 001c 00000000 		.4byte	0
 11906 0020 AA000000 		.4byte	.LBB18
 11907 0024 E2000000 		.4byte	.LBE18
 11908 0028 F2000000 		.4byte	.LBB34
 11909 002c 0A020000 		.4byte	.LBE34
 11910 0030 0C020000 		.4byte	.LBB35
 11911 0034 20050000 		.4byte	.LBE35
 11912 0038 00000000 		.4byte	0
 11913 003c 00000000 		.4byte	0
 11914 0040 D6020000 		.4byte	.LBB22
 11915 0044 22030000 		.4byte	.LBE22
 11916 0048 A4040000 		.4byte	.LBB33
 11917 004c F8040000 		.4byte	.LBE33
 11918 0050 00000000 		.4byte	0
 11919 0054 00000000 		.4byte	0
 11920 0058 F0030000 		.4byte	.LBB27
 11921 005c 1C040000 		.4byte	.LBE27
 11922 0060 46040000 		.4byte	.LBB31
 11923 0064 78040000 		.4byte	.LBE31
 11924 0068 84040000 		.4byte	.LBB32
 11925 006c 90040000 		.4byte	.LBE32
 11926 0070 00000000 		.4byte	0
 11927 0074 00000000 		.4byte	0
 11928 0078 00000000 		.4byte	.LFB3
 11929 007c 4C000000 		.4byte	.LFE3
 11930 0080 00000000 		.4byte	.LFB4
 11931 0084 A4010000 		.4byte	.LFE4
 11932 0088 00000000 		.4byte	.LFB9
 11933 008c 20050000 		.4byte	.LFE9
 11934 0090 00000000 		.4byte	.LFB10
 11935 0094 88000000 		.4byte	.LFE10
 11936 0098 00000000 		.4byte	.LFB11
 11937 009c 26000000 		.4byte	.LFE11
 11938 00a0 00000000 		.4byte	.LFB12
 11939 00a4 3C000000 		.4byte	.LFE12
 11940 00a8 00000000 		.4byte	0
 11941 00ac 00000000 		.4byte	0
 11942              		.section	.debug_macro,"",%progbits
 11943              	.Ldebug_macro0:
 11944 0000 0400     		.2byte	0x4
 11945 0002 02       		.byte	0x2
 11946 0003 00000000 		.4byte	.Ldebug_line0
 11947 0007 07       		.byte	0x7
 11948 0008 00000000 		.4byte	.Ldebug_macro2
 11949 000c 03       		.byte	0x3
 11950 000d 00       		.uleb128 0
 11951 000e 01       		.uleb128 0x1
 11952 000f 03       		.byte	0x3
 11953 0010 01       		.uleb128 0x1
 11954 0011 04       		.uleb128 0x4
 11955 0012 05       		.byte	0x5
 11956 0013 02       		.uleb128 0x2
 11957 0014 6A690000 		.4byte	.LASF454
ARM GAS  /var/folders/65/xyhbx3_n6nd_hs7j3p9nfwv80000gn/T//ccls3DQP.s 			page 223


 11958 0018 03       		.byte	0x3
 11959 0019 04       		.uleb128 0x4
 11960 001a 03       		.uleb128 0x3
 11961 001b 05       		.byte	0x5
 11962 001c 02       		.uleb128 0x2
 11963 001d A0000000 		.4byte	.LASF455
 11964 0021 03       		.byte	0x3
 11965 0022 04       		.uleb128 0x4
 11966 0023 0C       		.uleb128 0xc
 11967 0024 05       		.byte	0x5
 11968 0025 07       		.uleb128 0x7
 11969 0026 F5620000 		.4byte	.LASF456
 11970              		.file 13 "/usr/local/playdate/gcc-arm-none-eabi-9-2019-q4-major/arm-none-eabi/include/_ansi.h"
 11971 002a 03       		.byte	0x3
 11972 002b 09       		.uleb128 0x9
 11973 002c 0D       		.uleb128 0xd
 11974 002d 05       		.byte	0x5
 11975 002e 08       		.uleb128 0x8
 11976 002f A5150000 		.4byte	.LASF457
 11977              		.file 14 "/usr/local/playdate/gcc-arm-none-eabi-9-2019-q4-major/arm-none-eabi/include/newlib.h"
 11978 0033 03       		.byte	0x3
 11979 0034 0A       		.uleb128 0xa
 11980 0035 0E       		.uleb128 0xe
 11981 0036 05       		.byte	0x5
 11982 0037 08       		.uleb128 0x8
 11983 0038 026E0000 		.4byte	.LASF458
 11984              		.file 15 "/usr/local/playdate/gcc-arm-none-eabi-9-2019-q4-major/arm-none-eabi/include/_newlib_vers
 11985 003c 03       		.byte	0x3
 11986 003d 0E       		.uleb128 0xe
 11987 003e 0F       		.uleb128 0xf
 11988 003f 07       		.byte	0x7
 11989 0040 00000000 		.4byte	.Ldebug_macro3
 11990 0044 04       		.byte	0x4
 11991 0045 07       		.byte	0x7
 11992 0046 00000000 		.4byte	.Ldebug_macro4
 11993 004a 04       		.byte	0x4
 11994              		.file 16 "/usr/local/playdate/gcc-arm-none-eabi-9-2019-q4-major/arm-none-eabi/include/sys/config.h
 11995 004b 03       		.byte	0x3
 11996 004c 0B       		.uleb128 0xb
 11997 004d 10       		.uleb128 0x10
 11998 004e 05       		.byte	0x5
 11999 004f 02       		.uleb128 0x2
 12000 0050 48630000 		.4byte	.LASF478
 12001              		.file 17 "/usr/local/playdate/gcc-arm-none-eabi-9-2019-q4-major/arm-none-eabi/include/machine/ieee
 12002 0054 03       		.byte	0x3
 12003 0055 04       		.uleb128 0x4
 12004 0056 11       		.uleb128 0x11
 12005 0057 07       		.byte	0x7
 12006 0058 00000000 		.4byte	.Ldebug_macro5
 12007 005c 04       		.byte	0x4
 12008              		.file 18 "/usr/local/playdate/gcc-arm-none-eabi-9-2019-q4-major/arm-none-eabi/include/sys/features
 12009 005d 03       		.byte	0x3
 12010 005e 05       		.uleb128 0x5
 12011 005f 12       		.uleb128 0x12
 12012 0060 07       		.byte	0x7
 12013 0061 00000000 		.4byte	.Ldebug_macro6
 12014 0065 04       		.byte	0x4
ARM GAS  /var/folders/65/xyhbx3_n6nd_hs7j3p9nfwv80000gn/T//ccls3DQP.s 			page 224


 12015 0066 07       		.byte	0x7
 12016 0067 00000000 		.4byte	.Ldebug_macro7
 12017 006b 04       		.byte	0x4
 12018 006c 07       		.byte	0x7
 12019 006d 00000000 		.4byte	.Ldebug_macro8
 12020 0071 04       		.byte	0x4
 12021 0072 03       		.byte	0x3
 12022 0073 0A       		.uleb128 0xa
 12023 0074 02       		.uleb128 0x2
 12024 0075 05       		.byte	0x5
 12025 0076 0E       		.uleb128 0xe
 12026 0077 C82E0000 		.4byte	.LASF518
 12027 007b 04       		.byte	0x4
 12028 007c 04       		.byte	0x4
 12029 007d 07       		.byte	0x7
 12030 007e 00000000 		.4byte	.Ldebug_macro9
 12031 0082 04       		.byte	0x4
 12032              		.file 19 "/usr/local/playdate/gcc-arm-none-eabi-9-2019-q4-major/arm-none-eabi/include/stdio.h"
 12033 0083 03       		.byte	0x3
 12034 0084 06       		.uleb128 0x6
 12035 0085 13       		.uleb128 0x13
 12036 0086 07       		.byte	0x7
 12037 0087 00000000 		.4byte	.Ldebug_macro10
 12038              		.file 20 "/usr/local/playdate/gcc-arm-none-eabi-9-2019-q4-major/arm-none-eabi/include/sys/cdefs.h"
 12039 008b 03       		.byte	0x3
 12040 008c 23       		.uleb128 0x23
 12041 008d 14       		.uleb128 0x14
 12042 008e 05       		.byte	0x5
 12043 008f 2B       		.uleb128 0x2b
 12044 0090 DD6C0000 		.4byte	.LASF531
 12045              		.file 21 "/usr/local/playdate/gcc-arm-none-eabi-9-2019-q4-major/arm-none-eabi/include/machine/_def
 12046 0094 03       		.byte	0x3
 12047 0095 2D       		.uleb128 0x2d
 12048 0096 15       		.uleb128 0x15
 12049 0097 07       		.byte	0x7
 12050 0098 00000000 		.4byte	.Ldebug_macro11
 12051 009c 04       		.byte	0x4
 12052 009d 03       		.byte	0x3
 12053 009e 2F       		.uleb128 0x2f
 12054 009f 07       		.uleb128 0x7
 12055 00a0 07       		.byte	0x7
 12056 00a1 00000000 		.4byte	.Ldebug_macro12
 12057 00a5 04       		.byte	0x4
 12058 00a6 07       		.byte	0x7
 12059 00a7 00000000 		.4byte	.Ldebug_macro13
 12060 00ab 04       		.byte	0x4
 12061 00ac 03       		.byte	0x3
 12062 00ad 24       		.uleb128 0x24
 12063 00ae 07       		.uleb128 0x7
 12064 00af 07       		.byte	0x7
 12065 00b0 00000000 		.4byte	.Ldebug_macro14
 12066 00b4 04       		.byte	0x4
 12067 00b5 05       		.byte	0x5
 12068 00b6 27       		.uleb128 0x27
 12069 00b7 FB910000 		.4byte	.LASF719
 12070              		.file 22 "/usr/local/playdate/gcc-arm-none-eabi-9-2019-q4-major/lib/gcc/arm-none-eabi/9.2.1/includ
 12071 00bb 03       		.byte	0x3
ARM GAS  /var/folders/65/xyhbx3_n6nd_hs7j3p9nfwv80000gn/T//ccls3DQP.s 			page 225


 12072 00bc 28       		.uleb128 0x28
 12073 00bd 16       		.uleb128 0x16
 12074 00be 07       		.byte	0x7
 12075 00bf 00000000 		.4byte	.Ldebug_macro15
 12076 00c3 04       		.byte	0x4
 12077 00c4 05       		.byte	0x5
 12078 00c5 2F       		.uleb128 0x2f
 12079 00c6 150D0000 		.4byte	.LASF722
 12080 00ca 03       		.byte	0x3
 12081 00cb 3C       		.uleb128 0x3c
 12082 00cc 08       		.uleb128 0x8
 12083 00cd 05       		.byte	0x5
 12084 00ce 0B       		.uleb128 0xb
 12085 00cf 66810000 		.4byte	.LASF723
 12086 00d3 03       		.byte	0x3
 12087 00d4 0D       		.uleb128 0xd
 12088 00d5 0D       		.uleb128 0xd
 12089 00d6 04       		.byte	0x4
 12090 00d7 03       		.byte	0x3
 12091 00d8 0E       		.uleb128 0xe
 12092 00d9 07       		.uleb128 0x7
 12093 00da 04       		.byte	0x4
 12094 00db 03       		.byte	0x3
 12095 00dc 0F       		.uleb128 0xf
 12096 00dd 06       		.uleb128 0x6
 12097 00de 05       		.byte	0x5
 12098 00df 14       		.uleb128 0x14
 12099 00e0 DA530000 		.4byte	.LASF724
 12100              		.file 23 "/usr/local/playdate/gcc-arm-none-eabi-9-2019-q4-major/arm-none-eabi/include/machine/_typ
 12101 00e4 03       		.byte	0x3
 12102 00e5 18       		.uleb128 0x18
 12103 00e6 17       		.uleb128 0x17
 12104 00e7 05       		.byte	0x5
 12105 00e8 06       		.uleb128 0x6
 12106 00e9 1A970000 		.4byte	.LASF725
 12107 00ed 04       		.byte	0x4
 12108 00ee 03       		.byte	0x3
 12109 00ef 19       		.uleb128 0x19
 12110 00f0 05       		.uleb128 0x5
 12111 00f1 07       		.byte	0x7
 12112 00f2 00000000 		.4byte	.Ldebug_macro16
 12113 00f6 04       		.byte	0x4
 12114 00f7 07       		.byte	0x7
 12115 00f8 00000000 		.4byte	.Ldebug_macro17
 12116 00fc 03       		.byte	0x3
 12117 00fd 9F01     		.uleb128 0x9f
 12118 00ff 07       		.uleb128 0x7
 12119 0100 07       		.byte	0x7
 12120 0101 00000000 		.4byte	.Ldebug_macro18
 12121 0105 04       		.byte	0x4
 12122 0106 07       		.byte	0x7
 12123 0107 00000000 		.4byte	.Ldebug_macro19
 12124 010b 04       		.byte	0x4
 12125 010c 07       		.byte	0x7
 12126 010d 00000000 		.4byte	.Ldebug_macro20
 12127 0111 04       		.byte	0x4
 12128              		.file 24 "/usr/local/playdate/gcc-arm-none-eabi-9-2019-q4-major/arm-none-eabi/include/sys/types.h"
ARM GAS  /var/folders/65/xyhbx3_n6nd_hs7j3p9nfwv80000gn/T//ccls3DQP.s 			page 226


 12129 0112 03       		.byte	0x3
 12130 0113 3D       		.uleb128 0x3d
 12131 0114 18       		.uleb128 0x18
 12132 0115 07       		.byte	0x7
 12133 0116 00000000 		.4byte	.Ldebug_macro21
 12134 011a 03       		.byte	0x3
 12135 011b 3E       		.uleb128 0x3e
 12136 011c 07       		.uleb128 0x7
 12137 011d 04       		.byte	0x4
 12138              		.file 25 "/usr/local/playdate/gcc-arm-none-eabi-9-2019-q4-major/arm-none-eabi/include/sys/_stdint.
 12139 011e 03       		.byte	0x3
 12140 011f 40       		.uleb128 0x40
 12141 0120 19       		.uleb128 0x19
 12142 0121 07       		.byte	0x7
 12143 0122 00000000 		.4byte	.Ldebug_macro22
 12144 0126 04       		.byte	0x4
 12145              		.file 26 "/usr/local/playdate/gcc-arm-none-eabi-9-2019-q4-major/arm-none-eabi/include/machine/endi
 12146 0127 03       		.byte	0x3
 12147 0128 43       		.uleb128 0x43
 12148 0129 1A       		.uleb128 0x1a
 12149 012a 05       		.byte	0x5
 12150 012b 02       		.uleb128 0x2
 12151 012c 6E6D0000 		.4byte	.LASF826
 12152              		.file 27 "/usr/local/playdate/gcc-arm-none-eabi-9-2019-q4-major/arm-none-eabi/include/machine/_end
 12153 0130 03       		.byte	0x3
 12154 0131 06       		.uleb128 0x6
 12155 0132 1B       		.uleb128 0x1b
 12156 0133 07       		.byte	0x7
 12157 0134 00000000 		.4byte	.Ldebug_macro23
 12158 0138 04       		.byte	0x4
 12159 0139 07       		.byte	0x7
 12160 013a 00000000 		.4byte	.Ldebug_macro24
 12161 013e 04       		.byte	0x4
 12162              		.file 28 "/usr/local/playdate/gcc-arm-none-eabi-9-2019-q4-major/arm-none-eabi/include/sys/select.h
 12163 013f 03       		.byte	0x3
 12164 0140 44       		.uleb128 0x44
 12165 0141 1C       		.uleb128 0x1c
 12166 0142 05       		.byte	0x5
 12167 0143 02       		.uleb128 0x2
 12168 0144 2E790000 		.4byte	.LASF844
 12169              		.file 29 "/usr/local/playdate/gcc-arm-none-eabi-9-2019-q4-major/arm-none-eabi/include/sys/_sigset.
 12170 0148 03       		.byte	0x3
 12171 0149 0E       		.uleb128 0xe
 12172 014a 1D       		.uleb128 0x1d
 12173 014b 05       		.byte	0x5
 12174 014c 27       		.uleb128 0x27
 12175 014d 6F8F0000 		.4byte	.LASF845
 12176 0151 04       		.byte	0x4
 12177              		.file 30 "/usr/local/playdate/gcc-arm-none-eabi-9-2019-q4-major/arm-none-eabi/include/sys/_timeval
 12178 0152 03       		.byte	0x3
 12179 0153 0F       		.uleb128 0xf
 12180 0154 1E       		.uleb128 0x1e
 12181 0155 07       		.byte	0x7
 12182 0156 00000000 		.4byte	.Ldebug_macro25
 12183 015a 04       		.byte	0x4
 12184              		.file 31 "/usr/local/playdate/gcc-arm-none-eabi-9-2019-q4-major/arm-none-eabi/include/sys/timespec
 12185 015b 03       		.byte	0x3
ARM GAS  /var/folders/65/xyhbx3_n6nd_hs7j3p9nfwv80000gn/T//ccls3DQP.s 			page 227


 12186 015c 10       		.uleb128 0x10
 12187 015d 1F       		.uleb128 0x1f
 12188 015e 05       		.byte	0x5
 12189 015f 23       		.uleb128 0x23
 12190 0160 24380000 		.4byte	.LASF856
 12191              		.file 32 "/usr/local/playdate/gcc-arm-none-eabi-9-2019-q4-major/arm-none-eabi/include/sys/_timespe
 12192 0164 03       		.byte	0x3
 12193 0165 26       		.uleb128 0x26
 12194 0166 20       		.uleb128 0x20
 12195 0167 05       		.byte	0x5
 12196 0168 23       		.uleb128 0x23
 12197 0169 026D0000 		.4byte	.LASF857
 12198 016d 04       		.byte	0x4
 12199 016e 07       		.byte	0x7
 12200 016f 00000000 		.4byte	.Ldebug_macro26
 12201 0173 04       		.byte	0x4
 12202 0174 07       		.byte	0x7
 12203 0175 00000000 		.4byte	.Ldebug_macro27
 12204 0179 04       		.byte	0x4
 12205 017a 07       		.byte	0x7
 12206 017b 00000000 		.4byte	.Ldebug_macro28
 12207              		.file 33 "/usr/local/playdate/gcc-arm-none-eabi-9-2019-q4-major/arm-none-eabi/include/sys/_pthread
 12208 017f 03       		.byte	0x3
 12209 0180 EF01     		.uleb128 0xef
 12210 0182 21       		.uleb128 0x21
 12211 0183 05       		.byte	0x5
 12212 0184 13       		.uleb128 0x13
 12213 0185 877F0000 		.4byte	.LASF902
 12214              		.file 34 "/usr/local/playdate/gcc-arm-none-eabi-9-2019-q4-major/arm-none-eabi/include/sys/sched.h"
 12215 0189 03       		.byte	0x3
 12216 018a 17       		.uleb128 0x17
 12217 018b 22       		.uleb128 0x22
 12218 018c 07       		.byte	0x7
 12219 018d 00000000 		.4byte	.Ldebug_macro29
 12220 0191 04       		.byte	0x4
 12221 0192 07       		.byte	0x7
 12222 0193 00000000 		.4byte	.Ldebug_macro30
 12223 0197 04       		.byte	0x4
 12224              		.file 35 "/usr/local/playdate/gcc-arm-none-eabi-9-2019-q4-major/arm-none-eabi/include/machine/type
 12225 0198 03       		.byte	0x3
 12226 0199 F001     		.uleb128 0xf0
 12227 019b 23       		.uleb128 0x23
 12228 019c 04       		.byte	0x4
 12229 019d 06       		.byte	0x6
 12230 019e F401     		.uleb128 0xf4
 12231 01a0 44280000 		.4byte	.LASF916
 12232 01a4 04       		.byte	0x4
 12233 01a5 05       		.byte	0x5
 12234 01a6 43       		.uleb128 0x43
 12235 01a7 B0190000 		.4byte	.LASF917
 12236              		.file 36 "/usr/local/playdate/gcc-arm-none-eabi-9-2019-q4-major/arm-none-eabi/include/sys/stdio.h"
 12237 01ab 03       		.byte	0x3
 12238 01ac 4F       		.uleb128 0x4f
 12239 01ad 24       		.uleb128 0x24
 12240 01ae 07       		.byte	0x7
 12241 01af 00000000 		.4byte	.Ldebug_macro31
 12242 01b3 04       		.byte	0x4
ARM GAS  /var/folders/65/xyhbx3_n6nd_hs7j3p9nfwv80000gn/T//ccls3DQP.s 			page 228


 12243 01b4 07       		.byte	0x7
 12244 01b5 00000000 		.4byte	.Ldebug_macro32
 12245 01b9 04       		.byte	0x4
 12246 01ba 03       		.byte	0x3
 12247 01bb 07       		.uleb128 0x7
 12248 01bc 09       		.uleb128 0x9
 12249 01bd 05       		.byte	0x5
 12250 01be 08       		.uleb128 0x8
 12251 01bf 9C0B0000 		.4byte	.LASF976
 12252 01c3 03       		.byte	0x3
 12253 01c4 0A       		.uleb128 0xa
 12254 01c5 11       		.uleb128 0x11
 12255 01c6 04       		.byte	0x4
 12256 01c7 07       		.byte	0x7
 12257 01c8 00000000 		.4byte	.Ldebug_macro33
 12258 01cc 03       		.byte	0x3
 12259 01cd 10       		.uleb128 0x10
 12260 01ce 07       		.uleb128 0x7
 12261 01cf 07       		.byte	0x7
 12262 01d0 00000000 		.4byte	.Ldebug_macro34
 12263 01d4 04       		.byte	0x4
 12264              		.file 37 "/usr/local/playdate/gcc-arm-none-eabi-9-2019-q4-major/arm-none-eabi/include/machine/stdl
 12265 01d5 03       		.byte	0x3
 12266 01d6 14       		.uleb128 0x14
 12267 01d7 25       		.uleb128 0x25
 12268 01d8 05       		.byte	0x5
 12269 01d9 02       		.uleb128 0x2
 12270 01da E5140000 		.4byte	.LASF978
 12271 01de 04       		.byte	0x4
 12272              		.file 38 "/usr/local/playdate/gcc-arm-none-eabi-9-2019-q4-major/arm-none-eabi/include/alloca.h"
 12273 01df 03       		.byte	0x3
 12274 01e0 16       		.uleb128 0x16
 12275 01e1 26       		.uleb128 0x26
 12276 01e2 07       		.byte	0x7
 12277 01e3 00000000 		.4byte	.Ldebug_macro35
 12278 01e7 04       		.byte	0x4
 12279 01e8 07       		.byte	0x7
 12280 01e9 00000000 		.4byte	.Ldebug_macro36
 12281 01ed 04       		.byte	0x4
 12282 01ee 03       		.byte	0x3
 12283 01ef 08       		.uleb128 0x8
 12284 01f0 07       		.uleb128 0x7
 12285 01f1 04       		.byte	0x4
 12286 01f2 03       		.byte	0x3
 12287 01f3 09       		.uleb128 0x9
 12288 01f4 16       		.uleb128 0x16
 12289 01f5 07       		.byte	0x7
 12290 01f6 00000000 		.4byte	.Ldebug_macro37
 12291 01fa 04       		.byte	0x4
 12292              		.file 39 "/usr/local/playdate/gcc-arm-none-eabi-9-2019-q4-major/arm-none-eabi/include/string.h"
 12293 01fb 03       		.byte	0x3
 12294 01fc 0A       		.uleb128 0xa
 12295 01fd 27       		.uleb128 0x27
 12296 01fe 07       		.byte	0x7
 12297 01ff 00000000 		.4byte	.Ldebug_macro38
 12298 0203 03       		.byte	0x3
 12299 0204 11       		.uleb128 0x11
ARM GAS  /var/folders/65/xyhbx3_n6nd_hs7j3p9nfwv80000gn/T//ccls3DQP.s 			page 229


 12300 0205 07       		.uleb128 0x7
 12301 0206 07       		.byte	0x7
 12302 0207 00000000 		.4byte	.Ldebug_macro34
 12303 020b 04       		.byte	0x4
 12304              		.file 40 "/usr/local/playdate/gcc-arm-none-eabi-9-2019-q4-major/arm-none-eabi/include/xlocale.h"
 12305 020c 03       		.byte	0x3
 12306 020d 14       		.uleb128 0x14
 12307 020e 28       		.uleb128 0x28
 12308 020f 05       		.byte	0x5
 12309 0210 04       		.uleb128 0x4
 12310 0211 F3950000 		.4byte	.LASF1000
 12311 0215 04       		.byte	0x4
 12312              		.file 41 "/usr/local/playdate/gcc-arm-none-eabi-9-2019-q4-major/arm-none-eabi/include/strings.h"
 12313 0216 03       		.byte	0x3
 12314 0217 18       		.uleb128 0x18
 12315 0218 29       		.uleb128 0x29
 12316 0219 05       		.byte	0x5
 12317 021a 1E       		.uleb128 0x1e
 12318 021b 5E8C0000 		.4byte	.LASF1001
 12319 021f 04       		.byte	0x4
 12320              		.file 42 "/usr/local/playdate/gcc-arm-none-eabi-9-2019-q4-major/arm-none-eabi/include/sys/string.h
 12321 0220 03       		.byte	0x3
 12322 0221 AF01     		.uleb128 0xaf
 12323 0223 2A       		.uleb128 0x2a
 12324 0224 04       		.byte	0x4
 12325 0225 04       		.byte	0x4
 12326 0226 03       		.byte	0x3
 12327 0227 0C       		.uleb128 0xc
 12328 0228 0A       		.uleb128 0xa
 12329 0229 05       		.byte	0x5
 12330 022a 03       		.uleb128 0x3
 12331 022b 4B0F0000 		.4byte	.LASF1002
 12332 022f 03       		.byte	0x3
 12333 0230 07       		.uleb128 0x7
 12334 0231 11       		.uleb128 0x11
 12335 0232 04       		.byte	0x4
 12336 0233 07       		.byte	0x7
 12337 0234 00000000 		.4byte	.Ldebug_macro39
 12338 0238 04       		.byte	0x4
 12339              		.file 43 "/usr/local/playdate/gcc-arm-none-eabi-9-2019-q4-major/lib/gcc/arm-none-eabi/9.2.1/includ
 12340 0239 03       		.byte	0x3
 12341 023a 0D       		.uleb128 0xd
 12342 023b 2B       		.uleb128 0x2b
 12343 023c 07       		.byte	0x7
 12344 023d 00000000 		.4byte	.Ldebug_macro40
 12345 0241 04       		.byte	0x4
 12346              		.file 44 "/usr/local/playdate/gcc-arm-none-eabi-9-2019-q4-major/lib/gcc/arm-none-eabi/9.2.1/includ
 12347 0242 03       		.byte	0x3
 12348 0243 0E       		.uleb128 0xe
 12349 0244 2C       		.uleb128 0x2c
 12350 0245 05       		.byte	0x5
 12351 0246 1E       		.uleb128 0x1e
 12352 0247 FC680000 		.4byte	.LASF1151
 12353              		.file 45 "/usr/local/playdate/gcc-arm-none-eabi-9-2019-q4-major/lib/gcc/arm-none-eabi/9.2.1/includ
 12354 024b 03       		.byte	0x3
 12355 024c 22       		.uleb128 0x22
 12356 024d 2D       		.uleb128 0x2d
ARM GAS  /var/folders/65/xyhbx3_n6nd_hs7j3p9nfwv80000gn/T//ccls3DQP.s 			page 230


 12357 024e 05       		.byte	0x5
 12358 024f 06       		.uleb128 0x6
 12359 0250 97080000 		.4byte	.LASF1152
 12360 0254 03       		.byte	0x3
 12361 0255 07       		.uleb128 0x7
 12362 0256 2C       		.uleb128 0x2c
 12363              		.file 46 "/usr/local/playdate/gcc-arm-none-eabi-9-2019-q4-major/arm-none-eabi/include/limits.h"
 12364 0257 03       		.byte	0x3
 12365 0258 C201     		.uleb128 0xc2
 12366 025a 2E       		.uleb128 0x2e
 12367 025b 05       		.byte	0x5
 12368 025c 02       		.uleb128 0x2
 12369 025d BB390000 		.4byte	.LASF1153
 12370              		.file 47 "/usr/local/playdate/gcc-arm-none-eabi-9-2019-q4-major/arm-none-eabi/include/sys/syslimit
 12371 0261 03       		.byte	0x3
 12372 0262 06       		.uleb128 0x6
 12373 0263 2F       		.uleb128 0x2f
 12374 0264 07       		.byte	0x7
 12375 0265 00000000 		.4byte	.Ldebug_macro41
 12376 0269 04       		.byte	0x4
 12377 026a 07       		.byte	0x7
 12378 026b 00000000 		.4byte	.Ldebug_macro42
 12379 026f 04       		.byte	0x4
 12380 0270 04       		.byte	0x4
 12381 0271 06       		.byte	0x6
 12382 0272 08       		.uleb128 0x8
 12383 0273 3E150000 		.4byte	.LASF1177
 12384 0277 04       		.byte	0x4
 12385 0278 07       		.byte	0x7
 12386 0279 00000000 		.4byte	.Ldebug_macro43
 12387 027d 04       		.byte	0x4
 12388 027e 07       		.byte	0x7
 12389 027f 00000000 		.4byte	.Ldebug_macro44
 12390 0283 04       		.byte	0x4
 12391 0284 03       		.byte	0x3
 12392 0285 02       		.uleb128 0x2
 12393 0286 0B       		.uleb128 0xb
 12394 0287 07       		.byte	0x7
 12395 0288 00000000 		.4byte	.Ldebug_macro45
 12396 028c 04       		.byte	0x4
 12397 028d 05       		.byte	0x5
 12398 028e 3A       		.uleb128 0x3a
 12399 028f 9E500000 		.4byte	.LASF1242
 12400 0293 05       		.byte	0x5
 12401 0294 3D       		.uleb128 0x3d
 12402 0295 60390000 		.4byte	.LASF1243
 12403 0299 04       		.byte	0x4
 12404 029a 00       		.byte	0
 12405              		.section	.debug_macro,"G",%progbits,wm4.0.5597035cabc44eed625cd1ebc7e67b87,comdat
 12406              	.Ldebug_macro2:
 12407 0000 0400     		.2byte	0x4
 12408 0002 00       		.byte	0
 12409 0003 05       		.byte	0x5
 12410 0004 00       		.uleb128 0
 12411 0005 8D050000 		.4byte	.LASF0
 12412 0009 05       		.byte	0x5
 12413 000a 00       		.uleb128 0
ARM GAS  /var/folders/65/xyhbx3_n6nd_hs7j3p9nfwv80000gn/T//ccls3DQP.s 			page 231


 12414 000b 1A750000 		.4byte	.LASF1
 12415 000f 05       		.byte	0x5
 12416 0010 00       		.uleb128 0
 12417 0011 5F970000 		.4byte	.LASF2
 12418 0015 05       		.byte	0x5
 12419 0016 00       		.uleb128 0
 12420 0017 AA140000 		.4byte	.LASF3
 12421 001b 05       		.byte	0x5
 12422 001c 00       		.uleb128 0
 12423 001d 8C610000 		.4byte	.LASF4
 12424 0021 05       		.byte	0x5
 12425 0022 00       		.uleb128 0
 12426 0023 17980000 		.4byte	.LASF5
 12427 0027 05       		.byte	0x5
 12428 0028 00       		.uleb128 0
 12429 0029 2D970000 		.4byte	.LASF6
 12430 002d 05       		.byte	0x5
 12431 002e 00       		.uleb128 0
 12432 002f 3B1C0000 		.4byte	.LASF7
 12433 0033 05       		.byte	0x5
 12434 0034 00       		.uleb128 0
 12435 0035 2F980000 		.4byte	.LASF8
 12436 0039 05       		.byte	0x5
 12437 003a 00       		.uleb128 0
 12438 003b 1A450000 		.4byte	.LASF9
 12439 003f 05       		.byte	0x5
 12440 0040 00       		.uleb128 0
 12441 0041 F3170000 		.4byte	.LASF10
 12442 0045 05       		.byte	0x5
 12443 0046 00       		.uleb128 0
 12444 0047 91410000 		.4byte	.LASF11
 12445 004b 05       		.byte	0x5
 12446 004c 00       		.uleb128 0
 12447 004d 15490000 		.4byte	.LASF12
 12448 0051 05       		.byte	0x5
 12449 0052 00       		.uleb128 0
 12450 0053 397D0000 		.4byte	.LASF13
 12451 0057 05       		.byte	0x5
 12452 0058 00       		.uleb128 0
 12453 0059 27850000 		.4byte	.LASF14
 12454 005d 05       		.byte	0x5
 12455 005e 00       		.uleb128 0
 12456 005f 387C0000 		.4byte	.LASF15
 12457 0063 05       		.byte	0x5
 12458 0064 00       		.uleb128 0
 12459 0065 19740000 		.4byte	.LASF16
 12460 0069 05       		.byte	0x5
 12461 006a 00       		.uleb128 0
 12462 006b CB0F0000 		.4byte	.LASF17
 12463 006f 05       		.byte	0x5
 12464 0070 00       		.uleb128 0
 12465 0071 5E080000 		.4byte	.LASF18
 12466 0075 05       		.byte	0x5
 12467 0076 00       		.uleb128 0
 12468 0077 6B280000 		.4byte	.LASF19
 12469 007b 05       		.byte	0x5
 12470 007c 00       		.uleb128 0
ARM GAS  /var/folders/65/xyhbx3_n6nd_hs7j3p9nfwv80000gn/T//ccls3DQP.s 			page 232


 12471 007d 35020000 		.4byte	.LASF20
 12472 0081 05       		.byte	0x5
 12473 0082 00       		.uleb128 0
 12474 0083 6A200000 		.4byte	.LASF21
 12475 0087 05       		.byte	0x5
 12476 0088 00       		.uleb128 0
 12477 0089 6D790000 		.4byte	.LASF22
 12478 008d 05       		.byte	0x5
 12479 008e 00       		.uleb128 0
 12480 008f 24920000 		.4byte	.LASF23
 12481 0093 05       		.byte	0x5
 12482 0094 00       		.uleb128 0
 12483 0095 A4250000 		.4byte	.LASF24
 12484 0099 05       		.byte	0x5
 12485 009a 00       		.uleb128 0
 12486 009b 1D570000 		.4byte	.LASF25
 12487 009f 05       		.byte	0x5
 12488 00a0 00       		.uleb128 0
 12489 00a1 8F130000 		.4byte	.LASF26
 12490 00a5 05       		.byte	0x5
 12491 00a6 00       		.uleb128 0
 12492 00a7 97230000 		.4byte	.LASF27
 12493 00ab 05       		.byte	0x5
 12494 00ac 00       		.uleb128 0
 12495 00ad 86710000 		.4byte	.LASF28
 12496 00b1 05       		.byte	0x5
 12497 00b2 00       		.uleb128 0
 12498 00b3 6B410000 		.4byte	.LASF29
 12499 00b7 05       		.byte	0x5
 12500 00b8 00       		.uleb128 0
 12501 00b9 042F0000 		.4byte	.LASF30
 12502 00bd 05       		.byte	0x5
 12503 00be 00       		.uleb128 0
 12504 00bf 63000000 		.4byte	.LASF31
 12505 00c3 05       		.byte	0x5
 12506 00c4 00       		.uleb128 0
 12507 00c5 4A690000 		.4byte	.LASF32
 12508 00c9 05       		.byte	0x5
 12509 00ca 00       		.uleb128 0
 12510 00cb C0930000 		.4byte	.LASF33
 12511 00cf 05       		.byte	0x5
 12512 00d0 00       		.uleb128 0
 12513 00d1 25640000 		.4byte	.LASF34
 12514 00d5 05       		.byte	0x5
 12515 00d6 00       		.uleb128 0
 12516 00d7 DA7B0000 		.4byte	.LASF35
 12517 00db 05       		.byte	0x5
 12518 00dc 00       		.uleb128 0
 12519 00dd 112A0000 		.4byte	.LASF36
 12520 00e1 05       		.byte	0x5
 12521 00e2 00       		.uleb128 0
 12522 00e3 7A570000 		.4byte	.LASF37
 12523 00e7 05       		.byte	0x5
 12524 00e8 00       		.uleb128 0
 12525 00e9 2C190000 		.4byte	.LASF38
 12526 00ed 05       		.byte	0x5
 12527 00ee 00       		.uleb128 0
ARM GAS  /var/folders/65/xyhbx3_n6nd_hs7j3p9nfwv80000gn/T//ccls3DQP.s 			page 233


 12528 00ef F4940000 		.4byte	.LASF39
 12529 00f3 05       		.byte	0x5
 12530 00f4 00       		.uleb128 0
 12531 00f5 89680000 		.4byte	.LASF40
 12532 00f9 05       		.byte	0x5
 12533 00fa 00       		.uleb128 0
 12534 00fb 4D890000 		.4byte	.LASF41
 12535 00ff 05       		.byte	0x5
 12536 0100 00       		.uleb128 0
 12537 0101 C17D0000 		.4byte	.LASF42
 12538 0105 05       		.byte	0x5
 12539 0106 00       		.uleb128 0
 12540 0107 50360000 		.4byte	.LASF43
 12541 010b 05       		.byte	0x5
 12542 010c 00       		.uleb128 0
 12543 010d 27730000 		.4byte	.LASF44
 12544 0111 05       		.byte	0x5
 12545 0112 00       		.uleb128 0
 12546 0113 EC890000 		.4byte	.LASF45
 12547 0117 05       		.byte	0x5
 12548 0118 00       		.uleb128 0
 12549 0119 B9130000 		.4byte	.LASF46
 12550 011d 05       		.byte	0x5
 12551 011e 00       		.uleb128 0
 12552 011f B3150000 		.4byte	.LASF47
 12553 0123 05       		.byte	0x5
 12554 0124 00       		.uleb128 0
 12555 0125 775F0000 		.4byte	.LASF48
 12556 0129 05       		.byte	0x5
 12557 012a 00       		.uleb128 0
 12558 012b BA060000 		.4byte	.LASF49
 12559 012f 05       		.byte	0x5
 12560 0130 00       		.uleb128 0
 12561 0131 BC4B0000 		.4byte	.LASF50
 12562 0135 05       		.byte	0x5
 12563 0136 00       		.uleb128 0
 12564 0137 83850000 		.4byte	.LASF51
 12565 013b 05       		.byte	0x5
 12566 013c 00       		.uleb128 0
 12567 013d 20990000 		.4byte	.LASF52
 12568 0141 05       		.byte	0x5
 12569 0142 00       		.uleb128 0
 12570 0143 F3100000 		.4byte	.LASF53
 12571 0147 05       		.byte	0x5
 12572 0148 00       		.uleb128 0
 12573 0149 52940000 		.4byte	.LASF54
 12574 014d 05       		.byte	0x5
 12575 014e 00       		.uleb128 0
 12576 014f D7280000 		.4byte	.LASF55
 12577 0153 05       		.byte	0x5
 12578 0154 00       		.uleb128 0
 12579 0155 E9870000 		.4byte	.LASF56
 12580 0159 05       		.byte	0x5
 12581 015a 00       		.uleb128 0
 12582 015b AC850000 		.4byte	.LASF57
 12583 015f 05       		.byte	0x5
 12584 0160 00       		.uleb128 0
ARM GAS  /var/folders/65/xyhbx3_n6nd_hs7j3p9nfwv80000gn/T//ccls3DQP.s 			page 234


 12585 0161 0C610000 		.4byte	.LASF58
 12586 0165 05       		.byte	0x5
 12587 0166 00       		.uleb128 0
 12588 0167 B1490000 		.4byte	.LASF59
 12589 016b 05       		.byte	0x5
 12590 016c 00       		.uleb128 0
 12591 016d CC7F0000 		.4byte	.LASF60
 12592 0171 05       		.byte	0x5
 12593 0172 00       		.uleb128 0
 12594 0173 F6410000 		.4byte	.LASF61
 12595 0177 05       		.byte	0x5
 12596 0178 00       		.uleb128 0
 12597 0179 CA180000 		.4byte	.LASF62
 12598 017d 05       		.byte	0x5
 12599 017e 00       		.uleb128 0
 12600 017f 290F0000 		.4byte	.LASF63
 12601 0183 05       		.byte	0x5
 12602 0184 00       		.uleb128 0
 12603 0185 00720000 		.4byte	.LASF64
 12604 0189 05       		.byte	0x5
 12605 018a 00       		.uleb128 0
 12606 018b D04E0000 		.4byte	.LASF65
 12607 018f 05       		.byte	0x5
 12608 0190 00       		.uleb128 0
 12609 0191 98090000 		.4byte	.LASF66
 12610 0195 05       		.byte	0x5
 12611 0196 00       		.uleb128 0
 12612 0197 F2730000 		.4byte	.LASF67
 12613 019b 05       		.byte	0x5
 12614 019c 00       		.uleb128 0
 12615 019d 493D0000 		.4byte	.LASF68
 12616 01a1 05       		.byte	0x5
 12617 01a2 00       		.uleb128 0
 12618 01a3 515A0000 		.4byte	.LASF69
 12619 01a7 05       		.byte	0x5
 12620 01a8 00       		.uleb128 0
 12621 01a9 A54B0000 		.4byte	.LASF70
 12622 01ad 05       		.byte	0x5
 12623 01ae 00       		.uleb128 0
 12624 01af 083C0000 		.4byte	.LASF71
 12625 01b3 05       		.byte	0x5
 12626 01b4 00       		.uleb128 0
 12627 01b5 3E0D0000 		.4byte	.LASF72
 12628 01b9 05       		.byte	0x5
 12629 01ba 00       		.uleb128 0
 12630 01bb 724B0000 		.4byte	.LASF73
 12631 01bf 05       		.byte	0x5
 12632 01c0 00       		.uleb128 0
 12633 01c1 292E0000 		.4byte	.LASF74
 12634 01c5 05       		.byte	0x5
 12635 01c6 00       		.uleb128 0
 12636 01c7 DE6B0000 		.4byte	.LASF75
 12637 01cb 05       		.byte	0x5
 12638 01cc 00       		.uleb128 0
 12639 01cd 846E0000 		.4byte	.LASF76
 12640 01d1 05       		.byte	0x5
 12641 01d2 00       		.uleb128 0
ARM GAS  /var/folders/65/xyhbx3_n6nd_hs7j3p9nfwv80000gn/T//ccls3DQP.s 			page 235


 12642 01d3 F6390000 		.4byte	.LASF77
 12643 01d7 05       		.byte	0x5
 12644 01d8 00       		.uleb128 0
 12645 01d9 51200000 		.4byte	.LASF78
 12646 01dd 05       		.byte	0x5
 12647 01de 00       		.uleb128 0
 12648 01df CC4C0000 		.4byte	.LASF79
 12649 01e3 05       		.byte	0x5
 12650 01e4 00       		.uleb128 0
 12651 01e5 D4040000 		.4byte	.LASF80
 12652 01e9 05       		.byte	0x5
 12653 01ea 00       		.uleb128 0
 12654 01eb 9A560000 		.4byte	.LASF81
 12655 01ef 05       		.byte	0x5
 12656 01f0 00       		.uleb128 0
 12657 01f1 2F410000 		.4byte	.LASF82
 12658 01f5 05       		.byte	0x5
 12659 01f6 00       		.uleb128 0
 12660 01f7 56090000 		.4byte	.LASF83
 12661 01fb 05       		.byte	0x5
 12662 01fc 00       		.uleb128 0
 12663 01fd E2330000 		.4byte	.LASF84
 12664 0201 05       		.byte	0x5
 12665 0202 00       		.uleb128 0
 12666 0203 FB7B0000 		.4byte	.LASF85
 12667 0207 05       		.byte	0x5
 12668 0208 00       		.uleb128 0
 12669 0209 576D0000 		.4byte	.LASF86
 12670 020d 05       		.byte	0x5
 12671 020e 00       		.uleb128 0
 12672 020f 50650000 		.4byte	.LASF87
 12673 0213 05       		.byte	0x5
 12674 0214 00       		.uleb128 0
 12675 0215 19100000 		.4byte	.LASF88
 12676 0219 05       		.byte	0x5
 12677 021a 00       		.uleb128 0
 12678 021b 441F0000 		.4byte	.LASF89
 12679 021f 05       		.byte	0x5
 12680 0220 00       		.uleb128 0
 12681 0221 BA8E0000 		.4byte	.LASF90
 12682 0225 05       		.byte	0x5
 12683 0226 00       		.uleb128 0
 12684 0227 707B0000 		.4byte	.LASF91
 12685 022b 05       		.byte	0x5
 12686 022c 00       		.uleb128 0
 12687 022d 5E4E0000 		.4byte	.LASF92
 12688 0231 05       		.byte	0x5
 12689 0232 00       		.uleb128 0
 12690 0233 C6300000 		.4byte	.LASF93
 12691 0237 05       		.byte	0x5
 12692 0238 00       		.uleb128 0
 12693 0239 A5610000 		.4byte	.LASF94
 12694 023d 05       		.byte	0x5
 12695 023e 00       		.uleb128 0
 12696 023f 39440000 		.4byte	.LASF95
 12697 0243 05       		.byte	0x5
 12698 0244 00       		.uleb128 0
ARM GAS  /var/folders/65/xyhbx3_n6nd_hs7j3p9nfwv80000gn/T//ccls3DQP.s 			page 236


 12699 0245 F9780000 		.4byte	.LASF96
 12700 0249 05       		.byte	0x5
 12701 024a 00       		.uleb128 0
 12702 024b 31720000 		.4byte	.LASF97
 12703 024f 05       		.byte	0x5
 12704 0250 00       		.uleb128 0
 12705 0251 B92A0000 		.4byte	.LASF98
 12706 0255 05       		.byte	0x5
 12707 0256 00       		.uleb128 0
 12708 0257 DC4C0000 		.4byte	.LASF99
 12709 025b 05       		.byte	0x5
 12710 025c 00       		.uleb128 0
 12711 025d 2B2B0000 		.4byte	.LASF100
 12712 0261 05       		.byte	0x5
 12713 0262 00       		.uleb128 0
 12714 0263 783B0000 		.4byte	.LASF101
 12715 0267 05       		.byte	0x5
 12716 0268 00       		.uleb128 0
 12717 0269 B7170000 		.4byte	.LASF102
 12718 026d 05       		.byte	0x5
 12719 026e 00       		.uleb128 0
 12720 026f 24830000 		.4byte	.LASF103
 12721 0273 05       		.byte	0x5
 12722 0274 00       		.uleb128 0
 12723 0275 028F0000 		.4byte	.LASF104
 12724 0279 05       		.byte	0x5
 12725 027a 00       		.uleb128 0
 12726 027b 418F0000 		.4byte	.LASF105
 12727 027f 05       		.byte	0x5
 12728 0280 00       		.uleb128 0
 12729 0281 A60F0000 		.4byte	.LASF106
 12730 0285 05       		.byte	0x5
 12731 0286 00       		.uleb128 0
 12732 0287 65990000 		.4byte	.LASF107
 12733 028b 05       		.byte	0x5
 12734 028c 00       		.uleb128 0
 12735 028d E3160000 		.4byte	.LASF108
 12736 0291 05       		.byte	0x5
 12737 0292 00       		.uleb128 0
 12738 0293 61490000 		.4byte	.LASF109
 12739 0297 05       		.byte	0x5
 12740 0298 00       		.uleb128 0
 12741 0299 BC140000 		.4byte	.LASF110
 12742 029d 05       		.byte	0x5
 12743 029e 00       		.uleb128 0
 12744 029f 33820000 		.4byte	.LASF111
 12745 02a3 05       		.byte	0x5
 12746 02a4 00       		.uleb128 0
 12747 02a5 020C0000 		.4byte	.LASF112
 12748 02a9 05       		.byte	0x5
 12749 02aa 00       		.uleb128 0
 12750 02ab F94C0000 		.4byte	.LASF113
 12751 02af 05       		.byte	0x5
 12752 02b0 00       		.uleb128 0
 12753 02b1 28540000 		.4byte	.LASF114
 12754 02b5 05       		.byte	0x5
 12755 02b6 00       		.uleb128 0
ARM GAS  /var/folders/65/xyhbx3_n6nd_hs7j3p9nfwv80000gn/T//ccls3DQP.s 			page 237


 12756 02b7 E1490000 		.4byte	.LASF115
 12757 02bb 05       		.byte	0x5
 12758 02bc 00       		.uleb128 0
 12759 02bd EC420000 		.4byte	.LASF116
 12760 02c1 05       		.byte	0x5
 12761 02c2 00       		.uleb128 0
 12762 02c3 E8750000 		.4byte	.LASF117
 12763 02c7 05       		.byte	0x5
 12764 02c8 00       		.uleb128 0
 12765 02c9 96440000 		.4byte	.LASF118
 12766 02cd 05       		.byte	0x5
 12767 02ce 00       		.uleb128 0
 12768 02cf 08890000 		.4byte	.LASF119
 12769 02d3 05       		.byte	0x5
 12770 02d4 00       		.uleb128 0
 12771 02d5 D8210000 		.4byte	.LASF120
 12772 02d9 05       		.byte	0x5
 12773 02da 00       		.uleb128 0
 12774 02db CC240000 		.4byte	.LASF121
 12775 02df 05       		.byte	0x5
 12776 02e0 00       		.uleb128 0
 12777 02e1 C7100000 		.4byte	.LASF122
 12778 02e5 05       		.byte	0x5
 12779 02e6 00       		.uleb128 0
 12780 02e7 644F0000 		.4byte	.LASF123
 12781 02eb 05       		.byte	0x5
 12782 02ec 00       		.uleb128 0
 12783 02ed 56430000 		.4byte	.LASF124
 12784 02f1 05       		.byte	0x5
 12785 02f2 00       		.uleb128 0
 12786 02f3 B8160000 		.4byte	.LASF125
 12787 02f7 05       		.byte	0x5
 12788 02f8 00       		.uleb128 0
 12789 02f9 2B2F0000 		.4byte	.LASF126
 12790 02fd 05       		.byte	0x5
 12791 02fe 00       		.uleb128 0
 12792 02ff 6A1C0000 		.4byte	.LASF127
 12793 0303 05       		.byte	0x5
 12794 0304 00       		.uleb128 0
 12795 0305 A51C0000 		.4byte	.LASF128
 12796 0309 05       		.byte	0x5
 12797 030a 00       		.uleb128 0
 12798 030b 09020000 		.4byte	.LASF129
 12799 030f 05       		.byte	0x5
 12800 0310 00       		.uleb128 0
 12801 0311 D6090000 		.4byte	.LASF130
 12802 0315 05       		.byte	0x5
 12803 0316 00       		.uleb128 0
 12804 0317 22770000 		.4byte	.LASF131
 12805 031b 05       		.byte	0x5
 12806 031c 00       		.uleb128 0
 12807 031d D4410000 		.4byte	.LASF132
 12808 0321 05       		.byte	0x5
 12809 0322 00       		.uleb128 0
 12810 0323 9C0E0000 		.4byte	.LASF133
 12811 0327 05       		.byte	0x5
 12812 0328 00       		.uleb128 0
ARM GAS  /var/folders/65/xyhbx3_n6nd_hs7j3p9nfwv80000gn/T//ccls3DQP.s 			page 238


 12813 0329 BF3A0000 		.4byte	.LASF134
 12814 032d 05       		.byte	0x5
 12815 032e 00       		.uleb128 0
 12816 032f 7F500000 		.4byte	.LASF135
 12817 0333 05       		.byte	0x5
 12818 0334 00       		.uleb128 0
 12819 0335 984E0000 		.4byte	.LASF136
 12820 0339 05       		.byte	0x5
 12821 033a 00       		.uleb128 0
 12822 033b 81790000 		.4byte	.LASF137
 12823 033f 05       		.byte	0x5
 12824 0340 00       		.uleb128 0
 12825 0341 75070000 		.4byte	.LASF138
 12826 0345 05       		.byte	0x5
 12827 0346 00       		.uleb128 0
 12828 0347 B85A0000 		.4byte	.LASF139
 12829 034b 05       		.byte	0x5
 12830 034c 00       		.uleb128 0
 12831 034d D9690000 		.4byte	.LASF140
 12832 0351 05       		.byte	0x5
 12833 0352 00       		.uleb128 0
 12834 0353 B9840000 		.4byte	.LASF141
 12835 0357 05       		.byte	0x5
 12836 0358 00       		.uleb128 0
 12837 0359 BD460000 		.4byte	.LASF142
 12838 035d 05       		.byte	0x5
 12839 035e 00       		.uleb128 0
 12840 035f 014B0000 		.4byte	.LASF143
 12841 0363 05       		.byte	0x5
 12842 0364 00       		.uleb128 0
 12843 0365 308D0000 		.4byte	.LASF144
 12844 0369 05       		.byte	0x5
 12845 036a 00       		.uleb128 0
 12846 036b 86300000 		.4byte	.LASF145
 12847 036f 05       		.byte	0x5
 12848 0370 00       		.uleb128 0
 12849 0371 89900000 		.4byte	.LASF146
 12850 0375 05       		.byte	0x5
 12851 0376 00       		.uleb128 0
 12852 0377 B72F0000 		.4byte	.LASF147
 12853 037b 05       		.byte	0x5
 12854 037c 00       		.uleb128 0
 12855 037d 692B0000 		.4byte	.LASF148
 12856 0381 05       		.byte	0x5
 12857 0382 00       		.uleb128 0
 12858 0383 710D0000 		.4byte	.LASF149
 12859 0387 05       		.byte	0x5
 12860 0388 00       		.uleb128 0
 12861 0389 B12E0000 		.4byte	.LASF150
 12862 038d 05       		.byte	0x5
 12863 038e 00       		.uleb128 0
 12864 038f 791E0000 		.4byte	.LASF151
 12865 0393 05       		.byte	0x5
 12866 0394 00       		.uleb128 0
 12867 0395 A3170000 		.4byte	.LASF152
 12868 0399 05       		.byte	0x5
 12869 039a 00       		.uleb128 0
ARM GAS  /var/folders/65/xyhbx3_n6nd_hs7j3p9nfwv80000gn/T//ccls3DQP.s 			page 239


 12870 039b 84020000 		.4byte	.LASF153
 12871 039f 05       		.byte	0x5
 12872 03a0 00       		.uleb128 0
 12873 03a1 04730000 		.4byte	.LASF154
 12874 03a5 05       		.byte	0x5
 12875 03a6 00       		.uleb128 0
 12876 03a7 13180000 		.4byte	.LASF155
 12877 03ab 05       		.byte	0x5
 12878 03ac 00       		.uleb128 0
 12879 03ad 5F850000 		.4byte	.LASF156
 12880 03b1 05       		.byte	0x5
 12881 03b2 00       		.uleb128 0
 12882 03b3 69210000 		.4byte	.LASF157
 12883 03b7 05       		.byte	0x5
 12884 03b8 00       		.uleb128 0
 12885 03b9 93980000 		.4byte	.LASF158
 12886 03bd 05       		.byte	0x5
 12887 03be 00       		.uleb128 0
 12888 03bf 71920000 		.4byte	.LASF159
 12889 03c3 05       		.byte	0x5
 12890 03c4 00       		.uleb128 0
 12891 03c5 F9090000 		.4byte	.LASF160
 12892 03c9 05       		.byte	0x5
 12893 03ca 00       		.uleb128 0
 12894 03cb 573E0000 		.4byte	.LASF161
 12895 03cf 05       		.byte	0x5
 12896 03d0 00       		.uleb128 0
 12897 03d1 DE390000 		.4byte	.LASF162
 12898 03d5 05       		.byte	0x5
 12899 03d6 00       		.uleb128 0
 12900 03d7 011F0000 		.4byte	.LASF163
 12901 03db 05       		.byte	0x5
 12902 03dc 00       		.uleb128 0
 12903 03dd 1D190000 		.4byte	.LASF164
 12904 03e1 05       		.byte	0x5
 12905 03e2 00       		.uleb128 0
 12906 03e3 33880000 		.4byte	.LASF165
 12907 03e7 05       		.byte	0x5
 12908 03e8 00       		.uleb128 0
 12909 03e9 B61D0000 		.4byte	.LASF166
 12910 03ed 05       		.byte	0x5
 12911 03ee 00       		.uleb128 0
 12912 03ef 94240000 		.4byte	.LASF167
 12913 03f3 05       		.byte	0x5
 12914 03f4 00       		.uleb128 0
 12915 03f5 FF060000 		.4byte	.LASF168
 12916 03f9 05       		.byte	0x5
 12917 03fa 00       		.uleb128 0
 12918 03fb 54280000 		.4byte	.LASF169
 12919 03ff 05       		.byte	0x5
 12920 0400 00       		.uleb128 0
 12921 0401 DA540000 		.4byte	.LASF170
 12922 0405 05       		.byte	0x5
 12923 0406 00       		.uleb128 0
 12924 0407 342C0000 		.4byte	.LASF171
 12925 040b 05       		.byte	0x5
 12926 040c 00       		.uleb128 0
ARM GAS  /var/folders/65/xyhbx3_n6nd_hs7j3p9nfwv80000gn/T//ccls3DQP.s 			page 240


 12927 040d 740F0000 		.4byte	.LASF172
 12928 0411 05       		.byte	0x5
 12929 0412 00       		.uleb128 0
 12930 0413 EF450000 		.4byte	.LASF173
 12931 0417 05       		.byte	0x5
 12932 0418 00       		.uleb128 0
 12933 0419 C01E0000 		.4byte	.LASF174
 12934 041d 05       		.byte	0x5
 12935 041e 00       		.uleb128 0
 12936 041f 910C0000 		.4byte	.LASF175
 12937 0423 05       		.byte	0x5
 12938 0424 00       		.uleb128 0
 12939 0425 A88F0000 		.4byte	.LASF176
 12940 0429 05       		.byte	0x5
 12941 042a 00       		.uleb128 0
 12942 042b 566F0000 		.4byte	.LASF177
 12943 042f 05       		.byte	0x5
 12944 0430 00       		.uleb128 0
 12945 0431 79680000 		.4byte	.LASF178
 12946 0435 05       		.byte	0x5
 12947 0436 00       		.uleb128 0
 12948 0437 951D0000 		.4byte	.LASF179
 12949 043b 05       		.byte	0x5
 12950 043c 00       		.uleb128 0
 12951 043d C08F0000 		.4byte	.LASF180
 12952 0441 05       		.byte	0x5
 12953 0442 00       		.uleb128 0
 12954 0443 A1790000 		.4byte	.LASF181
 12955 0447 05       		.byte	0x5
 12956 0448 00       		.uleb128 0
 12957 0449 65890000 		.4byte	.LASF182
 12958 044d 05       		.byte	0x5
 12959 044e 00       		.uleb128 0
 12960 044f 6E190000 		.4byte	.LASF183
 12961 0453 05       		.byte	0x5
 12962 0454 00       		.uleb128 0
 12963 0455 E4120000 		.4byte	.LASF184
 12964 0459 05       		.byte	0x5
 12965 045a 00       		.uleb128 0
 12966 045b EC1C0000 		.4byte	.LASF185
 12967 045f 05       		.byte	0x5
 12968 0460 00       		.uleb128 0
 12969 0461 53450000 		.4byte	.LASF186
 12970 0465 05       		.byte	0x5
 12971 0466 00       		.uleb128 0
 12972 0467 D3560000 		.4byte	.LASF187
 12973 046b 05       		.byte	0x5
 12974 046c 00       		.uleb128 0
 12975 046d DB7D0000 		.4byte	.LASF188
 12976 0471 05       		.byte	0x5
 12977 0472 00       		.uleb128 0
 12978 0473 545C0000 		.4byte	.LASF189
 12979 0477 05       		.byte	0x5
 12980 0478 00       		.uleb128 0
 12981 0479 B2900000 		.4byte	.LASF190
 12982 047d 05       		.byte	0x5
 12983 047e 00       		.uleb128 0
ARM GAS  /var/folders/65/xyhbx3_n6nd_hs7j3p9nfwv80000gn/T//ccls3DQP.s 			page 241


 12984 047f 6B6E0000 		.4byte	.LASF191
 12985 0483 05       		.byte	0x5
 12986 0484 00       		.uleb128 0
 12987 0485 42160000 		.4byte	.LASF192
 12988 0489 05       		.byte	0x5
 12989 048a 00       		.uleb128 0
 12990 048b 78010000 		.4byte	.LASF193
 12991 048f 05       		.byte	0x5
 12992 0490 00       		.uleb128 0
 12993 0491 4C1D0000 		.4byte	.LASF194
 12994 0495 05       		.byte	0x5
 12995 0496 00       		.uleb128 0
 12996 0497 2D140000 		.4byte	.LASF195
 12997 049b 05       		.byte	0x5
 12998 049c 00       		.uleb128 0
 12999 049d 22060000 		.4byte	.LASF196
 13000 04a1 05       		.byte	0x5
 13001 04a2 00       		.uleb128 0
 13002 04a3 7A5B0000 		.4byte	.LASF197
 13003 04a7 05       		.byte	0x5
 13004 04a8 00       		.uleb128 0
 13005 04a9 00290000 		.4byte	.LASF198
 13006 04ad 05       		.byte	0x5
 13007 04ae 00       		.uleb128 0
 13008 04af A55F0000 		.4byte	.LASF199
 13009 04b3 05       		.byte	0x5
 13010 04b4 00       		.uleb128 0
 13011 04b5 1F760000 		.4byte	.LASF200
 13012 04b9 05       		.byte	0x5
 13013 04ba 00       		.uleb128 0
 13014 04bb 62170000 		.4byte	.LASF201
 13015 04bf 05       		.byte	0x5
 13016 04c0 00       		.uleb128 0
 13017 04c1 D9270000 		.4byte	.LASF202
 13018 04c5 05       		.byte	0x5
 13019 04c6 00       		.uleb128 0
 13020 04c7 F8660000 		.4byte	.LASF203
 13021 04cb 05       		.byte	0x5
 13022 04cc 00       		.uleb128 0
 13023 04cd 80930000 		.4byte	.LASF204
 13024 04d1 05       		.byte	0x5
 13025 04d2 00       		.uleb128 0
 13026 04d3 EA8C0000 		.4byte	.LASF205
 13027 04d7 05       		.byte	0x5
 13028 04d8 00       		.uleb128 0
 13029 04d9 460B0000 		.4byte	.LASF206
 13030 04dd 05       		.byte	0x5
 13031 04de 00       		.uleb128 0
 13032 04df 62020000 		.4byte	.LASF207
 13033 04e3 05       		.byte	0x5
 13034 04e4 00       		.uleb128 0
 13035 04e5 4A350000 		.4byte	.LASF208
 13036 04e9 05       		.byte	0x5
 13037 04ea 00       		.uleb128 0
 13038 04eb B27F0000 		.4byte	.LASF209
 13039 04ef 05       		.byte	0x5
 13040 04f0 00       		.uleb128 0
ARM GAS  /var/folders/65/xyhbx3_n6nd_hs7j3p9nfwv80000gn/T//ccls3DQP.s 			page 242


 13041 04f1 4A8E0000 		.4byte	.LASF210
 13042 04f5 05       		.byte	0x5
 13043 04f6 00       		.uleb128 0
 13044 04f7 665D0000 		.4byte	.LASF211
 13045 04fb 05       		.byte	0x5
 13046 04fc 00       		.uleb128 0
 13047 04fd C5630000 		.4byte	.LASF212
 13048 0501 05       		.byte	0x5
 13049 0502 00       		.uleb128 0
 13050 0503 A0840000 		.4byte	.LASF213
 13051 0507 05       		.byte	0x5
 13052 0508 00       		.uleb128 0
 13053 0509 C46F0000 		.4byte	.LASF214
 13054 050d 05       		.byte	0x5
 13055 050e 00       		.uleb128 0
 13056 050f 8F5A0000 		.4byte	.LASF215
 13057 0513 05       		.byte	0x5
 13058 0514 00       		.uleb128 0
 13059 0515 C16D0000 		.4byte	.LASF216
 13060 0519 05       		.byte	0x5
 13061 051a 00       		.uleb128 0
 13062 051b DA8A0000 		.4byte	.LASF217
 13063 051f 05       		.byte	0x5
 13064 0520 00       		.uleb128 0
 13065 0521 3D920000 		.4byte	.LASF218
 13066 0525 05       		.byte	0x5
 13067 0526 00       		.uleb128 0
 13068 0527 8D6B0000 		.4byte	.LASF219
 13069 052b 05       		.byte	0x5
 13070 052c 00       		.uleb128 0
 13071 052d 79980000 		.4byte	.LASF220
 13072 0531 05       		.byte	0x5
 13073 0532 00       		.uleb128 0
 13074 0533 85330000 		.4byte	.LASF221
 13075 0537 05       		.byte	0x5
 13076 0538 00       		.uleb128 0
 13077 0539 A31E0000 		.4byte	.LASF222
 13078 053d 05       		.byte	0x5
 13079 053e 00       		.uleb128 0
 13080 053f 75810000 		.4byte	.LASF223
 13081 0543 05       		.byte	0x5
 13082 0544 00       		.uleb128 0
 13083 0545 55900000 		.4byte	.LASF224
 13084 0549 05       		.byte	0x5
 13085 054a 00       		.uleb128 0
 13086 054b 8C180000 		.4byte	.LASF225
 13087 054f 05       		.byte	0x5
 13088 0550 00       		.uleb128 0
 13089 0551 FF0F0000 		.4byte	.LASF226
 13090 0555 05       		.byte	0x5
 13091 0556 00       		.uleb128 0
 13092 0557 00360000 		.4byte	.LASF227
 13093 055b 05       		.byte	0x5
 13094 055c 00       		.uleb128 0
 13095 055d 9A010000 		.4byte	.LASF228
 13096 0561 05       		.byte	0x5
 13097 0562 00       		.uleb128 0
ARM GAS  /var/folders/65/xyhbx3_n6nd_hs7j3p9nfwv80000gn/T//ccls3DQP.s 			page 243


 13098 0563 1C930000 		.4byte	.LASF229
 13099 0567 05       		.byte	0x5
 13100 0568 00       		.uleb128 0
 13101 0569 16470000 		.4byte	.LASF230
 13102 056d 05       		.byte	0x5
 13103 056e 00       		.uleb128 0
 13104 056f 19130000 		.4byte	.LASF231
 13105 0573 05       		.byte	0x5
 13106 0574 00       		.uleb128 0
 13107 0575 7A8C0000 		.4byte	.LASF232
 13108 0579 05       		.byte	0x5
 13109 057a 00       		.uleb128 0
 13110 057b 58160000 		.4byte	.LASF233
 13111 057f 05       		.byte	0x5
 13112 0580 00       		.uleb128 0
 13113 0581 8D870000 		.4byte	.LASF234
 13114 0585 05       		.byte	0x5
 13115 0586 00       		.uleb128 0
 13116 0587 F08F0000 		.4byte	.LASF235
 13117 058b 05       		.byte	0x5
 13118 058c 00       		.uleb128 0
 13119 058d FE520000 		.4byte	.LASF236
 13120 0591 05       		.byte	0x5
 13121 0592 00       		.uleb128 0
 13122 0593 C4270000 		.4byte	.LASF237
 13123 0597 05       		.byte	0x5
 13124 0598 00       		.uleb128 0
 13125 0599 8A2E0000 		.4byte	.LASF238
 13126 059d 05       		.byte	0x5
 13127 059e 00       		.uleb128 0
 13128 059f 0C5B0000 		.4byte	.LASF239
 13129 05a3 05       		.byte	0x5
 13130 05a4 00       		.uleb128 0
 13131 05a5 BB1F0000 		.4byte	.LASF240
 13132 05a9 05       		.byte	0x5
 13133 05aa 00       		.uleb128 0
 13134 05ab CA320000 		.4byte	.LASF241
 13135 05af 05       		.byte	0x5
 13136 05b0 00       		.uleb128 0
 13137 05b1 413E0000 		.4byte	.LASF242
 13138 05b5 05       		.byte	0x5
 13139 05b6 00       		.uleb128 0
 13140 05b7 730A0000 		.4byte	.LASF243
 13141 05bb 05       		.byte	0x5
 13142 05bc 00       		.uleb128 0
 13143 05bd E55B0000 		.4byte	.LASF244
 13144 05c1 05       		.byte	0x5
 13145 05c2 00       		.uleb128 0
 13146 05c3 1C820000 		.4byte	.LASF245
 13147 05c7 05       		.byte	0x5
 13148 05c8 00       		.uleb128 0
 13149 05c9 FC760000 		.4byte	.LASF246
 13150 05cd 05       		.byte	0x5
 13151 05ce 00       		.uleb128 0
 13152 05cf 64540000 		.4byte	.LASF247
 13153 05d3 05       		.byte	0x5
 13154 05d4 00       		.uleb128 0
ARM GAS  /var/folders/65/xyhbx3_n6nd_hs7j3p9nfwv80000gn/T//ccls3DQP.s 			page 244


 13155 05d5 BD610000 		.4byte	.LASF248
 13156 05d9 05       		.byte	0x5
 13157 05da 00       		.uleb128 0
 13158 05db 270D0000 		.4byte	.LASF249
 13159 05df 05       		.byte	0x5
 13160 05e0 00       		.uleb128 0
 13161 05e1 47060000 		.4byte	.LASF250
 13162 05e5 05       		.byte	0x5
 13163 05e6 00       		.uleb128 0
 13164 05e7 08390000 		.4byte	.LASF251
 13165 05eb 05       		.byte	0x5
 13166 05ec 00       		.uleb128 0
 13167 05ed 923D0000 		.4byte	.LASF252
 13168 05f1 05       		.byte	0x5
 13169 05f2 00       		.uleb128 0
 13170 05f3 BE250000 		.4byte	.LASF253
 13171 05f7 05       		.byte	0x5
 13172 05f8 00       		.uleb128 0
 13173 05f9 99930000 		.4byte	.LASF254
 13174 05fd 05       		.byte	0x5
 13175 05fe 00       		.uleb128 0
 13176 05ff F18D0000 		.4byte	.LASF255
 13177 0603 05       		.byte	0x5
 13178 0604 00       		.uleb128 0
 13179 0605 9B270000 		.4byte	.LASF256
 13180 0609 05       		.byte	0x5
 13181 060a 00       		.uleb128 0
 13182 060b 85230000 		.4byte	.LASF257
 13183 060f 05       		.byte	0x5
 13184 0610 00       		.uleb128 0
 13185 0611 21530000 		.4byte	.LASF258
 13186 0615 05       		.byte	0x5
 13187 0616 00       		.uleb128 0
 13188 0617 B8910000 		.4byte	.LASF259
 13189 061b 05       		.byte	0x5
 13190 061c 00       		.uleb128 0
 13191 061d 0B850000 		.4byte	.LASF260
 13192 0621 05       		.byte	0x5
 13193 0622 00       		.uleb128 0
 13194 0623 26860000 		.4byte	.LASF261
 13195 0627 05       		.byte	0x5
 13196 0628 00       		.uleb128 0
 13197 0629 34900000 		.4byte	.LASF262
 13198 062d 05       		.byte	0x5
 13199 062e 00       		.uleb128 0
 13200 062f 1B0C0000 		.4byte	.LASF263
 13201 0633 05       		.byte	0x5
 13202 0634 00       		.uleb128 0
 13203 0635 0F5F0000 		.4byte	.LASF264
 13204 0639 05       		.byte	0x5
 13205 063a 00       		.uleb128 0
 13206 063b 404E0000 		.4byte	.LASF265
 13207 063f 05       		.byte	0x5
 13208 0640 00       		.uleb128 0
 13209 0641 D73A0000 		.4byte	.LASF266
 13210 0645 05       		.byte	0x5
 13211 0646 00       		.uleb128 0
ARM GAS  /var/folders/65/xyhbx3_n6nd_hs7j3p9nfwv80000gn/T//ccls3DQP.s 			page 245


 13212 0647 5C610000 		.4byte	.LASF267
 13213 064b 05       		.byte	0x5
 13214 064c 00       		.uleb128 0
 13215 064d 21370000 		.4byte	.LASF268
 13216 0651 05       		.byte	0x5
 13217 0652 00       		.uleb128 0
 13218 0653 32460000 		.4byte	.LASF269
 13219 0657 05       		.byte	0x5
 13220 0658 00       		.uleb128 0
 13221 0659 6A330000 		.4byte	.LASF270
 13222 065d 05       		.byte	0x5
 13223 065e 00       		.uleb128 0
 13224 065f 53950000 		.4byte	.LASF271
 13225 0663 05       		.byte	0x5
 13226 0664 00       		.uleb128 0
 13227 0665 44470000 		.4byte	.LASF272
 13228 0669 05       		.byte	0x5
 13229 066a 00       		.uleb128 0
 13230 066b E51D0000 		.4byte	.LASF273
 13231 066f 05       		.byte	0x5
 13232 0670 00       		.uleb128 0
 13233 0671 A7710000 		.4byte	.LASF274
 13234 0675 05       		.byte	0x5
 13235 0676 00       		.uleb128 0
 13236 0677 864F0000 		.4byte	.LASF275
 13237 067b 05       		.byte	0x5
 13238 067c 00       		.uleb128 0
 13239 067d F64B0000 		.4byte	.LASF276
 13240 0681 05       		.byte	0x5
 13241 0682 00       		.uleb128 0
 13242 0683 AD1A0000 		.4byte	.LASF277
 13243 0687 05       		.byte	0x5
 13244 0688 00       		.uleb128 0
 13245 0689 1A6C0000 		.4byte	.LASF278
 13246 068d 05       		.byte	0x5
 13247 068e 00       		.uleb128 0
 13248 068f 33450000 		.4byte	.LASF279
 13249 0693 05       		.byte	0x5
 13250 0694 00       		.uleb128 0
 13251 0695 42750000 		.4byte	.LASF280
 13252 0699 05       		.byte	0x5
 13253 069a 00       		.uleb128 0
 13254 069b 3C370000 		.4byte	.LASF281
 13255 069f 05       		.byte	0x5
 13256 06a0 00       		.uleb128 0
 13257 06a1 6C780000 		.4byte	.LASF282
 13258 06a5 05       		.byte	0x5
 13259 06a6 00       		.uleb128 0
 13260 06a7 9C730000 		.4byte	.LASF283
 13261 06ab 05       		.byte	0x5
 13262 06ac 00       		.uleb128 0
 13263 06ad 48220000 		.4byte	.LASF284
 13264 06b1 05       		.byte	0x5
 13265 06b2 00       		.uleb128 0
 13266 06b3 386D0000 		.4byte	.LASF285
 13267 06b7 05       		.byte	0x5
 13268 06b8 00       		.uleb128 0
ARM GAS  /var/folders/65/xyhbx3_n6nd_hs7j3p9nfwv80000gn/T//ccls3DQP.s 			page 246


 13269 06b9 65680000 		.4byte	.LASF286
 13270 06bd 05       		.byte	0x5
 13271 06be 00       		.uleb128 0
 13272 06bf B9240000 		.4byte	.LASF287
 13273 06c3 05       		.byte	0x5
 13274 06c4 00       		.uleb128 0
 13275 06c5 651D0000 		.4byte	.LASF288
 13276 06c9 05       		.byte	0x5
 13277 06ca 00       		.uleb128 0
 13278 06cb 98960000 		.4byte	.LASF289
 13279 06cf 05       		.byte	0x5
 13280 06d0 00       		.uleb128 0
 13281 06d1 883A0000 		.4byte	.LASF290
 13282 06d5 05       		.byte	0x5
 13283 06d6 00       		.uleb128 0
 13284 06d7 736F0000 		.4byte	.LASF291
 13285 06db 05       		.byte	0x5
 13286 06dc 00       		.uleb128 0
 13287 06dd E9050000 		.4byte	.LASF292
 13288 06e1 05       		.byte	0x5
 13289 06e2 00       		.uleb128 0
 13290 06e3 F3220000 		.4byte	.LASF293
 13291 06e7 05       		.byte	0x5
 13292 06e8 00       		.uleb128 0
 13293 06e9 873C0000 		.4byte	.LASF294
 13294 06ed 05       		.byte	0x5
 13295 06ee 00       		.uleb128 0
 13296 06ef D08D0000 		.4byte	.LASF295
 13297 06f3 05       		.byte	0x5
 13298 06f4 00       		.uleb128 0
 13299 06f5 E7670000 		.4byte	.LASF296
 13300 06f9 05       		.byte	0x5
 13301 06fa 00       		.uleb128 0
 13302 06fb 851A0000 		.4byte	.LASF297
 13303 06ff 05       		.byte	0x5
 13304 0700 00       		.uleb128 0
 13305 0701 151F0000 		.4byte	.LASF298
 13306 0705 05       		.byte	0x5
 13307 0706 00       		.uleb128 0
 13308 0707 79450000 		.4byte	.LASF299
 13309 070b 05       		.byte	0x5
 13310 070c 00       		.uleb128 0
 13311 070d 483C0000 		.4byte	.LASF300
 13312 0711 05       		.byte	0x5
 13313 0712 00       		.uleb128 0
 13314 0713 DF200000 		.4byte	.LASF301
 13315 0717 05       		.byte	0x5
 13316 0718 00       		.uleb128 0
 13317 0719 4B730000 		.4byte	.LASF302
 13318 071d 05       		.byte	0x5
 13319 071e 00       		.uleb128 0
 13320 071f 17010000 		.4byte	.LASF303
 13321 0723 05       		.byte	0x5
 13322 0724 00       		.uleb128 0
 13323 0725 4C4C0000 		.4byte	.LASF304
 13324 0729 05       		.byte	0x5
 13325 072a 00       		.uleb128 0
ARM GAS  /var/folders/65/xyhbx3_n6nd_hs7j3p9nfwv80000gn/T//ccls3DQP.s 			page 247


 13326 072b B54D0000 		.4byte	.LASF305
 13327 072f 05       		.byte	0x5
 13328 0730 00       		.uleb128 0
 13329 0731 4C420000 		.4byte	.LASF306
 13330 0735 05       		.byte	0x5
 13331 0736 00       		.uleb128 0
 13332 0737 EF430000 		.4byte	.LASF307
 13333 073b 05       		.byte	0x5
 13334 073c 00       		.uleb128 0
 13335 073d C8870000 		.4byte	.LASF308
 13336 0741 05       		.byte	0x5
 13337 0742 00       		.uleb128 0
 13338 0743 697F0000 		.4byte	.LASF309
 13339 0747 05       		.byte	0x5
 13340 0748 00       		.uleb128 0
 13341 0749 D8310000 		.4byte	.LASF310
 13342 074d 05       		.byte	0x5
 13343 074e 00       		.uleb128 0
 13344 074f 31000000 		.4byte	.LASF311
 13345 0753 05       		.byte	0x5
 13346 0754 00       		.uleb128 0
 13347 0755 C5010000 		.4byte	.LASF312
 13348 0759 05       		.byte	0x5
 13349 075a 00       		.uleb128 0
 13350 075b 343D0000 		.4byte	.LASF313
 13351 075f 05       		.byte	0x5
 13352 0760 00       		.uleb128 0
 13353 0761 F71B0000 		.4byte	.LASF314
 13354 0765 05       		.byte	0x5
 13355 0766 00       		.uleb128 0
 13356 0767 396F0000 		.4byte	.LASF315
 13357 076b 05       		.byte	0x5
 13358 076c 00       		.uleb128 0
 13359 076d 83530000 		.4byte	.LASF316
 13360 0771 05       		.byte	0x5
 13361 0772 00       		.uleb128 0
 13362 0773 F4810000 		.4byte	.LASF317
 13363 0777 05       		.byte	0x5
 13364 0778 00       		.uleb128 0
 13365 0779 744E0000 		.4byte	.LASF318
 13366 077d 05       		.byte	0x5
 13367 077e 00       		.uleb128 0
 13368 077f 0E320000 		.4byte	.LASF319
 13369 0783 05       		.byte	0x5
 13370 0784 00       		.uleb128 0
 13371 0785 CA640000 		.4byte	.LASF320
 13372 0789 05       		.byte	0x5
 13373 078a 00       		.uleb128 0
 13374 078b 162C0000 		.4byte	.LASF321
 13375 078f 05       		.byte	0x5
 13376 0790 00       		.uleb128 0
 13377 0791 FD2D0000 		.4byte	.LASF322
 13378 0795 05       		.byte	0x5
 13379 0796 00       		.uleb128 0
 13380 0797 9D530000 		.4byte	.LASF323
 13381 079b 05       		.byte	0x5
 13382 079c 00       		.uleb128 0
ARM GAS  /var/folders/65/xyhbx3_n6nd_hs7j3p9nfwv80000gn/T//ccls3DQP.s 			page 248


 13383 079d 4E3B0000 		.4byte	.LASF324
 13384 07a1 05       		.byte	0x5
 13385 07a2 00       		.uleb128 0
 13386 07a3 4A2B0000 		.4byte	.LASF325
 13387 07a7 05       		.byte	0x5
 13388 07a8 00       		.uleb128 0
 13389 07a9 A9420000 		.4byte	.LASF326
 13390 07ad 05       		.byte	0x5
 13391 07ae 00       		.uleb128 0
 13392 07af 28680000 		.4byte	.LASF327
 13393 07b3 05       		.byte	0x5
 13394 07b4 00       		.uleb128 0
 13395 07b5 E40E0000 		.4byte	.LASF328
 13396 07b9 05       		.byte	0x5
 13397 07ba 00       		.uleb128 0
 13398 07bb 62060000 		.4byte	.LASF329
 13399 07bf 05       		.byte	0x5
 13400 07c0 00       		.uleb128 0
 13401 07c1 214E0000 		.4byte	.LASF330
 13402 07c5 05       		.byte	0x5
 13403 07c6 00       		.uleb128 0
 13404 07c7 256E0000 		.4byte	.LASF331
 13405 07cb 05       		.byte	0x5
 13406 07cc 00       		.uleb128 0
 13407 07cd 196F0000 		.4byte	.LASF332
 13408 07d1 05       		.byte	0x5
 13409 07d2 00       		.uleb128 0
 13410 07d3 911F0000 		.4byte	.LASF333
 13411 07d7 05       		.byte	0x5
 13412 07d8 00       		.uleb128 0
 13413 07d9 75140000 		.4byte	.LASF334
 13414 07dd 05       		.byte	0x5
 13415 07de 00       		.uleb128 0
 13416 07df FC560000 		.4byte	.LASF335
 13417 07e3 05       		.byte	0x5
 13418 07e4 00       		.uleb128 0
 13419 07e5 CD120000 		.4byte	.LASF336
 13420 07e9 05       		.byte	0x5
 13421 07ea 00       		.uleb128 0
 13422 07eb 691B0000 		.4byte	.LASF337
 13423 07ef 05       		.byte	0x5
 13424 07f0 00       		.uleb128 0
 13425 07f1 92690000 		.4byte	.LASF338
 13426 07f5 05       		.byte	0x5
 13427 07f6 00       		.uleb128 0
 13428 07f7 B8720000 		.4byte	.LASF339
 13429 07fb 05       		.byte	0x5
 13430 07fc 00       		.uleb128 0
 13431 07fd B7300000 		.4byte	.LASF340
 13432 0801 05       		.byte	0x5
 13433 0802 00       		.uleb128 0
 13434 0803 53510000 		.4byte	.LASF341
 13435 0807 05       		.byte	0x5
 13436 0808 00       		.uleb128 0
 13437 0809 AC090000 		.4byte	.LASF342
 13438 080d 05       		.byte	0x5
 13439 080e 00       		.uleb128 0
ARM GAS  /var/folders/65/xyhbx3_n6nd_hs7j3p9nfwv80000gn/T//ccls3DQP.s 			page 249


 13440 080f 9B6F0000 		.4byte	.LASF343
 13441 0813 05       		.byte	0x5
 13442 0814 00       		.uleb128 0
 13443 0815 BA770000 		.4byte	.LASF344
 13444 0819 05       		.byte	0x5
 13445 081a 00       		.uleb128 0
 13446 081b 08930000 		.4byte	.LASF345
 13447 081f 05       		.byte	0x5
 13448 0820 00       		.uleb128 0
 13449 0821 75670000 		.4byte	.LASF346
 13450 0825 05       		.byte	0x5
 13451 0826 00       		.uleb128 0
 13452 0827 22700000 		.4byte	.LASF347
 13453 082b 05       		.byte	0x5
 13454 082c 00       		.uleb128 0
 13455 082d 8C380000 		.4byte	.LASF348
 13456 0831 05       		.byte	0x5
 13457 0832 00       		.uleb128 0
 13458 0833 F4510000 		.4byte	.LASF349
 13459 0837 05       		.byte	0x5
 13460 0838 00       		.uleb128 0
 13461 0839 FC600000 		.4byte	.LASF350
 13462 083d 05       		.byte	0x5
 13463 083e 00       		.uleb128 0
 13464 083f 19280000 		.4byte	.LASF351
 13465 0843 05       		.byte	0x5
 13466 0844 00       		.uleb128 0
 13467 0845 A5740000 		.4byte	.LASF352
 13468 0849 05       		.byte	0x5
 13469 084a 00       		.uleb128 0
 13470 084b 3E1A0000 		.4byte	.LASF353
 13471 084f 05       		.byte	0x5
 13472 0850 00       		.uleb128 0
 13473 0851 BE980000 		.4byte	.LASF354
 13474 0855 05       		.byte	0x5
 13475 0856 00       		.uleb128 0
 13476 0857 084A0000 		.4byte	.LASF355
 13477 085b 05       		.byte	0x5
 13478 085c 00       		.uleb128 0
 13479 085d 123D0000 		.4byte	.LASF356
 13480 0861 05       		.byte	0x5
 13481 0862 00       		.uleb128 0
 13482 0863 B3730000 		.4byte	.LASF357
 13483 0867 05       		.byte	0x5
 13484 0868 00       		.uleb128 0
 13485 0869 38060000 		.4byte	.LASF358
 13486 086d 05       		.byte	0x5
 13487 086e 00       		.uleb128 0
 13488 086f EC070000 		.4byte	.LASF359
 13489 0873 05       		.byte	0x5
 13490 0874 00       		.uleb128 0
 13491 0875 10760000 		.4byte	.LASF360
 13492 0879 05       		.byte	0x5
 13493 087a 00       		.uleb128 0
 13494 087b 8F770000 		.4byte	.LASF361
 13495 087f 05       		.byte	0x5
 13496 0880 00       		.uleb128 0
ARM GAS  /var/folders/65/xyhbx3_n6nd_hs7j3p9nfwv80000gn/T//ccls3DQP.s 			page 250


 13497 0881 3C8A0000 		.4byte	.LASF362
 13498 0885 05       		.byte	0x5
 13499 0886 00       		.uleb128 0
 13500 0887 3E8C0000 		.4byte	.LASF363
 13501 088b 05       		.byte	0x5
 13502 088c 00       		.uleb128 0
 13503 088d 898D0000 		.4byte	.LASF364
 13504 0891 05       		.byte	0x5
 13505 0892 00       		.uleb128 0
 13506 0893 42960000 		.4byte	.LASF365
 13507 0897 05       		.byte	0x5
 13508 0898 00       		.uleb128 0
 13509 0899 C72F0000 		.4byte	.LASF366
 13510 089d 05       		.byte	0x5
 13511 089e 00       		.uleb128 0
 13512 089f C8310000 		.4byte	.LASF367
 13513 08a3 05       		.byte	0x5
 13514 08a4 00       		.uleb128 0
 13515 08a5 8C060000 		.4byte	.LASF368
 13516 08a9 05       		.byte	0x5
 13517 08aa 00       		.uleb128 0
 13518 08ab 1E080000 		.4byte	.LASF369
 13519 08af 05       		.byte	0x5
 13520 08b0 00       		.uleb128 0
 13521 08b1 FD180000 		.4byte	.LASF370
 13522 08b5 05       		.byte	0x5
 13523 08b6 00       		.uleb128 0
 13524 08b7 181A0000 		.4byte	.LASF371
 13525 08bb 05       		.byte	0x5
 13526 08bc 00       		.uleb128 0
 13527 08bd 975E0000 		.4byte	.LASF372
 13528 08c1 05       		.byte	0x5
 13529 08c2 00       		.uleb128 0
 13530 08c3 D51A0000 		.4byte	.LASF373
 13531 08c7 05       		.byte	0x5
 13532 08c8 00       		.uleb128 0
 13533 08c9 A1640000 		.4byte	.LASF374
 13534 08cd 05       		.byte	0x5
 13535 08ce 00       		.uleb128 0
 13536 08cf A63B0000 		.4byte	.LASF375
 13537 08d3 05       		.byte	0x5
 13538 08d4 00       		.uleb128 0
 13539 08d5 4C530000 		.4byte	.LASF376
 13540 08d9 05       		.byte	0x5
 13541 08da 00       		.uleb128 0
 13542 08db A0630000 		.4byte	.LASF377
 13543 08df 05       		.byte	0x5
 13544 08e0 00       		.uleb128 0
 13545 08e1 1C7E0000 		.4byte	.LASF378
 13546 08e5 05       		.byte	0x5
 13547 08e6 00       		.uleb128 0
 13548 08e7 D2760000 		.4byte	.LASF379
 13549 08eb 05       		.byte	0x5
 13550 08ec 00       		.uleb128 0
 13551 08ed 0B0F0000 		.4byte	.LASF380
 13552 08f1 05       		.byte	0x5
 13553 08f2 00       		.uleb128 0
ARM GAS  /var/folders/65/xyhbx3_n6nd_hs7j3p9nfwv80000gn/T//ccls3DQP.s 			page 251


 13554 08f3 65640000 		.4byte	.LASF381
 13555 08f7 05       		.byte	0x5
 13556 08f8 00       		.uleb128 0
 13557 08f9 2E360000 		.4byte	.LASF382
 13558 08fd 05       		.byte	0x5
 13559 08fe 00       		.uleb128 0
 13560 08ff 7A860000 		.4byte	.LASF383
 13561 0903 05       		.byte	0x5
 13562 0904 00       		.uleb128 0
 13563 0905 DD680000 		.4byte	.LASF384
 13564 0909 05       		.byte	0x5
 13565 090a 00       		.uleb128 0
 13566 090b 495D0000 		.4byte	.LASF385
 13567 090f 05       		.byte	0x5
 13568 0910 00       		.uleb128 0
 13569 0911 45380000 		.4byte	.LASF386
 13570 0915 05       		.byte	0x5
 13571 0916 00       		.uleb128 0
 13572 0917 BE6C0000 		.4byte	.LASF387
 13573 091b 05       		.byte	0x5
 13574 091c 00       		.uleb128 0
 13575 091d FE200000 		.4byte	.LASF388
 13576 0921 05       		.byte	0x5
 13577 0922 00       		.uleb128 0
 13578 0923 121D0000 		.4byte	.LASF389
 13579 0927 05       		.byte	0x5
 13580 0928 00       		.uleb128 0
 13581 0929 77120000 		.4byte	.LASF390
 13582 092d 05       		.byte	0x5
 13583 092e 00       		.uleb128 0
 13584 092f 1B3C0000 		.4byte	.LASF391
 13585 0933 05       		.byte	0x5
 13586 0934 00       		.uleb128 0
 13587 0935 D7100000 		.4byte	.LASF392
 13588 0939 05       		.byte	0x5
 13589 093a 00       		.uleb128 0
 13590 093b 374C0000 		.4byte	.LASF393
 13591 093f 05       		.byte	0x5
 13592 0940 00       		.uleb128 0
 13593 0941 BC4A0000 		.4byte	.LASF394
 13594 0945 05       		.byte	0x5
 13595 0946 00       		.uleb128 0
 13596 0947 AE860000 		.4byte	.LASF395
 13597 094b 05       		.byte	0x5
 13598 094c 00       		.uleb128 0
 13599 094d 75660000 		.4byte	.LASF396
 13600 0951 05       		.byte	0x5
 13601 0952 00       		.uleb128 0
 13602 0953 1D430000 		.4byte	.LASF397
 13603 0957 05       		.byte	0x5
 13604 0958 00       		.uleb128 0
 13605 0959 5E4B0000 		.4byte	.LASF398
 13606 095d 06       		.byte	0x6
 13607 095e 00       		.uleb128 0
 13608 095f B5660000 		.4byte	.LASF399
 13609 0963 05       		.byte	0x5
 13610 0964 00       		.uleb128 0
ARM GAS  /var/folders/65/xyhbx3_n6nd_hs7j3p9nfwv80000gn/T//ccls3DQP.s 			page 252


 13611 0965 79430000 		.4byte	.LASF400
 13612 0969 06       		.byte	0x6
 13613 096a 00       		.uleb128 0
 13614 096b 69230000 		.4byte	.LASF401
 13615 096f 06       		.byte	0x6
 13616 0970 00       		.uleb128 0
 13617 0971 288A0000 		.4byte	.LASF402
 13618 0975 06       		.byte	0x6
 13619 0976 00       		.uleb128 0
 13620 0977 B4590000 		.4byte	.LASF403
 13621 097b 06       		.byte	0x6
 13622 097c 00       		.uleb128 0
 13623 097d D5840000 		.4byte	.LASF404
 13624 0981 05       		.byte	0x5
 13625 0982 00       		.uleb128 0
 13626 0983 06450000 		.4byte	.LASF405
 13627 0987 06       		.byte	0x6
 13628 0988 00       		.uleb128 0
 13629 0989 0E4E0000 		.4byte	.LASF406
 13630 098d 06       		.byte	0x6
 13631 098e 00       		.uleb128 0
 13632 098f 08710000 		.4byte	.LASF407
 13633 0993 05       		.byte	0x5
 13634 0994 00       		.uleb128 0
 13635 0995 78440000 		.4byte	.LASF408
 13636 0999 05       		.byte	0x5
 13637 099a 00       		.uleb128 0
 13638 099b 368E0000 		.4byte	.LASF409
 13639 099f 06       		.byte	0x6
 13640 09a0 00       		.uleb128 0
 13641 09a1 F1210000 		.4byte	.LASF410
 13642 09a5 05       		.byte	0x5
 13643 09a6 00       		.uleb128 0
 13644 09a7 99510000 		.4byte	.LASF411
 13645 09ab 05       		.byte	0x5
 13646 09ac 00       		.uleb128 0
 13647 09ad CC750000 		.4byte	.LASF412
 13648 09b1 05       		.byte	0x5
 13649 09b2 00       		.uleb128 0
 13650 09b3 17790000 		.4byte	.LASF413
 13651 09b7 06       		.byte	0x6
 13652 09b8 00       		.uleb128 0
 13653 09b9 CF810000 		.4byte	.LASF414
 13654 09bd 05       		.byte	0x5
 13655 09be 00       		.uleb128 0
 13656 09bf 512E0000 		.4byte	.LASF415
 13657 09c3 05       		.byte	0x5
 13658 09c4 00       		.uleb128 0
 13659 09c5 827C0000 		.4byte	.LASF416
 13660 09c9 06       		.byte	0x6
 13661 09ca 00       		.uleb128 0
 13662 09cb AE130000 		.4byte	.LASF417
 13663 09cf 05       		.byte	0x5
 13664 09d0 00       		.uleb128 0
 13665 09d1 188F0000 		.4byte	.LASF418
 13666 09d5 05       		.byte	0x5
 13667 09d6 00       		.uleb128 0
ARM GAS  /var/folders/65/xyhbx3_n6nd_hs7j3p9nfwv80000gn/T//ccls3DQP.s 			page 253


 13668 09d7 44000000 		.4byte	.LASF419
 13669 09db 05       		.byte	0x5
 13670 09dc 00       		.uleb128 0
 13671 09dd 0C000000 		.4byte	.LASF420
 13672 09e1 05       		.byte	0x5
 13673 09e2 00       		.uleb128 0
 13674 09e3 3F530000 		.4byte	.LASF421
 13675 09e7 05       		.byte	0x5
 13676 09e8 00       		.uleb128 0
 13677 09e9 A9920000 		.4byte	.LASF422
 13678 09ed 06       		.byte	0x6
 13679 09ee 00       		.uleb128 0
 13680 09ef 134C0000 		.4byte	.LASF423
 13681 09f3 05       		.byte	0x5
 13682 09f4 00       		.uleb128 0
 13683 09f5 3E990000 		.4byte	.LASF424
 13684 09f9 05       		.byte	0x5
 13685 09fa 00       		.uleb128 0
 13686 09fb A2120000 		.4byte	.LASF425
 13687 09ff 05       		.byte	0x5
 13688 0a00 00       		.uleb128 0
 13689 0a01 CA770000 		.4byte	.LASF426
 13690 0a05 06       		.byte	0x6
 13691 0a06 00       		.uleb128 0
 13692 0a07 E7640000 		.4byte	.LASF427
 13693 0a0b 05       		.byte	0x5
 13694 0a0c 00       		.uleb128 0
 13695 0a0d 07600000 		.4byte	.LASF428
 13696 0a11 06       		.byte	0x6
 13697 0a12 00       		.uleb128 0
 13698 0a13 F0980000 		.4byte	.LASF429
 13699 0a17 06       		.byte	0x6
 13700 0a18 00       		.uleb128 0
 13701 0a19 01240000 		.4byte	.LASF430
 13702 0a1d 06       		.byte	0x6
 13703 0a1e 00       		.uleb128 0
 13704 0a1f 331D0000 		.4byte	.LASF431
 13705 0a23 06       		.byte	0x6
 13706 0a24 00       		.uleb128 0
 13707 0a25 84670000 		.4byte	.LASF432
 13708 0a29 06       		.byte	0x6
 13709 0a2a 00       		.uleb128 0
 13710 0a2b 3C490000 		.4byte	.LASF433
 13711 0a2f 06       		.byte	0x6
 13712 0a30 00       		.uleb128 0
 13713 0a31 67250000 		.4byte	.LASF434
 13714 0a35 05       		.byte	0x5
 13715 0a36 00       		.uleb128 0
 13716 0a37 668E0000 		.4byte	.LASF435
 13717 0a3b 06       		.byte	0x6
 13718 0a3c 00       		.uleb128 0
 13719 0a3d 63800000 		.4byte	.LASF436
 13720 0a41 06       		.byte	0x6
 13721 0a42 00       		.uleb128 0
 13722 0a43 5B350000 		.4byte	.LASF437
 13723 0a47 06       		.byte	0x6
 13724 0a48 00       		.uleb128 0
ARM GAS  /var/folders/65/xyhbx3_n6nd_hs7j3p9nfwv80000gn/T//ccls3DQP.s 			page 254


 13725 0a49 9F8E0000 		.4byte	.LASF438
 13726 0a4d 05       		.byte	0x5
 13727 0a4e 00       		.uleb128 0
 13728 0a4f 9C450000 		.4byte	.LASF439
 13729 0a53 05       		.byte	0x5
 13730 0a54 00       		.uleb128 0
 13731 0a55 BE350000 		.4byte	.LASF440
 13732 0a59 05       		.byte	0x5
 13733 0a5a 00       		.uleb128 0
 13734 0a5b 46030000 		.4byte	.LASF441
 13735 0a5f 05       		.byte	0x5
 13736 0a60 00       		.uleb128 0
 13737 0a61 FC160000 		.4byte	.LASF442
 13738 0a65 05       		.byte	0x5
 13739 0a66 00       		.uleb128 0
 13740 0a67 B84E0000 		.4byte	.LASF443
 13741 0a6b 05       		.byte	0x5
 13742 0a6c 00       		.uleb128 0
 13743 0a6d B7070000 		.4byte	.LASF444
 13744 0a71 05       		.byte	0x5
 13745 0a72 00       		.uleb128 0
 13746 0a73 D7770000 		.4byte	.LASF445
 13747 0a77 06       		.byte	0x6
 13748 0a78 00       		.uleb128 0
 13749 0a79 90490000 		.4byte	.LASF446
 13750 0a7d 05       		.byte	0x5
 13751 0a7e 00       		.uleb128 0
 13752 0a7f 112E0000 		.4byte	.LASF447
 13753 0a83 05       		.byte	0x5
 13754 0a84 00       		.uleb128 0
 13755 0a85 63380000 		.4byte	.LASF448
 13756 0a89 05       		.byte	0x5
 13757 0a8a 00       		.uleb128 0
 13758 0a8b 2E080000 		.4byte	.LASF449
 13759 0a8f 05       		.byte	0x5
 13760 0a90 00       		.uleb128 0
 13761 0a91 F25C0000 		.4byte	.LASF450
 13762 0a95 05       		.byte	0x5
 13763 0a96 00       		.uleb128 0
 13764 0a97 D16B0000 		.4byte	.LASF451
 13765 0a9b 05       		.byte	0x5
 13766 0a9c 00       		.uleb128 0
 13767 0a9d 21230000 		.4byte	.LASF452
 13768 0aa1 05       		.byte	0x5
 13769 0aa2 00       		.uleb128 0
 13770 0aa3 AF440000 		.4byte	.LASF453
 13771 0aa7 00       		.byte	0
 13772              		.section	.debug_macro,"G",%progbits,wm4._newlib_version.h.4.9ba035841e762c3308916a0ce96032e7,comda
 13773              	.Ldebug_macro3:
 13774 0000 0400     		.2byte	0x4
 13775 0002 00       		.byte	0
 13776 0003 05       		.byte	0x5
 13777 0004 04       		.uleb128 0x4
 13778 0005 E2440000 		.4byte	.LASF459
 13779 0009 05       		.byte	0x5
 13780 000a 06       		.uleb128 0x6
 13781 000b 2C0A0000 		.4byte	.LASF460
ARM GAS  /var/folders/65/xyhbx3_n6nd_hs7j3p9nfwv80000gn/T//ccls3DQP.s 			page 255


 13782 000f 05       		.byte	0x5
 13783 0010 07       		.uleb128 0x7
 13784 0011 25460000 		.4byte	.LASF461
 13785 0015 05       		.byte	0x5
 13786 0016 08       		.uleb128 0x8
 13787 0017 18290000 		.4byte	.LASF462
 13788 001b 05       		.byte	0x5
 13789 001c 09       		.uleb128 0x9
 13790 001d 9C330000 		.4byte	.LASF463
 13791 0021 00       		.byte	0
 13792              		.section	.debug_macro,"G",%progbits,wm4.newlib.h.18.5e5ca3429233af402d406a202f1fc1ac,comdat
 13793              	.Ldebug_macro4:
 13794 0000 0400     		.2byte	0x4
 13795 0002 00       		.byte	0
 13796 0003 05       		.byte	0x5
 13797 0004 12       		.uleb128 0x12
 13798 0005 5D0F0000 		.4byte	.LASF464
 13799 0009 05       		.byte	0x5
 13800 000a 15       		.uleb128 0x15
 13801 000b 60770000 		.4byte	.LASF465
 13802 000f 05       		.byte	0x5
 13803 0010 18       		.uleb128 0x18
 13804 0011 3D0C0000 		.4byte	.LASF466
 13805 0015 05       		.byte	0x5
 13806 0016 28       		.uleb128 0x28
 13807 0017 A80C0000 		.4byte	.LASF467
 13808 001b 05       		.byte	0x5
 13809 001c 32       		.uleb128 0x32
 13810 001d 54260000 		.4byte	.LASF468
 13811 0021 05       		.byte	0x5
 13812 0022 36       		.uleb128 0x36
 13813 0023 D12A0000 		.4byte	.LASF469
 13814 0027 05       		.byte	0x5
 13815 0028 39       		.uleb128 0x39
 13816 0029 D1420000 		.4byte	.LASF470
 13817 002d 05       		.byte	0x5
 13818 002e 3C       		.uleb128 0x3c
 13819 002f 386C0000 		.4byte	.LASF471
 13820 0033 05       		.byte	0x5
 13821 0034 3F       		.uleb128 0x3f
 13822 0035 B8970000 		.4byte	.LASF472
 13823 0039 05       		.byte	0x5
 13824 003a 42       		.uleb128 0x42
 13825 003b A17D0000 		.4byte	.LASF473
 13826 003f 05       		.byte	0x5
 13827 0040 45       		.uleb128 0x45
 13828 0041 5C910000 		.4byte	.LASF474
 13829 0045 05       		.byte	0x5
 13830 0046 48       		.uleb128 0x48
 13831 0047 6B8D0000 		.4byte	.LASF475
 13832 004b 05       		.byte	0x5
 13833 004c 4B       		.uleb128 0x4b
 13834 004d 28490000 		.4byte	.LASF476
 13835 0051 05       		.byte	0x5
 13836 0052 5C       		.uleb128 0x5c
 13837 0053 075A0000 		.4byte	.LASF477
 13838 0057 00       		.byte	0
ARM GAS  /var/folders/65/xyhbx3_n6nd_hs7j3p9nfwv80000gn/T//ccls3DQP.s 			page 256


 13839              		.section	.debug_macro,"G",%progbits,wm4.ieeefp.h.77.d5685ba212d3ed6e914898d045f873e3,comdat
 13840              	.Ldebug_macro5:
 13841 0000 0400     		.2byte	0x4
 13842 0002 00       		.byte	0
 13843 0003 05       		.byte	0x5
 13844 0004 4D       		.uleb128 0x4d
 13845 0005 8D170000 		.4byte	.LASF479
 13846 0009 05       		.byte	0x5
 13847 000a CD03     		.uleb128 0x1cd
 13848 000c DC290000 		.4byte	.LASF480
 13849 0010 05       		.byte	0x5
 13850 0011 D003     		.uleb128 0x1d0
 13851 0013 FA8B0000 		.4byte	.LASF481
 13852 0017 00       		.byte	0
 13853              		.section	.debug_macro,"G",%progbits,wm4.features.h.22.fad1cec3bc7ff06488171438dbdcfd02,comdat
 13854              	.Ldebug_macro6:
 13855 0000 0400     		.2byte	0x4
 13856 0002 00       		.byte	0
 13857 0003 05       		.byte	0x5
 13858 0004 16       		.uleb128 0x16
 13859 0005 677C0000 		.4byte	.LASF482
 13860 0009 05       		.byte	0x5
 13861 000a 21       		.uleb128 0x21
 13862 000b 396B0000 		.4byte	.LASF483
 13863 000f 05       		.byte	0x5
 13864 0010 28       		.uleb128 0x28
 13865 0011 3C7F0000 		.4byte	.LASF484
 13866 0015 06       		.byte	0x6
 13867 0016 8301     		.uleb128 0x83
 13868 0018 44270000 		.4byte	.LASF485
 13869 001c 05       		.byte	0x5
 13870 001d 8401     		.uleb128 0x84
 13871 001f B7290000 		.4byte	.LASF486
 13872 0023 06       		.byte	0x6
 13873 0024 8801     		.uleb128 0x88
 13874 0026 22200000 		.4byte	.LASF487
 13875 002a 05       		.byte	0x5
 13876 002b 8901     		.uleb128 0x89
 13877 002d C1890000 		.4byte	.LASF488
 13878 0031 06       		.byte	0x6
 13879 0032 8A01     		.uleb128 0x8a
 13880 0034 EF460000 		.4byte	.LASF489
 13881 0038 05       		.byte	0x5
 13882 0039 8B01     		.uleb128 0x8b
 13883 003b C56E0000 		.4byte	.LASF490
 13884 003f 06       		.byte	0x6
 13885 0040 9E01     		.uleb128 0x9e
 13886 0042 B1870000 		.4byte	.LASF491
 13887 0046 05       		.byte	0x5
 13888 0047 9F01     		.uleb128 0x9f
 13889 0049 EA7E0000 		.4byte	.LASF492
 13890 004d 05       		.byte	0x5
 13891 004e F701     		.uleb128 0xf7
 13892 0050 8D630000 		.4byte	.LASF493
 13893 0054 05       		.byte	0x5
 13894 0055 FD01     		.uleb128 0xfd
 13895 0057 BE700000 		.4byte	.LASF494
ARM GAS  /var/folders/65/xyhbx3_n6nd_hs7j3p9nfwv80000gn/T//ccls3DQP.s 			page 257


 13896 005b 05       		.byte	0x5
 13897 005c 8502     		.uleb128 0x105
 13898 005e A3380000 		.4byte	.LASF495
 13899 0062 05       		.byte	0x5
 13900 0063 8A02     		.uleb128 0x10a
 13901 0065 07160000 		.4byte	.LASF496
 13902 0069 05       		.byte	0x5
 13903 006a 9502     		.uleb128 0x115
 13904 006c BB7A0000 		.4byte	.LASF497
 13905 0070 05       		.byte	0x5
 13906 0071 9902     		.uleb128 0x119
 13907 0073 F8010000 		.4byte	.LASF498
 13908 0077 05       		.byte	0x5
 13909 0078 9F02     		.uleb128 0x11f
 13910 007a DC220000 		.4byte	.LASF499
 13911 007e 05       		.byte	0x5
 13912 007f AF02     		.uleb128 0x12f
 13913 0081 CD390000 		.4byte	.LASF500
 13914 0085 05       		.byte	0x5
 13915 0086 BF02     		.uleb128 0x13f
 13916 0088 93650000 		.4byte	.LASF501
 13917 008c 05       		.byte	0x5
 13918 008d CA02     		.uleb128 0x14a
 13919 008f 46610000 		.4byte	.LASF502
 13920 0093 00       		.byte	0
 13921              		.section	.debug_macro,"G",%progbits,wm4.config.h.220.6cac6a9685cfce5e83c17784171638d9,comdat
 13922              	.Ldebug_macro7:
 13923 0000 0400     		.2byte	0x4
 13924 0002 00       		.byte	0
 13925 0003 05       		.byte	0x5
 13926 0004 DC01     		.uleb128 0xdc
 13927 0006 A1570000 		.4byte	.LASF503
 13928 000a 06       		.byte	0x6
 13929 000b E201     		.uleb128 0xe2
 13930 000d FB7E0000 		.4byte	.LASF504
 13931 0011 05       		.byte	0x5
 13932 0012 E601     		.uleb128 0xe6
 13933 0014 281A0000 		.4byte	.LASF505
 13934 0018 05       		.byte	0x5
 13935 0019 F601     		.uleb128 0xf6
 13936 001b B3560000 		.4byte	.LASF506
 13937 001f 05       		.byte	0x5
 13938 0020 FA01     		.uleb128 0xfa
 13939 0022 B7890000 		.4byte	.LASF507
 13940 0026 05       		.byte	0x5
 13941 0027 8102     		.uleb128 0x101
 13942 0029 80730000 		.4byte	.LASF508
 13943 002d 05       		.byte	0x5
 13944 002e 8702     		.uleb128 0x107
 13945 0030 FD050000 		.4byte	.LASF509
 13946 0034 00       		.byte	0
 13947              		.section	.debug_macro,"G",%progbits,wm4._ansi.h.31.de524f58584151836e90d8620a16f8e8,comdat
 13948              	.Ldebug_macro8:
 13949 0000 0400     		.2byte	0x4
 13950 0002 00       		.byte	0
 13951 0003 05       		.byte	0x5
 13952 0004 1F       		.uleb128 0x1f
ARM GAS  /var/folders/65/xyhbx3_n6nd_hs7j3p9nfwv80000gn/T//ccls3DQP.s 			page 258


 13953 0005 10550000 		.4byte	.LASF510
 13954 0009 05       		.byte	0x5
 13955 000a 20       		.uleb128 0x20
 13956 000b E6470000 		.4byte	.LASF511
 13957 000f 05       		.byte	0x5
 13958 0010 21       		.uleb128 0x21
 13959 0011 70800000 		.4byte	.LASF512
 13960 0015 05       		.byte	0x5
 13961 0016 25       		.uleb128 0x25
 13962 0017 9B8B0000 		.4byte	.LASF513
 13963 001b 05       		.byte	0x5
 13964 001c 2B       		.uleb128 0x2b
 13965 001d 41230000 		.4byte	.LASF514
 13966 0021 05       		.byte	0x5
 13967 0022 45       		.uleb128 0x45
 13968 0023 C0800000 		.4byte	.LASF515
 13969 0027 05       		.byte	0x5
 13970 0028 49       		.uleb128 0x49
 13971 0029 730E0000 		.4byte	.LASF516
 13972 002d 05       		.byte	0x5
 13973 002e 4A       		.uleb128 0x4a
 13974 002f 6A8B0000 		.4byte	.LASF517
 13975 0033 00       		.byte	0
 13976              		.section	.debug_macro,"G",%progbits,wm4.mujs.h.10.4d559cf57b9d924909e322de983c4de2,comdat
 13977              	.Ldebug_macro9:
 13978 0000 0400     		.2byte	0x4
 13979 0002 00       		.byte	0
 13980 0003 05       		.byte	0x5
 13981 0004 0A       		.uleb128 0xa
 13982 0005 39910000 		.4byte	.LASF519
 13983 0009 05       		.byte	0x5
 13984 000a 0B       		.uleb128 0xb
 13985 000b BA3B0000 		.4byte	.LASF520
 13986 000f 05       		.byte	0x5
 13987 0010 0C       		.uleb128 0xc
 13988 0011 E3920000 		.4byte	.LASF521
 13989 0015 05       		.byte	0x5
 13990 0016 0E       		.uleb128 0xe
 13991 0017 F82C0000 		.4byte	.LASF522
 13992 001b 05       		.byte	0x5
 13993 001c 0F       		.uleb128 0xf
 13994 001d 22210000 		.4byte	.LASF523
 13995 0021 05       		.byte	0x5
 13996 0022 13       		.uleb128 0x13
 13997 0023 C3340000 		.4byte	.LASF524
 13998 0027 05       		.byte	0x5
 13999 0028 21       		.uleb128 0x21
 14000 0029 B7000000 		.4byte	.LASF525
 14001 002d 05       		.byte	0x5
 14002 002e 48       		.uleb128 0x48
 14003 002f 75940000 		.4byte	.LASF526
 14004 0033 00       		.byte	0
 14005              		.section	.debug_macro,"G",%progbits,wm4.stdio.h.27.3fc80220048df77954e38daec3bb9670,comdat
 14006              	.Ldebug_macro10:
 14007 0000 0400     		.2byte	0x4
 14008 0002 00       		.byte	0
 14009 0003 05       		.byte	0x5
ARM GAS  /var/folders/65/xyhbx3_n6nd_hs7j3p9nfwv80000gn/T//ccls3DQP.s 			page 259


 14010 0004 1B       		.uleb128 0x1b
 14011 0005 5C550000 		.4byte	.LASF527
 14012 0009 05       		.byte	0x5
 14013 000a 1F       		.uleb128 0x1f
 14014 000b A80B0000 		.4byte	.LASF528
 14015 000f 05       		.byte	0x5
 14016 0010 21       		.uleb128 0x21
 14017 0011 193B0000 		.4byte	.LASF529
 14018 0015 05       		.byte	0x5
 14019 0016 22       		.uleb128 0x22
 14020 0017 CE700000 		.4byte	.LASF530
 14021 001b 00       		.byte	0
 14022              		.section	.debug_macro,"G",%progbits,wm4._default_types.h.6.959254cf5f09734ea7516c89e8bb21bd,comdat
 14023              	.Ldebug_macro11:
 14024 0000 0400     		.2byte	0x4
 14025 0002 00       		.byte	0
 14026 0003 05       		.byte	0x5
 14027 0004 06       		.uleb128 0x6
 14028 0005 E5710000 		.4byte	.LASF532
 14029 0009 05       		.byte	0x5
 14030 000a 0F       		.uleb128 0xf
 14031 000b 59190000 		.4byte	.LASF533
 14032 000f 05       		.byte	0x5
 14033 0010 1A       		.uleb128 0x1a
 14034 0011 2F110000 		.4byte	.LASF534
 14035 0015 05       		.byte	0x5
 14036 0016 21       		.uleb128 0x21
 14037 0017 07830000 		.4byte	.LASF535
 14038 001b 05       		.byte	0x5
 14039 001c 2F       		.uleb128 0x2f
 14040 001d 3A700000 		.4byte	.LASF536
 14041 0021 05       		.byte	0x5
 14042 0022 3D       		.uleb128 0x3d
 14043 0023 CE2D0000 		.4byte	.LASF537
 14044 0027 05       		.byte	0x5
 14045 0028 53       		.uleb128 0x53
 14046 0029 F1860000 		.4byte	.LASF538
 14047 002d 05       		.byte	0x5
 14048 002e 6D       		.uleb128 0x6d
 14049 002f D1350000 		.4byte	.LASF539
 14050 0033 05       		.byte	0x5
 14051 0034 8C01     		.uleb128 0x8c
 14052 0036 702A0000 		.4byte	.LASF540
 14053 003a 05       		.byte	0x5
 14054 003b A601     		.uleb128 0xa6
 14055 003d D34D0000 		.4byte	.LASF541
 14056 0041 05       		.byte	0x5
 14057 0042 BC01     		.uleb128 0xbc
 14058 0044 BB090000 		.4byte	.LASF542
 14059 0048 05       		.byte	0x5
 14060 0049 CE01     		.uleb128 0xce
 14061 004b 49540000 		.4byte	.LASF543
 14062 004f 06       		.byte	0x6
 14063 0050 F401     		.uleb128 0xf4
 14064 0052 EF150000 		.4byte	.LASF544
 14065 0056 00       		.byte	0
 14066              		.section	.debug_macro,"G",%progbits,wm4.stddef.h.181.c3f52a3b0f4c288bddb5dda1562858e2,comdat
ARM GAS  /var/folders/65/xyhbx3_n6nd_hs7j3p9nfwv80000gn/T//ccls3DQP.s 			page 260


 14067              	.Ldebug_macro12:
 14068 0000 0400     		.2byte	0x4
 14069 0002 00       		.byte	0
 14070 0003 05       		.byte	0x5
 14071 0004 B501     		.uleb128 0xb5
 14072 0006 1E560000 		.4byte	.LASF545
 14073 000a 05       		.byte	0x5
 14074 000b B601     		.uleb128 0xb6
 14075 000d B4930000 		.4byte	.LASF546
 14076 0011 05       		.byte	0x5
 14077 0012 B701     		.uleb128 0xb7
 14078 0014 9E6E0000 		.4byte	.LASF547
 14079 0018 05       		.byte	0x5
 14080 0019 B801     		.uleb128 0xb8
 14081 001b 33750000 		.4byte	.LASF548
 14082 001f 05       		.byte	0x5
 14083 0020 B901     		.uleb128 0xb9
 14084 0022 FD150000 		.4byte	.LASF549
 14085 0026 05       		.byte	0x5
 14086 0027 BA01     		.uleb128 0xba
 14087 0029 BF690000 		.4byte	.LASF550
 14088 002d 05       		.byte	0x5
 14089 002e BB01     		.uleb128 0xbb
 14090 0030 49680000 		.4byte	.LASF551
 14091 0034 05       		.byte	0x5
 14092 0035 BC01     		.uleb128 0xbc
 14093 0037 373C0000 		.4byte	.LASF552
 14094 003b 05       		.byte	0x5
 14095 003c BD01     		.uleb128 0xbd
 14096 003e 1F5A0000 		.4byte	.LASF553
 14097 0042 05       		.byte	0x5
 14098 0043 BE01     		.uleb128 0xbe
 14099 0045 0C380000 		.4byte	.LASF554
 14100 0049 05       		.byte	0x5
 14101 004a BF01     		.uleb128 0xbf
 14102 004c ED6F0000 		.4byte	.LASF555
 14103 0050 05       		.byte	0x5
 14104 0051 C001     		.uleb128 0xc0
 14105 0053 4E100000 		.4byte	.LASF556
 14106 0057 05       		.byte	0x5
 14107 0058 C101     		.uleb128 0xc1
 14108 005a 0D1B0000 		.4byte	.LASF557
 14109 005e 05       		.byte	0x5
 14110 005f C201     		.uleb128 0xc2
 14111 0061 6C370000 		.4byte	.LASF558
 14112 0065 05       		.byte	0x5
 14113 0066 C301     		.uleb128 0xc3
 14114 0068 06180000 		.4byte	.LASF559
 14115 006c 05       		.byte	0x5
 14116 006d C401     		.uleb128 0xc4
 14117 006f B87D0000 		.4byte	.LASF560
 14118 0073 05       		.byte	0x5
 14119 0074 CB01     		.uleb128 0xcb
 14120 0076 47200000 		.4byte	.LASF561
 14121 007a 06       		.byte	0x6
 14122 007b E701     		.uleb128 0xe7
 14123 007d 793C0000 		.4byte	.LASF562
ARM GAS  /var/folders/65/xyhbx3_n6nd_hs7j3p9nfwv80000gn/T//ccls3DQP.s 			page 261


 14124 0081 06       		.byte	0x6
 14125 0082 8603     		.uleb128 0x186
 14126 0084 7A470000 		.4byte	.LASF563
 14127 0088 05       		.byte	0x5
 14128 0089 8B03     		.uleb128 0x18b
 14129 008b 59710000 		.4byte	.LASF564
 14130 008f 06       		.byte	0x6
 14131 0090 9103     		.uleb128 0x191
 14132 0092 B0510000 		.4byte	.LASF565
 14133 0096 00       		.byte	0
 14134              		.section	.debug_macro,"G",%progbits,wm4.cdefs.h.49.6260d97adb8d27534cbdc0f868b8ea87,comdat
 14135              	.Ldebug_macro13:
 14136 0000 0400     		.2byte	0x4
 14137 0002 00       		.byte	0
 14138 0003 05       		.byte	0x5
 14139 0004 31       		.uleb128 0x31
 14140 0005 0A650000 		.4byte	.LASF566
 14141 0009 05       		.byte	0x5
 14142 000a 32       		.uleb128 0x32
 14143 000b 6D5B0000 		.4byte	.LASF567
 14144 000f 05       		.byte	0x5
 14145 0010 33       		.uleb128 0x33
 14146 0011 EA950000 		.4byte	.LASF568
 14147 0015 05       		.byte	0x5
 14148 0016 36       		.uleb128 0x36
 14149 0017 5F4D0000 		.4byte	.LASF569
 14150 001b 05       		.byte	0x5
 14151 001c 39       		.uleb128 0x39
 14152 001d 8C8B0000 		.4byte	.LASF570
 14153 0021 05       		.byte	0x5
 14154 0022 3A       		.uleb128 0x3a
 14155 0023 94190000 		.4byte	.LASF571
 14156 0027 05       		.byte	0x5
 14157 0028 3C       		.uleb128 0x3c
 14158 0029 F71A0000 		.4byte	.LASF572
 14159 002d 05       		.byte	0x5
 14160 002e 3D       		.uleb128 0x3d
 14161 002f BD420000 		.4byte	.LASF573
 14162 0033 05       		.byte	0x5
 14163 0034 3E       		.uleb128 0x3e
 14164 0035 76820000 		.4byte	.LASF574
 14165 0039 05       		.byte	0x5
 14166 003a 3F       		.uleb128 0x3f
 14167 003b 98220000 		.4byte	.LASF575
 14168 003f 05       		.byte	0x5
 14169 0040 42       		.uleb128 0x42
 14170 0041 F6290000 		.4byte	.LASF576
 14171 0045 05       		.byte	0x5
 14172 0046 43       		.uleb128 0x43
 14173 0047 F50B0000 		.4byte	.LASF577
 14174 004b 05       		.byte	0x5
 14175 004c 44       		.uleb128 0x44
 14176 004d E3430000 		.4byte	.LASF578
 14177 0051 05       		.byte	0x5
 14178 0052 4E       		.uleb128 0x4e
 14179 0053 795E0000 		.4byte	.LASF579
 14180 0057 05       		.byte	0x5
ARM GAS  /var/folders/65/xyhbx3_n6nd_hs7j3p9nfwv80000gn/T//ccls3DQP.s 			page 262


 14181 0058 51       		.uleb128 0x51
 14182 0059 C0190000 		.4byte	.LASF580
 14183 005d 05       		.byte	0x5
 14184 005e 57       		.uleb128 0x57
 14185 005f 86320000 		.4byte	.LASF581
 14186 0063 05       		.byte	0x5
 14187 0064 5E       		.uleb128 0x5e
 14188 0065 21840000 		.4byte	.LASF582
 14189 0069 05       		.byte	0x5
 14190 006a 5F       		.uleb128 0x5f
 14191 006b 3C540000 		.4byte	.LASF583
 14192 006f 05       		.byte	0x5
 14193 0070 6B       		.uleb128 0x6b
 14194 0071 AB3D0000 		.4byte	.LASF584
 14195 0075 05       		.byte	0x5
 14196 0076 6C       		.uleb128 0x6c
 14197 0077 86920000 		.4byte	.LASF585
 14198 007b 05       		.byte	0x5
 14199 007c 70       		.uleb128 0x70
 14200 007d D6070000 		.4byte	.LASF586
 14201 0081 05       		.byte	0x5
 14202 0082 71       		.uleb128 0x71
 14203 0083 90210000 		.4byte	.LASF587
 14204 0087 05       		.byte	0x5
 14205 0088 72       		.uleb128 0x72
 14206 0089 7E250000 		.4byte	.LASF588
 14207 008d 05       		.byte	0x5
 14208 008e 75       		.uleb128 0x75
 14209 008f 64100000 		.4byte	.LASF589
 14210 0093 05       		.byte	0x5
 14211 0094 78       		.uleb128 0x78
 14212 0095 49050000 		.4byte	.LASF590
 14213 0099 05       		.byte	0x5
 14214 009a 7F       		.uleb128 0x7f
 14215 009b 254D0000 		.4byte	.LASF591
 14216 009f 05       		.byte	0x5
 14217 00a0 8001     		.uleb128 0x80
 14218 00a2 91540000 		.4byte	.LASF592
 14219 00a6 05       		.byte	0x5
 14220 00a7 8101     		.uleb128 0x81
 14221 00a9 530C0000 		.4byte	.LASF593
 14222 00ad 05       		.byte	0x5
 14223 00ae 8501     		.uleb128 0x85
 14224 00b0 9F2C0000 		.4byte	.LASF594
 14225 00b4 05       		.byte	0x5
 14226 00b5 8C01     		.uleb128 0x8c
 14227 00b7 82390000 		.4byte	.LASF595
 14228 00bb 05       		.byte	0x5
 14229 00bc 9001     		.uleb128 0x90
 14230 00be 30710000 		.4byte	.LASF596
 14231 00c2 05       		.byte	0x5
 14232 00c3 9101     		.uleb128 0x91
 14233 00c5 947B0000 		.4byte	.LASF597
 14234 00c9 05       		.byte	0x5
 14235 00ca 9401     		.uleb128 0x94
 14236 00cc 50370000 		.4byte	.LASF598
 14237 00d0 05       		.byte	0x5
ARM GAS  /var/folders/65/xyhbx3_n6nd_hs7j3p9nfwv80000gn/T//ccls3DQP.s 			page 263


 14238 00d1 9701     		.uleb128 0x97
 14239 00d3 AD270000 		.4byte	.LASF599
 14240 00d7 05       		.byte	0x5
 14241 00d8 9801     		.uleb128 0x98
 14242 00da DA170000 		.4byte	.LASF600
 14243 00de 05       		.byte	0x5
 14244 00df 9901     		.uleb128 0x99
 14245 00e1 7A800000 		.4byte	.LASF601
 14246 00e5 05       		.byte	0x5
 14247 00e6 9B01     		.uleb128 0x9b
 14248 00e8 B6810000 		.4byte	.LASF602
 14249 00ec 05       		.byte	0x5
 14250 00ed 9C01     		.uleb128 0x9c
 14251 00ef A4180000 		.4byte	.LASF603
 14252 00f3 05       		.byte	0x5
 14253 00f4 9E01     		.uleb128 0x9e
 14254 00f6 D65C0000 		.4byte	.LASF604
 14255 00fa 05       		.byte	0x5
 14256 00fb A001     		.uleb128 0xa0
 14257 00fd 21890000 		.4byte	.LASF605
 14258 0101 05       		.byte	0x5
 14259 0102 B101     		.uleb128 0xb1
 14260 0104 85090000 		.4byte	.LASF606
 14261 0108 05       		.byte	0x5
 14262 0109 B201     		.uleb128 0xb2
 14263 010b 5B6C0000 		.4byte	.LASF607
 14264 010f 05       		.byte	0x5
 14265 0110 B301     		.uleb128 0xb3
 14266 0112 808F0000 		.4byte	.LASF608
 14267 0116 05       		.byte	0x5
 14268 0117 B401     		.uleb128 0xb4
 14269 0119 C3940000 		.4byte	.LASF609
 14270 011d 05       		.byte	0x5
 14271 011e B501     		.uleb128 0xb5
 14272 0120 77760000 		.4byte	.LASF610
 14273 0124 05       		.byte	0x5
 14274 0125 B701     		.uleb128 0xb7
 14275 0127 D7140000 		.4byte	.LASF611
 14276 012b 05       		.byte	0x5
 14277 012c B801     		.uleb128 0xb8
 14278 012e 477C0000 		.4byte	.LASF612
 14279 0132 05       		.byte	0x5
 14280 0133 B901     		.uleb128 0xb9
 14281 0135 923B0000 		.4byte	.LASF613
 14282 0139 05       		.byte	0x5
 14283 013a E601     		.uleb128 0xe6
 14284 013c 6A220000 		.4byte	.LASF614
 14285 0140 05       		.byte	0x5
 14286 0141 F301     		.uleb128 0xf3
 14287 0143 F33A0000 		.4byte	.LASF615
 14288 0147 05       		.byte	0x5
 14289 0148 F401     		.uleb128 0xf4
 14290 014a 486E0000 		.4byte	.LASF616
 14291 014e 05       		.byte	0x5
 14292 014f F501     		.uleb128 0xf5
 14293 0151 3A850000 		.4byte	.LASF617
 14294 0155 05       		.byte	0x5
ARM GAS  /var/folders/65/xyhbx3_n6nd_hs7j3p9nfwv80000gn/T//ccls3DQP.s 			page 264


 14295 0156 F601     		.uleb128 0xf6
 14296 0158 B48B0000 		.4byte	.LASF618
 14297 015c 05       		.byte	0x5
 14298 015d F701     		.uleb128 0xf7
 14299 015f D9520000 		.4byte	.LASF619
 14300 0163 05       		.byte	0x5
 14301 0164 F801     		.uleb128 0xf8
 14302 0166 190B0000 		.4byte	.LASF620
 14303 016a 05       		.byte	0x5
 14304 016b F901     		.uleb128 0xf9
 14305 016d 9B430000 		.4byte	.LASF621
 14306 0171 05       		.byte	0x5
 14307 0172 FC01     		.uleb128 0xfc
 14308 0174 E2480000 		.4byte	.LASF622
 14309 0178 05       		.byte	0x5
 14310 0179 FD01     		.uleb128 0xfd
 14311 017b 3C240000 		.4byte	.LASF623
 14312 017f 05       		.byte	0x5
 14313 0180 8302     		.uleb128 0x103
 14314 0182 627D0000 		.4byte	.LASF624
 14315 0186 05       		.byte	0x5
 14316 0187 DC02     		.uleb128 0x15c
 14317 0189 7B720000 		.4byte	.LASF625
 14318 018d 05       		.byte	0x5
 14319 018e EE02     		.uleb128 0x16e
 14320 0190 C1530000 		.4byte	.LASF626
 14321 0194 05       		.byte	0x5
 14322 0195 F402     		.uleb128 0x174
 14323 0197 B08A0000 		.4byte	.LASF627
 14324 019b 05       		.byte	0x5
 14325 019c F502     		.uleb128 0x175
 14326 019e 71690000 		.4byte	.LASF628
 14327 01a2 05       		.byte	0x5
 14328 01a3 FC02     		.uleb128 0x17c
 14329 01a5 A9670000 		.4byte	.LASF629
 14330 01a9 05       		.byte	0x5
 14331 01aa 8203     		.uleb128 0x182
 14332 01ac 22420000 		.4byte	.LASF630
 14333 01b0 05       		.byte	0x5
 14334 01b1 8803     		.uleb128 0x188
 14335 01b3 AB280000 		.4byte	.LASF631
 14336 01b7 05       		.byte	0x5
 14337 01b8 8903     		.uleb128 0x189
 14338 01ba 097D0000 		.4byte	.LASF632
 14339 01be 05       		.byte	0x5
 14340 01bf 9003     		.uleb128 0x190
 14341 01c1 F00D0000 		.4byte	.LASF633
 14342 01c5 05       		.byte	0x5
 14343 01c6 9103     		.uleb128 0x191
 14344 01c8 BB6A0000 		.4byte	.LASF634
 14345 01cc 05       		.byte	0x5
 14346 01cd 9803     		.uleb128 0x198
 14347 01cf 4C460000 		.4byte	.LASF635
 14348 01d3 05       		.byte	0x5
 14349 01d4 9E03     		.uleb128 0x19e
 14350 01d6 95940000 		.4byte	.LASF636
 14351 01da 05       		.byte	0x5
ARM GAS  /var/folders/65/xyhbx3_n6nd_hs7j3p9nfwv80000gn/T//ccls3DQP.s 			page 265


 14352 01db B203     		.uleb128 0x1b2
 14353 01dd AF7C0000 		.4byte	.LASF637
 14354 01e1 05       		.byte	0x5
 14355 01e2 D303     		.uleb128 0x1d3
 14356 01e4 B90A0000 		.4byte	.LASF638
 14357 01e8 05       		.byte	0x5
 14358 01e9 D403     		.uleb128 0x1d4
 14359 01eb 6A560000 		.4byte	.LASF639
 14360 01ef 05       		.byte	0x5
 14361 01f0 DB03     		.uleb128 0x1db
 14362 01f2 39250000 		.4byte	.LASF640
 14363 01f6 05       		.byte	0x5
 14364 01f7 DC03     		.uleb128 0x1dc
 14365 01f9 4B880000 		.4byte	.LASF641
 14366 01fd 05       		.byte	0x5
 14367 01fe DF03     		.uleb128 0x1df
 14368 0200 507E0000 		.4byte	.LASF642
 14369 0204 05       		.byte	0x5
 14370 0205 E903     		.uleb128 0x1e9
 14371 0207 13940000 		.4byte	.LASF643
 14372 020b 05       		.byte	0x5
 14373 020c EA03     		.uleb128 0x1ea
 14374 020e 4B8A0000 		.4byte	.LASF644
 14375 0212 05       		.byte	0x5
 14376 0213 F403     		.uleb128 0x1f4
 14377 0215 21520000 		.4byte	.LASF645
 14378 0219 05       		.byte	0x5
 14379 021a 8A04     		.uleb128 0x20a
 14380 021c 16070000 		.4byte	.LASF646
 14381 0220 05       		.byte	0x5
 14382 0221 8C04     		.uleb128 0x20c
 14383 0223 8C780000 		.4byte	.LASF647
 14384 0227 05       		.byte	0x5
 14385 0228 8E04     		.uleb128 0x20e
 14386 022a 98260000 		.4byte	.LASF648
 14387 022e 05       		.byte	0x5
 14388 022f 8F04     		.uleb128 0x20f
 14389 0231 0F670000 		.4byte	.LASF649
 14390 0235 05       		.byte	0x5
 14391 0236 9104     		.uleb128 0x211
 14392 0238 A3650000 		.4byte	.LASF650
 14393 023c 05       		.byte	0x5
 14394 023d 9B04     		.uleb128 0x21b
 14395 023f 0B170000 		.4byte	.LASF651
 14396 0243 05       		.byte	0x5
 14397 0244 A004     		.uleb128 0x220
 14398 0246 694C0000 		.4byte	.LASF652
 14399 024a 05       		.byte	0x5
 14400 024b A504     		.uleb128 0x225
 14401 024d 66350000 		.4byte	.LASF653
 14402 0251 05       		.byte	0x5
 14403 0252 A804     		.uleb128 0x228
 14404 0254 27600000 		.4byte	.LASF654
 14405 0258 05       		.byte	0x5
 14406 0259 AC04     		.uleb128 0x22c
 14407 025b 4A110000 		.4byte	.LASF655
 14408 025f 05       		.byte	0x5
ARM GAS  /var/folders/65/xyhbx3_n6nd_hs7j3p9nfwv80000gn/T//ccls3DQP.s 			page 266


 14409 0260 AE04     		.uleb128 0x22e
 14410 0262 7D370000 		.4byte	.LASF656
 14411 0266 05       		.byte	0x5
 14412 0267 D104     		.uleb128 0x251
 14413 0269 591F0000 		.4byte	.LASF657
 14414 026d 05       		.byte	0x5
 14415 026e D504     		.uleb128 0x255
 14416 0270 0F540000 		.4byte	.LASF658
 14417 0274 05       		.byte	0x5
 14418 0275 D904     		.uleb128 0x259
 14419 0277 9E6C0000 		.4byte	.LASF659
 14420 027b 05       		.byte	0x5
 14421 027c DD04     		.uleb128 0x25d
 14422 027e 90760000 		.4byte	.LASF660
 14423 0282 05       		.byte	0x5
 14424 0283 E104     		.uleb128 0x261
 14425 0285 468D0000 		.4byte	.LASF661
 14426 0289 05       		.byte	0x5
 14427 028a E504     		.uleb128 0x265
 14428 028c B01B0000 		.4byte	.LASF662
 14429 0290 05       		.byte	0x5
 14430 0291 E904     		.uleb128 0x269
 14431 0293 065D0000 		.4byte	.LASF663
 14432 0297 05       		.byte	0x5
 14433 0298 ED04     		.uleb128 0x26d
 14434 029a C7970000 		.4byte	.LASF664
 14435 029e 05       		.byte	0x5
 14436 029f F404     		.uleb128 0x274
 14437 02a1 025B0000 		.4byte	.LASF665
 14438 02a5 05       		.byte	0x5
 14439 02a6 F504     		.uleb128 0x275
 14440 02a8 FD7F0000 		.4byte	.LASF666
 14441 02ac 05       		.byte	0x5
 14442 02ad F604     		.uleb128 0x276
 14443 02af 98050000 		.4byte	.LASF667
 14444 02b3 05       		.byte	0x5
 14445 02b4 F704     		.uleb128 0x277
 14446 02b6 81880000 		.4byte	.LASF668
 14447 02ba 05       		.byte	0x5
 14448 02bb F804     		.uleb128 0x278
 14449 02bd C8440000 		.4byte	.LASF669
 14450 02c1 05       		.byte	0x5
 14451 02c2 8D05     		.uleb128 0x28d
 14452 02c4 8A2A0000 		.4byte	.LASF670
 14453 02c8 05       		.byte	0x5
 14454 02c9 8E05     		.uleb128 0x28e
 14455 02cb 77740000 		.4byte	.LASF671
 14456 02cf 05       		.byte	0x5
 14457 02d0 A005     		.uleb128 0x2a0
 14458 02d2 D41F0000 		.4byte	.LASF672
 14459 02d6 05       		.byte	0x5
 14460 02d7 A605     		.uleb128 0x2a6
 14461 02d9 7D5D0000 		.4byte	.LASF673
 14462 02dd 05       		.byte	0x5
 14463 02de A905     		.uleb128 0x2a9
 14464 02e0 D9850000 		.4byte	.LASF674
 14465 02e4 05       		.byte	0x5
ARM GAS  /var/folders/65/xyhbx3_n6nd_hs7j3p9nfwv80000gn/T//ccls3DQP.s 			page 267


 14466 02e5 AB05     		.uleb128 0x2ab
 14467 02e7 18480000 		.4byte	.LASF675
 14468 02eb 05       		.byte	0x5
 14469 02ec AF05     		.uleb128 0x2af
 14470 02ee 642F0000 		.4byte	.LASF676
 14471 02f2 05       		.byte	0x5
 14472 02f3 B105     		.uleb128 0x2b1
 14473 02f5 346A0000 		.4byte	.LASF677
 14474 02f9 05       		.byte	0x5
 14475 02fa B505     		.uleb128 0x2b5
 14476 02fc CA5E0000 		.4byte	.LASF678
 14477 0300 05       		.byte	0x5
 14478 0301 B805     		.uleb128 0x2b8
 14479 0303 912B0000 		.4byte	.LASF679
 14480 0307 05       		.byte	0x5
 14481 0308 BA05     		.uleb128 0x2ba
 14482 030a 54270000 		.4byte	.LASF680
 14483 030e 05       		.byte	0x5
 14484 030f BE05     		.uleb128 0x2be
 14485 0311 9D620000 		.4byte	.LASF681
 14486 0315 05       		.byte	0x5
 14487 0316 C005     		.uleb128 0x2c0
 14488 0318 5E420000 		.4byte	.LASF682
 14489 031c 05       		.byte	0x5
 14490 031d C205     		.uleb128 0x2c2
 14491 031f D4110000 		.4byte	.LASF683
 14492 0323 05       		.byte	0x5
 14493 0324 C605     		.uleb128 0x2c6
 14494 0326 C40C0000 		.4byte	.LASF684
 14495 032a 05       		.byte	0x5
 14496 032b C905     		.uleb128 0x2c9
 14497 032d BE740000 		.4byte	.LASF685
 14498 0331 05       		.byte	0x5
 14499 0332 CA05     		.uleb128 0x2ca
 14500 0334 9A480000 		.4byte	.LASF686
 14501 0338 00       		.byte	0
 14502              		.section	.debug_macro,"G",%progbits,wm4.stddef.h.39.b727a6c3269d9d6ef9fc646b721a8287,comdat
 14503              	.Ldebug_macro14:
 14504 0000 0400     		.2byte	0x4
 14505 0002 00       		.byte	0
 14506 0003 05       		.byte	0x5
 14507 0004 27       		.uleb128 0x27
 14508 0005 F57A0000 		.4byte	.LASF687
 14509 0009 05       		.byte	0x5
 14510 000a 28       		.uleb128 0x28
 14511 000b DE7E0000 		.4byte	.LASF688
 14512 000f 05       		.byte	0x5
 14513 0010 2A       		.uleb128 0x2a
 14514 0011 715C0000 		.4byte	.LASF689
 14515 0015 05       		.byte	0x5
 14516 0016 8301     		.uleb128 0x83
 14517 0018 06260000 		.4byte	.LASF690
 14518 001c 05       		.byte	0x5
 14519 001d 8401     		.uleb128 0x84
 14520 001f 700B0000 		.4byte	.LASF691
 14521 0023 05       		.byte	0x5
 14522 0024 8501     		.uleb128 0x85
ARM GAS  /var/folders/65/xyhbx3_n6nd_hs7j3p9nfwv80000gn/T//ccls3DQP.s 			page 268


 14523 0026 3F730000 		.4byte	.LASF692
 14524 002a 05       		.byte	0x5
 14525 002b 8601     		.uleb128 0x86
 14526 002d 17660000 		.4byte	.LASF693
 14527 0031 05       		.byte	0x5
 14528 0032 8701     		.uleb128 0x87
 14529 0034 3E650000 		.4byte	.LASF694
 14530 0038 05       		.byte	0x5
 14531 0039 8801     		.uleb128 0x88
 14532 003b 9A810000 		.4byte	.LASF695
 14533 003f 05       		.byte	0x5
 14534 0040 8901     		.uleb128 0x89
 14535 0042 42820000 		.4byte	.LASF696
 14536 0046 05       		.byte	0x5
 14537 0047 8A01     		.uleb128 0x8a
 14538 0049 FA1D0000 		.4byte	.LASF697
 14539 004d 05       		.byte	0x5
 14540 004e 8B01     		.uleb128 0x8b
 14541 0050 B4230000 		.4byte	.LASF698
 14542 0054 06       		.byte	0x6
 14543 0055 9B01     		.uleb128 0x9b
 14544 0057 EE610000 		.4byte	.LASF699
 14545 005b 06       		.byte	0x6
 14546 005c E701     		.uleb128 0xe7
 14547 005e 793C0000 		.4byte	.LASF562
 14548 0062 05       		.byte	0x5
 14549 0063 8402     		.uleb128 0x104
 14550 0065 580D0000 		.4byte	.LASF700
 14551 0069 05       		.byte	0x5
 14552 006a 8502     		.uleb128 0x105
 14553 006c D9080000 		.4byte	.LASF701
 14554 0070 05       		.byte	0x5
 14555 0071 8602     		.uleb128 0x106
 14556 0073 871C0000 		.4byte	.LASF702
 14557 0077 05       		.byte	0x5
 14558 0078 8702     		.uleb128 0x107
 14559 007a 056C0000 		.4byte	.LASF703
 14560 007e 05       		.byte	0x5
 14561 007f 8802     		.uleb128 0x108
 14562 0081 977D0000 		.4byte	.LASF704
 14563 0085 05       		.byte	0x5
 14564 0086 8902     		.uleb128 0x109
 14565 0088 AB810000 		.4byte	.LASF705
 14566 008c 05       		.byte	0x5
 14567 008d 8A02     		.uleb128 0x10a
 14568 008f EE4C0000 		.4byte	.LASF706
 14569 0093 05       		.byte	0x5
 14570 0094 8B02     		.uleb128 0x10b
 14571 0096 A37A0000 		.4byte	.LASF707
 14572 009a 05       		.byte	0x5
 14573 009b 8C02     		.uleb128 0x10c
 14574 009d C9290000 		.4byte	.LASF708
 14575 00a1 05       		.byte	0x5
 14576 00a2 8D02     		.uleb128 0x10d
 14577 00a4 88010000 		.4byte	.LASF709
 14578 00a8 05       		.byte	0x5
 14579 00a9 8E02     		.uleb128 0x10e
ARM GAS  /var/folders/65/xyhbx3_n6nd_hs7j3p9nfwv80000gn/T//ccls3DQP.s 			page 269


 14580 00ab 7E2E0000 		.4byte	.LASF710
 14581 00af 05       		.byte	0x5
 14582 00b0 8F02     		.uleb128 0x10f
 14583 00b2 55120000 		.4byte	.LASF711
 14584 00b6 05       		.byte	0x5
 14585 00b7 9002     		.uleb128 0x110
 14586 00b9 AA1F0000 		.4byte	.LASF712
 14587 00bd 05       		.byte	0x5
 14588 00be 9102     		.uleb128 0x111
 14589 00c0 7A3A0000 		.4byte	.LASF713
 14590 00c4 05       		.byte	0x5
 14591 00c5 9202     		.uleb128 0x112
 14592 00c7 CF480000 		.4byte	.LASF714
 14593 00cb 06       		.byte	0x6
 14594 00cc 9F02     		.uleb128 0x11f
 14595 00ce D53B0000 		.4byte	.LASF715
 14596 00d2 06       		.byte	0x6
 14597 00d3 D402     		.uleb128 0x154
 14598 00d5 F5720000 		.4byte	.LASF716
 14599 00d9 06       		.byte	0x6
 14600 00da 8603     		.uleb128 0x186
 14601 00dc 7A470000 		.4byte	.LASF563
 14602 00e0 05       		.byte	0x5
 14603 00e1 8B03     		.uleb128 0x18b
 14604 00e3 59710000 		.4byte	.LASF564
 14605 00e7 06       		.byte	0x6
 14606 00e8 9103     		.uleb128 0x191
 14607 00ea B0510000 		.4byte	.LASF565
 14608 00ee 05       		.byte	0x5
 14609 00ef 9603     		.uleb128 0x196
 14610 00f1 BC510000 		.4byte	.LASF717
 14611 00f5 05       		.byte	0x5
 14612 00f6 9B03     		.uleb128 0x19b
 14613 00f8 F6920000 		.4byte	.LASF718
 14614 00fc 00       		.byte	0
 14615              		.section	.debug_macro,"G",%progbits,wm4.stdarg.h.34.3a23a216c0c293b3d2ea2e89281481e6,comdat
 14616              	.Ldebug_macro15:
 14617 0000 0400     		.2byte	0x4
 14618 0002 00       		.byte	0
 14619 0003 06       		.byte	0x6
 14620 0004 22       		.uleb128 0x22
 14621 0005 01090000 		.4byte	.LASF720
 14622 0009 05       		.byte	0x5
 14623 000a 27       		.uleb128 0x27
 14624 000b 4D440000 		.4byte	.LASF721
 14625 000f 00       		.byte	0
 14626              		.section	.debug_macro,"G",%progbits,wm4.lock.h.2.1461d1fff82dffe8bfddc23307f6484f,comdat
 14627              	.Ldebug_macro16:
 14628 0000 0400     		.2byte	0x4
 14629 0002 00       		.byte	0
 14630 0003 05       		.byte	0x5
 14631 0004 02       		.uleb128 0x2
 14632 0005 67120000 		.4byte	.LASF726
 14633 0009 05       		.byte	0x5
 14634 000a 23       		.uleb128 0x23
 14635 000b 375A0000 		.4byte	.LASF727
 14636 000f 05       		.byte	0x5
ARM GAS  /var/folders/65/xyhbx3_n6nd_hs7j3p9nfwv80000gn/T//ccls3DQP.s 			page 270


 14637 0010 25       		.uleb128 0x25
 14638 0011 69360000 		.4byte	.LASF728
 14639 0015 05       		.byte	0x5
 14640 0016 27       		.uleb128 0x27
 14641 0017 DB790000 		.4byte	.LASF729
 14642 001b 05       		.byte	0x5
 14643 001c 2A       		.uleb128 0x2a
 14644 001d 61510000 		.4byte	.LASF730
 14645 0021 05       		.byte	0x5
 14646 0022 2C       		.uleb128 0x2c
 14647 0023 BD3C0000 		.4byte	.LASF731
 14648 0027 05       		.byte	0x5
 14649 0028 2E       		.uleb128 0x2e
 14650 0029 F9670000 		.4byte	.LASF732
 14651 002d 05       		.byte	0x5
 14652 002e 30       		.uleb128 0x30
 14653 002f 99820000 		.4byte	.LASF733
 14654 0033 05       		.byte	0x5
 14655 0034 32       		.uleb128 0x32
 14656 0035 A1110000 		.4byte	.LASF734
 14657 0039 05       		.byte	0x5
 14658 003a 34       		.uleb128 0x34
 14659 003b ED690000 		.4byte	.LASF735
 14660 003f 05       		.byte	0x5
 14661 0040 36       		.uleb128 0x36
 14662 0041 1A120000 		.4byte	.LASF736
 14663 0045 05       		.byte	0x5
 14664 0046 38       		.uleb128 0x38
 14665 0047 56150000 		.4byte	.LASF737
 14666 004b 05       		.byte	0x5
 14667 004c 3B       		.uleb128 0x3b
 14668 004d 066B0000 		.4byte	.LASF738
 14669 0051 05       		.byte	0x5
 14670 0052 3D       		.uleb128 0x3d
 14671 0053 2C570000 		.4byte	.LASF739
 14672 0057 00       		.byte	0
 14673              		.section	.debug_macro,"G",%progbits,wm4._types.h.125.5cf8a495f1f7ef36777ad868a1e32068,comdat
 14674              	.Ldebug_macro17:
 14675 0000 0400     		.2byte	0x4
 14676 0002 00       		.byte	0
 14677 0003 06       		.byte	0x6
 14678 0004 7D       		.uleb128 0x7d
 14679 0005 007D0000 		.4byte	.LASF740
 14680 0009 05       		.byte	0x5
 14681 000a 9001     		.uleb128 0x90
 14682 000c A9240000 		.4byte	.LASF741
 14683 0010 06       		.byte	0x6
 14684 0011 9201     		.uleb128 0x92
 14685 0013 6D610000 		.4byte	.LASF742
 14686 0017 05       		.byte	0x5
 14687 0018 9E01     		.uleb128 0x9e
 14688 001a 78080000 		.4byte	.LASF743
 14689 001e 00       		.byte	0
 14690              		.section	.debug_macro,"G",%progbits,wm4.stddef.h.155.3588ebfdd1e8c7ede80509bb9c3b8009,comdat
 14691              	.Ldebug_macro18:
 14692 0000 0400     		.2byte	0x4
 14693 0002 00       		.byte	0
ARM GAS  /var/folders/65/xyhbx3_n6nd_hs7j3p9nfwv80000gn/T//ccls3DQP.s 			page 271


 14694 0003 06       		.byte	0x6
 14695 0004 9B01     		.uleb128 0x9b
 14696 0006 EE610000 		.4byte	.LASF699
 14697 000a 06       		.byte	0x6
 14698 000b E701     		.uleb128 0xe7
 14699 000d 793C0000 		.4byte	.LASF562
 14700 0011 06       		.byte	0x6
 14701 0012 D402     		.uleb128 0x154
 14702 0014 F5720000 		.4byte	.LASF716
 14703 0018 05       		.byte	0x5
 14704 0019 D902     		.uleb128 0x159
 14705 001b A3020000 		.4byte	.LASF744
 14706 001f 06       		.byte	0x6
 14707 0020 E002     		.uleb128 0x160
 14708 0022 F8440000 		.4byte	.LASF745
 14709 0026 06       		.byte	0x6
 14710 0027 8603     		.uleb128 0x186
 14711 0029 7A470000 		.4byte	.LASF563
 14712 002d 05       		.byte	0x5
 14713 002e 8B03     		.uleb128 0x18b
 14714 0030 59710000 		.4byte	.LASF564
 14715 0034 06       		.byte	0x6
 14716 0035 9103     		.uleb128 0x191
 14717 0037 B0510000 		.4byte	.LASF565
 14718 003b 05       		.byte	0x5
 14719 003c 9603     		.uleb128 0x196
 14720 003e BC510000 		.4byte	.LASF717
 14721 0042 00       		.byte	0
 14722              		.section	.debug_macro,"G",%progbits,wm4._types.h.184.03611d4f6b5bec9997bcf4279eceba07,comdat
 14723              	.Ldebug_macro19:
 14724 0000 0400     		.2byte	0x4
 14725 0002 00       		.byte	0
 14726 0003 05       		.byte	0x5
 14727 0004 B801     		.uleb128 0xb8
 14728 0006 9B030000 		.4byte	.LASF746
 14729 000a 05       		.byte	0x5
 14730 000b C001     		.uleb128 0xc0
 14731 000d 511C0000 		.4byte	.LASF747
 14732 0011 05       		.byte	0x5
 14733 0012 C501     		.uleb128 0xc5
 14734 0014 BC5C0000 		.4byte	.LASF748
 14735 0018 05       		.byte	0x5
 14736 0019 CA01     		.uleb128 0xca
 14737 001b AD520000 		.4byte	.LASF749
 14738 001f 00       		.byte	0
 14739              		.section	.debug_macro,"G",%progbits,wm4.reent.h.17.90c2574d4acdcfce933db5cb09ff35fe,comdat
 14740              	.Ldebug_macro20:
 14741 0000 0400     		.2byte	0x4
 14742 0002 00       		.byte	0
 14743 0003 05       		.byte	0x5
 14744 0004 11       		.uleb128 0x11
 14745 0005 10480000 		.4byte	.LASF750
 14746 0009 05       		.byte	0x5
 14747 000a 15       		.uleb128 0x15
 14748 000b B3680000 		.4byte	.LASF751
 14749 000f 05       		.byte	0x5
 14750 0010 48       		.uleb128 0x48
ARM GAS  /var/folders/65/xyhbx3_n6nd_hs7j3p9nfwv80000gn/T//ccls3DQP.s 			page 272


 14751 0011 72160000 		.4byte	.LASF752
 14752 0015 05       		.byte	0x5
 14753 0016 64       		.uleb128 0x64
 14754 0017 3C740000 		.4byte	.LASF753
 14755 001b 05       		.byte	0x5
 14756 001c 6A       		.uleb128 0x6a
 14757 001d 28810000 		.4byte	.LASF754
 14758 0021 05       		.byte	0x5
 14759 0022 B201     		.uleb128 0xb2
 14760 0024 5D840000 		.4byte	.LASF755
 14761 0028 05       		.byte	0x5
 14762 0029 B802     		.uleb128 0x138
 14763 002b 217B0000 		.4byte	.LASF756
 14764 002f 05       		.byte	0x5
 14765 0030 B902     		.uleb128 0x139
 14766 0032 78490000 		.4byte	.LASF757
 14767 0036 05       		.byte	0x5
 14768 0037 BA02     		.uleb128 0x13a
 14769 0039 E9530000 		.4byte	.LASF758
 14770 003d 05       		.byte	0x5
 14771 003e BB02     		.uleb128 0x13b
 14772 0040 D44F0000 		.4byte	.LASF759
 14773 0044 05       		.byte	0x5
 14774 0045 BC02     		.uleb128 0x13c
 14775 0047 465B0000 		.4byte	.LASF760
 14776 004b 05       		.byte	0x5
 14777 004c BD02     		.uleb128 0x13d
 14778 004e A45C0000 		.4byte	.LASF761
 14779 0052 05       		.byte	0x5
 14780 0053 BE02     		.uleb128 0x13e
 14781 0055 D17A0000 		.4byte	.LASF762
 14782 0059 05       		.byte	0x5
 14783 005a CA02     		.uleb128 0x14a
 14784 005c FF190000 		.4byte	.LASF763
 14785 0060 05       		.byte	0x5
 14786 0061 CB02     		.uleb128 0x14b
 14787 0063 72900000 		.4byte	.LASF764
 14788 0067 05       		.byte	0x5
 14789 0068 CC02     		.uleb128 0x14c
 14790 006a 50810000 		.4byte	.LASF765
 14791 006e 05       		.byte	0x5
 14792 006f 9B05     		.uleb128 0x29b
 14793 0071 03640000 		.4byte	.LASF766
 14794 0075 05       		.byte	0x5
 14795 0076 B705     		.uleb128 0x2b7
 14796 0078 928C0000 		.4byte	.LASF767
 14797 007c 05       		.byte	0x5
 14798 007d BA05     		.uleb128 0x2ba
 14799 007f CA570000 		.4byte	.LASF768
 14800 0083 05       		.byte	0x5
 14801 0084 EA05     		.uleb128 0x2ea
 14802 0086 AC3E0000 		.4byte	.LASF769
 14803 008a 05       		.byte	0x5
 14804 008b F805     		.uleb128 0x2f8
 14805 008d 48020000 		.4byte	.LASF770
 14806 0091 05       		.byte	0x5
 14807 0092 F905     		.uleb128 0x2f9
ARM GAS  /var/folders/65/xyhbx3_n6nd_hs7j3p9nfwv80000gn/T//ccls3DQP.s 			page 273


 14808 0094 4E3A0000 		.4byte	.LASF771
 14809 0098 05       		.byte	0x5
 14810 0099 FA05     		.uleb128 0x2fa
 14811 009b 47320000 		.4byte	.LASF772
 14812 009f 05       		.byte	0x5
 14813 00a0 FB05     		.uleb128 0x2fb
 14814 00a2 AE120000 		.4byte	.LASF773
 14815 00a6 05       		.byte	0x5
 14816 00a7 FC05     		.uleb128 0x2fc
 14817 00a9 12260000 		.4byte	.LASF774
 14818 00ad 05       		.byte	0x5
 14819 00ae FD05     		.uleb128 0x2fd
 14820 00b0 11780000 		.4byte	.LASF775
 14821 00b4 05       		.byte	0x5
 14822 00b5 FE05     		.uleb128 0x2fe
 14823 00b7 03520000 		.4byte	.LASF776
 14824 00bb 05       		.byte	0x5
 14825 00bc 8006     		.uleb128 0x300
 14826 00be C9230000 		.4byte	.LASF777
 14827 00c2 05       		.byte	0x5
 14828 00c3 8106     		.uleb128 0x301
 14829 00c5 024F0000 		.4byte	.LASF778
 14830 00c9 05       		.byte	0x5
 14831 00ca 8206     		.uleb128 0x302
 14832 00cc E2360000 		.4byte	.LASF779
 14833 00d0 05       		.byte	0x5
 14834 00d1 8306     		.uleb128 0x303
 14835 00d3 995B0000 		.4byte	.LASF780
 14836 00d7 05       		.byte	0x5
 14837 00d8 8406     		.uleb128 0x304
 14838 00da A6220000 		.4byte	.LASF781
 14839 00de 05       		.byte	0x5
 14840 00df 8506     		.uleb128 0x305
 14841 00e1 96460000 		.4byte	.LASF782
 14842 00e5 05       		.byte	0x5
 14843 00e6 8606     		.uleb128 0x306
 14844 00e8 F4400000 		.4byte	.LASF783
 14845 00ec 05       		.byte	0x5
 14846 00ed 8706     		.uleb128 0x307
 14847 00ef 27630000 		.4byte	.LASF784
 14848 00f3 05       		.byte	0x5
 14849 00f4 8806     		.uleb128 0x308
 14850 00f6 0D7C0000 		.4byte	.LASF785
 14851 00fa 05       		.byte	0x5
 14852 00fb 8906     		.uleb128 0x309
 14853 00fd 9E600000 		.4byte	.LASF786
 14854 0101 05       		.byte	0x5
 14855 0102 8A06     		.uleb128 0x30a
 14856 0104 301B0000 		.4byte	.LASF787
 14857 0108 05       		.byte	0x5
 14858 0109 8B06     		.uleb128 0x30b
 14859 010b 25500000 		.4byte	.LASF788
 14860 010f 05       		.byte	0x5
 14861 0110 8C06     		.uleb128 0x30c
 14862 0112 816A0000 		.4byte	.LASF789
 14863 0116 05       		.byte	0x5
 14864 0117 8D06     		.uleb128 0x30d
ARM GAS  /var/folders/65/xyhbx3_n6nd_hs7j3p9nfwv80000gn/T//ccls3DQP.s 			page 274


 14865 0119 F3130000 		.4byte	.LASF790
 14866 011d 05       		.byte	0x5
 14867 011e 8E06     		.uleb128 0x30e
 14868 0120 17950000 		.4byte	.LASF791
 14869 0124 05       		.byte	0x5
 14870 0125 8F06     		.uleb128 0x30f
 14871 0127 FC500000 		.4byte	.LASF792
 14872 012b 05       		.byte	0x5
 14873 012c 9006     		.uleb128 0x310
 14874 012e 9C880000 		.4byte	.LASF793
 14875 0132 05       		.byte	0x5
 14876 0133 9106     		.uleb128 0x311
 14877 0135 FB5B0000 		.4byte	.LASF794
 14878 0139 05       		.byte	0x5
 14879 013a 9206     		.uleb128 0x312
 14880 013c 3E290000 		.4byte	.LASF795
 14881 0140 05       		.byte	0x5
 14882 0141 9306     		.uleb128 0x313
 14883 0143 E3830000 		.4byte	.LASF796
 14884 0147 05       		.byte	0x5
 14885 0148 9406     		.uleb128 0x314
 14886 014a A30D0000 		.4byte	.LASF797
 14887 014e 05       		.byte	0x5
 14888 014f 9506     		.uleb128 0x315
 14889 0151 2E010000 		.4byte	.LASF798
 14890 0155 05       		.byte	0x5
 14891 0156 9606     		.uleb128 0x316
 14892 0158 2E660000 		.4byte	.LASF799
 14893 015c 05       		.byte	0x5
 14894 015d 9706     		.uleb128 0x317
 14895 015f 93470000 		.4byte	.LASF800
 14896 0163 05       		.byte	0x5
 14897 0164 9B06     		.uleb128 0x31b
 14898 0166 F1320000 		.4byte	.LASF801
 14899 016a 05       		.byte	0x5
 14900 016b A306     		.uleb128 0x323
 14901 016d 424D0000 		.4byte	.LASF802
 14902 0171 05       		.byte	0x5
 14903 0172 AB06     		.uleb128 0x32b
 14904 0174 75770000 		.4byte	.LASF803
 14905 0178 05       		.byte	0x5
 14906 0179 BB06     		.uleb128 0x33b
 14907 017b E9500000 		.4byte	.LASF804
 14908 017f 05       		.byte	0x5
 14909 0180 BE06     		.uleb128 0x33e
 14910 0182 14350000 		.4byte	.LASF805
 14911 0186 05       		.byte	0x5
 14912 0187 C406     		.uleb128 0x344
 14913 0189 CA590000 		.4byte	.LASF806
 14914 018d 00       		.byte	0
 14915              		.section	.debug_macro,"G",%progbits,wm4.types.h.40.e8c16e7ec36ba55f133d0616070e25fc,comdat
 14916              	.Ldebug_macro21:
 14917 0000 0400     		.2byte	0x4
 14918 0002 00       		.byte	0
 14919 0003 05       		.byte	0x5
 14920 0004 28       		.uleb128 0x28
 14921 0005 FC340000 		.4byte	.LASF807
ARM GAS  /var/folders/65/xyhbx3_n6nd_hs7j3p9nfwv80000gn/T//ccls3DQP.s 			page 275


 14922 0009 05       		.byte	0x5
 14923 000a 3C       		.uleb128 0x3c
 14924 000b 643A0000 		.4byte	.LASF808
 14925 000f 00       		.byte	0
 14926              		.section	.debug_macro,"G",%progbits,wm4._stdint.h.10.c24fa3af3bc1706662bb5593a907e841,comdat
 14927              	.Ldebug_macro22:
 14928 0000 0400     		.2byte	0x4
 14929 0002 00       		.byte	0
 14930 0003 05       		.byte	0x5
 14931 0004 0A       		.uleb128 0xa
 14932 0005 67760000 		.4byte	.LASF809
 14933 0009 05       		.byte	0x5
 14934 000a 15       		.uleb128 0x15
 14935 000b 40940000 		.4byte	.LASF810
 14936 000f 05       		.byte	0x5
 14937 0010 19       		.uleb128 0x19
 14938 0011 731F0000 		.4byte	.LASF811
 14939 0015 05       		.byte	0x5
 14940 0016 1B       		.uleb128 0x1b
 14941 0017 49330000 		.4byte	.LASF812
 14942 001b 05       		.byte	0x5
 14943 001c 21       		.uleb128 0x21
 14944 001d 4D770000 		.4byte	.LASF813
 14945 0021 05       		.byte	0x5
 14946 0022 25       		.uleb128 0x25
 14947 0023 E92D0000 		.4byte	.LASF814
 14948 0027 05       		.byte	0x5
 14949 0028 27       		.uleb128 0x27
 14950 0029 C0410000 		.4byte	.LASF815
 14951 002d 05       		.byte	0x5
 14952 002e 2D       		.uleb128 0x2d
 14953 002f CF330000 		.4byte	.LASF816
 14954 0033 05       		.byte	0x5
 14955 0034 31       		.uleb128 0x31
 14956 0035 16870000 		.4byte	.LASF817
 14957 0039 05       		.byte	0x5
 14958 003a 33       		.uleb128 0x33
 14959 003b 4B970000 		.4byte	.LASF818
 14960 003f 05       		.byte	0x5
 14961 0040 39       		.uleb128 0x39
 14962 0041 D2940000 		.4byte	.LASF819
 14963 0045 05       		.byte	0x5
 14964 0046 3D       		.uleb128 0x3d
 14965 0047 EC350000 		.4byte	.LASF820
 14966 004b 05       		.byte	0x5
 14967 004c 3F       		.uleb128 0x3f
 14968 004d D2470000 		.4byte	.LASF821
 14969 0051 05       		.byte	0x5
 14970 0052 44       		.uleb128 0x44
 14971 0053 FA040000 		.4byte	.LASF822
 14972 0057 05       		.byte	0x5
 14973 0058 49       		.uleb128 0x49
 14974 0059 35350000 		.4byte	.LASF823
 14975 005d 05       		.byte	0x5
 14976 005e 4E       		.uleb128 0x4e
 14977 005f 1C710000 		.4byte	.LASF824
 14978 0063 05       		.byte	0x5
ARM GAS  /var/folders/65/xyhbx3_n6nd_hs7j3p9nfwv80000gn/T//ccls3DQP.s 			page 276


 14979 0064 53       		.uleb128 0x53
 14980 0065 F2470000 		.4byte	.LASF825
 14981 0069 00       		.byte	0
 14982              		.section	.debug_macro,"G",%progbits,wm4._endian.h.31.65a10590763c3dde1ac4a7f66d7d4891,comdat
 14983              	.Ldebug_macro23:
 14984 0000 0400     		.2byte	0x4
 14985 0002 00       		.byte	0
 14986 0003 05       		.byte	0x5
 14987 0004 1F       		.uleb128 0x1f
 14988 0005 E76E0000 		.4byte	.LASF827
 14989 0009 05       		.byte	0x5
 14990 000a 20       		.uleb128 0x20
 14991 000b 08280000 		.4byte	.LASF828
 14992 000f 05       		.byte	0x5
 14993 0010 21       		.uleb128 0x21
 14994 0011 08560000 		.4byte	.LASF829
 14995 0015 05       		.byte	0x5
 14996 0016 26       		.uleb128 0x26
 14997 0017 844A0000 		.4byte	.LASF830
 14998 001b 00       		.byte	0
 14999              		.section	.debug_macro,"G",%progbits,wm4.endian.h.9.49f3a4695c1b61e8a0808de3c4a106cb,comdat
 15000              	.Ldebug_macro24:
 15001 0000 0400     		.2byte	0x4
 15002 0002 00       		.byte	0
 15003 0003 05       		.byte	0x5
 15004 0004 09       		.uleb128 0x9
 15005 0005 A02E0000 		.4byte	.LASF831
 15006 0009 05       		.byte	0x5
 15007 000a 0A       		.uleb128 0xa
 15008 000b C44F0000 		.4byte	.LASF832
 15009 000f 05       		.byte	0x5
 15010 0010 11       		.uleb128 0x11
 15011 0011 7A8E0000 		.4byte	.LASF833
 15012 0015 05       		.byte	0x5
 15013 0016 12       		.uleb128 0x12
 15014 0017 7D0B0000 		.4byte	.LASF834
 15015 001b 05       		.byte	0x5
 15016 001c 13       		.uleb128 0x13
 15017 001d 30200000 		.4byte	.LASF835
 15018 0021 05       		.byte	0x5
 15019 0022 14       		.uleb128 0x14
 15020 0023 590B0000 		.4byte	.LASF836
 15021 0027 05       		.byte	0x5
 15022 0028 18       		.uleb128 0x18
 15023 0029 BE2C0000 		.4byte	.LASF837
 15024 002d 05       		.byte	0x5
 15025 002e 19       		.uleb128 0x19
 15026 002f B7790000 		.4byte	.LASF838
 15027 0033 05       		.byte	0x5
 15028 0034 1A       		.uleb128 0x1a
 15029 0035 4A860000 		.4byte	.LASF839
 15030 0039 05       		.byte	0x5
 15031 003a 39       		.uleb128 0x39
 15032 003b 713D0000 		.4byte	.LASF840
 15033 003f 05       		.byte	0x5
 15034 0040 3A       		.uleb128 0x3a
 15035 0041 C1730000 		.4byte	.LASF841
ARM GAS  /var/folders/65/xyhbx3_n6nd_hs7j3p9nfwv80000gn/T//ccls3DQP.s 			page 277


 15036 0045 05       		.byte	0x5
 15037 0046 3B       		.uleb128 0x3b
 15038 0047 343A0000 		.4byte	.LASF842
 15039 004b 05       		.byte	0x5
 15040 004c 3C       		.uleb128 0x3c
 15041 004d 1B650000 		.4byte	.LASF843
 15042 0051 00       		.byte	0
 15043              		.section	.debug_macro,"G",%progbits,wm4._timeval.h.30.0e8bfd94e85db17dda3286ee81496fe6,comdat
 15044              	.Ldebug_macro25:
 15045 0000 0400     		.2byte	0x4
 15046 0002 00       		.byte	0
 15047 0003 05       		.byte	0x5
 15048 0004 1E       		.uleb128 0x1e
 15049 0005 BE450000 		.4byte	.LASF846
 15050 0009 05       		.byte	0x5
 15051 000a 24       		.uleb128 0x24
 15052 000b 7F970000 		.4byte	.LASF847
 15053 000f 05       		.byte	0x5
 15054 0010 29       		.uleb128 0x29
 15055 0011 80290000 		.4byte	.LASF848
 15056 0015 05       		.byte	0x5
 15057 0016 2A       		.uleb128 0x2a
 15058 0017 1C160000 		.4byte	.LASF849
 15059 001b 05       		.byte	0x5
 15060 001c 2F       		.uleb128 0x2f
 15061 001d 57300000 		.4byte	.LASF850
 15062 0021 05       		.byte	0x5
 15063 0022 3C       		.uleb128 0x3c
 15064 0023 DD260000 		.4byte	.LASF851
 15065 0027 05       		.byte	0x5
 15066 0028 3D       		.uleb128 0x3d
 15067 0029 66960000 		.4byte	.LASF852
 15068 002d 05       		.byte	0x5
 15069 002e 3E       		.uleb128 0x3e
 15070 002f 207A0000 		.4byte	.LASF853
 15071 0033 05       		.byte	0x5
 15072 0034 42       		.uleb128 0x42
 15073 0035 A25D0000 		.4byte	.LASF854
 15074 0039 05       		.byte	0x5
 15075 003a 4B       		.uleb128 0x4b
 15076 003b EC300000 		.4byte	.LASF855
 15077 003f 00       		.byte	0
 15078              		.section	.debug_macro,"G",%progbits,wm4.timespec.h.41.d855182eb0e690443ab8651bcedca6e1,comdat
 15079              	.Ldebug_macro26:
 15080 0000 0400     		.2byte	0x4
 15081 0002 00       		.byte	0
 15082 0003 05       		.byte	0x5
 15083 0004 29       		.uleb128 0x29
 15084 0005 D23D0000 		.4byte	.LASF858
 15085 0009 05       		.byte	0x5
 15086 000a 2E       		.uleb128 0x2e
 15087 000b CA900000 		.4byte	.LASF859
 15088 000f 00       		.byte	0
 15089              		.section	.debug_macro,"G",%progbits,wm4.select.h.19.97ca6fd0c752a0f3b6719fd314d361e6,comdat
 15090              	.Ldebug_macro27:
 15091 0000 0400     		.2byte	0x4
 15092 0002 00       		.byte	0
ARM GAS  /var/folders/65/xyhbx3_n6nd_hs7j3p9nfwv80000gn/T//ccls3DQP.s 			page 278


 15093 0003 05       		.byte	0x5
 15094 0004 13       		.uleb128 0x13
 15095 0005 2E160000 		.4byte	.LASF860
 15096 0009 05       		.byte	0x5
 15097 000a 17       		.uleb128 0x17
 15098 000b B14F0000 		.4byte	.LASF861
 15099 000f 05       		.byte	0x5
 15100 0010 1F       		.uleb128 0x1f
 15101 0011 31690000 		.4byte	.LASF862
 15102 0015 05       		.byte	0x5
 15103 0016 23       		.uleb128 0x23
 15104 0017 098A0000 		.4byte	.LASF863
 15105 001b 05       		.byte	0x5
 15106 001c 25       		.uleb128 0x25
 15107 001d 422F0000 		.4byte	.LASF864
 15108 0021 05       		.byte	0x5
 15109 0022 2E       		.uleb128 0x2e
 15110 0023 CD360000 		.4byte	.LASF865
 15111 0027 05       		.byte	0x5
 15112 0028 30       		.uleb128 0x30
 15113 0029 F5240000 		.4byte	.LASF866
 15114 002d 05       		.byte	0x5
 15115 002e 31       		.uleb128 0x31
 15116 002f 7E340000 		.4byte	.LASF867
 15117 0033 05       		.byte	0x5
 15118 0034 32       		.uleb128 0x32
 15119 0035 2E0E0000 		.4byte	.LASF868
 15120 0039 05       		.byte	0x5
 15121 003a 33       		.uleb128 0x33
 15122 003b 4A2D0000 		.4byte	.LASF869
 15123 003f 00       		.byte	0
 15124              		.section	.debug_macro,"G",%progbits,wm4.types.h.69.ed3eae3cf73030a737515151ebcab7a1,comdat
 15125              	.Ldebug_macro28:
 15126 0000 0400     		.2byte	0x4
 15127 0002 00       		.byte	0
 15128 0003 05       		.byte	0x5
 15129 0004 45       		.uleb128 0x45
 15130 0005 E6080000 		.4byte	.LASF870
 15131 0009 05       		.byte	0x5
 15132 000a 46       		.uleb128 0x46
 15133 000b 33090000 		.4byte	.LASF871
 15134 000f 05       		.byte	0x5
 15135 0010 4A       		.uleb128 0x4a
 15136 0011 F4770000 		.4byte	.LASF872
 15137 0015 05       		.byte	0x5
 15138 0016 4F       		.uleb128 0x4f
 15139 0017 ED370000 		.4byte	.LASF873
 15140 001b 05       		.byte	0x5
 15141 001c 58       		.uleb128 0x58
 15142 001d E2810000 		.4byte	.LASF874
 15143 0021 05       		.byte	0x5
 15144 0022 5C       		.uleb128 0x5c
 15145 0023 C37C0000 		.4byte	.LASF875
 15146 0027 05       		.byte	0x5
 15147 0028 60       		.uleb128 0x60
 15148 0029 086F0000 		.4byte	.LASF876
 15149 002d 05       		.byte	0x5
ARM GAS  /var/folders/65/xyhbx3_n6nd_hs7j3p9nfwv80000gn/T//ccls3DQP.s 			page 279


 15150 002e 64       		.uleb128 0x64
 15151 002f EB180000 		.4byte	.LASF877
 15152 0033 05       		.byte	0x5
 15153 0034 66       		.uleb128 0x66
 15154 0035 8C7C0000 		.4byte	.LASF878
 15155 0039 05       		.byte	0x5
 15156 003a 72       		.uleb128 0x72
 15157 003b 1A360000 		.4byte	.LASF879
 15158 003f 05       		.byte	0x5
 15159 0040 77       		.uleb128 0x77
 15160 0041 DD8E0000 		.4byte	.LASF880
 15161 0045 05       		.byte	0x5
 15162 0046 7C       		.uleb128 0x7c
 15163 0047 D25A0000 		.4byte	.LASF881
 15164 004b 05       		.byte	0x5
 15165 004c 7D       		.uleb128 0x7d
 15166 004d 886F0000 		.4byte	.LASF882
 15167 0051 05       		.byte	0x5
 15168 0052 8801     		.uleb128 0x88
 15169 0054 AF750000 		.4byte	.LASF883
 15170 0058 05       		.byte	0x5
 15171 0059 8C01     		.uleb128 0x8c
 15172 005b E55A0000 		.4byte	.LASF884
 15173 005f 05       		.byte	0x5
 15174 0060 9201     		.uleb128 0x92
 15175 0062 971A0000 		.4byte	.LASF885
 15176 0066 05       		.byte	0x5
 15177 0067 9701     		.uleb128 0x97
 15178 0069 0D190000 		.4byte	.LASF886
 15179 006d 05       		.byte	0x5
 15180 006e 9C01     		.uleb128 0x9c
 15181 0070 39860000 		.4byte	.LASF887
 15182 0074 05       		.byte	0x5
 15183 0075 AE01     		.uleb128 0xae
 15184 0077 56820000 		.4byte	.LASF888
 15185 007b 05       		.byte	0x5
 15186 007c B201     		.uleb128 0xb2
 15187 007e 743E0000 		.4byte	.LASF889
 15188 0082 05       		.byte	0x5
 15189 0083 B601     		.uleb128 0xb6
 15190 0085 35610000 		.4byte	.LASF890
 15191 0089 05       		.byte	0x5
 15192 008a BA01     		.uleb128 0xba
 15193 008c 6A720000 		.4byte	.LASF891
 15194 0090 05       		.byte	0x5
 15195 0091 BF01     		.uleb128 0xbf
 15196 0093 B3570000 		.4byte	.LASF892
 15197 0097 05       		.byte	0x5
 15198 0098 C401     		.uleb128 0xc4
 15199 009a E5380000 		.4byte	.LASF893
 15200 009e 05       		.byte	0x5
 15201 009f C901     		.uleb128 0xc9
 15202 00a1 007B0000 		.4byte	.LASF894
 15203 00a5 05       		.byte	0x5
 15204 00a6 CE01     		.uleb128 0xce
 15205 00a8 AD690000 		.4byte	.LASF895
 15206 00ac 05       		.byte	0x5
ARM GAS  /var/folders/65/xyhbx3_n6nd_hs7j3p9nfwv80000gn/T//ccls3DQP.s 			page 280


 15207 00ad D301     		.uleb128 0xd3
 15208 00af 415C0000 		.4byte	.LASF896
 15209 00b3 05       		.byte	0x5
 15210 00b4 D801     		.uleb128 0xd8
 15211 00b6 51960000 		.4byte	.LASF897
 15212 00ba 05       		.byte	0x5
 15213 00bb D901     		.uleb128 0xd9
 15214 00bd F94D0000 		.4byte	.LASF898
 15215 00c1 05       		.byte	0x5
 15216 00c2 DE01     		.uleb128 0xde
 15217 00c4 9B860000 		.4byte	.LASF899
 15218 00c8 05       		.byte	0x5
 15219 00c9 DF01     		.uleb128 0xdf
 15220 00cb 73710000 		.4byte	.LASF900
 15221 00cf 05       		.byte	0x5
 15222 00d0 E401     		.uleb128 0xe4
 15223 00d2 A30A0000 		.4byte	.LASF901
 15224 00d6 00       		.byte	0
 15225              		.section	.debug_macro,"G",%progbits,wm4.sched.h.22.c60982713a5c428609783c78f9c78d95,comdat
 15226              	.Ldebug_macro29:
 15227 0000 0400     		.2byte	0x4
 15228 0002 00       		.byte	0
 15229 0003 05       		.byte	0x5
 15230 0004 16       		.uleb128 0x16
 15231 0005 7B240000 		.4byte	.LASF903
 15232 0009 05       		.byte	0x5
 15233 000a 23       		.uleb128 0x23
 15234 000b D0450000 		.4byte	.LASF904
 15235 000f 05       		.byte	0x5
 15236 0010 26       		.uleb128 0x26
 15237 0011 AA890000 		.4byte	.LASF905
 15238 0015 05       		.byte	0x5
 15239 0016 27       		.uleb128 0x27
 15240 0017 F1160000 		.4byte	.LASF906
 15241 001b 00       		.byte	0
 15242              		.section	.debug_macro,"G",%progbits,wm4._pthreadtypes.h.36.fcee9961c35163dde6267ef772ad1972,comdat
 15243              	.Ldebug_macro30:
 15244 0000 0400     		.2byte	0x4
 15245 0002 00       		.byte	0
 15246 0003 05       		.byte	0x5
 15247 0004 24       		.uleb128 0x24
 15248 0005 36100000 		.4byte	.LASF907
 15249 0009 05       		.byte	0x5
 15250 000a 25       		.uleb128 0x25
 15251 000b EA4A0000 		.4byte	.LASF908
 15252 000f 05       		.byte	0x5
 15253 0010 28       		.uleb128 0x28
 15254 0011 DC0F0000 		.4byte	.LASF909
 15255 0015 05       		.byte	0x5
 15256 0016 2B       		.uleb128 0x2b
 15257 0017 C6720000 		.4byte	.LASF910
 15258 001b 05       		.byte	0x5
 15259 001c 2E       		.uleb128 0x2e
 15260 001d D04A0000 		.4byte	.LASF911
 15261 0021 05       		.byte	0x5
 15262 0022 2F       		.uleb128 0x2f
 15263 0023 AF830000 		.4byte	.LASF912
ARM GAS  /var/folders/65/xyhbx3_n6nd_hs7j3p9nfwv80000gn/T//ccls3DQP.s 			page 281


 15264 0027 05       		.byte	0x5
 15265 0028 AC01     		.uleb128 0xac
 15266 002a 37830000 		.4byte	.LASF913
 15267 002e 05       		.byte	0x5
 15268 002f B201     		.uleb128 0xb2
 15269 0031 DE2B0000 		.4byte	.LASF914
 15270 0035 05       		.byte	0x5
 15271 0036 C501     		.uleb128 0xc5
 15272 0038 278B0000 		.4byte	.LASF915
 15273 003c 00       		.byte	0
 15274              		.section	.debug_macro,"G",%progbits,wm4.stdio.h.2.4aa87247282eca6c8f36f9de33d8df1a,comdat
 15275              	.Ldebug_macro31:
 15276 0000 0400     		.2byte	0x4
 15277 0002 00       		.byte	0
 15278 0003 05       		.byte	0x5
 15279 0004 02       		.uleb128 0x2
 15280 0005 C0990000 		.4byte	.LASF918
 15281 0009 05       		.byte	0x5
 15282 000a 0D       		.uleb128 0xd
 15283 000b 2A870000 		.4byte	.LASF919
 15284 000f 05       		.byte	0x5
 15285 0010 15       		.uleb128 0x15
 15286 0011 F42F0000 		.4byte	.LASF920
 15287 0015 00       		.byte	0
 15288              		.section	.debug_macro,"G",%progbits,wm4.stdio.h.81.932d0c162786b883f622b8d05c120c78,comdat
 15289              	.Ldebug_macro32:
 15290 0000 0400     		.2byte	0x4
 15291 0002 00       		.byte	0
 15292 0003 05       		.byte	0x5
 15293 0004 51       		.uleb128 0x51
 15294 0005 C4540000 		.4byte	.LASF921
 15295 0009 05       		.byte	0x5
 15296 000a 52       		.uleb128 0x52
 15297 000b 198B0000 		.4byte	.LASF922
 15298 000f 05       		.byte	0x5
 15299 0010 53       		.uleb128 0x53
 15300 0011 371F0000 		.4byte	.LASF923
 15301 0015 05       		.byte	0x5
 15302 0016 54       		.uleb128 0x54
 15303 0017 6C430000 		.4byte	.LASF924
 15304 001b 05       		.byte	0x5
 15305 001c 56       		.uleb128 0x56
 15306 001d D0950000 		.4byte	.LASF925
 15307 0021 05       		.byte	0x5
 15308 0022 57       		.uleb128 0x57
 15309 0023 5F790000 		.4byte	.LASF926
 15310 0027 05       		.byte	0x5
 15311 0028 58       		.uleb128 0x58
 15312 0029 01540000 		.4byte	.LASF927
 15313 002d 05       		.byte	0x5
 15314 002e 59       		.uleb128 0x59
 15315 002f 8D830000 		.4byte	.LASF928
 15316 0033 05       		.byte	0x5
 15317 0034 5A       		.uleb128 0x5a
 15318 0035 397B0000 		.4byte	.LASF929
 15319 0039 05       		.byte	0x5
 15320 003a 5B       		.uleb128 0x5b
ARM GAS  /var/folders/65/xyhbx3_n6nd_hs7j3p9nfwv80000gn/T//ccls3DQP.s 			page 282


 15321 003b 97740000 		.4byte	.LASF930
 15322 003f 05       		.byte	0x5
 15323 0040 5C       		.uleb128 0x5c
 15324 0041 3A6E0000 		.4byte	.LASF931
 15325 0045 05       		.byte	0x5
 15326 0046 5D       		.uleb128 0x5d
 15327 0047 643C0000 		.4byte	.LASF932
 15328 004b 05       		.byte	0x5
 15329 004c 5E       		.uleb128 0x5e
 15330 004d 285B0000 		.4byte	.LASF933
 15331 0051 05       		.byte	0x5
 15332 0052 5F       		.uleb128 0x5f
 15333 0053 A4060000 		.4byte	.LASF934
 15334 0057 05       		.byte	0x5
 15335 0058 63       		.uleb128 0x63
 15336 0059 C90B0000 		.4byte	.LASF935
 15337 005d 05       		.byte	0x5
 15338 005e 66       		.uleb128 0x66
 15339 005f 5D410000 		.4byte	.LASF936
 15340 0063 05       		.byte	0x5
 15341 0064 67       		.uleb128 0x67
 15342 0065 27020000 		.4byte	.LASF937
 15343 0069 05       		.byte	0x5
 15344 006a 72       		.uleb128 0x72
 15345 006b 84910000 		.4byte	.LASF938
 15346 006f 05       		.byte	0x5
 15347 0070 73       		.uleb128 0x73
 15348 0071 05900000 		.4byte	.LASF939
 15349 0075 05       		.byte	0x5
 15350 0076 74       		.uleb128 0x74
 15351 0077 DE450000 		.4byte	.LASF940
 15352 007b 05       		.byte	0x5
 15353 007c 76       		.uleb128 0x76
 15354 007d 98570000 		.4byte	.LASF941
 15355 0081 05       		.byte	0x5
 15356 0082 7B       		.uleb128 0x7b
 15357 0083 2A150000 		.4byte	.LASF942
 15358 0087 05       		.byte	0x5
 15359 0088 8101     		.uleb128 0x81
 15360 008a E8720000 		.4byte	.LASF943
 15361 008e 05       		.byte	0x5
 15362 008f 8701     		.uleb128 0x87
 15363 0091 BE950000 		.4byte	.LASF944
 15364 0095 05       		.byte	0x5
 15365 0096 8D01     		.uleb128 0x8d
 15366 0098 43170000 		.4byte	.LASF945
 15367 009c 05       		.byte	0x5
 15368 009d 9101     		.uleb128 0x91
 15369 009f A01B0000 		.4byte	.LASF946
 15370 00a3 05       		.byte	0x5
 15371 00a4 9501     		.uleb128 0x95
 15372 00a6 320C0000 		.4byte	.LASF947
 15373 00aa 05       		.byte	0x5
 15374 00ab 9801     		.uleb128 0x98
 15375 00ad 12600000 		.4byte	.LASF948
 15376 00b1 05       		.byte	0x5
 15377 00b2 9B01     		.uleb128 0x9b
ARM GAS  /var/folders/65/xyhbx3_n6nd_hs7j3p9nfwv80000gn/T//ccls3DQP.s 			page 283


 15378 00b4 EE4D0000 		.4byte	.LASF949
 15379 00b8 05       		.byte	0x5
 15380 00b9 9E01     		.uleb128 0x9e
 15381 00bb E50D0000 		.4byte	.LASF950
 15382 00bf 05       		.byte	0x5
 15383 00c0 A001     		.uleb128 0xa0
 15384 00c2 E2960000 		.4byte	.LASF951
 15385 00c6 05       		.byte	0x5
 15386 00c7 A101     		.uleb128 0xa1
 15387 00c9 D6150000 		.4byte	.LASF952
 15388 00cd 05       		.byte	0x5
 15389 00ce A201     		.uleb128 0xa2
 15390 00d0 18000000 		.4byte	.LASF953
 15391 00d4 05       		.byte	0x5
 15392 00d5 A401     		.uleb128 0xa4
 15393 00d7 7D990000 		.4byte	.LASF954
 15394 00db 05       		.byte	0x5
 15395 00dc A501     		.uleb128 0xa5
 15396 00de A4800000 		.4byte	.LASF955
 15397 00e2 05       		.byte	0x5
 15398 00e3 A601     		.uleb128 0xa6
 15399 00e5 97990000 		.4byte	.LASF956
 15400 00e9 05       		.byte	0x5
 15401 00ea AE01     		.uleb128 0xae
 15402 00ec 1B090000 		.4byte	.LASF957
 15403 00f0 05       		.byte	0x5
 15404 00f1 E904     		.uleb128 0x269
 15405 00f3 837E0000 		.4byte	.LASF958
 15406 00f7 05       		.byte	0x5
 15407 00f8 EB04     		.uleb128 0x26b
 15408 00fa 08800000 		.4byte	.LASF959
 15409 00fe 05       		.byte	0x5
 15410 00ff 8E05     		.uleb128 0x28e
 15411 0101 204A0000 		.4byte	.LASF960
 15412 0105 05       		.byte	0x5
 15413 0106 AB05     		.uleb128 0x2ab
 15414 0108 D1990000 		.4byte	.LASF961
 15415 010c 05       		.byte	0x5
 15416 010d CF05     		.uleb128 0x2cf
 15417 010f 5F750000 		.4byte	.LASF962
 15418 0113 05       		.byte	0x5
 15419 0114 D005     		.uleb128 0x2d0
 15420 0116 14030000 		.4byte	.LASF963
 15421 011a 05       		.byte	0x5
 15422 011b D105     		.uleb128 0x2d1
 15423 011d 3E180000 		.4byte	.LASF964
 15424 0121 05       		.byte	0x5
 15425 0122 D205     		.uleb128 0x2d2
 15426 0124 067F0000 		.4byte	.LASF965
 15427 0128 05       		.byte	0x5
 15428 0129 D605     		.uleb128 0x2d6
 15429 012b 01030000 		.4byte	.LASF966
 15430 012f 05       		.byte	0x5
 15431 0130 D705     		.uleb128 0x2d7
 15432 0132 5F130000 		.4byte	.LASF967
 15433 0136 05       		.byte	0x5
 15434 0137 D805     		.uleb128 0x2d8
ARM GAS  /var/folders/65/xyhbx3_n6nd_hs7j3p9nfwv80000gn/T//ccls3DQP.s 			page 284


 15435 0139 C3920000 		.4byte	.LASF968
 15436 013d 05       		.byte	0x5
 15437 013e DB05     		.uleb128 0x2db
 15438 0140 D22E0000 		.4byte	.LASF969
 15439 0144 05       		.byte	0x5
 15440 0145 DC05     		.uleb128 0x2dc
 15441 0147 C9050000 		.4byte	.LASF970
 15442 014b 05       		.byte	0x5
 15443 014c DD05     		.uleb128 0x2dd
 15444 014e 171C0000 		.4byte	.LASF971
 15445 0152 05       		.byte	0x5
 15446 0153 FF05     		.uleb128 0x2ff
 15447 0155 438B0000 		.4byte	.LASF972
 15448 0159 05       		.byte	0x5
 15449 015a 8006     		.uleb128 0x300
 15450 015c 3A640000 		.4byte	.LASF973
 15451 0160 05       		.byte	0x5
 15452 0161 8606     		.uleb128 0x306
 15453 0163 A0550000 		.4byte	.LASF974
 15454 0167 05       		.byte	0x5
 15455 0168 8E06     		.uleb128 0x30e
 15456 016a D51C0000 		.4byte	.LASF975
 15457 016e 00       		.byte	0
 15458              		.section	.debug_macro,"G",%progbits,wm4.stdlib.h.13.4ed386f5c1a80d71e72172885d946ef2,comdat
 15459              	.Ldebug_macro33:
 15460 0000 0400     		.2byte	0x4
 15461 0002 00       		.byte	0
 15462 0003 05       		.byte	0x5
 15463 0004 0D       		.uleb128 0xd
 15464 0005 193B0000 		.4byte	.LASF529
 15465 0009 05       		.byte	0x5
 15466 000a 0E       		.uleb128 0xe
 15467 000b F07C0000 		.4byte	.LASF977
 15468 000f 05       		.byte	0x5
 15469 0010 0F       		.uleb128 0xf
 15470 0011 CE700000 		.4byte	.LASF530
 15471 0015 00       		.byte	0
 15472              		.section	.debug_macro,"G",%progbits,wm4.stddef.h.155.ba788add86a0e365f264484f110c3c29,comdat
 15473              	.Ldebug_macro34:
 15474 0000 0400     		.2byte	0x4
 15475 0002 00       		.byte	0
 15476 0003 06       		.byte	0x6
 15477 0004 9B01     		.uleb128 0x9b
 15478 0006 EE610000 		.4byte	.LASF699
 15479 000a 06       		.byte	0x6
 15480 000b E701     		.uleb128 0xe7
 15481 000d 793C0000 		.4byte	.LASF562
 15482 0011 06       		.byte	0x6
 15483 0012 D402     		.uleb128 0x154
 15484 0014 F5720000 		.4byte	.LASF716
 15485 0018 06       		.byte	0x6
 15486 0019 8603     		.uleb128 0x186
 15487 001b 7A470000 		.4byte	.LASF563
 15488 001f 05       		.byte	0x5
 15489 0020 8B03     		.uleb128 0x18b
 15490 0022 59710000 		.4byte	.LASF564
 15491 0026 06       		.byte	0x6
ARM GAS  /var/folders/65/xyhbx3_n6nd_hs7j3p9nfwv80000gn/T//ccls3DQP.s 			page 285


 15492 0027 9103     		.uleb128 0x191
 15493 0029 B0510000 		.4byte	.LASF565
 15494 002d 05       		.byte	0x5
 15495 002e 9603     		.uleb128 0x196
 15496 0030 BC510000 		.4byte	.LASF717
 15497 0034 00       		.byte	0
 15498              		.section	.debug_macro,"G",%progbits,wm4.alloca.h.8.dfc0c703c47ec3e69746825b17d9e66d,comdat
 15499              	.Ldebug_macro35:
 15500 0000 0400     		.2byte	0x4
 15501 0002 00       		.byte	0
 15502 0003 05       		.byte	0x5
 15503 0004 08       		.uleb128 0x8
 15504 0005 71530000 		.4byte	.LASF979
 15505 0009 06       		.byte	0x6
 15506 000a 0D       		.uleb128 0xd
 15507 000b 99000000 		.4byte	.LASF980
 15508 000f 05       		.byte	0x5
 15509 0010 10       		.uleb128 0x10
 15510 0011 32430000 		.4byte	.LASF981
 15511 0015 00       		.byte	0
 15512              		.section	.debug_macro,"G",%progbits,wm4.stdlib.h.56.d4493cd3736e51e9d56335045f26df45,comdat
 15513              	.Ldebug_macro36:
 15514 0000 0400     		.2byte	0x4
 15515 0002 00       		.byte	0
 15516 0003 05       		.byte	0x5
 15517 0004 38       		.uleb128 0x38
 15518 0005 DE630000 		.4byte	.LASF982
 15519 0009 05       		.byte	0x5
 15520 000a 3C       		.uleb128 0x3c
 15521 000b 7A8D0000 		.4byte	.LASF983
 15522 000f 05       		.byte	0x5
 15523 0010 3D       		.uleb128 0x3d
 15524 0011 66660000 		.4byte	.LASF984
 15525 0015 05       		.byte	0x5
 15526 0016 3F       		.uleb128 0x3f
 15527 0017 116E0000 		.4byte	.LASF985
 15528 001b 05       		.byte	0x5
 15529 001c 43       		.uleb128 0x43
 15530 001d 700C0000 		.4byte	.LASF986
 15531 0021 05       		.byte	0x5
 15532 0022 A501     		.uleb128 0xa5
 15533 0024 FB640000 		.4byte	.LASF987
 15534 0028 00       		.byte	0
 15535              		.section	.debug_macro,"G",%progbits,wm4.stdarg.h.31.3fa7b8f6daaa31edd1696c08c77f2a73,comdat
 15536              	.Ldebug_macro37:
 15537 0000 0400     		.2byte	0x4
 15538 0002 00       		.byte	0
 15539 0003 05       		.byte	0x5
 15540 0004 1F       		.uleb128 0x1f
 15541 0005 16530000 		.4byte	.LASF988
 15542 0009 05       		.byte	0x5
 15543 000a 20       		.uleb128 0x20
 15544 000b D72F0000 		.4byte	.LASF989
 15545 000f 06       		.byte	0x6
 15546 0010 22       		.uleb128 0x22
 15547 0011 01090000 		.4byte	.LASF720
 15548 0015 05       		.byte	0x5
ARM GAS  /var/folders/65/xyhbx3_n6nd_hs7j3p9nfwv80000gn/T//ccls3DQP.s 			page 286


 15549 0016 2F       		.uleb128 0x2f
 15550 0017 283B0000 		.4byte	.LASF990
 15551 001b 05       		.byte	0x5
 15552 001c 30       		.uleb128 0x30
 15553 001d A76E0000 		.4byte	.LASF991
 15554 0021 05       		.byte	0x5
 15555 0022 31       		.uleb128 0x31
 15556 0023 5E730000 		.4byte	.LASF992
 15557 0027 05       		.byte	0x5
 15558 0028 34       		.uleb128 0x34
 15559 0029 384F0000 		.4byte	.LASF993
 15560 002d 05       		.byte	0x5
 15561 002e 36       		.uleb128 0x36
 15562 002f AB080000 		.4byte	.LASF994
 15563 0033 05       		.byte	0x5
 15564 0034 69       		.uleb128 0x69
 15565 0035 CA380000 		.4byte	.LASF995
 15566 0039 05       		.byte	0x5
 15567 003a 6C       		.uleb128 0x6c
 15568 003b EB840000 		.4byte	.LASF996
 15569 003f 05       		.byte	0x5
 15570 0040 72       		.uleb128 0x72
 15571 0041 7F870000 		.4byte	.LASF997
 15572 0045 05       		.byte	0x5
 15573 0046 75       		.uleb128 0x75
 15574 0047 76130000 		.4byte	.LASF998
 15575 004b 00       		.byte	0
 15576              		.section	.debug_macro,"G",%progbits,wm4.string.h.8.c4b8571ce60dff2817f43fec8b86aecd,comdat
 15577              	.Ldebug_macro38:
 15578 0000 0400     		.2byte	0x4
 15579 0002 00       		.byte	0
 15580 0003 05       		.byte	0x5
 15581 0004 08       		.uleb128 0x8
 15582 0005 835A0000 		.4byte	.LASF999
 15583 0009 05       		.byte	0x5
 15584 000a 0F       		.uleb128 0xf
 15585 000b 193B0000 		.4byte	.LASF529
 15586 000f 05       		.byte	0x5
 15587 0010 10       		.uleb128 0x10
 15588 0011 CE700000 		.4byte	.LASF530
 15589 0015 00       		.byte	0
 15590              		.section	.debug_macro,"G",%progbits,wm4.math.h.13.adb102f7bd7860b1f241e149d6914a1e,comdat
 15591              	.Ldebug_macro39:
 15592 0000 0400     		.2byte	0x4
 15593 0002 00       		.byte	0
 15594 0003 05       		.byte	0x5
 15595 0004 0D       		.uleb128 0xd
 15596 0005 7D200000 		.4byte	.LASF1003
 15597 0009 05       		.byte	0x5
 15598 000a 13       		.uleb128 0x13
 15599 000b 440A0000 		.4byte	.LASF1004
 15600 000f 05       		.byte	0x5
 15601 0010 17       		.uleb128 0x17
 15602 0011 01440000 		.4byte	.LASF1005
 15603 0015 05       		.byte	0x5
 15604 0016 1B       		.uleb128 0x1b
 15605 0017 6B030000 		.4byte	.LASF1006
ARM GAS  /var/folders/65/xyhbx3_n6nd_hs7j3p9nfwv80000gn/T//ccls3DQP.s 			page 287


 15606 001b 05       		.byte	0x5
 15607 001c 1F       		.uleb128 0x1f
 15608 001d DE8B0000 		.4byte	.LASF1007
 15609 0021 05       		.byte	0x5
 15610 0022 23       		.uleb128 0x23
 15611 0023 29780000 		.4byte	.LASF1008
 15612 0027 05       		.byte	0x5
 15613 0028 9101     		.uleb128 0x91
 15614 002a 1C9A0000 		.4byte	.LASF1009
 15615 002e 05       		.byte	0x5
 15616 002f 9201     		.uleb128 0x92
 15617 0031 B3380000 		.4byte	.LASF1010
 15618 0035 06       		.byte	0x6
 15619 0036 A801     		.uleb128 0xa8
 15620 0038 012A0000 		.4byte	.LASF1011
 15621 003c 05       		.byte	0x5
 15622 003d AB01     		.uleb128 0xab
 15623 003f 10740000 		.4byte	.LASF1012
 15624 0043 05       		.byte	0x5
 15625 0044 AC01     		.uleb128 0xac
 15626 0046 B60C0000 		.4byte	.LASF1013
 15627 004a 05       		.byte	0x5
 15628 004b AD01     		.uleb128 0xad
 15629 004d 1D600000 		.4byte	.LASF1014
 15630 0051 05       		.byte	0x5
 15631 0052 AE01     		.uleb128 0xae
 15632 0054 67820000 		.4byte	.LASF1015
 15633 0058 05       		.byte	0x5
 15634 0059 AF01     		.uleb128 0xaf
 15635 005b 92290000 		.4byte	.LASF1016
 15636 005f 05       		.byte	0x5
 15637 0060 B201     		.uleb128 0xb2
 15638 0062 978A0000 		.4byte	.LASF1017
 15639 0066 05       		.byte	0x5
 15640 0067 B501     		.uleb128 0xb5
 15641 0069 30840000 		.4byte	.LASF1018
 15642 006d 05       		.byte	0x5
 15643 006e B901     		.uleb128 0xb9
 15644 0070 9E280000 		.4byte	.LASF1019
 15645 0074 05       		.byte	0x5
 15646 0075 BC01     		.uleb128 0xbc
 15647 0077 52000000 		.4byte	.LASF1020
 15648 007b 05       		.byte	0x5
 15649 007c BF01     		.uleb128 0xbf
 15650 007e 9E770000 		.4byte	.LASF1021
 15651 0082 05       		.byte	0x5
 15652 0083 D301     		.uleb128 0xd3
 15653 0085 0A1E0000 		.4byte	.LASF1022
 15654 0089 05       		.byte	0x5
 15655 008a D701     		.uleb128 0xd7
 15656 008c 771B0000 		.4byte	.LASF1023
 15657 0090 05       		.byte	0x5
 15658 0091 DA01     		.uleb128 0xda
 15659 0093 B0210000 		.4byte	.LASF1024
 15660 0097 05       		.byte	0x5
 15661 0098 DD01     		.uleb128 0xdd
 15662 009a 8D910000 		.4byte	.LASF1025
ARM GAS  /var/folders/65/xyhbx3_n6nd_hs7j3p9nfwv80000gn/T//ccls3DQP.s 			page 288


 15663 009e 05       		.byte	0x5
 15664 009f DF01     		.uleb128 0xdf
 15665 00a1 3E5F0000 		.4byte	.LASF1026
 15666 00a5 05       		.byte	0x5
 15667 00a6 F401     		.uleb128 0xf4
 15668 00a8 FF610000 		.4byte	.LASF1027
 15669 00ac 05       		.byte	0x5
 15670 00ad 8402     		.uleb128 0x104
 15671 00af 2A560000 		.4byte	.LASF1028
 15672 00b3 05       		.byte	0x5
 15673 00b4 8502     		.uleb128 0x105
 15674 00b6 1E550000 		.4byte	.LASF1029
 15675 00ba 05       		.byte	0x5
 15676 00bb 8602     		.uleb128 0x106
 15677 00bd FC140000 		.4byte	.LASF1030
 15678 00c1 05       		.byte	0x5
 15679 00c2 8702     		.uleb128 0x107
 15680 00c4 DB930000 		.4byte	.LASF1031
 15681 00c8 05       		.byte	0x5
 15682 00c9 8802     		.uleb128 0x108
 15683 00cb 632C0000 		.4byte	.LASF1032
 15684 00cf 05       		.byte	0x5
 15685 00d0 8902     		.uleb128 0x109
 15686 00d2 988D0000 		.4byte	.LASF1033
 15687 00d6 05       		.byte	0x5
 15688 00d7 CD02     		.uleb128 0x14d
 15689 00d9 38510000 		.4byte	.LASF1034
 15690 00dd 05       		.byte	0x5
 15691 00de B404     		.uleb128 0x234
 15692 00e0 672E0000 		.4byte	.LASF1035
 15693 00e4 05       		.byte	0x5
 15694 00e5 B804     		.uleb128 0x238
 15695 00e7 A2100000 		.4byte	.LASF1036
 15696 00eb 05       		.byte	0x5
 15697 00ec D504     		.uleb128 0x255
 15698 00ee 82160000 		.4byte	.LASF1037
 15699 00f2 05       		.byte	0x5
 15700 00f3 D604     		.uleb128 0x256
 15701 00f5 1F240000 		.4byte	.LASF1038
 15702 00f9 05       		.byte	0x5
 15703 00fa D704     		.uleb128 0x257
 15704 00fc 97120000 		.4byte	.LASF1039
 15705 0100 05       		.byte	0x5
 15706 0101 D804     		.uleb128 0x258
 15707 0103 995F0000 		.4byte	.LASF1040
 15708 0107 05       		.byte	0x5
 15709 0108 D904     		.uleb128 0x259
 15710 010a C0870000 		.4byte	.LASF1041
 15711 010e 05       		.byte	0x5
 15712 010f DA04     		.uleb128 0x25a
 15713 0111 8D030000 		.4byte	.LASF1042
 15714 0115 05       		.byte	0x5
 15715 0116 E204     		.uleb128 0x262
 15716 0118 05080000 		.4byte	.LASF1043
 15717 011c 05       		.byte	0x5
 15718 011d E404     		.uleb128 0x264
 15719 011f A6200000 		.4byte	.LASF1044
ARM GAS  /var/folders/65/xyhbx3_n6nd_hs7j3p9nfwv80000gn/T//ccls3DQP.s 			page 289


 15720 0123 05       		.byte	0x5
 15721 0124 E504     		.uleb128 0x265
 15722 0126 477B0000 		.4byte	.LASF1045
 15723 012a 05       		.byte	0x5
 15724 012b E604     		.uleb128 0x266
 15725 012d ED740000 		.4byte	.LASF1046
 15726 0131 05       		.byte	0x5
 15727 0132 E704     		.uleb128 0x267
 15728 0134 0D750000 		.4byte	.LASF1047
 15729 0138 05       		.byte	0x5
 15730 0139 E804     		.uleb128 0x268
 15731 013b 04200000 		.4byte	.LASF1048
 15732 013f 05       		.byte	0x5
 15733 0140 E904     		.uleb128 0x269
 15734 0142 B56B0000 		.4byte	.LASF1049
 15735 0146 05       		.byte	0x5
 15736 0147 EA04     		.uleb128 0x26a
 15737 0149 AC5E0000 		.4byte	.LASF1050
 15738 014d 05       		.byte	0x5
 15739 014e EB04     		.uleb128 0x26b
 15740 0150 4E700000 		.4byte	.LASF1051
 15741 0154 05       		.byte	0x5
 15742 0155 EC04     		.uleb128 0x26c
 15743 0157 D70B0000 		.4byte	.LASF1052
 15744 015b 05       		.byte	0x5
 15745 015c ED04     		.uleb128 0x26d
 15746 015e BF680000 		.4byte	.LASF1053
 15747 0162 05       		.byte	0x5
 15748 0163 EE04     		.uleb128 0x26e
 15749 0165 FE800000 		.4byte	.LASF1054
 15750 0169 05       		.byte	0x5
 15751 016a EF04     		.uleb128 0x26f
 15752 016c 29220000 		.4byte	.LASF1055
 15753 0170 05       		.byte	0x5
 15754 0171 F004     		.uleb128 0x270
 15755 0173 0E900000 		.4byte	.LASF1056
 15756 0177 05       		.byte	0x5
 15757 0178 F604     		.uleb128 0x276
 15758 017a D01D0000 		.4byte	.LASF1057
 15759 017e 05       		.byte	0x5
 15760 017f F704     		.uleb128 0x277
 15761 0181 6D630000 		.4byte	.LASF1058
 15762 0185 05       		.byte	0x5
 15763 0186 F804     		.uleb128 0x278
 15764 0188 194B0000 		.4byte	.LASF1059
 15765 018c 05       		.byte	0x5
 15766 018d F904     		.uleb128 0x279
 15767 018f 63650000 		.4byte	.LASF1060
 15768 0193 05       		.byte	0x5
 15769 0194 FA04     		.uleb128 0x27a
 15770 0196 FB4F0000 		.4byte	.LASF1061
 15771 019a 05       		.byte	0x5
 15772 019b FB04     		.uleb128 0x27b
 15773 019d 8B890000 		.4byte	.LASF1062
 15774 01a1 05       		.byte	0x5
 15775 01a2 FC04     		.uleb128 0x27c
 15776 01a4 47930000 		.4byte	.LASF1063
ARM GAS  /var/folders/65/xyhbx3_n6nd_hs7j3p9nfwv80000gn/T//ccls3DQP.s 			page 290


 15777 01a8 05       		.byte	0x5
 15778 01a9 FD04     		.uleb128 0x27d
 15779 01ab F66A0000 		.4byte	.LASF1064
 15780 01af 05       		.byte	0x5
 15781 01b0 FE04     		.uleb128 0x27e
 15782 01b2 65320000 		.4byte	.LASF1065
 15783 01b6 05       		.byte	0x5
 15784 01b7 8A05     		.uleb128 0x28a
 15785 01b9 AA760000 		.4byte	.LASF1066
 15786 01bd 05       		.byte	0x5
 15787 01be 8B05     		.uleb128 0x28b
 15788 01c0 0A630000 		.4byte	.LASF1067
 15789 01c4 05       		.byte	0x5
 15790 01c5 8F05     		.uleb128 0x28f
 15791 01c7 DB8F0000 		.4byte	.LASF1068
 15792 01cb 05       		.byte	0x5
 15793 01cc 9005     		.uleb128 0x290
 15794 01ce EF1F0000 		.4byte	.LASF1069
 15795 01d2 05       		.byte	0x5
 15796 01d3 9105     		.uleb128 0x291
 15797 01d5 7F460000 		.4byte	.LASF1070
 15798 01d9 05       		.byte	0x5
 15799 01da 9205     		.uleb128 0x292
 15800 01dc 257F0000 		.4byte	.LASF1071
 15801 01e0 00       		.byte	0
 15802              		.section	.debug_macro,"G",%progbits,wm4.float.h.29.0e9d9baf95ec39f9555dc80c6e28186b,comdat
 15803              	.Ldebug_macro40:
 15804 0000 0400     		.2byte	0x4
 15805 0002 00       		.byte	0
 15806 0003 05       		.byte	0x5
 15807 0004 1D       		.uleb128 0x1d
 15808 0005 22980000 		.4byte	.LASF1072
 15809 0009 06       		.byte	0x6
 15810 000a 20       		.uleb128 0x20
 15811 000b CB1C0000 		.4byte	.LASF1073
 15812 000f 05       		.byte	0x5
 15813 0010 21       		.uleb128 0x21
 15814 0011 C9490000 		.4byte	.LASF1074
 15815 0015 06       		.byte	0x6
 15816 0016 24       		.uleb128 0x24
 15817 0017 79480000 		.4byte	.LASF1075
 15818 001b 06       		.byte	0x6
 15819 001c 25       		.uleb128 0x25
 15820 001d 81190000 		.4byte	.LASF1076
 15821 0021 06       		.byte	0x6
 15822 0022 26       		.uleb128 0x26
 15823 0023 5C330000 		.4byte	.LASF1077
 15824 0027 05       		.byte	0x5
 15825 0028 27       		.uleb128 0x27
 15826 0029 D3190000 		.4byte	.LASF1078
 15827 002d 05       		.byte	0x5
 15828 002e 28       		.uleb128 0x28
 15829 002f 20390000 		.4byte	.LASF1079
 15830 0033 05       		.byte	0x5
 15831 0034 29       		.uleb128 0x29
 15832 0035 C2960000 		.4byte	.LASF1080
 15833 0039 06       		.byte	0x6
ARM GAS  /var/folders/65/xyhbx3_n6nd_hs7j3p9nfwv80000gn/T//ccls3DQP.s 			page 291


 15834 003a 32       		.uleb128 0x32
 15835 003b 1A060000 		.4byte	.LASF1081
 15836 003f 06       		.byte	0x6
 15837 0040 33       		.uleb128 0x33
 15838 0041 B0910000 		.4byte	.LASF1082
 15839 0045 06       		.byte	0x6
 15840 0046 34       		.uleb128 0x34
 15841 0047 F98E0000 		.4byte	.LASF1083
 15842 004b 05       		.byte	0x5
 15843 004c 35       		.uleb128 0x35
 15844 004d 9E7F0000 		.4byte	.LASF1084
 15845 0051 05       		.byte	0x5
 15846 0052 36       		.uleb128 0x36
 15847 0053 2A5F0000 		.4byte	.LASF1085
 15848 0057 05       		.byte	0x5
 15849 0058 37       		.uleb128 0x37
 15850 0059 631A0000 		.4byte	.LASF1086
 15851 005d 06       		.byte	0x6
 15852 005e 3A       		.uleb128 0x3a
 15853 005f 5D8F0000 		.4byte	.LASF1087
 15854 0063 06       		.byte	0x6
 15855 0064 3B       		.uleb128 0x3b
 15856 0065 8C260000 		.4byte	.LASF1088
 15857 0069 06       		.byte	0x6
 15858 006a 3C       		.uleb128 0x3c
 15859 006b 3C680000 		.4byte	.LASF1089
 15860 006f 05       		.byte	0x5
 15861 0070 3D       		.uleb128 0x3d
 15862 0071 870D0000 		.4byte	.LASF1090
 15863 0075 05       		.byte	0x5
 15864 0076 3E       		.uleb128 0x3e
 15865 0077 100A0000 		.4byte	.LASF1091
 15866 007b 05       		.byte	0x5
 15867 007c 3F       		.uleb128 0x3f
 15868 007d EA3B0000 		.4byte	.LASF1092
 15869 0081 06       		.byte	0x6
 15870 0082 46       		.uleb128 0x46
 15871 0083 417E0000 		.4byte	.LASF1093
 15872 0087 06       		.byte	0x6
 15873 0088 47       		.uleb128 0x47
 15874 0089 95250000 		.4byte	.LASF1094
 15875 008d 06       		.byte	0x6
 15876 008e 48       		.uleb128 0x48
 15877 008f 4C7D0000 		.4byte	.LASF1095
 15878 0093 05       		.byte	0x5
 15879 0094 49       		.uleb128 0x49
 15880 0095 B4020000 		.4byte	.LASF1096
 15881 0099 05       		.byte	0x5
 15882 009a 4A       		.uleb128 0x4a
 15883 009b 2C2A0000 		.4byte	.LASF1097
 15884 009f 05       		.byte	0x5
 15885 00a0 4B       		.uleb128 0x4b
 15886 00a1 51140000 		.4byte	.LASF1098
 15887 00a5 06       		.byte	0x6
 15888 00a6 4E       		.uleb128 0x4e
 15889 00a7 59680000 		.4byte	.LASF1099
 15890 00ab 06       		.byte	0x6
ARM GAS  /var/folders/65/xyhbx3_n6nd_hs7j3p9nfwv80000gn/T//ccls3DQP.s 			page 292


 15891 00ac 4F       		.uleb128 0x4f
 15892 00ad 72340000 		.4byte	.LASF1100
 15893 00b1 06       		.byte	0x6
 15894 00b2 50       		.uleb128 0x50
 15895 00b3 FB700000 		.4byte	.LASF1101
 15896 00b7 05       		.byte	0x5
 15897 00b8 51       		.uleb128 0x51
 15898 00b9 009A0000 		.4byte	.LASF1102
 15899 00bd 05       		.byte	0x5
 15900 00be 52       		.uleb128 0x52
 15901 00bf F60A0000 		.4byte	.LASF1103
 15902 00c3 05       		.byte	0x5
 15903 00c4 53       		.uleb128 0x53
 15904 00c5 E1060000 		.4byte	.LASF1104
 15905 00c9 06       		.byte	0x6
 15906 00ca 5A       		.uleb128 0x5a
 15907 00cb 84470000 		.4byte	.LASF1105
 15908 00cf 06       		.byte	0x6
 15909 00d0 5B       		.uleb128 0x5b
 15910 00d1 6B8C0000 		.4byte	.LASF1106
 15911 00d5 06       		.byte	0x6
 15912 00d6 5C       		.uleb128 0x5c
 15913 00d7 06470000 		.4byte	.LASF1107
 15914 00db 05       		.byte	0x5
 15915 00dc 5D       		.uleb128 0x5d
 15916 00dd 3E390000 		.4byte	.LASF1108
 15917 00e1 05       		.byte	0x5
 15918 00e2 5E       		.uleb128 0x5e
 15919 00e3 CB370000 		.4byte	.LASF1109
 15920 00e7 05       		.byte	0x5
 15921 00e8 5F       		.uleb128 0x5f
 15922 00e9 89660000 		.4byte	.LASF1110
 15923 00ed 06       		.byte	0x6
 15924 00ee 65       		.uleb128 0x65
 15925 00ef 36150000 		.4byte	.LASF1111
 15926 00f3 06       		.byte	0x6
 15927 00f4 66       		.uleb128 0x66
 15928 00f5 946D0000 		.4byte	.LASF1112
 15929 00f9 06       		.byte	0x6
 15930 00fa 67       		.uleb128 0x67
 15931 00fb A66B0000 		.4byte	.LASF1113
 15932 00ff 05       		.byte	0x5
 15933 0100 68       		.uleb128 0x68
 15934 0101 911C0000 		.4byte	.LASF1114
 15935 0105 05       		.byte	0x5
 15936 0106 69       		.uleb128 0x69
 15937 0107 6A260000 		.4byte	.LASF1115
 15938 010b 05       		.byte	0x5
 15939 010c 6A       		.uleb128 0x6a
 15940 010d 8C3E0000 		.4byte	.LASF1116
 15941 0111 06       		.byte	0x6
 15942 0112 6E       		.uleb128 0x6e
 15943 0113 DB7C0000 		.4byte	.LASF1117
 15944 0117 06       		.byte	0x6
 15945 0118 6F       		.uleb128 0x6f
 15946 0119 087E0000 		.4byte	.LASF1118
 15947 011d 06       		.byte	0x6
ARM GAS  /var/folders/65/xyhbx3_n6nd_hs7j3p9nfwv80000gn/T//ccls3DQP.s 			page 293


 15948 011e 70       		.uleb128 0x70
 15949 011f A3950000 		.4byte	.LASF1119
 15950 0123 05       		.byte	0x5
 15951 0124 71       		.uleb128 0x71
 15952 0125 894B0000 		.4byte	.LASF1120
 15953 0129 05       		.byte	0x5
 15954 012a 72       		.uleb128 0x72
 15955 012b 28280000 		.4byte	.LASF1121
 15956 012f 05       		.byte	0x5
 15957 0130 73       		.uleb128 0x73
 15958 0131 BC7B0000 		.4byte	.LASF1122
 15959 0135 06       		.byte	0x6
 15960 0136 76       		.uleb128 0x76
 15961 0137 CD3B0000 		.4byte	.LASF1123
 15962 013b 06       		.byte	0x6
 15963 013c 77       		.uleb128 0x77
 15964 013d 7D230000 		.4byte	.LASF1124
 15965 0141 06       		.byte	0x6
 15966 0142 78       		.uleb128 0x78
 15967 0143 B5950000 		.4byte	.LASF1125
 15968 0147 05       		.byte	0x5
 15969 0148 79       		.uleb128 0x79
 15970 0149 FA310000 		.4byte	.LASF1126
 15971 014d 05       		.byte	0x5
 15972 014e 7A       		.uleb128 0x7a
 15973 014f 4A4B0000 		.4byte	.LASF1127
 15974 0153 05       		.byte	0x5
 15975 0154 7B       		.uleb128 0x7b
 15976 0155 0F640000 		.4byte	.LASF1128
 15977 0159 06       		.byte	0x6
 15978 015a 7F       		.uleb128 0x7f
 15979 015b 3E050000 		.4byte	.LASF1129
 15980 015f 05       		.byte	0x5
 15981 0160 8001     		.uleb128 0x80
 15982 0162 CA660000 		.4byte	.LASF1130
 15983 0166 06       		.byte	0x6
 15984 0167 C101     		.uleb128 0xc1
 15985 0169 012A0000 		.4byte	.LASF1011
 15986 016d 05       		.byte	0x5
 15987 016e C501     		.uleb128 0xc5
 15988 0170 1C9A0000 		.4byte	.LASF1009
 15989 0174 06       		.byte	0x6
 15990 0175 D001     		.uleb128 0xd0
 15991 0177 194D0000 		.4byte	.LASF1131
 15992 017b 05       		.byte	0x5
 15993 017c D101     		.uleb128 0xd1
 15994 017e 71830000 		.4byte	.LASF1132
 15995 0182 06       		.byte	0x6
 15996 0183 D801     		.uleb128 0xd8
 15997 0185 B5320000 		.4byte	.LASF1133
 15998 0189 06       		.byte	0x6
 15999 018a D901     		.uleb128 0xd9
 16000 018c DB730000 		.4byte	.LASF1134
 16001 0190 06       		.byte	0x6
 16002 0191 DA01     		.uleb128 0xda
 16003 0193 AA6D0000 		.4byte	.LASF1135
 16004 0197 05       		.byte	0x5
ARM GAS  /var/folders/65/xyhbx3_n6nd_hs7j3p9nfwv80000gn/T//ccls3DQP.s 			page 294


 16005 0198 DB01     		.uleb128 0xdb
 16006 019a FE6F0000 		.4byte	.LASF1136
 16007 019e 05       		.byte	0x5
 16008 019f DC01     		.uleb128 0xdc
 16009 01a1 69050000 		.4byte	.LASF1137
 16010 01a5 05       		.byte	0x5
 16011 01a6 DD01     		.uleb128 0xdd
 16012 01a8 052B0000 		.4byte	.LASF1138
 16013 01ac 06       		.byte	0x6
 16014 01ad E001     		.uleb128 0xe0
 16015 01af 675F0000 		.4byte	.LASF1139
 16016 01b3 06       		.byte	0x6
 16017 01b4 E101     		.uleb128 0xe1
 16018 01b6 4C910000 		.4byte	.LASF1140
 16019 01ba 06       		.byte	0x6
 16020 01bb E201     		.uleb128 0xe2
 16021 01bd 54920000 		.4byte	.LASF1141
 16022 01c1 05       		.byte	0x5
 16023 01c2 E301     		.uleb128 0xe3
 16024 01c4 156D0000 		.4byte	.LASF1142
 16025 01c8 05       		.byte	0x5
 16026 01c9 E401     		.uleb128 0xe4
 16027 01cb 27340000 		.4byte	.LASF1143
 16028 01cf 05       		.byte	0x5
 16029 01d0 E501     		.uleb128 0xe5
 16030 01d2 F3330000 		.4byte	.LASF1144
 16031 01d6 06       		.byte	0x6
 16032 01d7 E801     		.uleb128 0xe8
 16033 01d9 3F090000 		.4byte	.LASF1145
 16034 01dd 06       		.byte	0x6
 16035 01de E901     		.uleb128 0xe9
 16036 01e0 7F780000 		.4byte	.LASF1146
 16037 01e4 06       		.byte	0x6
 16038 01e5 EA01     		.uleb128 0xea
 16039 01e7 47900000 		.4byte	.LASF1147
 16040 01eb 05       		.byte	0x5
 16041 01ec EB01     		.uleb128 0xeb
 16042 01ee 0E050000 		.4byte	.LASF1148
 16043 01f2 05       		.byte	0x5
 16044 01f3 EC01     		.uleb128 0xec
 16045 01f5 6C700000 		.4byte	.LASF1149
 16046 01f9 05       		.byte	0x5
 16047 01fa ED01     		.uleb128 0xed
 16048 01fc CD460000 		.4byte	.LASF1150
 16049 0200 00       		.byte	0
 16050              		.section	.debug_macro,"G",%progbits,wm4.syslimits.h.38.a5cadcb164df32bfe95032c693331b67,comdat
 16051              	.Ldebug_macro41:
 16052 0000 0400     		.2byte	0x4
 16053 0002 00       		.byte	0
 16054 0003 05       		.byte	0x5
 16055 0004 26       		.uleb128 0x26
 16056 0005 020D0000 		.4byte	.LASF1154
 16057 0009 05       		.byte	0x5
 16058 000a 28       		.uleb128 0x28
 16059 000b 7D2B0000 		.4byte	.LASF1155
 16060 000f 05       		.byte	0x5
 16061 0010 2A       		.uleb128 0x2a
ARM GAS  /var/folders/65/xyhbx3_n6nd_hs7j3p9nfwv80000gn/T//ccls3DQP.s 			page 295


 16062 0011 17920000 		.4byte	.LASF1156
 16063 0015 05       		.byte	0x5
 16064 0016 2C       		.uleb128 0x2c
 16065 0017 22720000 		.4byte	.LASF1157
 16066 001b 05       		.byte	0x5
 16067 001c 2D       		.uleb128 0x2d
 16068 001d 85650000 		.4byte	.LASF1158
 16069 0021 05       		.byte	0x5
 16070 0022 2E       		.uleb128 0x2e
 16071 0023 FA490000 		.4byte	.LASF1159
 16072 0027 05       		.byte	0x5
 16073 0028 2F       		.uleb128 0x2f
 16074 0029 DE400000 		.4byte	.LASF1160
 16075 002d 05       		.byte	0x5
 16076 002e 30       		.uleb128 0x30
 16077 002f E5940000 		.4byte	.LASF1161
 16078 0033 05       		.byte	0x5
 16079 0034 32       		.uleb128 0x32
 16080 0035 96970000 		.4byte	.LASF1162
 16081 0039 05       		.byte	0x5
 16082 003a 34       		.uleb128 0x34
 16083 003b F8250000 		.4byte	.LASF1163
 16084 003f 05       		.byte	0x5
 16085 0040 35       		.uleb128 0x35
 16086 0041 1A730000 		.4byte	.LASF1164
 16087 0045 05       		.byte	0x5
 16088 0046 36       		.uleb128 0x36
 16089 0047 17830000 		.4byte	.LASF1165
 16090 004b 05       		.byte	0x5
 16091 004c 38       		.uleb128 0x38
 16092 004d 7D180000 		.4byte	.LASF1166
 16093 0051 05       		.byte	0x5
 16094 0052 39       		.uleb128 0x39
 16095 0053 A7300000 		.4byte	.LASF1167
 16096 0057 05       		.byte	0x5
 16097 0058 3A       		.uleb128 0x3a
 16098 0059 2E050000 		.4byte	.LASF1168
 16099 005d 05       		.byte	0x5
 16100 005e 3B       		.uleb128 0x3b
 16101 005f 4C790000 		.4byte	.LASF1169
 16102 0063 05       		.byte	0x5
 16103 0064 3C       		.uleb128 0x3c
 16104 0065 EB800000 		.4byte	.LASF1170
 16105 0069 05       		.byte	0x5
 16106 006a 3D       		.uleb128 0x3d
 16107 006b C13D0000 		.4byte	.LASF1171
 16108 006f 05       		.byte	0x5
 16109 0070 3E       		.uleb128 0x3e
 16110 0071 6C470000 		.4byte	.LASF1172
 16111 0075 05       		.byte	0x5
 16112 0076 3F       		.uleb128 0x3f
 16113 0077 F25F0000 		.4byte	.LASF1173
 16114 007b 00       		.byte	0
 16115              		.section	.debug_macro,"G",%progbits,wm4.limits.h.9.70fb0ada6f71b16202a66baaa6d8ea70,comdat
 16116              	.Ldebug_macro42:
 16117 0000 0400     		.2byte	0x4
 16118 0002 00       		.byte	0
ARM GAS  /var/folders/65/xyhbx3_n6nd_hs7j3p9nfwv80000gn/T//ccls3DQP.s 			page 296


 16119 0003 05       		.byte	0x5
 16120 0004 09       		.uleb128 0x9
 16121 0005 03970000 		.4byte	.LASF1174
 16122 0009 05       		.byte	0x5
 16123 000a 10       		.uleb128 0x10
 16124 000b 56030000 		.4byte	.LASF1175
 16125 000f 05       		.byte	0x5
 16126 0010 8A01     		.uleb128 0x8a
 16127 0012 E4700000 		.4byte	.LASF1176
 16128 0016 00       		.byte	0
 16129              		.section	.debug_macro,"G",%progbits,wm4.limits.h.60.56a1ae353e2028a24298ec6463b8b593,comdat
 16130              	.Ldebug_macro43:
 16131 0000 0400     		.2byte	0x4
 16132 0002 00       		.byte	0
 16133 0003 05       		.byte	0x5
 16134 0004 3C       		.uleb128 0x3c
 16135 0005 137B0000 		.4byte	.LASF1178
 16136 0009 06       		.byte	0x6
 16137 000a 3F       		.uleb128 0x3f
 16138 000b 13820000 		.4byte	.LASF1179
 16139 000f 05       		.byte	0x5
 16140 0010 40       		.uleb128 0x40
 16141 0011 DE1E0000 		.4byte	.LASF1180
 16142 0015 06       		.byte	0x6
 16143 0016 48       		.uleb128 0x48
 16144 0017 F37F0000 		.4byte	.LASF1181
 16145 001b 05       		.byte	0x5
 16146 001c 49       		.uleb128 0x49
 16147 001d 0C690000 		.4byte	.LASF1182
 16148 0021 06       		.byte	0x6
 16149 0022 4A       		.uleb128 0x4a
 16150 0023 24660000 		.4byte	.LASF1183
 16151 0027 05       		.byte	0x5
 16152 0028 4B       		.uleb128 0x4b
 16153 0029 A73A0000 		.4byte	.LASF1184
 16154 002d 06       		.byte	0x6
 16155 002e 4E       		.uleb128 0x4e
 16156 002f DD6E0000 		.4byte	.LASF1185
 16157 0033 05       		.byte	0x5
 16158 0034 52       		.uleb128 0x52
 16159 0035 AB050000 		.4byte	.LASF1186
 16160 0039 06       		.byte	0x6
 16161 003a 57       		.uleb128 0x57
 16162 003b D58B0000 		.4byte	.LASF1187
 16163 003f 05       		.byte	0x5
 16164 0040 5B       		.uleb128 0x5b
 16165 0041 E5910000 		.4byte	.LASF1188
 16166 0045 06       		.byte	0x6
 16167 0046 5D       		.uleb128 0x5d
 16168 0047 9E290000 		.4byte	.LASF1189
 16169 004b 05       		.byte	0x5
 16170 004c 5E       		.uleb128 0x5e
 16171 004d 9F900000 		.4byte	.LASF1190
 16172 0051 06       		.byte	0x6
 16173 0052 67       		.uleb128 0x67
 16174 0053 5E2A0000 		.4byte	.LASF1191
 16175 0057 05       		.byte	0x5
ARM GAS  /var/folders/65/xyhbx3_n6nd_hs7j3p9nfwv80000gn/T//ccls3DQP.s 			page 297


 16176 0058 68       		.uleb128 0x68
 16177 0059 3B260000 		.4byte	.LASF1192
 16178 005d 06       		.byte	0x6
 16179 005e 69       		.uleb128 0x69
 16180 005f 90000000 		.4byte	.LASF1193
 16181 0063 05       		.byte	0x5
 16182 0064 6A       		.uleb128 0x6a
 16183 0065 E2010000 		.4byte	.LASF1194
 16184 0069 06       		.byte	0x6
 16185 006a 6D       		.uleb128 0x6d
 16186 006b AE970000 		.4byte	.LASF1195
 16187 006f 05       		.byte	0x5
 16188 0070 71       		.uleb128 0x71
 16189 0071 FF950000 		.4byte	.LASF1196
 16190 0075 06       		.byte	0x6
 16191 0076 75       		.uleb128 0x75
 16192 0077 5D320000 		.4byte	.LASF1197
 16193 007b 05       		.byte	0x5
 16194 007c 76       		.uleb128 0x76
 16195 007d 8C0A0000 		.4byte	.LASF1198
 16196 0081 06       		.byte	0x6
 16197 0082 77       		.uleb128 0x77
 16198 0083 20810000 		.4byte	.LASF1199
 16199 0087 05       		.byte	0x5
 16200 0088 78       		.uleb128 0x78
 16201 0089 203D0000 		.4byte	.LASF1200
 16202 008d 06       		.byte	0x6
 16203 008e 7B       		.uleb128 0x7b
 16204 008f 44890000 		.4byte	.LASF1201
 16205 0093 05       		.byte	0x5
 16206 0094 7C       		.uleb128 0x7c
 16207 0095 68090000 		.4byte	.LASF1202
 16208 0099 06       		.byte	0x6
 16209 009a 8001     		.uleb128 0x80
 16210 009c 935C0000 		.4byte	.LASF1203
 16211 00a0 05       		.byte	0x5
 16212 00a1 8101     		.uleb128 0x81
 16213 00a3 5F480000 		.4byte	.LASF1204
 16214 00a7 06       		.byte	0x6
 16215 00a8 8201     		.uleb128 0x82
 16216 00aa 07480000 		.4byte	.LASF1205
 16217 00ae 05       		.byte	0x5
 16218 00af 8301     		.uleb128 0x83
 16219 00b1 23440000 		.4byte	.LASF1206
 16220 00b5 06       		.byte	0x6
 16221 00b6 8601     		.uleb128 0x86
 16222 00b8 E93A0000 		.4byte	.LASF1207
 16223 00bc 05       		.byte	0x5
 16224 00bd 8701     		.uleb128 0x87
 16225 00bf 4A340000 		.4byte	.LASF1208
 16226 00c3 06       		.byte	0x6
 16227 00c4 8B01     		.uleb128 0x8b
 16228 00c6 094C0000 		.4byte	.LASF1209
 16229 00ca 05       		.byte	0x5
 16230 00cb 8C01     		.uleb128 0x8c
 16231 00cd 69300000 		.4byte	.LASF1210
 16232 00d1 06       		.byte	0x6
ARM GAS  /var/folders/65/xyhbx3_n6nd_hs7j3p9nfwv80000gn/T//ccls3DQP.s 			page 298


 16233 00d2 8D01     		.uleb128 0x8d
 16234 00d4 C8430000 		.4byte	.LASF1211
 16235 00d8 05       		.byte	0x5
 16236 00d9 8E01     		.uleb128 0x8e
 16237 00db 258F0000 		.4byte	.LASF1212
 16238 00df 06       		.byte	0x6
 16239 00e0 9101     		.uleb128 0x91
 16240 00e2 EC1A0000 		.4byte	.LASF1213
 16241 00e6 05       		.byte	0x5
 16242 00e7 9201     		.uleb128 0x92
 16243 00e9 7B840000 		.4byte	.LASF1214
 16244 00ed 06       		.byte	0x6
 16245 00ee 9701     		.uleb128 0x97
 16246 00f0 7D890000 		.4byte	.LASF1215
 16247 00f4 05       		.byte	0x5
 16248 00f5 9801     		.uleb128 0x98
 16249 00f7 C58C0000 		.4byte	.LASF1216
 16250 00fb 06       		.byte	0x6
 16251 00fc 9901     		.uleb128 0x99
 16252 00fe 47760000 		.4byte	.LASF1217
 16253 0102 05       		.byte	0x5
 16254 0103 9A01     		.uleb128 0x9a
 16255 0105 98160000 		.4byte	.LASF1218
 16256 0109 06       		.byte	0x6
 16257 010a 9D01     		.uleb128 0x9d
 16258 010c 9F070000 		.4byte	.LASF1219
 16259 0110 05       		.byte	0x5
 16260 0111 9E01     		.uleb128 0x9e
 16261 0113 716C0000 		.4byte	.LASF1220
 16262 0117 00       		.byte	0
 16263              		.section	.debug_macro,"G",%progbits,wm4.jsi.h.60.36926f71eb871f54934de2e413c7edb9,comdat
 16264              	.Ldebug_macro44:
 16265 0000 0400     		.2byte	0x4
 16266 0002 00       		.byte	0
 16267 0003 05       		.byte	0x5
 16268 0004 3C       		.uleb128 0x3c
 16269 0005 D8880000 		.4byte	.LASF1221
 16270 0009 05       		.byte	0x5
 16271 000a 3D       		.uleb128 0x3d
 16272 000b D6020000 		.4byte	.LASF1222
 16273 000f 05       		.byte	0x5
 16274 0010 51       		.uleb128 0x51
 16275 0011 55760000 		.4byte	.LASF1223
 16276 0015 05       		.byte	0x5
 16277 0016 54       		.uleb128 0x54
 16278 0017 233A0000 		.4byte	.LASF1224
 16279 001b 05       		.byte	0x5
 16280 001c 57       		.uleb128 0x57
 16281 001d ED6D0000 		.4byte	.LASF1225
 16282 0021 05       		.byte	0x5
 16283 0022 5B       		.uleb128 0x5b
 16284 0023 56470000 		.4byte	.LASF1226
 16285 0027 05       		.byte	0x5
 16286 0028 67       		.uleb128 0x67
 16287 0029 A7290000 		.4byte	.LASF1227
 16288 002d 05       		.byte	0x5
 16289 002e 6B       		.uleb128 0x6b
ARM GAS  /var/folders/65/xyhbx3_n6nd_hs7j3p9nfwv80000gn/T//ccls3DQP.s 			page 299


 16290 002f 365B0000 		.4byte	.LASF1228
 16291 0033 05       		.byte	0x5
 16292 0034 6F       		.uleb128 0x6f
 16293 0035 5B500000 		.4byte	.LASF1229
 16294 0039 05       		.byte	0x5
 16295 003a BB01     		.uleb128 0xbb
 16296 003c 19270000 		.4byte	.LASF1230
 16297 0040 00       		.byte	0
 16298              		.section	.debug_macro,"G",%progbits,wm4.utf.h.15.d2ba3d9518d70c29ff81afb784f83b42,comdat
 16299              	.Ldebug_macro45:
 16300 0000 0400     		.2byte	0x4
 16301 0002 00       		.byte	0
 16302 0003 05       		.byte	0x5
 16303 0004 0F       		.uleb128 0xf
 16304 0005 A2850000 		.4byte	.LASF1231
 16305 0009 05       		.byte	0x5
 16306 000a 13       		.uleb128 0x13
 16307 000b 87640000 		.4byte	.LASF1232
 16308 000f 05       		.byte	0x5
 16309 0010 14       		.uleb128 0x14
 16310 0011 DC4B0000 		.4byte	.LASF1233
 16311 0015 05       		.byte	0x5
 16312 0016 15       		.uleb128 0x15
 16313 0017 BB330000 		.4byte	.LASF1234
 16314 001b 05       		.byte	0x5
 16315 001c 17       		.uleb128 0x17
 16316 001d 99320000 		.4byte	.LASF1235
 16317 0021 05       		.byte	0x5
 16318 0022 18       		.uleb128 0x18
 16319 0023 228C0000 		.4byte	.LASF1236
 16320 0027 05       		.byte	0x5
 16321 0028 19       		.uleb128 0x19
 16322 0029 E92A0000 		.4byte	.LASF1237
 16323 002d 05       		.byte	0x5
 16324 002e 1A       		.uleb128 0x1a
 16325 002f 1C960000 		.4byte	.LASF1238
 16326 0033 05       		.byte	0x5
 16327 0034 1B       		.uleb128 0x1b
 16328 0035 073A0000 		.4byte	.LASF1239
 16329 0039 05       		.byte	0x5
 16330 003a 1C       		.uleb128 0x1c
 16331 003b 8C700000 		.4byte	.LASF1240
 16332 003f 05       		.byte	0x5
 16333 0040 1D       		.uleb128 0x1d
 16334 0041 70950000 		.4byte	.LASF1241
 16335 0045 00       		.byte	0
 16336              		.section	.debug_line,"",%progbits
 16337              	.Ldebug_line0:
 16338 0000 DC090000 		.section	.debug_str,"MS",%progbits,1
 16338      03001204 
 16338      00000201 
 16338      FB0E0D00 
 16338      01010101 
 16339              	.LASF1668:
 16340 0000 6A735F69 		.ascii	"js_isnumber\000"
 16340      736E756D 
 16340      62657200 
ARM GAS  /var/folders/65/xyhbx3_n6nd_hs7j3p9nfwv80000gn/T//ccls3DQP.s 			page 300


 16341              	.LASF420:
 16342 000c 5F5F7468 		.ascii	"__thumb__ 1\000"
 16342      756D625F 
 16342      5F203100 
 16343              	.LASF953:
 16344 0018 73746465 		.ascii	"stderr (_REENT->_stderr)\000"
 16344      72722028 
 16344      5F524545 
 16344      4E542D3E 
 16344      5F737464 
 16345              	.LASF311:
 16346 0031 5F5F5541 		.ascii	"__UACCUM_FBIT__ 16\000"
 16346      4343554D 
 16346      5F464249 
 16346      545F5F20 
 16346      313600
 16347              	.LASF419:
 16348 0044 5F5F4150 		.ascii	"__APCS_32__ 1\000"
 16348      43535F33 
 16348      325F5F20 
 16348      3100
 16349              	.LASF1020:
 16350 0052 4D415448 		.ascii	"MATH_ERREXCEPT 2\000"
 16350      5F455252 
 16350      45584345 
 16350      50542032 
 16350      00
 16351              	.LASF31:
 16352 0063 5F5F464C 		.ascii	"__FLOAT_WORD_ORDER__ __ORDER_LITTLE_ENDIAN__\000"
 16352      4F41545F 
 16352      574F5244 
 16352      5F4F5244 
 16352      45525F5F 
 16353              	.LASF1193:
 16354 0090 53485254 		.ascii	"SHRT_MAX\000"
 16354      5F4D4158 
 16354      00
 16355              	.LASF980:
 16356 0099 616C6C6F 		.ascii	"alloca\000"
 16356      636100
 16357              	.LASF455:
 16358 00a0 6D756A73 		.ascii	"mujs_h \000"
 16358      5F682000 
 16359              	.LASF1423:
 16360 00a8 5F6D6272 		.ascii	"_mbrtowc_state\000"
 16360      746F7763 
 16360      5F737461 
 16360      746500
 16361              	.LASF525:
 16362 00b7 4A535F50 		.ascii	"JS_PRINTFLIKE(fmtarg,firstvararg) __attribute__((__"
 16362      52494E54 
 16362      464C494B 
 16362      4528666D 
 16362      74617267 
 16363 00ea 666F726D 		.ascii	"format__ (__printf__, fmtarg, firstvararg)))\000"
 16363      61745F5F 
 16363      20285F5F 
ARM GAS  /var/folders/65/xyhbx3_n6nd_hs7j3p9nfwv80000gn/T//ccls3DQP.s 			page 301


 16363      7072696E 
 16363      74665F5F 
 16364              	.LASF303:
 16365 0117 5F5F5553 		.ascii	"__USACCUM_MIN__ 0.0UHK\000"
 16365      41434355 
 16365      4D5F4D49 
 16365      4E5F5F20 
 16365      302E3055 
 16366              	.LASF798:
 16367 012e 5F524545 		.ascii	"_REENT_L64A_BUF(ptr) ((ptr)->_new._reent._l64a_buf)"
 16367      4E545F4C 
 16367      3634415F 
 16367      42554628 
 16367      70747229 
 16368 0161 00       		.ascii	"\000"
 16369              	.LASF1281:
 16370 0162 53796E74 		.ascii	"SyntaxError_prototype\000"
 16370      61784572 
 16370      726F725F 
 16370      70726F74 
 16370      6F747970 
 16371              	.LASF193:
 16372 0178 5F5F464C 		.ascii	"__FLT32_DIG__ 6\000"
 16372      5433325F 
 16372      4449475F 
 16372      5F203600 
 16373              	.LASF709:
 16374 0188 5F574348 		.ascii	"_WCHAR_T_DEFINED \000"
 16374      41525F54 
 16374      5F444546 
 16374      494E4544 
 16374      2000
 16375              	.LASF228:
 16376 019a 5F5F464C 		.ascii	"__FLT32X_MAX__ 1.7976931348623157e+308F32x\000"
 16376      54333258 
 16376      5F4D4158 
 16376      5F5F2031 
 16376      2E373937 
 16377              	.LASF312:
 16378 01c5 5F5F5541 		.ascii	"__UACCUM_IBIT__ 16\000"
 16378      4343554D 
 16378      5F494249 
 16378      545F5F20 
 16378      313600
 16379              	.LASF1502:
 16380 01d8 4A535F43 		.ascii	"JS_CERROR\000"
 16380      4552524F 
 16380      5200
 16381              	.LASF1194:
 16382 01e2 53485254 		.ascii	"SHRT_MAX __SHRT_MAX__\000"
 16382      5F4D4158 
 16382      205F5F53 
 16382      4852545F 
 16382      4D41585F 
 16383              	.LASF498:
 16384 01f8 5F5F4D49 		.ascii	"__MISC_VISIBLE 1\000"
 16384      53435F56 
ARM GAS  /var/folders/65/xyhbx3_n6nd_hs7j3p9nfwv80000gn/T//ccls3DQP.s 			page 302


 16384      49534942 
 16384      4C452031 
 16384      00
 16385              	.LASF129:
 16386 0209 5F5F494E 		.ascii	"__INT_FAST16_MAX__ 0x7fffffff\000"
 16386      545F4641 
 16386      53543136 
 16386      5F4D4158 
 16386      5F5F2030 
 16387              	.LASF937:
 16388 0227 5F5F5357 		.ascii	"__SWID 0x2000\000"
 16388      49442030 
 16388      78323030 
 16388      3000
 16389              	.LASF20:
 16390 0235 5F5F5349 		.ascii	"__SIZEOF_SHORT__ 2\000"
 16390      5A454F46 
 16390      5F53484F 
 16390      52545F5F 
 16390      203200
 16391              	.LASF770:
 16392 0248 5F524545 		.ascii	"_REENT_CHECK_RAND48(ptr) \000"
 16392      4E545F43 
 16392      4845434B 
 16392      5F52414E 
 16392      44343828 
 16393              	.LASF207:
 16394 0262 5F5F464C 		.ascii	"__FLT64_MANT_DIG__ 53\000"
 16394      5436345F 
 16394      4D414E54 
 16394      5F444947 
 16394      5F5F2035 
 16395              	.LASF1314:
 16396 0278 4A535F52 		.ascii	"JS_REGEXP_G\000"
 16396      45474558 
 16396      505F4700 
 16397              	.LASF153:
 16398 0284 5F5F464C 		.ascii	"__FLT_MAX_10_EXP__ 38\000"
 16398      545F4D41 
 16398      585F3130 
 16398      5F455850 
 16398      5F5F2033 
 16399              	.LASF1247:
 16400 029a 6A735F53 		.ascii	"js_State\000"
 16400      74617465 
 16400      00
 16401              	.LASF744:
 16402 02a3 5F57494E 		.ascii	"_WINT_T \000"
 16402      545F5420 
 16402      00
 16403              	.LASF1592:
 16404 02ac 4558505F 		.ascii	"EXP_ASS\000"
 16404      41535300 
 16405              	.LASF1096:
 16406 02b4 464C545F 		.ascii	"FLT_MIN_10_EXP __FLT_MIN_10_EXP__\000"
 16406      4D494E5F 
 16406      31305F45 
ARM GAS  /var/folders/65/xyhbx3_n6nd_hs7j3p9nfwv80000gn/T//ccls3DQP.s 			page 303


 16406      5850205F 
 16406      5F464C54 
 16407              	.LASF1222:
 16408 02d6 6E656C65 		.ascii	"nelem(a) (int)(sizeof (a) / sizeof (a)[0])\000"
 16408      6D286129 
 16408      2028696E 
 16408      74292873 
 16408      697A656F 
 16409              	.LASF966:
 16410 0301 66656F66 		.ascii	"feof(p) __sfeof(p)\000"
 16410      28702920 
 16410      5F5F7366 
 16410      656F6628 
 16410      702900
 16411              	.LASF963:
 16412 0314 5F5F7366 		.ascii	"__sferror(p) ((int)(((p)->_flags & __SERR) != 0))\000"
 16412      6572726F 
 16412      72287029 
 16412      20282869 
 16412      6E742928 
 16413              	.LASF441:
 16414 0346 5F5F4152 		.ascii	"__ARM_PCS_VFP 1\000"
 16414      4D5F5043 
 16414      535F5646 
 16414      50203100 
 16415              	.LASF1175:
 16416 0356 4E4C5F41 		.ascii	"NL_ARGMAX 32\000"
 16416      52474D41 
 16416      58203332 
 16416      00
 16417              	.LASF1633:
 16418 0363 73617665 		.ascii	"savebot\000"
 16418      626F7400 
 16419              	.LASF1006:
 16420 036b 48554745 		.ascii	"HUGE_VALL (__builtin_huge_vall())\000"
 16420      5F56414C 
 16420      4C20285F 
 16420      5F627569 
 16420      6C74696E 
 16421              	.LASF1042:
 16422 038d 504C4F53 		.ascii	"PLOSS 6\000"
 16422      53203600 
 16423              	.LASF1371:
 16424 0395 5F756275 		.ascii	"_ubuf\000"
 16424      6600
 16425              	.LASF746:
 16426 039b 5F434C4F 		.ascii	"_CLOCK_T_ unsigned long\000"
 16426      434B5F54 
 16426      5F20756E 
 16426      7369676E 
 16426      6564206C 
 16427              	.LASF1641:
 16428 03b3 474E5520 		.ascii	"GNU C17 9.2.1 20191025 (release) [ARM/arm-9-branch "
 16428      43313720 
 16428      392E322E 
 16428      31203230 
 16428      31393130 
ARM GAS  /var/folders/65/xyhbx3_n6nd_hs7j3p9nfwv80000gn/T//ccls3DQP.s 			page 304


 16429 03e6 72657669 		.ascii	"revision 277599] -mthumb -mcpu=cortex-m7 -mfloat-ab"
 16429      73696F6E 
 16429      20323737 
 16429      3539395D 
 16429      202D6D74 
 16430 0419 693D6861 		.ascii	"i=hard -mfpu=fpv5-sp-d16 -mword-relocations -march="
 16430      7264202D 
 16430      6D667075 
 16430      3D667076 
 16430      352D7370 
 16431 044c 61726D76 		.ascii	"armv7e-m+fpv5 -g3 -gdwarf-2 -O2 -falign-functions=1"
 16431      37652D6D 
 16431      2B667076 
 16431      35202D67 
 16431      33202D67 
 16432 047f 36202D66 		.ascii	"6 -fomit-frame-pointer -fno-common -ffunction-secti"
 16432      6F6D6974 
 16432      2D667261 
 16432      6D652D70 
 16432      6F696E74 
 16433 04b2 6F6E7320 		.ascii	"ons -fdata-sections -fstack-usage\000"
 16433      2D666461 
 16433      74612D73 
 16433      65637469 
 16433      6F6E7320 
 16434              	.LASF80:
 16435 04d4 5F5F5054 		.ascii	"__PTRDIFF_MAX__ 0x7fffffff\000"
 16435      52444946 
 16435      465F4D41 
 16435      585F5F20 
 16435      30783766 
 16436              	.LASF1644:
 16437 04ef 6A735F73 		.ascii	"js_savetry\000"
 16437      61766574 
 16437      727900
 16438              	.LASF822:
 16439 04fa 5F494E54 		.ascii	"_INTMAX_T_DECLARED \000"
 16439      4D41585F 
 16439      545F4445 
 16439      434C4152 
 16439      45442000 
 16440              	.LASF1148:
 16441 050e 464C545F 		.ascii	"FLT_TRUE_MIN __FLT_DENORM_MIN__\000"
 16441      54525545 
 16441      5F4D494E 
 16441      205F5F46 
 16441      4C545F44 
 16442              	.LASF1168:
 16443 052e 42435F53 		.ascii	"BC_SCALE_MAX 99\000"
 16443      43414C45 
 16443      5F4D4158 
 16443      20393900 
 16444              	.LASF1129:
 16445 053e 464C545F 		.ascii	"FLT_ROUNDS\000"
 16445      524F554E 
 16445      445300
 16446              	.LASF590:
ARM GAS  /var/folders/65/xyhbx3_n6nd_hs7j3p9nfwv80000gn/T//ccls3DQP.s 			page 305


 16447 0549 5F5F474E 		.ascii	"__GNUCLIKE_BUILTIN_CONSTANT_P 1\000"
 16447      55434C49 
 16447      4B455F42 
 16447      55494C54 
 16447      494E5F43 
 16448              	.LASF1137:
 16449 0569 44424C5F 		.ascii	"DBL_DECIMAL_DIG __DBL_DECIMAL_DIG__\000"
 16449      44454349 
 16449      4D414C5F 
 16449      44494720 
 16449      5F5F4442 
 16450              	.LASF0:
 16451 058d 5F5F5354 		.ascii	"__STDC__ 1\000"
 16451      44435F5F 
 16451      203100
 16452              	.LASF667:
 16453 0598 5F4E756C 		.ascii	"_Null_unspecified \000"
 16453      6C5F756E 
 16453      73706563 
 16453      69666965 
 16453      642000
 16454              	.LASF1186:
 16455 05ab 55434841 		.ascii	"UCHAR_MAX (SCHAR_MAX * 2 + 1)\000"
 16455      525F4D41 
 16455      58202853 
 16455      43484152 
 16455      5F4D4158 
 16456              	.LASF970:
 16457 05c9 66657272 		.ascii	"ferror_unlocked(p) __sferror(p)\000"
 16457      6F725F75 
 16457      6E6C6F63 
 16457      6B656428 
 16457      7029205F 
 16458              	.LASF292:
 16459 05e9 5F5F554C 		.ascii	"__ULLFRACT_IBIT__ 0\000"
 16459      4C465241 
 16459      43545F49 
 16459      4249545F 
 16459      5F203000 
 16460              	.LASF509:
 16461 05fd 5F524541 		.ascii	"_READ_WRITE_BUFSIZE_TYPE int\000"
 16461      445F5752 
 16461      4954455F 
 16461      42554653 
 16461      495A455F 
 16462              	.LASF1081:
 16463 061a 464C545F 		.ascii	"FLT_DIG\000"
 16463      44494700 
 16464              	.LASF196:
 16465 0622 5F5F464C 		.ascii	"__FLT32_MAX_EXP__ 128\000"
 16465      5433325F 
 16465      4D41585F 
 16465      4558505F 
 16465      5F203132 
 16466              	.LASF358:
 16467 0638 5F5F5341 		.ascii	"__SA_FBIT__ 15\000"
 16467      5F464249 
ARM GAS  /var/folders/65/xyhbx3_n6nd_hs7j3p9nfwv80000gn/T//ccls3DQP.s 			page 306


 16467      545F5F20 
 16467      313500
 16468              	.LASF250:
 16469 0647 5F5F4445 		.ascii	"__DEC128_MIN_EXP__ (-6142)\000"
 16469      43313238 
 16469      5F4D494E 
 16469      5F455850 
 16469      5F5F2028 
 16470              	.LASF329:
 16471 0662 5F5F4C4C 		.ascii	"__LLACCUM_MAX__ 0X7FFFFFFFFFFFFFFFP-31LLK\000"
 16471      41434355 
 16471      4D5F4D41 
 16471      585F5F20 
 16471      30583746 
 16472              	.LASF368:
 16473 068c 5F5F5544 		.ascii	"__UDA_FBIT__ 32\000"
 16473      415F4642 
 16473      49545F5F 
 16473      20333200 
 16474              	.LASF1605:
 16475 069c 4558505F 		.ascii	"EXP_VAR\000"
 16475      56415200 
 16476              	.LASF934:
 16477 06a4 5F5F534F 		.ascii	"__SORD 0x2000\000"
 16477      52442030 
 16477      78323030 
 16477      3000
 16478              	.LASF1356:
 16479 06b2 5F617465 		.ascii	"_atexit\000"
 16479      78697400 
 16480              	.LASF49:
 16481 06ba 5F5F5549 		.ascii	"__UINT64_TYPE__ long long unsigned int\000"
 16481      4E543634 
 16481      5F545950 
 16481      455F5F20 
 16481      6C6F6E67 
 16482              	.LASF1104:
 16483 06e1 4C44424C 		.ascii	"LDBL_MAX_EXP __LDBL_MAX_EXP__\000"
 16483      5F4D4158 
 16483      5F455850 
 16483      205F5F4C 
 16483      44424C5F 
 16484              	.LASF168:
 16485 06ff 5F5F4442 		.ascii	"__DBL_MAX_10_EXP__ 308\000"
 16485      4C5F4D41 
 16485      585F3130 
 16485      5F455850 
 16485      5F5F2033 
 16486              	.LASF646:
 16487 0716 5F5F7072 		.ascii	"__printflike(fmtarg,firstvararg) __attribute__((__f"
 16487      696E7466 
 16487      6C696B65 
 16487      28666D74 
 16487      6172672C 
 16488 0749 6F726D61 		.ascii	"ormat__ (__printf__, fmtarg, firstvararg)))\000"
 16488      745F5F20 
 16488      285F5F70 
ARM GAS  /var/folders/65/xyhbx3_n6nd_hs7j3p9nfwv80000gn/T//ccls3DQP.s 			page 307


 16488      72696E74 
 16488      665F5F2C 
 16489              	.LASF138:
 16490 0775 5F5F5549 		.ascii	"__UINT_FAST64_MAX__ 0xffffffffffffffffULL\000"
 16490      4E545F46 
 16490      41535436 
 16490      345F4D41 
 16490      585F5F20 
 16491              	.LASF1219:
 16492 079f 554C4F4E 		.ascii	"ULONG_LONG_MAX\000"
 16492      475F4C4F 
 16492      4E475F4D 
 16492      415800
 16493              	.LASF1546:
 16494 07ae 4558505F 		.ascii	"EXP_THIS\000"
 16494      54484953 
 16494      00
 16495              	.LASF444:
 16496 07b7 5F5F4152 		.ascii	"__ARM_FEATURE_IDIV 1\000"
 16496      4D5F4645 
 16496      41545552 
 16496      455F4944 
 16496      49562031 
 16497              	.LASF1545:
 16498 07cc 4558505F 		.ascii	"EXP_FALSE\000"
 16498      46414C53 
 16498      4500
 16499              	.LASF586:
 16500 07d6 5F5F474E 		.ascii	"__GNUCLIKE___TYPEOF 1\000"
 16500      55434C49 
 16500      4B455F5F 
 16500      5F545950 
 16500      454F4620 
 16501              	.LASF359:
 16502 07ec 5F5F5341 		.ascii	"__SA_IBIT__ 16\000"
 16502      5F494249 
 16502      545F5F20 
 16502      313600
 16503              	.LASF1673:
 16504 07fb 6A735F69 		.ascii	"js_isnull\000"
 16504      736E756C 
 16504      6C00
 16505              	.LASF1043:
 16506 0805 4D415846 		.ascii	"MAXFLOAT 3.40282347e+38F\000"
 16506      4C4F4154 
 16506      20332E34 
 16506      30323832 
 16506      33343765 
 16507              	.LASF369:
 16508 081e 5F5F5544 		.ascii	"__UDA_IBIT__ 32\000"
 16508      415F4942 
 16508      49545F5F 
 16508      20333200 
 16509              	.LASF449:
 16510 082e 5F5F454C 		.ascii	"__ELF__ 1\000"
 16510      465F5F20 
 16510      3100
ARM GAS  /var/folders/65/xyhbx3_n6nd_hs7j3p9nfwv80000gn/T//ccls3DQP.s 			page 308


 16511              	.LASF1643:
 16512 0838 2F557365 		.ascii	"/Users/bwandrych/Desktop/PlutoBrowser\000"
 16512      72732F62 
 16512      77616E64 
 16512      72796368 
 16512      2F446573 
 16513              	.LASF18:
 16514 085e 5F5F5349 		.ascii	"__SIZEOF_LONG__ 4\000"
 16514      5A454F46 
 16514      5F4C4F4E 
 16514      475F5F20 
 16514      3400
 16515              	.LASF1565:
 16516 0870 4558505F 		.ascii	"EXP_NEG\000"
 16516      4E454700 
 16517              	.LASF743:
 16518 0878 5F5F6E65 		.ascii	"__need_wint_t \000"
 16518      65645F77 
 16518      696E745F 
 16518      742000
 16519              	.LASF1534:
 16520 0887 6A735F41 		.ascii	"js_AstType\000"
 16520      73745479 
 16520      706500
 16521              	.LASF1408:
 16522 0892 5F616464 		.ascii	"_add\000"
 16522      00
 16523              	.LASF1152:
 16524 0897 5F474343 		.ascii	"_GCC_NEXT_LIMITS_H \000"
 16524      5F4E4558 
 16524      545F4C49 
 16524      4D495453 
 16524      5F482000 
 16525              	.LASF994:
 16526 08ab 5F5F7661 		.ascii	"__va_copy(d,s) __builtin_va_copy(d,s)\000"
 16526      5F636F70 
 16526      7928642C 
 16526      7329205F 
 16526      5F627569 
 16527              	.LASF1556:
 16528 08d1 4558505F 		.ascii	"EXP_NEW\000"
 16528      4E455700 
 16529              	.LASF701:
 16530 08d9 5F5F5743 		.ascii	"__WCHAR_T__ \000"
 16530      4841525F 
 16530      545F5F20 
 16530      00
 16531              	.LASF870:
 16532 08e6 70687973 		.ascii	"physadr physadr_t\000"
 16532      61647220 
 16532      70687973 
 16532      6164725F 
 16532      7400
 16533              	.LASF1346:
 16534 08f8 5F5F746D 		.ascii	"__tm_mon\000"
 16534      5F6D6F6E 
 16534      00
ARM GAS  /var/folders/65/xyhbx3_n6nd_hs7j3p9nfwv80000gn/T//ccls3DQP.s 			page 309


 16535              	.LASF720:
 16536 0901 5F5F6E65 		.ascii	"__need___va_list\000"
 16536      65645F5F 
 16536      5F76615F 
 16536      6C697374 
 16536      00
 16537              	.LASF1354:
 16538 0912 5F666E74 		.ascii	"_fntypes\000"
 16538      79706573 
 16538      00
 16539              	.LASF957:
 16540 091b 5F5F5641 		.ascii	"__VALIST __gnuc_va_list\000"
 16540      4C495354 
 16540      205F5F67 
 16540      6E75635F 
 16540      76615F6C 
 16541              	.LASF871:
 16542 0933 71756164 		.ascii	"quad quad_t\000"
 16542      20717561 
 16542      645F7400 
 16543              	.LASF1145:
 16544 093f 464C545F 		.ascii	"FLT_TRUE_MIN\000"
 16544      54525545 
 16544      5F4D494E 
 16544      00
 16545              	.LASF1384:
 16546 094c 5F696E63 		.ascii	"_inc\000"
 16546      00
 16547              	.LASF1357:
 16548 0951 5F696E64 		.ascii	"_ind\000"
 16548      00
 16549              	.LASF83:
 16550 0956 5F5F5348 		.ascii	"__SHRT_WIDTH__ 16\000"
 16550      52545F57 
 16550      49445448 
 16550      5F5F2031 
 16550      3600
 16551              	.LASF1202:
 16552 0968 55494E54 		.ascii	"UINT_MAX (INT_MAX * 2U + 1U)\000"
 16552      5F4D4158 
 16552      2028494E 
 16552      545F4D41 
 16552      58202A20 
 16553              	.LASF606:
 16554 0985 5F5F5028 		.ascii	"__P(protos) protos\000"
 16554      70726F74 
 16554      6F732920 
 16554      70726F74 
 16554      6F7300
 16555              	.LASF66:
 16556 0998 5F5F494E 		.ascii	"__INTPTR_TYPE__ int\000"
 16556      54505452 
 16556      5F545950 
 16556      455F5F20 
 16556      696E7400 
 16557              	.LASF342:
 16558 09ac 5F5F4451 		.ascii	"__DQ_FBIT__ 63\000"
ARM GAS  /var/folders/65/xyhbx3_n6nd_hs7j3p9nfwv80000gn/T//ccls3DQP.s 			page 310


 16558      5F464249 
 16558      545F5F20 
 16558      363300
 16559              	.LASF542:
 16560 09bb 5F5F5F69 		.ascii	"___int_least32_t_defined 1\000"
 16560      6E745F6C 
 16560      65617374 
 16560      33325F74 
 16560      5F646566 
 16561              	.LASF130:
 16562 09d6 5F5F494E 		.ascii	"__INT_FAST16_WIDTH__ 32\000"
 16562      545F4641 
 16562      53543136 
 16562      5F574944 
 16562      54485F5F 
 16563              	.LASF1614:
 16564 09ee 53544D5F 		.ascii	"STM_FOR_IN\000"
 16564      464F525F 
 16564      494E00
 16565              	.LASF160:
 16566 09f9 5F5F464C 		.ascii	"__FLT_HAS_INFINITY__ 1\000"
 16566      545F4841 
 16566      535F494E 
 16566      46494E49 
 16566      54595F5F 
 16567              	.LASF1091:
 16568 0a10 44424C5F 		.ascii	"DBL_MIN_EXP __DBL_MIN_EXP__\000"
 16568      4D494E5F 
 16568      45585020 
 16568      5F5F4442 
 16568      4C5F4D49 
 16569              	.LASF460:
 16570 0a2c 5F4E4557 		.ascii	"_NEWLIB_VERSION \"3.1.0\"\000"
 16570      4C49425F 
 16570      56455253 
 16570      494F4E20 
 16570      22332E31 
 16571              	.LASF1004:
 16572 0a44 48554745 		.ascii	"HUGE_VAL (__builtin_huge_val())\000"
 16572      5F56414C 
 16572      20285F5F 
 16572      6275696C 
 16572      74696E5F 
 16573              	.LASF1602:
 16574 0a64 4558505F 		.ascii	"EXP_ASS_BITXOR\000"
 16574      4153535F 
 16574      42495458 
 16574      4F5200
 16575              	.LASF243:
 16576 0a73 5F5F4445 		.ascii	"__DEC64_MIN_EXP__ (-382)\000"
 16576      4336345F 
 16576      4D494E5F 
 16576      4558505F 
 16576      5F20282D 
 16577              	.LASF1198:
 16578 0a8c 494E545F 		.ascii	"INT_MIN (-INT_MAX - 1)\000"
 16578      4D494E20 
ARM GAS  /var/folders/65/xyhbx3_n6nd_hs7j3p9nfwv80000gn/T//ccls3DQP.s 			page 311


 16578      282D494E 
 16578      545F4D41 
 16578      58202D20 
 16579              	.LASF901:
 16580 0aa3 5F555345 		.ascii	"_USECONDS_T_DECLARED \000"
 16580      434F4E44 
 16580      535F545F 
 16580      4445434C 
 16580      41524544 
 16581              	.LASF638:
 16582 0ab9 5F5F7072 		.ascii	"__predict_true(exp) __builtin_expect((exp), 1)\000"
 16582      65646963 
 16582      745F7472 
 16582      75652865 
 16582      78702920 
 16583              	.LASF1507:
 16584 0ae8 4A535F43 		.ascii	"JS_CDATE\000"
 16584      44415445 
 16584      00
 16585              	.LASF1494:
 16586 0af1 6E657874 		.ascii	"next\000"
 16586      00
 16587              	.LASF1103:
 16588 0af6 44424C5F 		.ascii	"DBL_MAX_EXP __DBL_MAX_EXP__\000"
 16588      4D41585F 
 16588      45585020 
 16588      5F5F4442 
 16588      4C5F4D41 
 16589              	.LASF1518:
 16590 0b12 6C656E67 		.ascii	"length\000"
 16590      746800
 16591              	.LASF620:
 16592 0b19 5F5F616C 		.ascii	"__aligned(x) __attribute__((__aligned__(x)))\000"
 16592      69676E65 
 16592      64287829 
 16592      205F5F61 
 16592      74747269 
 16593              	.LASF206:
 16594 0b46 5F5F4650 		.ascii	"__FP_FAST_FMAF32 1\000"
 16594      5F464153 
 16594      545F464D 
 16594      41463332 
 16594      203100
 16595              	.LASF836:
 16596 0b59 42595445 		.ascii	"BYTE_ORDER _BYTE_ORDER\000"
 16596      5F4F5244 
 16596      4552205F 
 16596      42595445 
 16596      5F4F5244 
 16597              	.LASF691:
 16598 0b70 5F545F50 		.ascii	"_T_PTRDIFF_ \000"
 16598      54524449 
 16598      46465F20 
 16598      00
 16599              	.LASF834:
 16600 0b7d 4249475F 		.ascii	"BIG_ENDIAN _BIG_ENDIAN\000"
 16600      454E4449 
ARM GAS  /var/folders/65/xyhbx3_n6nd_hs7j3p9nfwv80000gn/T//ccls3DQP.s 			page 312


 16600      414E205F 
 16600      4249475F 
 16600      454E4449 
 16601              	.LASF1394:
 16602 0b94 5F637674 		.ascii	"_cvtlen\000"
 16602      6C656E00 
 16603              	.LASF976:
 16604 0b9c 5F535444 		.ascii	"_STDLIB_H_ \000"
 16604      4C49425F 
 16604      485F2000 
 16605              	.LASF528:
 16606 0ba8 5F465354 		.ascii	"_FSTDIO \000"
 16606      44494F20 
 16606      00
 16607              	.LASF1438:
 16608 0bb1 5F5F6664 		.ascii	"__fdlibm_svid\000"
 16608      6C69626D 
 16608      5F737669 
 16608      6400
 16609              	.LASF1398:
 16610 0bbf 5F736967 		.ascii	"_sig_func\000"
 16610      5F66756E 
 16610      6300
 16611              	.LASF935:
 16612 0bc9 5F5F534C 		.ascii	"__SL64 0x8000\000"
 16612      36342030 
 16612      78383030 
 16612      3000
 16613              	.LASF1052:
 16614 0bd7 4D5F315F 		.ascii	"M_1_PI 0.31830988618379067154\000"
 16614      50492030 
 16614      2E333138 
 16614      33303938 
 16614      38363138 
 16615              	.LASF577:
 16616 0bf5 5F5F756E 		.ascii	"__unbounded \000"
 16616      626F756E 
 16616      64656420 
 16616      00
 16617              	.LASF112:
 16618 0c02 5F5F494E 		.ascii	"__INT_LEAST16_WIDTH__ 16\000"
 16618      545F4C45 
 16618      41535431 
 16618      365F5749 
 16618      4454485F 
 16619              	.LASF263:
 16620 0c1b 5F5F5553 		.ascii	"__USFRACT_MIN__ 0.0UHR\000"
 16620      46524143 
 16620      545F4D49 
 16620      4E5F5F20 
 16620      302E3055 
 16621              	.LASF947:
 16622 0c32 5345454B 		.ascii	"SEEK_SET 0\000"
 16622      5F534554 
 16622      203000
 16623              	.LASF466:
 16624 0c3d 5F57414E 		.ascii	"_WANT_REGISTER_FINI 1\000"
ARM GAS  /var/folders/65/xyhbx3_n6nd_hs7j3p9nfwv80000gn/T//ccls3DQP.s 			page 313


 16624      545F5245 
 16624      47495354 
 16624      45525F46 
 16624      494E4920 
 16625              	.LASF593:
 16626 0c53 5F5F474E 		.ascii	"__GNUCLIKE_BUILTIN_VAALIST 1\000"
 16626      55434C49 
 16626      4B455F42 
 16626      55494C54 
 16626      494E5F56 
 16627              	.LASF986:
 16628 0c70 4D425F43 		.ascii	"MB_CUR_MAX __locale_mb_cur_max()\000"
 16628      55525F4D 
 16628      4158205F 
 16628      5F6C6F63 
 16628      616C655F 
 16629              	.LASF175:
 16630 0c91 5F5F4442 		.ascii	"__DBL_HAS_INFINITY__ 1\000"
 16630      4C5F4841 
 16630      535F494E 
 16630      46494E49 
 16630      54595F5F 
 16631              	.LASF467:
 16632 0ca8 5F4D425F 		.ascii	"_MB_LEN_MAX 1\000"
 16632      4C454E5F 
 16632      4D415820 
 16632      3100
 16633              	.LASF1013:
 16634 0cb6 46505F49 		.ascii	"FP_INFINITE 1\000"
 16634      4E46494E 
 16634      49544520 
 16634      3100
 16635              	.LASF684:
 16636 0cc4 5F5F6E6F 		.ascii	"__no_lock_analysis __lock_annotate(no_thread_safety"
 16636      5F6C6F63 
 16636      6B5F616E 
 16636      616C7973 
 16636      6973205F 
 16637 0cf7 5F616E61 		.ascii	"_analysis)\000"
 16637      6C797369 
 16637      732900
 16638              	.LASF1154:
 16639 0d02 5F535953 		.ascii	"_SYS_SYSLIMITS_H_ \000"
 16639      5F535953 
 16639      4C494D49 
 16639      54535F48 
 16639      5F2000
 16640              	.LASF722:
 16641 0d15 5F56415F 		.ascii	"_VA_LIST_DEFINED \000"
 16641      4C495354 
 16641      5F444546 
 16641      494E4544 
 16641      2000
 16642              	.LASF249:
 16643 0d27 5F5F4445 		.ascii	"__DEC128_MANT_DIG__ 34\000"
 16643      43313238 
 16643      5F4D414E 
ARM GAS  /var/folders/65/xyhbx3_n6nd_hs7j3p9nfwv80000gn/T//ccls3DQP.s 			page 314


 16643      545F4449 
 16643      475F5F20 
 16644              	.LASF72:
 16645 0d3e 5F5F5348 		.ascii	"__SHRT_MAX__ 0x7fff\000"
 16645      52545F4D 
 16645      41585F5F 
 16645      20307837 
 16645      66666600 
 16646              	.LASF1458:
 16647 0d52 6A756D70 		.ascii	"jumps\000"
 16647      7300
 16648              	.LASF700:
 16649 0d58 5F5F7763 		.ascii	"__wchar_t__ \000"
 16649      6861725F 
 16649      745F5F20 
 16649      00
 16650              	.LASF1376:
 16651 0d65 5F6C6F63 		.ascii	"_lock\000"
 16651      6B00
 16652              	.LASF1372:
 16653 0d6b 5F6E6275 		.ascii	"_nbuf\000"
 16653      6600
 16654              	.LASF149:
 16655 0d71 5F5F464C 		.ascii	"__FLT_DIG__ 6\000"
 16655      545F4449 
 16655      475F5F20 
 16655      3600
 16656              	.LASF1430:
 16657 0d7f 5F756E75 		.ascii	"_unused\000"
 16657      73656400 
 16658              	.LASF1090:
 16659 0d87 464C545F 		.ascii	"FLT_MIN_EXP __FLT_MIN_EXP__\000"
 16659      4D494E5F 
 16659      45585020 
 16659      5F5F464C 
 16659      545F4D49 
 16660              	.LASF797:
 16661 0da3 5F524545 		.ascii	"_REENT_WCSRTOMBS_STATE(ptr) ((ptr)->_new._reent._wc"
 16661      4E545F57 
 16661      43535254 
 16661      4F4D4253 
 16661      5F535441 
 16662 0dd6 7372746F 		.ascii	"srtombs_state)\000"
 16662      6D62735F 
 16662      73746174 
 16662      652900
 16663              	.LASF950:
 16664 0de5 544D505F 		.ascii	"TMP_MAX 26\000"
 16664      4D415820 
 16664      323600
 16665              	.LASF633:
 16666 0df0 5F5F6661 		.ascii	"__fastcall __attribute__((__fastcall__))\000"
 16666      73746361 
 16666      6C6C205F 
 16666      5F617474 
 16666      72696275 
 16667              	.LASF1333:
ARM GAS  /var/folders/65/xyhbx3_n6nd_hs7j3p9nfwv80000gn/T//ccls3DQP.s 			page 315


 16668 0e19 5F6D6273 		.ascii	"_mbstate_t\000"
 16668      74617465 
 16668      5F7400
 16669              	.LASF1658:
 16670 0e24 6A735F67 		.ascii	"js_gettop\000"
 16670      6574746F 
 16670      7000
 16671              	.LASF868:
 16672 0e2e 46445F49 		.ascii	"FD_ISSET(n,p) ((p)->fds_bits[(n)/NFDBITS] & (1L << "
 16672      53534554 
 16672      286E2C70 
 16672      29202828 
 16672      70292D3E 
 16673 0e61 28286E29 		.ascii	"((n) % NFDBITS)))\000"
 16673      2025204E 
 16673      46444249 
 16673      54532929 
 16673      2900
 16674              	.LASF516:
 16675 0e73 5F4E4F49 		.ascii	"_NOINLINE __attribute__ ((__noinline__))\000"
 16675      4E4C494E 
 16675      45205F5F 
 16675      61747472 
 16675      69627574 
 16676              	.LASF133:
 16677 0e9c 5F5F494E 		.ascii	"__INT_FAST64_MAX__ 0x7fffffffffffffffLL\000"
 16677      545F4641 
 16677      53543634 
 16677      5F4D4158 
 16677      5F5F2030 
 16678              	.LASF1615:
 16679 0ec4 53544D5F 		.ascii	"STM_FOR_IN_VAR\000"
 16679      464F525F 
 16679      494E5F56 
 16679      415200
 16680              	.LASF1625:
 16681 0ed3 53544D5F 		.ascii	"STM_CASE\000"
 16681      43415345 
 16681      00
 16682              	.LASF1285:
 16683 0edc 73637261 		.ascii	"scratch\000"
 16683      74636800 
 16684              	.LASF328:
 16685 0ee4 5F5F4C4C 		.ascii	"__LLACCUM_MIN__ (-0X1P31LLK-0X1P31LLK)\000"
 16685      41434355 
 16685      4D5F4D49 
 16685      4E5F5F20 
 16685      282D3058 
 16686              	.LASF380:
 16687 0f0b 5F5F4743 		.ascii	"__GCC_ATOMIC_CHAR_LOCK_FREE 2\000"
 16687      435F4154 
 16687      4F4D4943 
 16687      5F434841 
 16687      525F4C4F 
 16688              	.LASF63:
 16689 0f29 5F5F5549 		.ascii	"__UINT_FAST16_TYPE__ unsigned int\000"
 16689      4E545F46 
ARM GAS  /var/folders/65/xyhbx3_n6nd_hs7j3p9nfwv80000gn/T//ccls3DQP.s 			page 316


 16689      41535431 
 16689      365F5459 
 16689      50455F5F 
 16690              	.LASF1002:
 16691 0f4b 5F4D4154 		.ascii	"_MATH_H_ \000"
 16691      485F485F 
 16691      2000
 16692              	.LASF1612:
 16693 0f55 53544D5F 		.ascii	"STM_FOR\000"
 16693      464F5200 
 16694              	.LASF464:
 16695 0f5d 5F57414E 		.ascii	"_WANT_IO_C99_FORMATS 1\000"
 16695      545F494F 
 16695      5F433939 
 16695      5F464F52 
 16695      4D415453 
 16696              	.LASF172:
 16697 0f74 5F5F4442 		.ascii	"__DBL_EPSILON__ ((double)2.2204460492503131e-16L)\000"
 16697      4C5F4550 
 16697      53494C4F 
 16697      4E5F5F20 
 16697      2828646F 
 16698              	.LASF106:
 16699 0fa6 5F5F5549 		.ascii	"__UINT64_MAX__ 0xffffffffffffffffULL\000"
 16699      4E543634 
 16699      5F4D4158 
 16699      5F5F2030 
 16699      78666666 
 16700              	.LASF17:
 16701 0fcb 5F5F5349 		.ascii	"__SIZEOF_INT__ 4\000"
 16701      5A454F46 
 16701      5F494E54 
 16701      5F5F2034 
 16701      00
 16702              	.LASF909:
 16703 0fdc 50544852 		.ascii	"PTHREAD_INHERIT_SCHED 1\000"
 16703      4541445F 
 16703      494E4845 
 16703      5249545F 
 16703      53434845 
 16704              	.LASF1500:
 16705 0ff4 4A535F43 		.ascii	"JS_CSCRIPT\000"
 16705      53435249 
 16705      505400
 16706              	.LASF226:
 16707 0fff 5F5F464C 		.ascii	"__FLT32X_MAX_10_EXP__ 308\000"
 16707      54333258 
 16707      5F4D4158 
 16707      5F31305F 
 16707      4558505F 
 16708              	.LASF88:
 16709 1019 5F5F5749 		.ascii	"__WINT_WIDTH__ 32\000"
 16709      4E545F57 
 16709      49445448 
 16709      5F5F2033 
 16709      3200
 16710              	.LASF1504:
ARM GAS  /var/folders/65/xyhbx3_n6nd_hs7j3p9nfwv80000gn/T//ccls3DQP.s 			page 317


 16711 102b 4A535F43 		.ascii	"JS_CNUMBER\000"
 16711      4E554D42 
 16711      455200
 16712              	.LASF907:
 16713 1036 50544852 		.ascii	"PTHREAD_SCOPE_PROCESS 0\000"
 16713      4541445F 
 16713      53434F50 
 16713      455F5052 
 16713      4F434553 
 16714              	.LASF556:
 16715 104e 5F425344 		.ascii	"_BSD_SIZE_T_DEFINED_ \000"
 16715      5F53495A 
 16715      455F545F 
 16715      44454649 
 16715      4E45445F 
 16716              	.LASF589:
 16717 1064 5F5F474E 		.ascii	"__GNUCLIKE_CTOR_SECTION_HANDLING 1\000"
 16717      55434C49 
 16717      4B455F43 
 16717      544F525F 
 16717      53454354 
 16718              	.LASF1252:
 16719 1087 70616E69 		.ascii	"panic\000"
 16719      6300
 16720              	.LASF1616:
 16721 108d 53544D5F 		.ascii	"STM_CONTINUE\000"
 16721      434F4E54 
 16721      494E5545 
 16721      00
 16722              	.LASF1568:
 16723 109a 4558505F 		.ascii	"EXP_MOD\000"
 16723      4D4F4400 
 16724              	.LASF1036:
 16725 10a2 5F5F7369 		.ascii	"__signgam_r(ptr) _REENT_SIGNGAM(ptr)\000"
 16725      676E6761 
 16725      6D5F7228 
 16725      70747229 
 16725      205F5245 
 16726              	.LASF122:
 16727 10c7 5F5F5549 		.ascii	"__UINT16_C(c) c\000"
 16727      4E543136 
 16727      5F432863 
 16727      29206300 
 16728              	.LASF392:
 16729 10d7 5F5F5052 		.ascii	"__PRAGMA_REDEFINE_EXTNAME 1\000"
 16729      41474D41 
 16729      5F524544 
 16729      4546494E 
 16729      455F4558 
 16730              	.LASF53:
 16731 10f3 5F5F494E 		.ascii	"__INT_LEAST64_TYPE__ long long int\000"
 16731      545F4C45 
 16731      41535436 
 16731      345F5459 
 16731      50455F5F 
 16732              	.LASF1660:
 16733 1116 6A735F74 		.ascii	"js_toobject\000"
ARM GAS  /var/folders/65/xyhbx3_n6nd_hs7j3p9nfwv80000gn/T//ccls3DQP.s 			page 318


 16733      6F6F626A 
 16733      65637400 
 16734              	.LASF1499:
 16735 1122 4A535F43 		.ascii	"JS_CFUNCTION\000"
 16735      46554E43 
 16735      54494F4E 
 16735      00
 16736              	.LASF534:
 16737 112f 5F5F6861 		.ascii	"__have_longlong64 1\000"
 16737      76655F6C 
 16737      6F6E676C 
 16737      6F6E6736 
 16737      34203100 
 16738              	.LASF1474:
 16739 1143 7661726C 		.ascii	"varlen\000"
 16739      656E00
 16740              	.LASF655:
 16741 114a 5F5F7379 		.ascii	"__sym_compat(sym,impl,verid) __asm__(\".symver \" #"
 16741      6D5F636F 
 16741      6D706174 
 16741      2873796D 
 16741      2C696D70 
 16742 117b 696D706C 		.ascii	"impl \", \" #sym \"@\" #verid)\000"
 16742      20222C20 
 16742      22202373 
 16742      796D2022 
 16742      40222023 
 16743              	.LASF1536:
 16744 1196 4153545F 		.ascii	"AST_FUNDEC\000"
 16744      46554E44 
 16744      454300
 16745              	.LASF734:
 16746 11a1 5F5F6C6F 		.ascii	"__lock_acquire(lock) __retarget_lock_acquire(lock)\000"
 16746      636B5F61 
 16746      63717569 
 16746      7265286C 
 16746      6F636B29 
 16747              	.LASF683:
 16748 11d4 5F5F7265 		.ascii	"__requires_unlocked(...) __lock_annotate(locks_excl"
 16748      71756972 
 16748      65735F75 
 16748      6E6C6F63 
 16748      6B656428 
 16749 1207 75646564 		.ascii	"uded(__VA_ARGS__))\000"
 16749      285F5F56 
 16749      415F4152 
 16749      47535F5F 
 16749      292900
 16750              	.LASF736:
 16751 121a 5F5F6C6F 		.ascii	"__lock_try_acquire(lock) __retarget_lock_try_acquir"
 16751      636B5F74 
 16751      72795F61 
 16751      63717569 
 16751      7265286C 
 16752 124d 65286C6F 		.ascii	"e(lock)\000"
 16752      636B2900 
 16753              	.LASF711:
ARM GAS  /var/folders/65/xyhbx3_n6nd_hs7j3p9nfwv80000gn/T//ccls3DQP.s 			page 319


 16754 1255 5F5F5F69 		.ascii	"___int_wchar_t_h \000"
 16754      6E745F77 
 16754      63686172 
 16754      5F745F68 
 16754      2000
 16755              	.LASF726:
 16756 1267 5F5F5359 		.ascii	"__SYS_LOCK_H__ \000"
 16756      535F4C4F 
 16756      434B5F48 
 16756      5F5F2000 
 16757              	.LASF390:
 16758 1277 5F5F4841 		.ascii	"__HAVE_SPECULATION_SAFE_VALUE 1\000"
 16758      56455F53 
 16758      50454355 
 16758      4C415449 
 16758      4F4E5F53 
 16759              	.LASF1039:
 16760 1297 4F564552 		.ascii	"OVERFLOW 3\000"
 16760      464C4F57 
 16760      203300
 16761              	.LASF425:
 16762 12a2 5F5F4152 		.ascii	"__ARMEL__ 1\000"
 16762      4D454C5F 
 16762      5F203100 
 16763              	.LASF773:
 16764 12ae 5F524545 		.ascii	"_REENT_CHECK_ASCTIME_BUF(ptr) \000"
 16764      4E545F43 
 16764      4845434B 
 16764      5F415343 
 16764      54494D45 
 16765              	.LASF336:
 16766 12cd 5F5F5151 		.ascii	"__QQ_FBIT__ 7\000"
 16766      5F464249 
 16766      545F5F20 
 16766      3700
 16767              	.LASF1459:
 16768 12db 63617365 		.ascii	"casejump\000"
 16768      6A756D70 
 16768      00
 16769              	.LASF184:
 16770 12e4 5F5F4C44 		.ascii	"__LDBL_DECIMAL_DIG__ 17\000"
 16770      424C5F44 
 16770      4543494D 
 16770      414C5F44 
 16770      49475F5F 
 16771              	.LASF1582:
 16772 12fc 4558505F 		.ascii	"EXP_STRICTNE\000"
 16772      53545249 
 16772      43544E45 
 16772      00
 16773              	.LASF1535:
 16774 1309 4153545F 		.ascii	"AST_LIST\000"
 16774      4C495354 
 16774      00
 16775              	.LASF1455:
 16776 1312 6A735F41 		.ascii	"js_Ast\000"
 16776      737400
ARM GAS  /var/folders/65/xyhbx3_n6nd_hs7j3p9nfwv80000gn/T//ccls3DQP.s 			page 320


 16777              	.LASF231:
 16778 1319 5F5F464C 		.ascii	"__FLT32X_DENORM_MIN__ 4.9406564584124654e-324F32x\000"
 16778      54333258 
 16778      5F44454E 
 16778      4F524D5F 
 16778      4D494E5F 
 16779              	.LASF1452:
 16780 134b 70726F74 		.ascii	"prototype\000"
 16780      6F747970 
 16780      6500
 16781              	.LASF1590:
 16782 1355 4558505F 		.ascii	"EXP_LOGOR\000"
 16782      4C4F474F 
 16782      5200
 16783              	.LASF967:
 16784 135f 66657272 		.ascii	"ferror(p) __sferror(p)\000"
 16784      6F722870 
 16784      29205F5F 
 16784      73666572 
 16784      726F7228 
 16785              	.LASF998:
 16786 1376 5F5F7661 		.ascii	"__va_list__ \000"
 16786      5F6C6973 
 16786      745F5F20 
 16786      00
 16787              	.LASF1525:
 16788 1383 636F6E73 		.ascii	"constructor\000"
 16788      74727563 
 16788      746F7200 
 16789              	.LASF26:
 16790 138f 5F5F4249 		.ascii	"__BIGGEST_ALIGNMENT__ 8\000"
 16790      47474553 
 16790      545F414C 
 16790      49474E4D 
 16790      454E545F 
 16791              	.LASF1517:
 16792 13a7 6F626A65 		.ascii	"object\000"
 16792      637400
 16793              	.LASF417:
 16794 13ae 5F5F4152 		.ascii	"__ARM_ARCH\000"
 16794      4D5F4152 
 16794      434800
 16795              	.LASF46:
 16796 13b9 5F5F5549 		.ascii	"__UINT8_TYPE__ unsigned char\000"
 16796      4E54385F 
 16796      54595045 
 16796      5F5F2075 
 16796      6E736967 
 16797              	.LASF1639:
 16798 13d6 72657072 		.ascii	"reprstr\000"
 16798      73747200 
 16799              	.LASF1610:
 16800 13de 53544D5F 		.ascii	"STM_DO\000"
 16800      444F00
 16801              	.LASF1479:
 16802 13e5 6A735F53 		.ascii	"js_StringNode\000"
 16802      7472696E 
ARM GAS  /var/folders/65/xyhbx3_n6nd_hs7j3p9nfwv80000gn/T//ccls3DQP.s 			page 321


 16802      674E6F64 
 16802      6500
 16803              	.LASF790:
 16804 13f3 5F524545 		.ascii	"_REENT_MBLEN_STATE(ptr) ((ptr)->_new._reent._mblen_"
 16804      4E545F4D 
 16804      424C454E 
 16804      5F535441 
 16804      54452870 
 16805 1426 73746174 		.ascii	"state)\000"
 16805      652900
 16806              	.LASF195:
 16807 142d 5F5F464C 		.ascii	"__FLT32_MIN_10_EXP__ (-37)\000"
 16807      5433325F 
 16807      4D494E5F 
 16807      31305F45 
 16807      58505F5F 
 16808              	.LASF1654:
 16809 1448 6A735F74 		.ascii	"js_throw\000"
 16809      68726F77 
 16809      00
 16810              	.LASF1098:
 16811 1451 4C44424C 		.ascii	"LDBL_MIN_10_EXP __LDBL_MIN_10_EXP__\000"
 16811      5F4D494E 
 16811      5F31305F 
 16811      45585020 
 16811      5F5F4C44 
 16812              	.LASF334:
 16813 1475 5F5F554C 		.ascii	"__ULLACCUM_MAX__ 0XFFFFFFFFFFFFFFFFP-32ULLK\000"
 16813      4C414343 
 16813      554D5F4D 
 16813      41585F5F 
 16813      20305846 
 16814              	.LASF1496:
 16815 14a1 6A735F43 		.ascii	"js_Class\000"
 16815      6C617373 
 16815      00
 16816              	.LASF3:
 16817 14aa 5F5F5354 		.ascii	"__STDC_UTF_32__ 1\000"
 16817      44435F55 
 16817      54465F33 
 16817      325F5F20 
 16817      3100
 16818              	.LASF110:
 16819 14bc 5F5F494E 		.ascii	"__INT_LEAST16_MAX__ 0x7fff\000"
 16819      545F4C45 
 16819      41535431 
 16819      365F4D41 
 16819      585F5F20 
 16820              	.LASF611:
 16821 14d7 5F5F636F 		.ascii	"__const const\000"
 16821      6E737420 
 16821      636F6E73 
 16821      7400
 16822              	.LASF978:
 16823 14e5 5F4D4143 		.ascii	"_MACHSTDLIB_H_ \000"
 16823      48535444 
 16823      4C49425F 
ARM GAS  /var/folders/65/xyhbx3_n6nd_hs7j3p9nfwv80000gn/T//ccls3DQP.s 			page 322


 16823      485F2000 
 16824              	.LASF1257:
 16825 14f5 736F7572 		.ascii	"source\000"
 16825      636500
 16826              	.LASF1030:
 16827 14fc 69736C65 		.ascii	"isless(__x,__y) (__builtin_isless (__x, __y))\000"
 16827      7373285F 
 16827      5F782C5F 
 16827      5F792920 
 16827      285F5F62 
 16828              	.LASF942:
 16829 152a 42554653 		.ascii	"BUFSIZ 1024\000"
 16829      495A2031 
 16829      30323400 
 16830              	.LASF1111:
 16831 1536 464C545F 		.ascii	"FLT_MAX\000"
 16831      4D415800 
 16832              	.LASF1177:
 16833 153e 5F474343 		.ascii	"_GCC_NEXT_LIMITS_H\000"
 16833      5F4E4558 
 16833      545F4C49 
 16833      4D495453 
 16833      5F4800
 16834              	.LASF1444:
 16835 1551 70726F67 		.ascii	"prog\000"
 16835      00
 16836              	.LASF737:
 16837 1556 5F5F6C6F 		.ascii	"__lock_try_acquire_recursive(lock) __retarget_lock_"
 16837      636B5F74 
 16837      72795F61 
 16837      63717569 
 16837      72655F72 
 16838 1589 7472795F 		.ascii	"try_acquire_recursive(lock)\000"
 16838      61637175 
 16838      6972655F 
 16838      72656375 
 16838      72736976 
 16839              	.LASF457:
 16840 15a5 5F414E53 		.ascii	"_ANSIDECL_H_ \000"
 16840      49444543 
 16840      4C5F485F 
 16840      2000
 16841              	.LASF47:
 16842 15b3 5F5F5549 		.ascii	"__UINT16_TYPE__ short unsigned int\000"
 16842      4E543136 
 16842      5F545950 
 16842      455F5F20 
 16842      73686F72 
 16843              	.LASF952:
 16844 15d6 7374646F 		.ascii	"stdout (_REENT->_stdout)\000"
 16844      75742028 
 16844      5F524545 
 16844      4E542D3E 
 16844      5F737464 
 16845              	.LASF544:
 16846 15ef 5F5F4558 		.ascii	"__EXP\000"
 16846      5000
ARM GAS  /var/folders/65/xyhbx3_n6nd_hs7j3p9nfwv80000gn/T//ccls3DQP.s 			page 323


 16847              	.LASF1674:
 16848 15f5 6A735F72 		.ascii	"js_repr\000"
 16848      65707200 
 16849              	.LASF549:
 16850 15fd 5F545F53 		.ascii	"_T_SIZE_ \000"
 16850      495A455F 
 16850      2000
 16851              	.LASF496:
 16852 1607 5F5F4953 		.ascii	"__ISO_C_VISIBLE 2011\000"
 16852      4F5F435F 
 16852      56495349 
 16852      424C4520 
 16852      32303131 
 16853              	.LASF849:
 16854 161c 5F54494D 		.ascii	"_TIME_T_DECLARED \000"
 16854      455F545F 
 16854      4445434C 
 16854      41524544 
 16854      2000
 16855              	.LASF860:
 16856 162e 5F534947 		.ascii	"_SIGSET_T_DECLARED \000"
 16856      5345545F 
 16856      545F4445 
 16856      434C4152 
 16856      45442000 
 16857              	.LASF192:
 16858 1642 5F5F464C 		.ascii	"__FLT32_MANT_DIG__ 24\000"
 16858      5433325F 
 16858      4D414E54 
 16858      5F444947 
 16858      5F5F2032 
 16859              	.LASF233:
 16860 1658 5F5F464C 		.ascii	"__FLT32X_HAS_INFINITY__ 1\000"
 16860      54333258 
 16860      5F484153 
 16860      5F494E46 
 16860      494E4954 
 16861              	.LASF752:
 16862 1672 5F415445 		.ascii	"_ATEXIT_SIZE 32\000"
 16862      5849545F 
 16862      53495A45 
 16862      20333200 
 16863              	.LASF1037:
 16864 1682 444F4D41 		.ascii	"DOMAIN 1\000"
 16864      494E2031 
 16864      00
 16865              	.LASF1375:
 16866 168b 5F646174 		.ascii	"_data\000"
 16866      6100
 16867              	.LASF1298:
 16868 1691 656E7674 		.ascii	"envtop\000"
 16868      6F7000
 16869              	.LASF1218:
 16870 1698 4C4F4E47 		.ascii	"LONG_LONG_MAX __LONG_LONG_MAX__\000"
 16870      5F4C4F4E 
 16870      475F4D41 
 16870      58205F5F 
ARM GAS  /var/folders/65/xyhbx3_n6nd_hs7j3p9nfwv80000gn/T//ccls3DQP.s 			page 324


 16870      4C4F4E47 
 16871              	.LASF125:
 16872 16b8 5F5F5549 		.ascii	"__UINT_LEAST64_MAX__ 0xffffffffffffffffULL\000"
 16872      4E545F4C 
 16872      45415354 
 16872      36345F4D 
 16872      41585F5F 
 16873              	.LASF108:
 16874 16e3 5F5F494E 		.ascii	"__INT8_C(c) c\000"
 16874      54385F43 
 16874      28632920 
 16874      6300
 16875              	.LASF906:
 16876 16f1 53434845 		.ascii	"SCHED_RR 2\000"
 16876      445F5252 
 16876      203200
 16877              	.LASF442:
 16878 16fc 5F5F4152 		.ascii	"__ARM_EABI__ 1\000"
 16878      4D5F4541 
 16878      42495F5F 
 16878      203100
 16879              	.LASF651:
 16880 170b 5F5F7072 		.ascii	"__printf0like(fmtarg,firstvararg) \000"
 16880      696E7466 
 16880      306C696B 
 16880      6528666D 
 16880      74617267 
 16881              	.LASF1279:
 16882 172e 52616E67 		.ascii	"RangeError_prototype\000"
 16882      65457272 
 16882      6F725F70 
 16882      726F746F 
 16882      74797065 
 16883              	.LASF945:
 16884 1743 4C5F746D 		.ascii	"L_tmpnam FILENAME_MAX\000"
 16884      706E616D 
 16884      2046494C 
 16884      454E414D 
 16884      455F4D41 
 16885              	.LASF1297:
 16886 1759 6D656D6C 		.ascii	"memlimit\000"
 16886      696D6974 
 16886      00
 16887              	.LASF201:
 16888 1762 5F5F464C 		.ascii	"__FLT32_EPSILON__ 1.1920928955078125e-7F32\000"
 16888      5433325F 
 16888      45505349 
 16888      4C4F4E5F 
 16888      5F20312E 
 16889              	.LASF479:
 16890 178d 5F5F4945 		.ascii	"__IEEE_LITTLE_ENDIAN \000"
 16890      45455F4C 
 16890      4954544C 
 16890      455F454E 
 16890      4449414E 
 16891              	.LASF152:
 16892 17a3 5F5F464C 		.ascii	"__FLT_MAX_EXP__ 128\000"
ARM GAS  /var/folders/65/xyhbx3_n6nd_hs7j3p9nfwv80000gn/T//ccls3DQP.s 			page 325


 16892      545F4D41 
 16892      585F4558 
 16892      505F5F20 
 16892      31323800 
 16893              	.LASF102:
 16894 17b7 5F5F494E 		.ascii	"__INT64_MAX__ 0x7fffffffffffffffLL\000"
 16894      5436345F 
 16894      4D41585F 
 16894      5F203078 
 16894      37666666 
 16895              	.LASF600:
 16896 17da 5F5F4343 		.ascii	"__CC_SUPPORTS___INLINE 1\000"
 16896      5F535550 
 16896      504F5254 
 16896      535F5F5F 
 16896      494E4C49 
 16897              	.LASF10:
 16898 17f3 5F5F4154 		.ascii	"__ATOMIC_SEQ_CST 5\000"
 16898      4F4D4943 
 16898      5F534551 
 16898      5F435354 
 16898      203500
 16899              	.LASF559:
 16900 1806 5F474343 		.ascii	"_GCC_SIZE_T \000"
 16900      5F53495A 
 16900      455F5420 
 16900      00
 16901              	.LASF155:
 16902 1813 5F5F464C 		.ascii	"__FLT_MAX__ 3.4028234663852886e+38F\000"
 16902      545F4D41 
 16902      585F5F20 
 16902      332E3430 
 16902      32383233 
 16903              	.LASF1431:
 16904 1837 5F5F6C6F 		.ascii	"__lock\000"
 16904      636B00
 16905              	.LASF964:
 16906 183e 5F5F7363 		.ascii	"__sclearerr(p) ((void)((p)->_flags &= ~(__SERR|__SE"
 16906      6C656172 
 16906      65727228 
 16906      70292028 
 16906      28766F69 
 16907 1871 4F462929 		.ascii	"OF)))\000"
 16907      2900
 16908              	.LASF1268:
 16909 1877 67636173 		.ascii	"gcast\000"
 16909      7400
 16910              	.LASF1166:
 16911 187d 42435F42 		.ascii	"BC_BASE_MAX 99\000"
 16911      4153455F 
 16911      4D415820 
 16911      393900
 16912              	.LASF225:
 16913 188c 5F5F464C 		.ascii	"__FLT32X_MAX_EXP__ 1024\000"
 16913      54333258 
 16913      5F4D4158 
 16913      5F455850 
ARM GAS  /var/folders/65/xyhbx3_n6nd_hs7j3p9nfwv80000gn/T//ccls3DQP.s 			page 326


 16913      5F5F2031 
 16914              	.LASF603:
 16915 18a4 5F5F4343 		.ascii	"__CC_SUPPORTS_WARNING 1\000"
 16915      5F535550 
 16915      504F5254 
 16915      535F5741 
 16915      524E494E 
 16916              	.LASF1501:
 16917 18bc 4A535F43 		.ascii	"JS_CCFUNCTION\000"
 16917      4346554E 
 16917      4354494F 
 16917      4E00
 16918              	.LASF62:
 16919 18ca 5F5F5549 		.ascii	"__UINT_FAST8_TYPE__ unsigned int\000"
 16919      4E545F46 
 16919      41535438 
 16919      5F545950 
 16919      455F5F20 
 16920              	.LASF877:
 16921 18eb 5F5F755F 		.ascii	"__u_long_defined \000"
 16921      6C6F6E67 
 16921      5F646566 
 16921      696E6564 
 16921      2000
 16922              	.LASF370:
 16923 18fd 5F5F5554 		.ascii	"__UTA_FBIT__ 64\000"
 16923      415F4642 
 16923      49545F5F 
 16923      20363400 
 16924              	.LASF886:
 16925 190d 5F49445F 		.ascii	"_ID_T_DECLARED \000"
 16925      545F4445 
 16925      434C4152 
 16925      45442000 
 16926              	.LASF164:
 16927 191d 5F5F4442 		.ascii	"__DBL_DIG__ 15\000"
 16927      4C5F4449 
 16927      475F5F20 
 16927      313500
 16928              	.LASF38:
 16929 192c 5F5F5549 		.ascii	"__UINTMAX_TYPE__ long long unsigned int\000"
 16929      4E544D41 
 16929      585F5459 
 16929      50455F5F 
 16929      206C6F6E 
 16930              	.LASF1400:
 16931 1954 5F5F7366 		.ascii	"__sf\000"
 16931      00
 16932              	.LASF533:
 16933 1959 5F5F4558 		.ascii	"__EXP(x) __ ##x ##__\000"
 16933      50287829 
 16933      205F5F20 
 16933      23237820 
 16933      23235F5F 
 16934              	.LASF183:
 16935 196e 5F5F4445 		.ascii	"__DECIMAL_DIG__ 17\000"
 16935      43494D41 
ARM GAS  /var/folders/65/xyhbx3_n6nd_hs7j3p9nfwv80000gn/T//ccls3DQP.s 			page 327


 16935      4C5F4449 
 16935      475F5F20 
 16935      313700
 16936              	.LASF1076:
 16937 1981 44424C5F 		.ascii	"DBL_MANT_DIG\000"
 16937      4D414E54 
 16937      5F444947 
 16937      00
 16938              	.LASF1360:
 16939 198e 5F626173 		.ascii	"_base\000"
 16939      6500
 16940              	.LASF571:
 16941 1994 5F5F6C6F 		.ascii	"__long_double_t long double\000"
 16941      6E675F64 
 16941      6F75626C 
 16941      655F7420 
 16941      6C6F6E67 
 16942              	.LASF917:
 16943 19b0 5F5F4649 		.ascii	"__FILE_defined \000"
 16943      4C455F64 
 16943      6566696E 
 16943      65642000 
 16944              	.LASF580:
 16945 19c0 5F5F6861 		.ascii	"__has_feature(x) 0\000"
 16945      735F6665 
 16945      61747572 
 16945      65287829 
 16945      203000
 16946              	.LASF1078:
 16947 19d3 464C545F 		.ascii	"FLT_MANT_DIG __FLT_MANT_DIG__\000"
 16947      4D414E54 
 16947      5F444947 
 16947      205F5F46 
 16947      4C545F4D 
 16948              	.LASF1417:
 16949 19f1 5F6D6274 		.ascii	"_mbtowc_state\000"
 16949      6F77635F 
 16949      73746174 
 16949      6500
 16950              	.LASF763:
 16951 19ff 5F524545 		.ascii	"_REENT_EMERGENCY_SIZE 25\000"
 16951      4E545F45 
 16951      4D455247 
 16951      454E4359 
 16951      5F53495A 
 16952              	.LASF371:
 16953 1a18 5F5F5554 		.ascii	"__UTA_IBIT__ 64\000"
 16953      415F4942 
 16953      49545F5F 
 16953      20363400 
 16954              	.LASF505:
 16955 1a28 5F5F5241 		.ascii	"__RAND_MAX 0x7fffffff\000"
 16955      4E445F4D 
 16955      41582030 
 16955      78376666 
 16955      66666666 
 16956              	.LASF353:
ARM GAS  /var/folders/65/xyhbx3_n6nd_hs7j3p9nfwv80000gn/T//ccls3DQP.s 			page 328


 16957 1a3e 5F5F5544 		.ascii	"__UDQ_IBIT__ 0\000"
 16957      515F4942 
 16957      49545F5F 
 16957      203000
 16958              	.LASF1655:
 16959 1a4d 6A73555F 		.ascii	"jsU_chartorune\000"
 16959      63686172 
 16959      746F7275 
 16959      6E6500
 16960              	.LASF1491:
 16961 1a5c 67657474 		.ascii	"getter\000"
 16961      657200
 16962              	.LASF1086:
 16963 1a63 4C44424C 		.ascii	"LDBL_DIG __LDBL_DIG__\000"
 16963      5F444947 
 16963      205F5F4C 
 16963      44424C5F 
 16963      4449475F 
 16964              	.LASF1493:
 16965 1a79 6A735F49 		.ascii	"js_Iterator\000"
 16965      74657261 
 16965      746F7200 
 16966              	.LASF297:
 16967 1a85 5F5F5341 		.ascii	"__SACCUM_IBIT__ 8\000"
 16967      4343554D 
 16967      5F494249 
 16967      545F5F20 
 16967      3800
 16968              	.LASF885:
 16969 1a97 5F465342 		.ascii	"_FSBLKCNT_T_DECLARED \000"
 16969      4C4B434E 
 16969      545F545F 
 16969      4445434C 
 16969      41524544 
 16970              	.LASF277:
 16971 1aad 5F5F4C46 		.ascii	"__LFRACT_IBIT__ 0\000"
 16971      52414354 
 16971      5F494249 
 16971      545F5F20 
 16971      3000
 16972              	.LASF1506:
 16973 1abf 4A535F43 		.ascii	"JS_CREGEXP\000"
 16973      52454745 
 16973      585000
 16974              	.LASF1587:
 16975 1aca 4558505F 		.ascii	"EXP_BITXOR\000"
 16975      42495458 
 16975      4F5200
 16976              	.LASF373:
 16977 1ad5 5F5F5553 		.ascii	"__USER_LABEL_PREFIX__ \000"
 16977      45525F4C 
 16977      4142454C 
 16977      5F505245 
 16977      4649585F 
 16978              	.LASF1213:
 16979 1aec 554C4C4F 		.ascii	"ULLONG_MAX\000"
 16979      4E475F4D 
ARM GAS  /var/folders/65/xyhbx3_n6nd_hs7j3p9nfwv80000gn/T//ccls3DQP.s 			page 329


 16979      415800
 16980              	.LASF572:
 16981 1af7 5F5F6174 		.ascii	"__attribute_malloc__ \000"
 16981      74726962 
 16981      7574655F 
 16981      6D616C6C 
 16981      6F635F5F 
 16982              	.LASF557:
 16983 1b0d 5F53495A 		.ascii	"_SIZE_T_DECLARED \000"
 16983      455F545F 
 16983      4445434C 
 16983      41524544 
 16983      2000
 16984              	.LASF1460:
 16985 1b1f 6A735F46 		.ascii	"js_Function\000"
 16985      756E6374 
 16985      696F6E00 
 16986              	.LASF1489:
 16987 1b2b 61747473 		.ascii	"atts\000"
 16987      00
 16988              	.LASF787:
 16989 1b30 5F524545 		.ascii	"_REENT_TM(ptr) (&(ptr)->_new._reent._localtime_buf)"
 16989      4E545F54 
 16989      4D287074 
 16989      72292028 
 16989      26287074 
 16990 1b63 00       		.ascii	"\000"
 16991              	.LASF1341:
 16992 1b64 5F5F746D 		.ascii	"__tm\000"
 16992      00
 16993              	.LASF337:
 16994 1b69 5F5F5151 		.ascii	"__QQ_IBIT__ 0\000"
 16994      5F494249 
 16994      545F5F20 
 16994      3000
 16995              	.LASF1023:
 16996 1b77 69736669 		.ascii	"isfinite(__x) (__builtin_isfinite (__x))\000"
 16996      6E697465 
 16996      285F5F78 
 16996      2920285F 
 16996      5F627569 
 16997              	.LASF946:
 16998 1ba0 505F746D 		.ascii	"P_tmpdir \"/tmp\"\000"
 16998      70646972 
 16998      20222F74 
 16998      6D702200 
 16999              	.LASF662:
 17000 1bb0 5F5F4445 		.ascii	"__DECONST(type,var) ((type)(__uintptr_t)(const void"
 17000      434F4E53 
 17000      54287479 
 17000      70652C76 
 17000      61722920 
 17001 1be3 202A2928 		.ascii	" *)(var))\000"
 17001      76617229 
 17001      2900
 17002              	.LASF1621:
 17003 1bed 53544D5F 		.ascii	"STM_THROW\000"
ARM GAS  /var/folders/65/xyhbx3_n6nd_hs7j3p9nfwv80000gn/T//ccls3DQP.s 			page 330


 17003      5448524F 
 17003      5700
 17004              	.LASF314:
 17005 1bf7 5F5F5541 		.ascii	"__UACCUM_MAX__ 0XFFFFFFFFP-16UK\000"
 17005      4343554D 
 17005      5F4D4158 
 17005      5F5F2030 
 17005      58464646 
 17006              	.LASF971:
 17007 1c17 636C6561 		.ascii	"clearerr_unlocked(p) __sclearerr(p)\000"
 17007      72657272 
 17007      5F756E6C 
 17007      6F636B65 
 17007      64287029 
 17008              	.LASF7:
 17009 1c3b 5F5F474E 		.ascii	"__GNUC_PATCHLEVEL__ 1\000"
 17009      55435F50 
 17009      41544348 
 17009      4C455645 
 17009      4C5F5F20 
 17010              	.LASF747:
 17011 1c51 5F54494D 		.ascii	"_TIME_T_ __int_least64_t\000"
 17011      455F545F 
 17011      205F5F69 
 17011      6E745F6C 
 17011      65617374 
 17012              	.LASF127:
 17013 1c6a 5F5F494E 		.ascii	"__INT_FAST8_MAX__ 0x7fffffff\000"
 17013      545F4641 
 17013      5354385F 
 17013      4D41585F 
 17013      5F203078 
 17014              	.LASF702:
 17015 1c87 5F574348 		.ascii	"_WCHAR_T \000"
 17015      41525F54 
 17015      2000
 17016              	.LASF1114:
 17017 1c91 464C545F 		.ascii	"FLT_MAX __FLT_MAX__\000"
 17017      4D415820 
 17017      5F5F464C 
 17017      545F4D41 
 17017      585F5F00 
 17018              	.LASF128:
 17019 1ca5 5F5F494E 		.ascii	"__INT_FAST8_WIDTH__ 32\000"
 17019      545F4641 
 17019      5354385F 
 17019      57494454 
 17019      485F5F20 
 17020              	.LASF1476:
 17021 1cbc 6A735F45 		.ascii	"js_Environment\000"
 17021      6E766972 
 17021      6F6E6D65 
 17021      6E7400
 17022              	.LASF1073:
 17023 1ccb 464C545F 		.ascii	"FLT_RADIX\000"
 17023      52414449 
 17023      5800
ARM GAS  /var/folders/65/xyhbx3_n6nd_hs7j3p9nfwv80000gn/T//ccls3DQP.s 			page 331


 17024              	.LASF975:
 17025 1cd5 4C5F6374 		.ascii	"L_ctermid 16\000"
 17025      65726D69 
 17025      64203136 
 17025      00
 17026              	.LASF1349:
 17027 1ce2 5F5F746D 		.ascii	"__tm_yday\000"
 17027      5F796461 
 17027      7900
 17028              	.LASF185:
 17029 1cec 5F5F4C44 		.ascii	"__LDBL_MAX__ 1.7976931348623157e+308L\000"
 17029      424C5F4D 
 17029      41585F5F 
 17029      20312E37 
 17029      39373639 
 17030              	.LASF389:
 17031 1d12 5F5F4743 		.ascii	"__GCC_ATOMIC_POINTER_LOCK_FREE 2\000"
 17031      435F4154 
 17031      4F4D4943 
 17031      5F504F49 
 17031      4E544552 
 17032              	.LASF431:
 17033 1d33 5F5F4152 		.ascii	"__ARM_FP16_ARGS\000"
 17033      4D5F4650 
 17033      31365F41 
 17033      52475300 
 17034              	.LASF1544:
 17035 1d43 4558505F 		.ascii	"EXP_TRUE\000"
 17035      54525545 
 17035      00
 17036              	.LASF194:
 17037 1d4c 5F5F464C 		.ascii	"__FLT32_MIN_EXP__ (-125)\000"
 17037      5433325F 
 17037      4D494E5F 
 17037      4558505F 
 17037      5F20282D 
 17038              	.LASF288:
 17039 1d65 5F5F4C4C 		.ascii	"__LLFRACT_MIN__ (-0.5LLR-0.5LLR)\000"
 17039      46524143 
 17039      545F4D49 
 17039      4E5F5F20 
 17039      282D302E 
 17040              	.LASF1448:
 17041 1d86 74797065 		.ascii	"type\000"
 17041      00
 17042              	.LASF1443:
 17043 1d8b 6A735F52 		.ascii	"js_Regexp\000"
 17043      65676578 
 17043      7000
 17044              	.LASF179:
 17045 1d95 5F5F4C44 		.ascii	"__LDBL_MIN_EXP__ (-1021)\000"
 17045      424C5F4D 
 17045      494E5F45 
 17045      58505F5F 
 17045      20282D31 
 17046              	.LASF1325:
 17047 1dae 5F4C4F43 		.ascii	"_LOCK_T\000"
ARM GAS  /var/folders/65/xyhbx3_n6nd_hs7j3p9nfwv80000gn/T//ccls3DQP.s 			page 332


 17047      4B5F5400 
 17048              	.LASF166:
 17049 1db6 5F5F4442 		.ascii	"__DBL_MIN_10_EXP__ (-307)\000"
 17049      4C5F4D49 
 17049      4E5F3130 
 17049      5F455850 
 17049      5F5F2028 
 17050              	.LASF1057:
 17051 1dd0 4D5F5457 		.ascii	"M_TWOPI (M_PI * 2.0)\000"
 17051      4F504920 
 17051      284D5F50 
 17051      49202A20 
 17051      322E3029 
 17052              	.LASF273:
 17053 1de5 5F5F5546 		.ascii	"__UFRACT_MIN__ 0.0UR\000"
 17053      52414354 
 17053      5F4D494E 
 17053      5F5F2030 
 17053      2E305552 
 17054              	.LASF697:
 17055 1dfa 5F474343 		.ascii	"_GCC_PTRDIFF_T \000"
 17055      5F505452 
 17055      44494646 
 17055      5F542000 
 17056              	.LASF1022:
 17057 1e0a 6670636C 		.ascii	"fpclassify(__x) (__builtin_fpclassify (FP_NAN, FP_I"
 17057      61737369 
 17057      6679285F 
 17057      5F782920 
 17057      285F5F62 
 17058 1e3d 4E46494E 		.ascii	"NFINITE, FP_NORMAL, FP_SUBNORMAL, FP_ZERO, __x))\000"
 17058      4954452C 
 17058      2046505F 
 17058      4E4F524D 
 17058      414C2C20 
 17059              	.LASF1449:
 17060 1e6e 65787465 		.ascii	"extensible\000"
 17060      6E736962 
 17060      6C6500
 17061              	.LASF151:
 17062 1e79 5F5F464C 		.ascii	"__FLT_MIN_10_EXP__ (-37)\000"
 17062      545F4D49 
 17062      4E5F3130 
 17062      5F455850 
 17062      5F5F2028 
 17063              	.LASF1611:
 17064 1e92 53544D5F 		.ascii	"STM_WHILE\000"
 17064      5748494C 
 17064      4500
 17065              	.LASF1609:
 17066 1e9c 53544D5F 		.ascii	"STM_IF\000"
 17066      494600
 17067              	.LASF222:
 17068 1ea3 5F5F464C 		.ascii	"__FLT32X_DIG__ 15\000"
 17068      54333258 
 17068      5F444947 
 17068      5F5F2031 
ARM GAS  /var/folders/65/xyhbx3_n6nd_hs7j3p9nfwv80000gn/T//ccls3DQP.s 			page 333


 17068      3500
 17069              	.LASF1505:
 17070 1eb5 4A535F43 		.ascii	"JS_CSTRING\000"
 17070      53545249 
 17070      4E4700
 17071              	.LASF174:
 17072 1ec0 5F5F4442 		.ascii	"__DBL_HAS_DENORM__ 1\000"
 17072      4C5F4841 
 17072      535F4445 
 17072      4E4F524D 
 17072      5F5F2031 
 17073              	.LASF1555:
 17074 1ed5 4558505F 		.ascii	"EXP_CALL\000"
 17074      43414C4C 
 17074      00
 17075              	.LASF1180:
 17076 1ede 43484152 		.ascii	"CHAR_BIT __CHAR_BIT__\000"
 17076      5F424954 
 17076      205F5F43 
 17076      4841525F 
 17076      4249545F 
 17077              	.LASF1409:
 17078 1ef4 5F756E75 		.ascii	"_unused_rand\000"
 17078      7365645F 
 17078      72616E64 
 17078      00
 17079              	.LASF163:
 17080 1f01 5F5F4442 		.ascii	"__DBL_MANT_DIG__ 53\000"
 17080      4C5F4D41 
 17080      4E545F44 
 17080      49475F5F 
 17080      20353300 
 17081              	.LASF298:
 17082 1f15 5F5F5341 		.ascii	"__SACCUM_MIN__ (-0X1P7HK-0X1P7HK)\000"
 17082      4343554D 
 17082      5F4D494E 
 17082      5F5F2028 
 17082      2D305831 
 17083              	.LASF923:
 17084 1f37 5F5F5352 		.ascii	"__SRD 0x0004\000"
 17084      44203078 
 17084      30303034 
 17084      00
 17085              	.LASF89:
 17086 1f44 5F5F5054 		.ascii	"__PTRDIFF_WIDTH__ 32\000"
 17086      52444946 
 17086      465F5749 
 17086      4454485F 
 17086      5F203332 
 17087              	.LASF657:
 17088 1f59 5F5F4642 		.ascii	"__FBSDID(s) struct __hack\000"
 17088      53444944 
 17088      28732920 
 17088      73747275 
 17088      6374205F 
 17089              	.LASF811:
 17090 1f73 5F55494E 		.ascii	"_UINT8_T_DECLARED \000"
ARM GAS  /var/folders/65/xyhbx3_n6nd_hs7j3p9nfwv80000gn/T//ccls3DQP.s 			page 334


 17090      54385F54 
 17090      5F444543 
 17090      4C415245 
 17090      442000
 17091              	.LASF1566:
 17092 1f86 4558505F 		.ascii	"EXP_BITNOT\000"
 17092      4249544E 
 17092      4F5400
 17093              	.LASF333:
 17094 1f91 5F5F554C 		.ascii	"__ULLACCUM_MIN__ 0.0ULLK\000"
 17094      4C414343 
 17094      554D5F4D 
 17094      494E5F5F 
 17094      20302E30 
 17095              	.LASF712:
 17096 1faa 5F5F494E 		.ascii	"__INT_WCHAR_T_H \000"
 17096      545F5743 
 17096      4841525F 
 17096      545F4820 
 17096      00
 17097              	.LASF240:
 17098 1fbb 5F5F4445 		.ascii	"__DEC32_EPSILON__ 1E-6DF\000"
 17098      4333325F 
 17098      45505349 
 17098      4C4F4E5F 
 17098      5F203145 
 17099              	.LASF672:
 17100 1fd4 5F5F6C6F 		.ascii	"__lock_annotate(x) \000"
 17100      636B5F61 
 17100      6E6E6F74 
 17100      61746528 
 17100      78292000 
 17101              	.LASF1473:
 17102 1fe8 76617263 		.ascii	"varcap\000"
 17102      617000
 17103              	.LASF1069:
 17104 1fef 5F535649 		.ascii	"_SVID_ __fdlibm_svid\000"
 17104      445F205F 
 17104      5F66646C 
 17104      69626D5F 
 17104      73766964 
 17105              	.LASF1048:
 17106 2004 4D5F4C4E 		.ascii	"M_LN10 2.30258509299404568402\000"
 17106      31302032 
 17106      2E333032 
 17106      35383530 
 17106      39323939 
 17107              	.LASF487:
 17108 2022 5F504F53 		.ascii	"_POSIX_SOURCE\000"
 17108      49585F53 
 17108      4F555243 
 17108      4500
 17109              	.LASF835:
 17110 2030 5044505F 		.ascii	"PDP_ENDIAN _PDP_ENDIAN\000"
 17110      454E4449 
 17110      414E205F 
 17110      5044505F 
ARM GAS  /var/folders/65/xyhbx3_n6nd_hs7j3p9nfwv80000gn/T//ccls3DQP.s 			page 335


 17110      454E4449 
 17111              	.LASF561:
 17112 2047 5F5F7369 		.ascii	"__size_t \000"
 17112      7A655F74 
 17112      2000
 17113              	.LASF78:
 17114 2051 5F5F5749 		.ascii	"__WINT_MAX__ 0xffffffffU\000"
 17114      4E545F4D 
 17114      41585F5F 
 17114      20307866 
 17114      66666666 
 17115              	.LASF21:
 17116 206a 5F5F5349 		.ascii	"__SIZEOF_FLOAT__ 4\000"
 17116      5A454F46 
 17116      5F464C4F 
 17116      41545F5F 
 17116      203400
 17117              	.LASF1003:
 17118 207d 5F4D5F4C 		.ascii	"_M_LN2 0.693147180559945309417\000"
 17118      4E322030 
 17118      2E363933 
 17118      31343731 
 17118      38303535 
 17119              	.LASF1391:
 17120 209c 5F726573 		.ascii	"_result_k\000"
 17120      756C745F 
 17120      6B00
 17121              	.LASF1044:
 17122 20a6 4D5F4520 		.ascii	"M_E 2.7182818284590452354\000"
 17122      322E3731 
 17122      38323831 
 17122      38323834 
 17122      35393034 
 17123              	.LASF1383:
 17124 20c0 5F737464 		.ascii	"_stderr\000"
 17124      65727200 
 17125              	.LASF1254:
 17126 20c8 64656661 		.ascii	"default_strict\000"
 17126      756C745F 
 17126      73747269 
 17126      637400
 17127              	.LASF1390:
 17128 20d7 5F726573 		.ascii	"_result\000"
 17128      756C7400 
 17129              	.LASF301:
 17130 20df 5F5F5553 		.ascii	"__USACCUM_FBIT__ 8\000"
 17130      41434355 
 17130      4D5F4642 
 17130      49545F5F 
 17130      203800
 17131              	.LASF1353:
 17132 20f2 5F64736F 		.ascii	"_dso_handle\000"
 17132      5F68616E 
 17132      646C6500 
 17133              	.LASF388:
 17134 20fe 5F5F4743 		.ascii	"__GCC_ATOMIC_TEST_AND_SET_TRUEVAL 1\000"
 17134      435F4154 
ARM GAS  /var/folders/65/xyhbx3_n6nd_hs7j3p9nfwv80000gn/T//ccls3DQP.s 			page 336


 17134      4F4D4943 
 17134      5F544553 
 17134      545F414E 
 17135              	.LASF523:
 17136 2122 4A535F43 		.ascii	"JS_CHECKVERSION(x,y,z) (JS_VERSION >= ((x) * 10000 "
 17136      4845434B 
 17136      56455253 
 17136      494F4E28 
 17136      782C792C 
 17137 2155 2B202879 		.ascii	"+ (y) * 100 + (z)))\000"
 17137      29202A20 
 17137      31303020 
 17137      2B20287A 
 17137      29292900 
 17138              	.LASF157:
 17139 2169 5F5F464C 		.ascii	"__FLT_EPSILON__ 1.1920928955078125e-7F\000"
 17139      545F4550 
 17139      53494C4F 
 17139      4E5F5F20 
 17139      312E3139 
 17140              	.LASF587:
 17141 2190 5F5F474E 		.ascii	"__GNUCLIKE___OFFSETOF 1\000"
 17141      55434C49 
 17141      4B455F5F 
 17141      5F4F4646 
 17141      5345544F 
 17142              	.LASF1261:
 17143 21a8 6C657863 		.ascii	"lexchar\000"
 17143      68617200 
 17144              	.LASF1024:
 17145 21b0 6973696E 		.ascii	"isinf(__x) (__builtin_isinf_sign (__x))\000"
 17145      66285F5F 
 17145      78292028 
 17145      5F5F6275 
 17145      696C7469 
 17146              	.LASF120:
 17147 21d8 5F5F5549 		.ascii	"__UINT8_C(c) c\000"
 17147      4E54385F 
 17147      43286329 
 17147      206300
 17148              	.LASF1348:
 17149 21e7 5F5F746D 		.ascii	"__tm_wday\000"
 17149      5F776461 
 17149      7900
 17150              	.LASF410:
 17151 21f1 5F5F4152 		.ascii	"__ARM_FEATURE_NUMERIC_MAXMIN\000"
 17151      4D5F4645 
 17151      41545552 
 17151      455F4E55 
 17151      4D455249 
 17152              	.LASF1350:
 17153 220e 5F5F746D 		.ascii	"__tm_isdst\000"
 17153      5F697364 
 17153      737400
 17154              	.LASF1441:
 17155 2219 5F5F6664 		.ascii	"__fdlib_version\000"
 17155      6C69625F 
ARM GAS  /var/folders/65/xyhbx3_n6nd_hs7j3p9nfwv80000gn/T//ccls3DQP.s 			page 337


 17155      76657273 
 17155      696F6E00 
 17156              	.LASF1055:
 17157 2229 4D5F5351 		.ascii	"M_SQRT2 1.41421356237309504880\000"
 17157      52543220 
 17157      312E3431 
 17157      34323133 
 17157      35363233 
 17158              	.LASF284:
 17159 2248 5F5F554C 		.ascii	"__ULFRACT_MAX__ 0XFFFFFFFFP-32ULR\000"
 17159      46524143 
 17159      545F4D41 
 17159      585F5F20 
 17159      30584646 
 17160              	.LASF614:
 17161 226a 5F5F7765 		.ascii	"__weak_symbol __attribute__((__weak__))\000"
 17161      616B5F73 
 17161      796D626F 
 17161      6C205F5F 
 17161      61747472 
 17162              	.LASF1293:
 17163 2292 67636F62 		.ascii	"gcobj\000"
 17163      6A00
 17164              	.LASF575:
 17165 2298 5F5F666C 		.ascii	"__flexarr [0]\000"
 17165      65786172 
 17165      72205B30 
 17165      5D00
 17166              	.LASF781:
 17167 22a6 5F524545 		.ascii	"_REENT_RAND48_ADD(ptr) ((ptr)->_new._reent._r48._ad"
 17167      4E545F52 
 17167      414E4434 
 17167      385F4144 
 17167      44287074 
 17168 22d9 642900   		.ascii	"d)\000"
 17169              	.LASF499:
 17170 22dc 5F5F504F 		.ascii	"__POSIX_VISIBLE 200809\000"
 17170      5349585F 
 17170      56495349 
 17170      424C4520 
 17170      32303038 
 17171              	.LASF293:
 17172 22f3 5F5F554C 		.ascii	"__ULLFRACT_MIN__ 0.0ULLR\000"
 17172      4C465241 
 17172      43545F4D 
 17172      494E5F5F 
 17172      20302E30 
 17173              	.LASF1469:
 17174 230c 66756E74 		.ascii	"funtab\000"
 17174      616200
 17175              	.LASF1313:
 17176 2313 756E7369 		.ascii	"unsigned char\000"
 17176      676E6564 
 17176      20636861 
 17176      7200
 17177              	.LASF452:
 17178 2321 54415247 		.ascii	"TARGET_PLAYDATE 1\000"
ARM GAS  /var/folders/65/xyhbx3_n6nd_hs7j3p9nfwv80000gn/T//ccls3DQP.s 			page 338


 17178      45545F50 
 17178      4C415944 
 17178      41544520 
 17178      3100
 17179              	.LASF1481:
 17180 2333 6A735F53 		.ascii	"js_StackTrace\000"
 17180      7461636B 
 17180      54726163 
 17180      6500
 17181              	.LASF514:
 17182 2341 5F415454 		.ascii	"_ATTRIBUTE(attrs) __attribute__ (attrs)\000"
 17182      52494255 
 17182      54452861 
 17182      74747273 
 17182      29205F5F 
 17183              	.LASF401:
 17184 2369 5F5F4152 		.ascii	"__ARM_FEATURE_QRDMX\000"
 17184      4D5F4645 
 17184      41545552 
 17184      455F5152 
 17184      444D5800 
 17185              	.LASF1124:
 17186 237d 44424C5F 		.ascii	"DBL_MIN\000"
 17186      4D494E00 
 17187              	.LASF257:
 17188 2385 5F5F5346 		.ascii	"__SFRACT_IBIT__ 0\000"
 17188      52414354 
 17188      5F494249 
 17188      545F5F20 
 17188      3000
 17189              	.LASF27:
 17190 2397 5F5F4F52 		.ascii	"__ORDER_LITTLE_ENDIAN__ 1234\000"
 17190      4445525F 
 17190      4C495454 
 17190      4C455F45 
 17190      4E444941 
 17191              	.LASF698:
 17192 23b4 5F505452 		.ascii	"_PTRDIFF_T_DECLARED \000"
 17192      44494646 
 17192      5F545F44 
 17192      45434C41 
 17192      52454420 
 17193              	.LASF777:
 17194 23c9 5F524545 		.ascii	"_REENT_SIGNGAM(ptr) ((ptr)->_new._reent._gamma_sign"
 17194      4E545F53 
 17194      49474E47 
 17194      414D2870 
 17194      74722920 
 17195 23fc 67616D29 		.ascii	"gam)\000"
 17195      00
 17196              	.LASF430:
 17197 2401 5F5F4152 		.ascii	"__ARM_FP16_FORMAT_ALTERNATIVE\000"
 17197      4D5F4650 
 17197      31365F46 
 17197      4F524D41 
 17197      545F414C 
 17198              	.LASF1038:
ARM GAS  /var/folders/65/xyhbx3_n6nd_hs7j3p9nfwv80000gn/T//ccls3DQP.s 			page 339


 17199 241f 53494E47 		.ascii	"SING 2\000"
 17199      203200
 17200              	.LASF1424:
 17201 2426 5F6D6273 		.ascii	"_mbsrtowcs_state\000"
 17201      72746F77 
 17201      63735F73 
 17201      74617465 
 17201      00
 17202              	.LASF1340:
 17203 2437 5F776473 		.ascii	"_wds\000"
 17203      00
 17204              	.LASF623:
 17205 243c 5F5F616C 		.ascii	"__alloc_size2(n,x) __attribute__((__alloc_size__(n,"
 17205      6C6F635F 
 17205      73697A65 
 17205      32286E2C 
 17205      7829205F 
 17206 246f 20782929 		.ascii	" x)))\000"
 17206      2900
 17207              	.LASF1436:
 17208 2475 666C6F61 		.ascii	"float\000"
 17208      7400
 17209              	.LASF903:
 17210 247b 5F535953 		.ascii	"_SYS_SCHED_H_ \000"
 17210      5F534348 
 17210      45445F48 
 17210      5F2000
 17211              	.LASF1553:
 17212 248a 4558505F 		.ascii	"EXP_INDEX\000"
 17212      494E4445 
 17212      5800
 17213              	.LASF167:
 17214 2494 5F5F4442 		.ascii	"__DBL_MAX_EXP__ 1024\000"
 17214      4C5F4D41 
 17214      585F4558 
 17214      505F5F20 
 17214      31303234 
 17215              	.LASF741:
 17216 24a9 756E7369 		.ascii	"unsigned signed\000"
 17216      676E6564 
 17216      20736967 
 17216      6E656400 
 17217              	.LASF287:
 17218 24b9 5F5F4C4C 		.ascii	"__LLFRACT_IBIT__ 0\000"
 17218      46524143 
 17218      545F4942 
 17218      49545F5F 
 17218      203000
 17219              	.LASF121:
 17220 24cc 5F5F5549 		.ascii	"__UINT_LEAST16_MAX__ 0xffff\000"
 17220      4E545F4C 
 17220      45415354 
 17220      31365F4D 
 17220      41585F5F 
 17221              	.LASF1472:
 17222 24e8 76617274 		.ascii	"vartab\000"
 17222      616200
ARM GAS  /var/folders/65/xyhbx3_n6nd_hs7j3p9nfwv80000gn/T//ccls3DQP.s 			page 340


 17223              	.LASF1291:
 17224 24ef 6763656E 		.ascii	"gcenv\000"
 17224      7600
 17225              	.LASF866:
 17226 24f5 46445F53 		.ascii	"FD_SET(n,p) ((p)->fds_bits[(n)/NFDBITS] |= (1L << ("
 17226      4554286E 
 17226      2C702920 
 17226      28287029 
 17226      2D3E6664 
 17227 2528 286E2920 		.ascii	"(n) % NFDBITS)))\000"
 17227      25204E46 
 17227      44424954 
 17227      53292929 
 17227      00
 17228              	.LASF640:
 17229 2539 5F5F6E75 		.ascii	"__null_sentinel __attribute__((__sentinel__))\000"
 17229      6C6C5F73 
 17229      656E7469 
 17229      6E656C20 
 17229      5F5F6174 
 17230              	.LASF434:
 17231 2567 5F5F4152 		.ascii	"__ARM_FEATURE_FP16_FML\000"
 17231      4D5F4645 
 17231      41545552 
 17231      455F4650 
 17231      31365F46 
 17232              	.LASF588:
 17233 257e 5F5F474E 		.ascii	"__GNUCLIKE___SECTION 1\000"
 17233      55434C49 
 17233      4B455F5F 
 17233      5F534543 
 17233      54494F4E 
 17234              	.LASF1094:
 17235 2595 44424C5F 		.ascii	"DBL_MIN_10_EXP\000"
 17235      4D494E5F 
 17235      31305F45 
 17235      585000
 17236              	.LASF24:
 17237 25a4 5F5F5349 		.ascii	"__SIZEOF_SIZE_T__ 4\000"
 17237      5A454F46 
 17237      5F53495A 
 17237      455F545F 
 17237      5F203400 
 17238              	.LASF1361:
 17239 25b8 5F73697A 		.ascii	"_size\000"
 17239      6500
 17240              	.LASF253:
 17241 25be 5F5F4445 		.ascii	"__DEC128_MAX__ 9.999999999999999999999999999999999E"
 17241      43313238 
 17241      5F4D4158 
 17241      5F5F2039 
 17241      2E393939 
 17242 25f1 36313434 		.ascii	"6144DL\000"
 17242      444C00
 17243              	.LASF1163:
 17244 25f8 50415448 		.ascii	"PATH_MAX 1024\000"
 17244      5F4D4158 
ARM GAS  /var/folders/65/xyhbx3_n6nd_hs7j3p9nfwv80000gn/T//ccls3DQP.s 			page 341


 17244      20313032 
 17244      3400
 17245              	.LASF690:
 17246 2606 5F505452 		.ascii	"_PTRDIFF_T \000"
 17246      44494646 
 17246      5F542000 
 17247              	.LASF774:
 17248 2612 5F524545 		.ascii	"_REENT_CHECK_EMERGENCY(ptr) \000"
 17248      4E545F43 
 17248      4845434B 
 17248      5F454D45 
 17248      5247454E 
 17249              	.LASF1529:
 17250 262f 68656164 		.ascii	"head\000"
 17250      00
 17251              	.LASF1528:
 17252 2634 74617267 		.ascii	"target\000"
 17252      657400
 17253              	.LASF1192:
 17254 263b 53485254 		.ascii	"SHRT_MIN (-SHRT_MAX - 1)\000"
 17254      5F4D494E 
 17254      20282D53 
 17254      4852545F 
 17254      4D415820 
 17255              	.LASF468:
 17256 2654 48415645 		.ascii	"HAVE_INITFINI_ARRAY 1\000"
 17256      5F494E49 
 17256      5446494E 
 17256      495F4152 
 17256      52415920 
 17257              	.LASF1115:
 17258 266a 44424C5F 		.ascii	"DBL_MAX __DBL_MAX__\000"
 17258      4D415820 
 17258      5F5F4442 
 17258      4C5F4D41 
 17258      585F5F00 
 17259              	.LASF1603:
 17260 267e 4558505F 		.ascii	"EXP_ASS_BITOR\000"
 17260      4153535F 
 17260      4249544F 
 17260      5200
 17261              	.LASF1088:
 17262 268c 44424C5F 		.ascii	"DBL_MIN_EXP\000"
 17262      4D494E5F 
 17262      45585000 
 17263              	.LASF648:
 17264 2698 5F5F666F 		.ascii	"__format_arg(fmtarg) __attribute__((__format_arg__ "
 17264      726D6174 
 17264      5F617267 
 17264      28666D74 
 17264      61726729 
 17265 26cb 28666D74 		.ascii	"(fmtarg)))\000"
 17265      61726729 
 17265      292900
 17266              	.LASF1295:
 17267 26d6 6763726F 		.ascii	"gcroot\000"
 17267      6F7400
ARM GAS  /var/folders/65/xyhbx3_n6nd_hs7j3p9nfwv80000gn/T//ccls3DQP.s 			page 342


 17268              	.LASF851:
 17269 26dd 74696D65 		.ascii	"timerclear(tvp) ((tvp)->tv_sec = (tvp)->tv_usec = 0"
 17269      72636C65 
 17269      61722874 
 17269      76702920 
 17269      28287476 
 17270 2710 2900     		.ascii	")\000"
 17271              	.LASF1368:
 17272 2712 5F777269 		.ascii	"_write\000"
 17272      746500
 17273              	.LASF1230:
 17274 2719 6A735F74 		.ascii	"js_trypc(J,PC) setjmp(js_savetrypc(J, PC))\000"
 17274      72797063 
 17274      284A2C50 
 17274      43292073 
 17274      65746A6D 
 17275              	.LASF485:
 17276 2744 5F444546 		.ascii	"_DEFAULT_SOURCE\000"
 17276      41554C54 
 17276      5F534F55 
 17276      52434500 
 17277              	.LASF680:
 17278 2754 5F5F6173 		.ascii	"__asserts_shared(...) __lock_annotate(assert_shared"
 17278      73657274 
 17278      735F7368 
 17278      61726564 
 17278      282E2E2E 
 17279 2787 5F6C6F63 		.ascii	"_lock(__VA_ARGS__))\000"
 17279      6B285F5F 
 17279      56415F41 
 17279      5247535F 
 17279      5F292900 
 17280              	.LASF256:
 17281 279b 5F5F5346 		.ascii	"__SFRACT_FBIT__ 7\000"
 17281      52414354 
 17281      5F464249 
 17281      545F5F20 
 17281      3700
 17282              	.LASF599:
 17283 27ad 5F5F4343 		.ascii	"__CC_SUPPORTS_INLINE 1\000"
 17283      5F535550 
 17283      504F5254 
 17283      535F494E 
 17283      4C494E45 
 17284              	.LASF237:
 17285 27c4 5F5F4445 		.ascii	"__DEC32_MAX_EXP__ 97\000"
 17285      4333325F 
 17285      4D41585F 
 17285      4558505F 
 17285      5F203937 
 17286              	.LASF202:
 17287 27d9 5F5F464C 		.ascii	"__FLT32_DENORM_MIN__ 1.4012984643248171e-45F32\000"
 17287      5433325F 
 17287      44454E4F 
 17287      524D5F4D 
 17287      494E5F5F 
 17288              	.LASF828:
ARM GAS  /var/folders/65/xyhbx3_n6nd_hs7j3p9nfwv80000gn/T//ccls3DQP.s 			page 343


 17289 2808 5F424947 		.ascii	"_BIG_ENDIAN 4321\000"
 17289      5F454E44 
 17289      49414E20 
 17289      34333231 
 17289      00
 17290              	.LASF351:
 17291 2819 5F5F5553 		.ascii	"__USQ_IBIT__ 0\000"
 17291      515F4942 
 17291      49545F5F 
 17291      203000
 17292              	.LASF1121:
 17293 2828 44424C5F 		.ascii	"DBL_EPSILON __DBL_EPSILON__\000"
 17293      45505349 
 17293      4C4F4E20 
 17293      5F5F4442 
 17293      4C5F4550 
 17294              	.LASF916:
 17295 2844 5F5F6E65 		.ascii	"__need_inttypes\000"
 17295      65645F69 
 17295      6E747479 
 17295      70657300 
 17296              	.LASF169:
 17297 2854 5F5F4442 		.ascii	"__DBL_DECIMAL_DIG__ 17\000"
 17297      4C5F4445 
 17297      43494D41 
 17297      4C5F4449 
 17297      475F5F20 
 17298              	.LASF19:
 17299 286b 5F5F5349 		.ascii	"__SIZEOF_LONG_LONG__ 8\000"
 17299      5A454F46 
 17299      5F4C4F4E 
 17299      475F4C4F 
 17299      4E475F5F 
 17300              	.LASF1647:
 17301 2882 6A735F65 		.ascii	"js_endtry\000"
 17301      6E647472 
 17301      7900
 17302              	.LASF1462:
 17303 288c 73637269 		.ascii	"script\000"
 17303      707400
 17304              	.LASF1562:
 17305 2893 4558505F 		.ascii	"EXP_PREINC\000"
 17305      50524549 
 17305      4E4300
 17306              	.LASF1019:
 17307 289e 4D415448 		.ascii	"MATH_ERRNO 1\000"
 17307      5F455252 
 17307      4E4F2031 
 17307      00
 17308              	.LASF631:
 17309 28ab 5F5F6E6F 		.ascii	"__nonnull(x) __attribute__((__nonnull__ x))\000"
 17309      6E6E756C 
 17309      6C287829 
 17309      205F5F61 
 17309      74747269 
 17310              	.LASF55:
 17311 28d7 5F5F5549 		.ascii	"__UINT_LEAST16_TYPE__ short unsigned int\000"
ARM GAS  /var/folders/65/xyhbx3_n6nd_hs7j3p9nfwv80000gn/T//ccls3DQP.s 			page 344


 17311      4E545F4C 
 17311      45415354 
 17311      31365F54 
 17311      5950455F 
 17312              	.LASF198:
 17313 2900 5F5F464C 		.ascii	"__FLT32_DECIMAL_DIG__ 9\000"
 17313      5433325F 
 17313      44454349 
 17313      4D414C5F 
 17313      4449475F 
 17314              	.LASF462:
 17315 2918 5F5F4E45 		.ascii	"__NEWLIB_MINOR__ 1\000"
 17315      574C4942 
 17315      5F4D494E 
 17315      4F525F5F 
 17315      203100
 17316              	.LASF1267:
 17317 292b 6E756D62 		.ascii	"number\000"
 17317      657200
 17318              	.LASF1659:
 17319 2932 6A735F69 		.ascii	"js_isobject\000"
 17319      736F626A 
 17319      65637400 
 17320              	.LASF795:
 17321 293e 5F524545 		.ascii	"_REENT_MBSRTOWCS_STATE(ptr) ((ptr)->_new._reent._mb"
 17321      4E545F4D 
 17321      42535254 
 17321      4F574353 
 17321      5F535441 
 17322 2971 7372746F 		.ascii	"srtowcs_state)\000"
 17322      7763735F 
 17322      73746174 
 17322      652900
 17323              	.LASF848:
 17324 2980 5F5F7469 		.ascii	"__time_t_defined \000"
 17324      6D655F74 
 17324      5F646566 
 17324      696E6564 
 17324      2000
 17325              	.LASF1016:
 17326 2992 46505F4E 		.ascii	"FP_NORMAL 4\000"
 17326      4F524D41 
 17326      4C203400 
 17327              	.LASF1189:
 17328 299e 43484152 		.ascii	"CHAR_MAX\000"
 17328      5F4D4158 
 17328      00
 17329              	.LASF1227:
 17330 29a7 4A535F47 		.ascii	"JS_GCFACTOR 5.0\000"
 17330      43464143 
 17330      544F5220 
 17330      352E3000 
 17331              	.LASF486:
 17332 29b7 5F444546 		.ascii	"_DEFAULT_SOURCE 1\000"
 17332      41554C54 
 17332      5F534F55 
 17332      52434520 
ARM GAS  /var/folders/65/xyhbx3_n6nd_hs7j3p9nfwv80000gn/T//ccls3DQP.s 			page 345


 17332      3100
 17333              	.LASF708:
 17334 29c9 5F574348 		.ascii	"_WCHAR_T_DEFINED_ \000"
 17334      41525F54 
 17334      5F444546 
 17334      494E4544 
 17334      5F2000
 17335              	.LASF480:
 17336 29dc 5F5F4F42 		.ascii	"__OBSOLETE_MATH_DEFAULT 1\000"
 17336      534F4C45 
 17336      54455F4D 
 17336      4154485F 
 17336      44454641 
 17337              	.LASF576:
 17338 29f6 5F5F626F 		.ascii	"__bounded \000"
 17338      756E6465 
 17338      642000
 17339              	.LASF1011:
 17340 2a01 464C545F 		.ascii	"FLT_EVAL_METHOD\000"
 17340      4556414C 
 17340      5F4D4554 
 17340      484F4400 
 17341              	.LASF36:
 17342 2a11 5F5F5749 		.ascii	"__WINT_TYPE__ unsigned int\000"
 17342      4E545F54 
 17342      5950455F 
 17342      5F20756E 
 17342      7369676E 
 17343              	.LASF1097:
 17344 2a2c 44424C5F 		.ascii	"DBL_MIN_10_EXP __DBL_MIN_10_EXP__\000"
 17344      4D494E5F 
 17344      31305F45 
 17344      5850205F 
 17344      5F44424C 
 17345              	.LASF1664:
 17346 2a4e 6A735F6E 		.ascii	"js_nextiterator\000"
 17346      65787469 
 17346      74657261 
 17346      746F7200 
 17347              	.LASF1191:
 17348 2a5e 53485254 		.ascii	"SHRT_MIN\000"
 17348      5F4D494E 
 17348      00
 17349              	.LASF1343:
 17350 2a67 5F5F746D 		.ascii	"__tm_min\000"
 17350      5F6D696E 
 17350      00
 17351              	.LASF540:
 17352 2a70 5F5F5F69 		.ascii	"___int_least8_t_defined 1\000"
 17352      6E745F6C 
 17352      65617374 
 17352      385F745F 
 17352      64656669 
 17353              	.LASF670:
 17354 2a8a 5F5F6172 		.ascii	"__arg_type_tag(arg_kind,arg_idx,type_tag_idx) \000"
 17354      675F7479 
 17354      70655F74 
ARM GAS  /var/folders/65/xyhbx3_n6nd_hs7j3p9nfwv80000gn/T//ccls3DQP.s 			page 346


 17354      61672861 
 17354      72675F6B 
 17355              	.LASF98:
 17356 2ab9 5F5F5349 		.ascii	"__SIG_ATOMIC_WIDTH__ 32\000"
 17356      475F4154 
 17356      4F4D4943 
 17356      5F574944 
 17356      54485F5F 
 17357              	.LASF469:
 17358 2ad1 5F415445 		.ascii	"_ATEXIT_DYNAMIC_ALLOC 1\000"
 17358      5849545F 
 17358      44594E41 
 17358      4D49435F 
 17358      414C4C4F 
 17359              	.LASF1237:
 17360 2ae9 69737570 		.ascii	"isupperrune jsU_isupperrune\000"
 17360      70657272 
 17360      756E6520 
 17360      6A73555F 
 17360      69737570 
 17361              	.LASF1138:
 17362 2b05 4C44424C 		.ascii	"LDBL_DECIMAL_DIG __LDBL_DECIMAL_DIG__\000"
 17362      5F444543 
 17362      494D414C 
 17362      5F444947 
 17362      205F5F4C 
 17363              	.LASF100:
 17364 2b2b 5F5F494E 		.ascii	"__INT16_MAX__ 0x7fff\000"
 17364      5431365F 
 17364      4D41585F 
 17364      5F203078 
 17364      37666666 
 17365              	.LASF1347:
 17366 2b40 5F5F746D 		.ascii	"__tm_year\000"
 17366      5F796561 
 17366      7200
 17367              	.LASF325:
 17368 2b4a 5F5F554C 		.ascii	"__ULACCUM_EPSILON__ 0x1P-32ULK\000"
 17368      41434355 
 17368      4D5F4550 
 17368      53494C4F 
 17368      4E5F5F20 
 17369              	.LASF148:
 17370 2b69 5F5F464C 		.ascii	"__FLT_MANT_DIG__ 24\000"
 17370      545F4D41 
 17370      4E545F44 
 17370      49475F5F 
 17370      20323400 
 17371              	.LASF1155:
 17372 2b7d 4152475F 		.ascii	"ARG_MAX 65536\000"
 17372      4D415820 
 17372      36353533 
 17372      3600
 17373              	.LASF1287:
 17374 2b8b 73746163 		.ascii	"stack\000"
 17374      6B00
 17375              	.LASF679:
ARM GAS  /var/folders/65/xyhbx3_n6nd_hs7j3p9nfwv80000gn/T//ccls3DQP.s 			page 347


 17376 2b91 5F5F6173 		.ascii	"__asserts_exclusive(...) __lock_annotate(assert_exc"
 17376      73657274 
 17376      735F6578 
 17376      636C7573 
 17376      69766528 
 17377 2bc4 6C757369 		.ascii	"lusive_lock(__VA_ARGS__))\000"
 17377      76655F6C 
 17377      6F636B28 
 17377      5F5F5641 
 17377      5F415247 
 17378              	.LASF914:
 17379 2bde 5F505448 		.ascii	"_PTHREAD_COND_INITIALIZER ((pthread_cond_t) 0xFFFFF"
 17379      52454144 
 17379      5F434F4E 
 17379      445F494E 
 17379      49544941 
 17380 2c11 46464629 		.ascii	"FFF)\000"
 17380      00
 17381              	.LASF321:
 17382 2c16 5F5F554C 		.ascii	"__ULACCUM_FBIT__ 32\000"
 17382      41434355 
 17382      4D5F4642 
 17382      49545F5F 
 17382      20333200 
 17383              	.LASF1265:
 17384 2c2a 6C6F6F6B 		.ascii	"lookahead\000"
 17384      61686561 
 17384      6400
 17385              	.LASF171:
 17386 2c34 5F5F4442 		.ascii	"__DBL_MIN__ ((double)2.2250738585072014e-308L)\000"
 17386      4C5F4D49 
 17386      4E5F5F20 
 17386      2828646F 
 17386      75626C65 
 17387              	.LASF1032:
 17388 2c63 69736C65 		.ascii	"islessgreater(__x,__y) (__builtin_islessgreater (__"
 17388      73736772 
 17388      65617465 
 17388      72285F5F 
 17388      782C5F5F 
 17389 2c96 782C205F 		.ascii	"x, __y))\000"
 17389      5F792929 
 17389      00
 17390              	.LASF594:
 17391 2c9f 5F5F474E 		.ascii	"__GNUC_VA_LIST_COMPATIBILITY 1\000"
 17391      55435F56 
 17391      415F4C49 
 17391      53545F43 
 17391      4F4D5041 
 17392              	.LASF837:
 17393 2cbe 5F5F6273 		.ascii	"__bswap16(_x) __builtin_bswap16(_x)\000"
 17393      77617031 
 17393      36285F78 
 17393      29205F5F 
 17393      6275696C 
 17394              	.LASF1308:
 17395 2ce2 6A735F48 		.ascii	"js_HasProperty\000"
ARM GAS  /var/folders/65/xyhbx3_n6nd_hs7j3p9nfwv80000gn/T//ccls3DQP.s 			page 348


 17395      61735072 
 17395      6F706572 
 17395      747900
 17396              	.LASF1585:
 17397 2cf1 4558505F 		.ascii	"EXP_EQ\000"
 17397      455100
 17398              	.LASF522:
 17399 2cf8 4A535F56 		.ascii	"JS_VERSION (JS_VERSION_MAJOR * 10000 + JS_VERSION_M"
 17399      45525349 
 17399      4F4E2028 
 17399      4A535F56 
 17399      45525349 
 17400 2d2b 494E4F52 		.ascii	"INOR * 100 + JS_VERSION_PATCH)\000"
 17400      202A2031 
 17400      3030202B 
 17400      204A535F 
 17400      56455253 
 17401              	.LASF869:
 17402 2d4a 46445F5A 		.ascii	"FD_ZERO(p) (__extension__ (void)({ size_t __i; char"
 17402      45524F28 
 17402      70292028 
 17402      5F5F6578 
 17402      74656E73 
 17403 2d7d 202A5F5F 		.ascii	" *__tmp = (char *)p; for (__i = 0; __i < sizeof (*("
 17403      746D7020 
 17403      3D202863 
 17403      68617220 
 17403      2A29703B 
 17404 2db0 7029293B 		.ascii	"p)); ++__i) *__tmp++ = 0; }))\000"
 17404      202B2B5F 
 17404      5F692920 
 17404      2A5F5F74 
 17404      6D702B2B 
 17405              	.LASF537:
 17406 2dce 5F5F5F69 		.ascii	"___int16_t_defined 1\000"
 17406      6E743136 
 17406      5F745F64 
 17406      6566696E 
 17406      65642031 
 17407              	.LASF1407:
 17408 2de3 5F6D756C 		.ascii	"_mult\000"
 17408      7400
 17409              	.LASF814:
 17410 2de9 5F55494E 		.ascii	"_UINT16_T_DECLARED \000"
 17410      5431365F 
 17410      545F4445 
 17410      434C4152 
 17410      45442000 
 17411              	.LASF322:
 17412 2dfd 5F5F554C 		.ascii	"__ULACCUM_IBIT__ 32\000"
 17412      41434355 
 17412      4D5F4942 
 17412      49545F5F 
 17412      20333200 
 17413              	.LASF447:
 17414 2e11 5F5F4152 		.ascii	"__ARM_FEATURE_COPROC 15\000"
 17414      4D5F4645 
ARM GAS  /var/folders/65/xyhbx3_n6nd_hs7j3p9nfwv80000gn/T//ccls3DQP.s 			page 349


 17414      41545552 
 17414      455F434F 
 17414      50524F43 
 17415              	.LASF74:
 17416 2e29 5F5F4C4F 		.ascii	"__LONG_MAX__ 0x7fffffffL\000"
 17416      4E475F4D 
 17416      41585F5F 
 17416      20307837 
 17416      66666666 
 17417              	.LASF1537:
 17418 2e42 4153545F 		.ascii	"AST_IDENTIFIER\000"
 17418      4944454E 
 17418      54494649 
 17418      455200
 17419              	.LASF415:
 17420 2e51 5F5F4152 		.ascii	"__ARM_ARCH_PROFILE 77\000"
 17420      4D5F4152 
 17420      43485F50 
 17420      524F4649 
 17420      4C452037 
 17421              	.LASF1035:
 17422 2e67 7369676E 		.ascii	"signgam (*__signgam())\000"
 17422      67616D20 
 17422      282A5F5F 
 17422      7369676E 
 17422      67616D28 
 17423              	.LASF710:
 17424 2e7e 5F574348 		.ascii	"_WCHAR_T_H \000"
 17424      41525F54 
 17424      5F482000 
 17425              	.LASF238:
 17426 2e8a 5F5F4445 		.ascii	"__DEC32_MIN__ 1E-95DF\000"
 17426      4333325F 
 17426      4D494E5F 
 17426      5F203145 
 17426      2D393544 
 17427              	.LASF831:
 17428 2ea0 5F515541 		.ascii	"_QUAD_HIGHWORD 1\000"
 17428      445F4849 
 17428      4748574F 
 17428      52442031 
 17428      00
 17429              	.LASF150:
 17430 2eb1 5F5F464C 		.ascii	"__FLT_MIN_EXP__ (-125)\000"
 17430      545F4D49 
 17430      4E5F4558 
 17430      505F5F20 
 17430      282D3132 
 17431              	.LASF518:
 17432 2ec8 5F4A424C 		.ascii	"_JBLEN 23\000"
 17432      454E2032 
 17432      3300
 17433              	.LASF969:
 17434 2ed2 66656F66 		.ascii	"feof_unlocked(p) __sfeof(p)\000"
 17434      5F756E6C 
 17434      6F636B65 
 17434      64287029 
ARM GAS  /var/folders/65/xyhbx3_n6nd_hs7j3p9nfwv80000gn/T//ccls3DQP.s 			page 350


 17434      205F5F73 
 17435              	.LASF1422:
 17436 2eee 5F6D6272 		.ascii	"_mbrlen_state\000"
 17436      6C656E5F 
 17436      73746174 
 17436      6500
 17437              	.LASF1246:
 17438 2efc 6A6D705F 		.ascii	"jmp_buf\000"
 17438      62756600 
 17439              	.LASF30:
 17440 2f04 5F5F4259 		.ascii	"__BYTE_ORDER__ __ORDER_LITTLE_ENDIAN__\000"
 17440      54455F4F 
 17440      52444552 
 17440      5F5F205F 
 17440      5F4F5244 
 17441              	.LASF126:
 17442 2f2b 5F5F5549 		.ascii	"__UINT64_C(c) c ## ULL\000"
 17442      4E543634 
 17442      5F432863 
 17442      29206320 
 17442      23232055 
 17443              	.LASF864:
 17444 2f42 5F686F77 		.ascii	"_howmany(x,y) (((x)+((y)-1))/(y))\000"
 17444      6D616E79 
 17444      28782C79 
 17444      29202828 
 17444      2878292B 
 17445              	.LASF676:
 17446 2f64 5F5F7472 		.ascii	"__trylocks_exclusive(...) __lock_annotate(exclusive"
 17446      796C6F63 
 17446      6B735F65 
 17446      78636C75 
 17446      73697665 
 17447 2f97 5F747279 		.ascii	"_trylock_function(__VA_ARGS__))\000"
 17447      6C6F636B 
 17447      5F66756E 
 17447      6374696F 
 17447      6E285F5F 
 17448              	.LASF147:
 17449 2fb7 5F5F464C 		.ascii	"__FLT_RADIX__ 2\000"
 17449      545F5241 
 17449      4449585F 
 17449      5F203200 
 17450              	.LASF366:
 17451 2fc7 5F5F5553 		.ascii	"__USA_FBIT__ 16\000"
 17451      415F4642 
 17451      49545F5F 
 17451      20313600 
 17452              	.LASF989:
 17453 2fd7 5F414E53 		.ascii	"_ANSI_STDARG_H_ \000"
 17453      495F5354 
 17453      44415247 
 17453      5F485F20 
 17453      00
 17454              	.LASF1598:
 17455 2fe8 4558505F 		.ascii	"EXP_ASS_SHL\000"
 17455      4153535F 
ARM GAS  /var/folders/65/xyhbx3_n6nd_hs7j3p9nfwv80000gn/T//ccls3DQP.s 			page 351


 17455      53484C00 
 17456              	.LASF920:
 17457 2ff4 5F66756E 		.ascii	"_funlockfile(fp) (((fp)->_flags & __SSTR) ? 0 : __l"
 17457      6C6F636B 
 17457      66696C65 
 17457      28667029 
 17457      20282828 
 17458 3027 6F636B5F 		.ascii	"ock_release_recursive((fp)->_lock))\000"
 17458      72656C65 
 17458      6173655F 
 17458      72656375 
 17458      72736976 
 17459              	.LASF1599:
 17460 304b 4558505F 		.ascii	"EXP_ASS_SHR\000"
 17460      4153535F 
 17460      53485200 
 17461              	.LASF850:
 17462 3057 5F54494D 		.ascii	"_TIMEVAL_DEFINED \000"
 17462      4556414C 
 17462      5F444546 
 17462      494E4544 
 17462      2000
 17463              	.LASF1210:
 17464 3069 4C4C4F4E 		.ascii	"LLONG_MIN (-LLONG_MAX - 1LL)\000"
 17464      475F4D49 
 17464      4E20282D 
 17464      4C4C4F4E 
 17464      475F4D41 
 17465              	.LASF145:
 17466 3086 5F5F464C 		.ascii	"__FLT_EVAL_METHOD_TS_18661_3__ 0\000"
 17466      545F4556 
 17466      414C5F4D 
 17466      4554484F 
 17466      445F5453 
 17467              	.LASF1167:
 17468 30a7 42435F44 		.ascii	"BC_DIM_MAX 2048\000"
 17468      494D5F4D 
 17468      41582032 
 17468      30343800 
 17469              	.LASF340:
 17470 30b7 5F5F5351 		.ascii	"__SQ_FBIT__ 31\000"
 17470      5F464249 
 17470      545F5F20 
 17470      333100
 17471              	.LASF93:
 17472 30c6 5F5F5549 		.ascii	"__UINTMAX_MAX__ 0xffffffffffffffffULL\000"
 17472      4E544D41 
 17472      585F4D41 
 17472      585F5F20 
 17472      30786666 
 17473              	.LASF855:
 17474 30ec 74696D65 		.ascii	"timersub(tvp,uvp,vvp) do { (vvp)->tv_sec = (tvp)->t"
 17474      72737562 
 17474      28747670 
 17474      2C757670 
 17474      2C767670 
 17475 311f 765F7365 		.ascii	"v_sec - (uvp)->tv_sec; (vvp)->tv_usec = (tvp)->tv_u"
ARM GAS  /var/folders/65/xyhbx3_n6nd_hs7j3p9nfwv80000gn/T//ccls3DQP.s 			page 352


 17475      63202D20 
 17475      28757670 
 17475      292D3E74 
 17475      765F7365 
 17476 3152 73656320 		.ascii	"sec - (uvp)->tv_usec; if ((vvp)->tv_usec < 0) { (vv"
 17476      2D202875 
 17476      7670292D 
 17476      3E74765F 
 17476      75736563 
 17477 3185 70292D3E 		.ascii	"p)->tv_sec--; (vvp)->tv_usec += 1000000; } } while "
 17477      74765F73 
 17477      65632D2D 
 17477      3B202876 
 17477      7670292D 
 17478 31b8 28302900 		.ascii	"(0)\000"
 17479              	.LASF1597:
 17480 31bc 4558505F 		.ascii	"EXP_ASS_SUB\000"
 17480      4153535F 
 17480      53554200 
 17481              	.LASF367:
 17482 31c8 5F5F5553 		.ascii	"__USA_IBIT__ 16\000"
 17482      415F4942 
 17482      49545F5F 
 17482      20313600 
 17483              	.LASF310:
 17484 31d8 5F5F4143 		.ascii	"__ACCUM_EPSILON__ 0x1P-15K\000"
 17484      43554D5F 
 17484      45505349 
 17484      4C4F4E5F 
 17484      5F203078 
 17485              	.LASF1381:
 17486 31f3 5F737464 		.ascii	"_stdin\000"
 17486      696E00
 17487              	.LASF1126:
 17488 31fa 464C545F 		.ascii	"FLT_MIN __FLT_MIN__\000"
 17488      4D494E20 
 17488      5F5F464C 
 17488      545F4D49 
 17488      4E5F5F00 
 17489              	.LASF319:
 17490 320e 5F5F4C41 		.ascii	"__LACCUM_MAX__ 0X7FFFFFFFFFFFFFFFP-31LK\000"
 17490      4343554D 
 17490      5F4D4158 
 17490      5F5F2030 
 17490      58374646 
 17491              	.LASF1286:
 17492 3236 6E657874 		.ascii	"nextref\000"
 17492      72656600 
 17493              	.LASF1429:
 17494 323e 5F6E6D61 		.ascii	"_nmalloc\000"
 17494      6C6C6F63 
 17494      00
 17495              	.LASF772:
 17496 3247 5F524545 		.ascii	"_REENT_CHECK_TM(ptr) \000"
 17496      4E545F43 
 17496      4845434B 
 17496      5F544D28 
ARM GAS  /var/folders/65/xyhbx3_n6nd_hs7j3p9nfwv80000gn/T//ccls3DQP.s 			page 353


 17496      70747229 
 17497              	.LASF1197:
 17498 325d 494E545F 		.ascii	"INT_MIN\000"
 17498      4D494E00 
 17499              	.LASF1065:
 17500 3265 4D5F494E 		.ascii	"M_INVLN2 1.4426950408889633870E0\000"
 17500      564C4E32 
 17500      20312E34 
 17500      34323639 
 17500      35303430 
 17501              	.LASF581:
 17502 3286 5F5F6861 		.ascii	"__has_builtin(x) 0\000"
 17502      735F6275 
 17502      696C7469 
 17502      6E287829 
 17502      203000
 17503              	.LASF1235:
 17504 3299 6973616C 		.ascii	"isalpharune jsU_isalpharune\000"
 17504      70686172 
 17504      756E6520 
 17504      6A73555F 
 17504      6973616C 
 17505              	.LASF1133:
 17506 32b5 464C545F 		.ascii	"FLT_DECIMAL_DIG\000"
 17506      44454349 
 17506      4D414C5F 
 17506      44494700 
 17507              	.LASF1258:
 17508 32c5 6C696E65 		.ascii	"line\000"
 17508      00
 17509              	.LASF241:
 17510 32ca 5F5F4445 		.ascii	"__DEC32_SUBNORMAL_MIN__ 0.000001E-95DF\000"
 17510      4333325F 
 17510      5355424E 
 17510      4F524D41 
 17510      4C5F4D49 
 17511              	.LASF801:
 17512 32f1 5F524545 		.ascii	"_REENT_INIT_PTR(var) { memset((var), 0, sizeof(*(va"
 17512      4E545F49 
 17512      4E49545F 
 17512      50545228 
 17512      76617229 
 17513 3324 72292929 		.ascii	"r))); _REENT_INIT_PTR_ZEROED(var); }\000"
 17513      3B205F52 
 17513      45454E54 
 17513      5F494E49 
 17513      545F5054 
 17514              	.LASF812:
 17515 3349 5F5F696E 		.ascii	"__int8_t_defined 1\000"
 17515      74385F74 
 17515      5F646566 
 17515      696E6564 
 17515      203100
 17516              	.LASF1077:
 17517 335c 4C44424C 		.ascii	"LDBL_MANT_DIG\000"
 17517      5F4D414E 
 17517      545F4449 
ARM GAS  /var/folders/65/xyhbx3_n6nd_hs7j3p9nfwv80000gn/T//ccls3DQP.s 			page 354


 17517      4700
 17518              	.LASF270:
 17519 336a 5F5F4652 		.ascii	"__FRACT_EPSILON__ 0x1P-15R\000"
 17519      4143545F 
 17519      45505349 
 17519      4C4F4E5F 
 17519      5F203078 
 17520              	.LASF221:
 17521 3385 5F5F464C 		.ascii	"__FLT32X_MANT_DIG__ 53\000"
 17521      54333258 
 17521      5F4D414E 
 17521      545F4449 
 17521      475F5F20 
 17522              	.LASF463:
 17523 339c 5F5F4E45 		.ascii	"__NEWLIB_PATCHLEVEL__ 0\000"
 17523      574C4942 
 17523      5F504154 
 17523      43484C45 
 17523      56454C5F 
 17524              	.LASF1578:
 17525 33b4 4558505F 		.ascii	"EXP_GE\000"
 17525      474500
 17526              	.LASF1234:
 17527 33bb 72756E65 		.ascii	"runelen jsU_runelen\000"
 17527      6C656E20 
 17527      6A73555F 
 17527      72756E65 
 17527      6C656E00 
 17528              	.LASF816:
 17529 33cf 5F494E54 		.ascii	"_INT32_T_DECLARED \000"
 17529      33325F54 
 17529      5F444543 
 17529      4C415245 
 17529      442000
 17530              	.LASF84:
 17531 33e2 5F5F494E 		.ascii	"__INT_WIDTH__ 32\000"
 17531      545F5749 
 17531      4454485F 
 17531      5F203332 
 17531      00
 17532              	.LASF1144:
 17533 33f3 4C44424C 		.ascii	"LDBL_HAS_SUBNORM __LDBL_HAS_DENORM__\000"
 17533      5F484153 
 17533      5F535542 
 17533      4E4F524D 
 17533      205F5F4C 
 17534              	.LASF1276:
 17535 3418 44617465 		.ascii	"Date_prototype\000"
 17535      5F70726F 
 17535      746F7479 
 17535      706500
 17536              	.LASF1143:
 17537 3427 44424C5F 		.ascii	"DBL_HAS_SUBNORM __DBL_HAS_DENORM__\000"
 17537      4841535F 
 17537      5355424E 
 17537      4F524D20 
 17537      5F5F4442 
ARM GAS  /var/folders/65/xyhbx3_n6nd_hs7j3p9nfwv80000gn/T//ccls3DQP.s 			page 355


 17538              	.LASF1208:
 17539 344a 554C4F4E 		.ascii	"ULONG_MAX (LONG_MAX * 2UL + 1UL)\000"
 17539      475F4D41 
 17539      5820284C 
 17539      4F4E475F 
 17539      4D415820 
 17540              	.LASF1580:
 17541 346b 4558505F 		.ascii	"EXP_GT\000"
 17541      475400
 17542              	.LASF1100:
 17543 3472 44424C5F 		.ascii	"DBL_MAX_EXP\000"
 17543      4D41585F 
 17543      45585000 
 17544              	.LASF867:
 17545 347e 46445F43 		.ascii	"FD_CLR(n,p) ((p)->fds_bits[(n)/NFDBITS] &= ~(1L << "
 17545      4C52286E 
 17545      2C702920 
 17545      28287029 
 17545      2D3E6664 
 17546 34b1 28286E29 		.ascii	"((n) % NFDBITS)))\000"
 17546      2025204E 
 17546      46444249 
 17546      54532929 
 17546      2900
 17547              	.LASF524:
 17548 34c3 4A535F4E 		.ascii	"JS_NORETURN __attribute__((noreturn))\000"
 17548      4F524554 
 17548      55524E20 
 17548      5F5F6174 
 17548      74726962 
 17549              	.LASF1657:
 17550 34e9 6A73565F 		.ascii	"jsV_numbertostring\000"
 17550      6E756D62 
 17550      6572746F 
 17550      73747269 
 17550      6E6700
 17551              	.LASF807:
 17552 34fc 5F5F4249 		.ascii	"__BIT_TYPES_DEFINED__ 1\000"
 17552      545F5459 
 17552      5045535F 
 17552      44454649 
 17552      4E45445F 
 17553              	.LASF805:
 17554 3514 5F474C4F 		.ascii	"_GLOBAL_REENT _global_impure_ptr\000"
 17554      42414C5F 
 17554      5245454E 
 17554      54205F67 
 17554      6C6F6261 
 17555              	.LASF823:
 17556 3535 5F55494E 		.ascii	"_UINTMAX_T_DECLARED \000"
 17556      544D4158 
 17556      5F545F44 
 17556      45434C41 
 17556      52454420 
 17557              	.LASF208:
 17558 354a 5F5F464C 		.ascii	"__FLT64_DIG__ 15\000"
 17558      5436345F 
ARM GAS  /var/folders/65/xyhbx3_n6nd_hs7j3p9nfwv80000gn/T//ccls3DQP.s 			page 356


 17558      4449475F 
 17558      5F203135 
 17558      00
 17559              	.LASF437:
 17560 355b 5F5F4152 		.ascii	"__ARM_NEON\000"
 17560      4D5F4E45 
 17560      4F4E00
 17561              	.LASF653:
 17562 3566 5F5F7765 		.ascii	"__weak_reference(sym,alias) __asm__(\".weak \" #ali"
 17562      616B5F72 
 17562      65666572 
 17562      656E6365 
 17562      2873796D 
 17563 3597 6173293B 		.ascii	"as); __asm__(\".equ \" #alias \", \" #sym)\000"
 17563      205F5F61 
 17563      736D5F5F 
 17563      28222E65 
 17563      71752022 
 17564              	.LASF440:
 17565 35be 5F5F4152 		.ascii	"__ARM_ARCH_7EM__ 1\000"
 17565      4D5F4152 
 17565      43485F37 
 17565      454D5F5F 
 17565      203100
 17566              	.LASF539:
 17567 35d1 5F5F5F69 		.ascii	"___int64_t_defined 1\000"
 17567      6E743634 
 17567      5F745F64 
 17567      6566696E 
 17567      65642031 
 17568              	.LASF1487:
 17569 35e6 72696768 		.ascii	"right\000"
 17569      7400
 17570              	.LASF820:
 17571 35ec 5F55494E 		.ascii	"_UINT64_T_DECLARED \000"
 17571      5436345F 
 17571      545F4445 
 17571      434C4152 
 17571      45442000 
 17572              	.LASF227:
 17573 3600 5F5F464C 		.ascii	"__FLT32X_DECIMAL_DIG__ 17\000"
 17573      54333258 
 17573      5F444543 
 17573      494D414C 
 17573      5F444947 
 17574              	.LASF879:
 17575 361a 5F424C4B 		.ascii	"_BLKCNT_T_DECLARED \000"
 17575      434E545F 
 17575      545F4445 
 17575      434C4152 
 17575      45442000 
 17576              	.LASF382:
 17577 362e 5F5F4743 		.ascii	"__GCC_ATOMIC_CHAR32_T_LOCK_FREE 2\000"
 17577      435F4154 
 17577      4F4D4943 
 17577      5F434841 
 17577      5233325F 
ARM GAS  /var/folders/65/xyhbx3_n6nd_hs7j3p9nfwv80000gn/T//ccls3DQP.s 			page 357


 17578              	.LASF43:
 17579 3650 5F5F494E 		.ascii	"__INT16_TYPE__ short int\000"
 17579      5431365F 
 17579      54595045 
 17579      5F5F2073 
 17579      686F7274 
 17580              	.LASF728:
 17581 3669 5F5F4C4F 		.ascii	"__LOCK_INIT(class,lock) extern struct __lock __lock"
 17581      434B5F49 
 17581      4E495428 
 17581      636C6173 
 17581      732C6C6F 
 17582 369c 5F202323 		.ascii	"_ ## lock; class _LOCK_T lock = &__lock_ ## lock\000"
 17582      206C6F63 
 17582      6B3B2063 
 17582      6C617373 
 17582      205F4C4F 
 17583              	.LASF865:
 17584 36cd 66645F73 		.ascii	"fd_set _types_fd_set\000"
 17584      6574205F 
 17584      74797065 
 17584      735F6664 
 17584      5F736574 
 17585              	.LASF779:
 17586 36e2 5F524545 		.ascii	"_REENT_RAND48_SEED(ptr) ((ptr)->_new._reent._r48._s"
 17586      4E545F52 
 17586      414E4434 
 17586      385F5345 
 17586      45442870 
 17587 3715 65656429 		.ascii	"eed)\000"
 17587      00
 17588              	.LASF1326:
 17589 371a 5F6F6666 		.ascii	"_off_t\000"
 17589      5F7400
 17590              	.LASF268:
 17591 3721 5F5F4652 		.ascii	"__FRACT_MIN__ (-0.5R-0.5R)\000"
 17591      4143545F 
 17591      4D494E5F 
 17591      5F20282D 
 17591      302E3552 
 17592              	.LASF281:
 17593 373c 5F5F554C 		.ascii	"__ULFRACT_FBIT__ 32\000"
 17593      46524143 
 17593      545F4642 
 17593      49545F5F 
 17593      20333200 
 17594              	.LASF598:
 17595 3750 5F5F474E 		.ascii	"__GNUCLIKE_BUILTIN_MEMCPY 1\000"
 17595      55434C49 
 17595      4B455F42 
 17595      55494C54 
 17595      494E5F4D 
 17596              	.LASF558:
 17597 376c 5F5F5F69 		.ascii	"___int_size_t_h \000"
 17597      6E745F73 
 17597      697A655F 
 17597      745F6820 
ARM GAS  /var/folders/65/xyhbx3_n6nd_hs7j3p9nfwv80000gn/T//ccls3DQP.s 			page 358


 17597      00
 17598              	.LASF656:
 17599 377d 5F5F7379 		.ascii	"__sym_default(sym,impl,verid) __asm__(\".symver \" "
 17599      6D5F6465 
 17599      6661756C 
 17599      74287379 
 17599      6D2C696D 
 17600 37ae 23696D70 		.ascii	"#impl \", \" #sym \"@@\" #verid)\000"
 17600      6C20222C 
 17600      20222023 
 17600      73796D20 
 17600      22404022 
 17601              	.LASF1109:
 17602 37cb 44424C5F 		.ascii	"DBL_MAX_10_EXP __DBL_MAX_10_EXP__\000"
 17602      4D41585F 
 17602      31305F45 
 17602      5850205F 
 17602      5F44424C 
 17603              	.LASF873:
 17604 37ed 5F494E5F 		.ascii	"_IN_PORT_T_DECLARED \000"
 17604      504F5254 
 17604      5F545F44 
 17604      45434C41 
 17604      52454420 
 17605              	.LASF1484:
 17606 3802 6A735F42 		.ascii	"js_Buffer\000"
 17606      75666665 
 17606      7200
 17607              	.LASF554:
 17608 380c 5F53495A 		.ascii	"_SIZE_T_DEFINED_ \000"
 17608      455F545F 
 17608      44454649 
 17608      4E45445F 
 17608      2000
 17609              	.LASF1630:
 17610 381e 6572726F 		.ascii	"error\000"
 17610      7200
 17611              	.LASF856:
 17612 3824 5F535953 		.ascii	"_SYS_TIMESPEC_H_ \000"
 17612      5F54494D 
 17612      45535045 
 17612      435F485F 
 17612      2000
 17613              	.LASF1412:
 17614 3836 5F6C6F63 		.ascii	"_localtime_buf\000"
 17614      616C7469 
 17614      6D655F62 
 17614      756600
 17615              	.LASF386:
 17616 3845 5F5F4743 		.ascii	"__GCC_ATOMIC_LONG_LOCK_FREE 2\000"
 17616      435F4154 
 17616      4F4D4943 
 17616      5F4C4F4E 
 17616      475F4C4F 
 17617              	.LASF448:
 17618 3863 5F5F4758 		.ascii	"__GXX_TYPEINFO_EQUALITY_INLINE 0\000"
 17618      585F5459 
ARM GAS  /var/folders/65/xyhbx3_n6nd_hs7j3p9nfwv80000gn/T//ccls3DQP.s 			page 359


 17618      5045494E 
 17618      464F5F45 
 17618      5155414C 
 17619              	.LASF1331:
 17620 3884 5F5F636F 		.ascii	"__count\000"
 17620      756E7400 
 17621              	.LASF348:
 17622 388c 5F5F5548 		.ascii	"__UHQ_FBIT__ 16\000"
 17622      515F4642 
 17622      49545F5F 
 17622      20313600 
 17623              	.LASF1519:
 17624 389c 73696D70 		.ascii	"simple\000"
 17624      6C6500
 17625              	.LASF495:
 17626 38a3 5F5F474E 		.ascii	"__GNU_VISIBLE 0\000"
 17626      555F5649 
 17626      5349424C 
 17626      45203000 
 17627              	.LASF1010:
 17628 38b3 5F5F544D 		.ascii	"__TMP_FLT_EVAL_METHOD \000"
 17628      505F464C 
 17628      545F4556 
 17628      414C5F4D 
 17628      4554484F 
 17629              	.LASF995:
 17630 38ca 5F56415F 		.ascii	"_VA_LIST_ \000"
 17630      4C495354 
 17630      5F2000
 17631              	.LASF1277:
 17632 38d5 4572726F 		.ascii	"Error_prototype\000"
 17632      725F7072 
 17632      6F746F74 
 17632      79706500 
 17633              	.LASF893:
 17634 38e5 5F4B4559 		.ascii	"_KEY_T_DECLARED \000"
 17634      5F545F44 
 17634      45434C41 
 17634      52454420 
 17634      00
 17635              	.LASF1355:
 17636 38f6 5F69735F 		.ascii	"_is_cxa\000"
 17636      63786100 
 17637              	.LASF1588:
 17638 38fe 4558505F 		.ascii	"EXP_BITOR\000"
 17638      4249544F 
 17638      5200
 17639              	.LASF251:
 17640 3908 5F5F4445 		.ascii	"__DEC128_MAX_EXP__ 6145\000"
 17640      43313238 
 17640      5F4D4158 
 17640      5F455850 
 17640      5F5F2036 
 17641              	.LASF1079:
 17642 3920 44424C5F 		.ascii	"DBL_MANT_DIG __DBL_MANT_DIG__\000"
 17642      4D414E54 
 17642      5F444947 
ARM GAS  /var/folders/65/xyhbx3_n6nd_hs7j3p9nfwv80000gn/T//ccls3DQP.s 			page 360


 17642      205F5F44 
 17642      424C5F4D 
 17643              	.LASF1108:
 17644 393e 464C545F 		.ascii	"FLT_MAX_10_EXP __FLT_MAX_10_EXP__\000"
 17644      4D41585F 
 17644      31305F45 
 17644      5850205F 
 17644      5F464C54 
 17645              	.LASF1243:
 17646 3960 69736469 		.ascii	"isdigit(c) (c >= '0' && c <= '9')\000"
 17646      67697428 
 17646      63292028 
 17646      63203E3D 
 17646      20273027 
 17647              	.LASF595:
 17648 3982 5F5F636F 		.ascii	"__compiler_membar() __asm __volatile(\" \" : : : \""
 17648      6D70696C 
 17648      65725F6D 
 17648      656D6261 
 17648      72282920 
 17649 39b2 6D656D6F 		.ascii	"memory\")\000"
 17649      72792229 
 17649      00
 17650              	.LASF1153:
 17651 39bb 5F4C4942 		.ascii	"_LIBC_LIMITS_H_ 1\000"
 17651      435F4C49 
 17651      4D495453 
 17651      5F485F20 
 17651      3100
 17652              	.LASF500:
 17653 39cd 5F5F5356 		.ascii	"__SVID_VISIBLE 1\000"
 17653      49445F56 
 17653      49534942 
 17653      4C452031 
 17653      00
 17654              	.LASF162:
 17655 39de 5F5F4650 		.ascii	"__FP_FAST_FMAF 1\000"
 17655      5F464153 
 17655      545F464D 
 17655      41462031 
 17655      00
 17656              	.LASF1576:
 17657 39ef 4558505F 		.ascii	"EXP_IN\000"
 17657      494E00
 17658              	.LASF77:
 17659 39f6 5F5F5743 		.ascii	"__WCHAR_MIN__ 0U\000"
 17659      4841525F 
 17659      4D494E5F 
 17659      5F203055 
 17659      00
 17660              	.LASF1239:
 17661 3a07 746F7570 		.ascii	"toupperrune jsU_toupperrune\000"
 17661      70657272 
 17661      756E6520 
 17661      6A73555F 
 17661      746F7570 
 17662              	.LASF1224:
ARM GAS  /var/folders/65/xyhbx3_n6nd_hs7j3p9nfwv80000gn/T//ccls3DQP.s 			page 361


 17663 3a23 4A535F45 		.ascii	"JS_ENVLIMIT 1024\000"
 17663      4E564C49 
 17663      4D495420 
 17663      31303234 
 17663      00
 17664              	.LASF842:
 17665 3a34 5F5F6E74 		.ascii	"__ntohl(_x) __bswap32(_x)\000"
 17665      6F686C28 
 17665      5F782920 
 17665      5F5F6273 
 17665      77617033 
 17666              	.LASF771:
 17667 3a4e 5F524545 		.ascii	"_REENT_CHECK_MP(ptr) \000"
 17667      4E545F43 
 17667      4845434B 
 17667      5F4D5028 
 17667      70747229 
 17668              	.LASF808:
 17669 3a64 5F535953 		.ascii	"_SYS_TYPES_H \000"
 17669      5F545950 
 17669      45535F48 
 17669      2000
 17670              	.LASF1395:
 17671 3a72 5F637674 		.ascii	"_cvtbuf\000"
 17671      62756600 
 17672              	.LASF713:
 17673 3a7a 5F474343 		.ascii	"_GCC_WCHAR_T \000"
 17673      5F574348 
 17673      41525F54 
 17673      2000
 17674              	.LASF290:
 17675 3a88 5F5F4C4C 		.ascii	"__LLFRACT_EPSILON__ 0x1P-63LLR\000"
 17675      46524143 
 17675      545F4550 
 17675      53494C4F 
 17675      4E5F5F20 
 17676              	.LASF1184:
 17677 3aa7 53434841 		.ascii	"SCHAR_MAX __SCHAR_MAX__\000"
 17677      525F4D41 
 17677      58205F5F 
 17677      53434841 
 17677      525F4D41 
 17678              	.LASF134:
 17679 3abf 5F5F494E 		.ascii	"__INT_FAST64_WIDTH__ 64\000"
 17679      545F4641 
 17679      53543634 
 17679      5F574944 
 17679      54485F5F 
 17680              	.LASF266:
 17681 3ad7 5F5F4652 		.ascii	"__FRACT_FBIT__ 15\000"
 17681      4143545F 
 17681      46424954 
 17681      5F5F2031 
 17681      3500
 17682              	.LASF1207:
 17683 3ae9 554C4F4E 		.ascii	"ULONG_MAX\000"
 17683      475F4D41 
ARM GAS  /var/folders/65/xyhbx3_n6nd_hs7j3p9nfwv80000gn/T//ccls3DQP.s 			page 362


 17683      5800
 17684              	.LASF615:
 17685 3af3 5F5F6465 		.ascii	"__dead2 __attribute__((__noreturn__))\000"
 17685      61643220 
 17685      5F5F6174 
 17685      74726962 
 17685      7574655F 
 17686              	.LASF529:
 17687 3b19 5F5F6E65 		.ascii	"__need_size_t \000"
 17687      65645F73 
 17687      697A655F 
 17687      742000
 17688              	.LASF990:
 17689 3b28 76615F73 		.ascii	"va_start(v,l) __builtin_va_start(v,l)\000"
 17689      74617274 
 17689      28762C6C 
 17689      29205F5F 
 17689      6275696C 
 17690              	.LASF324:
 17691 3b4e 5F5F554C 		.ascii	"__ULACCUM_MAX__ 0XFFFFFFFFFFFFFFFFP-32ULK\000"
 17691      41434355 
 17691      4D5F4D41 
 17691      585F5F20 
 17691      30584646 
 17692              	.LASF101:
 17693 3b78 5F5F494E 		.ascii	"__INT32_MAX__ 0x7fffffffL\000"
 17693      5433325F 
 17693      4D41585F 
 17693      5F203078 
 17693      37666666 
 17694              	.LASF613:
 17695 3b92 5F5F766F 		.ascii	"__volatile volatile\000"
 17695      6C617469 
 17695      6C652076 
 17695      6F6C6174 
 17695      696C6500 
 17696              	.LASF375:
 17697 3ba6 5F5F4348 		.ascii	"__CHAR_UNSIGNED__ 1\000"
 17697      41525F55 
 17697      4E534947 
 17697      4E45445F 
 17697      5F203100 
 17698              	.LASF520:
 17699 3bba 4A535F56 		.ascii	"JS_VERSION_MINOR 3\000"
 17699      45525349 
 17699      4F4E5F4D 
 17699      494E4F52 
 17699      203300
 17700              	.LASF1123:
 17701 3bcd 464C545F 		.ascii	"FLT_MIN\000"
 17701      4D494E00 
 17702              	.LASF715:
 17703 3bd5 5F425344 		.ascii	"_BSD_WCHAR_T_\000"
 17703      5F574348 
 17703      41525F54 
 17703      5F00
 17704              	.LASF1515:
ARM GAS  /var/folders/65/xyhbx3_n6nd_hs7j3p9nfwv80000gn/T//ccls3DQP.s 			page 363


 17705 3be3 6C697473 		.ascii	"litstr\000"
 17705      747200
 17706              	.LASF1092:
 17707 3bea 4C44424C 		.ascii	"LDBL_MIN_EXP __LDBL_MIN_EXP__\000"
 17707      5F4D494E 
 17707      5F455850 
 17707      205F5F4C 
 17707      44424C5F 
 17708              	.LASF71:
 17709 3c08 5F5F5343 		.ascii	"__SCHAR_MAX__ 0x7f\000"
 17709      4841525F 
 17709      4D41585F 
 17709      5F203078 
 17709      376600
 17710              	.LASF391:
 17711 3c1b 5F5F4743 		.ascii	"__GCC_HAVE_DWARF2_CFI_ASM 1\000"
 17711      435F4841 
 17711      56455F44 
 17711      57415246 
 17711      325F4346 
 17712              	.LASF552:
 17713 3c37 5F53495A 		.ascii	"_SIZE_T_ \000"
 17713      455F545F 
 17713      2000
 17714              	.LASF1302:
 17715 3c41 74727974 		.ascii	"trytop\000"
 17715      6F7000
 17716              	.LASF300:
 17717 3c48 5F5F5341 		.ascii	"__SACCUM_EPSILON__ 0x1P-7HK\000"
 17717      4343554D 
 17717      5F455053 
 17717      494C4F4E 
 17717      5F5F2030 
 17718              	.LASF932:
 17719 3c64 5F5F534E 		.ascii	"__SNPT 0x0800\000"
 17719      50542030 
 17719      78303830 
 17719      3000
 17720              	.LASF1330:
 17721 3c72 5F5F7763 		.ascii	"__wchb\000"
 17721      686200
 17722              	.LASF562:
 17723 3c79 5F5F6E65 		.ascii	"__need_size_t\000"
 17723      65645F73 
 17723      697A655F 
 17723      7400
 17724              	.LASF294:
 17725 3c87 5F5F554C 		.ascii	"__ULLFRACT_MAX__ 0XFFFFFFFFFFFFFFFFP-64ULLR\000"
 17725      4C465241 
 17725      43545F4D 
 17725      41585F5F 
 17725      20305846 
 17726              	.LASF1344:
 17727 3cb3 5F5F746D 		.ascii	"__tm_hour\000"
 17727      5F686F75 
 17727      7200
 17728              	.LASF731:
ARM GAS  /var/folders/65/xyhbx3_n6nd_hs7j3p9nfwv80000gn/T//ccls3DQP.s 			page 364


 17729 3cbd 5F5F6C6F 		.ascii	"__lock_init_recursive(lock) __retarget_lock_init_re"
 17729      636B5F69 
 17729      6E69745F 
 17729      72656375 
 17729      72736976 
 17730 3cf0 63757273 		.ascii	"cursive(&lock)\000"
 17730      69766528 
 17730      266C6F63 
 17730      6B2900
 17731              	.LASF1557:
 17732 3cff 4558505F 		.ascii	"EXP_POSTINC\000"
 17732      504F5354 
 17732      494E4300 
 17733              	.LASF1255:
 17734 3d0b 73747269 		.ascii	"strict\000"
 17734      637400
 17735              	.LASF356:
 17736 3d12 5F5F4841 		.ascii	"__HA_FBIT__ 7\000"
 17736      5F464249 
 17736      545F5F20 
 17736      3700
 17737              	.LASF1200:
 17738 3d20 494E545F 		.ascii	"INT_MAX __INT_MAX__\000"
 17738      4D415820 
 17738      5F5F494E 
 17738      545F4D41 
 17738      585F5F00 
 17739              	.LASF313:
 17740 3d34 5F5F5541 		.ascii	"__UACCUM_MIN__ 0.0UK\000"
 17740      4343554D 
 17740      5F4D494E 
 17740      5F5F2030 
 17740      2E30554B 
 17741              	.LASF68:
 17742 3d49 5F5F6861 		.ascii	"__has_include(STR) __has_include__(STR)\000"
 17742      735F696E 
 17742      636C7564 
 17742      65285354 
 17742      5229205F 
 17743              	.LASF840:
 17744 3d71 5F5F6874 		.ascii	"__htonl(_x) __bswap32(_x)\000"
 17744      6F6E6C28 
 17744      5F782920 
 17744      5F5F6273 
 17744      77617033 
 17745              	.LASF1328:
 17746 3d8b 77696E74 		.ascii	"wint_t\000"
 17746      5F7400
 17747              	.LASF252:
 17748 3d92 5F5F4445 		.ascii	"__DEC128_MIN__ 1E-6143DL\000"
 17748      43313238 
 17748      5F4D494E 
 17748      5F5F2031 
 17748      452D3631 
 17749              	.LASF584:
 17750 3dab 5F5F474E 		.ascii	"__GNUCLIKE_ASM 3\000"
 17750      55434C49 
ARM GAS  /var/folders/65/xyhbx3_n6nd_hs7j3p9nfwv80000gn/T//ccls3DQP.s 			page 365


 17750      4B455F41 
 17750      534D2033 
 17750      00
 17751              	.LASF1396:
 17752 3dbc 5F6E6577 		.ascii	"_new\000"
 17752      00
 17753              	.LASF1171:
 17754 3dc1 45585052 		.ascii	"EXPR_NEST_MAX 32\000"
 17754      5F4E4553 
 17754      545F4D41 
 17754      58203332 
 17754      00
 17755              	.LASF858:
 17756 3dd2 54494D45 		.ascii	"TIMEVAL_TO_TIMESPEC(tv,ts) do { (ts)->tv_sec = (tv)"
 17756      56414C5F 
 17756      544F5F54 
 17756      494D4553 
 17756      50454328 
 17757 3e05 2D3E7476 		.ascii	"->tv_sec; (ts)->tv_nsec = (tv)->tv_usec * 1000; } w"
 17757      5F736563 
 17757      3B202874 
 17757      73292D3E 
 17757      74765F6E 
 17758 3e38 68696C65 		.ascii	"hile (0)\000"
 17758      20283029 
 17758      00
 17759              	.LASF242:
 17760 3e41 5F5F4445 		.ascii	"__DEC64_MANT_DIG__ 16\000"
 17760      4336345F 
 17760      4D414E54 
 17760      5F444947 
 17760      5F5F2031 
 17761              	.LASF161:
 17762 3e57 5F5F464C 		.ascii	"__FLT_HAS_QUIET_NAN__ 1\000"
 17762      545F4841 
 17762      535F5155 
 17762      4945545F 
 17762      4E414E5F 
 17763              	.LASF1482:
 17764 3e6f 66696C65 		.ascii	"file\000"
 17764      00
 17765              	.LASF889:
 17766 3e74 5F444556 		.ascii	"_DEV_T_DECLARED \000"
 17766      5F545F44 
 17766      45434C41 
 17766      52454420 
 17766      00
 17767              	.LASF1403:
 17768 3e85 5F6E696F 		.ascii	"_niobs\000"
 17768      627300
 17769              	.LASF1116:
 17770 3e8c 4C44424C 		.ascii	"LDBL_MAX __LDBL_MAX__\000"
 17770      5F4D4158 
 17770      205F5F4C 
 17770      44424C5F 
 17770      4D41585F 
 17771              	.LASF1266:
ARM GAS  /var/folders/65/xyhbx3_n6nd_hs7j3p9nfwv80000gn/T//ccls3DQP.s 			page 366


 17772 3ea2 74657874 		.ascii	"text\000"
 17772      00
 17773              	.LASF1466:
 17774 3ea7 636F6465 		.ascii	"code\000"
 17774      00
 17775              	.LASF769:
 17776 3eac 5F524545 		.ascii	"_REENT_INIT_PTR_ZEROED(var) { (var)->_stdin = _REEN"
 17776      4E545F49 
 17776      4E49545F 
 17776      5054525F 
 17776      5A45524F 
 17777 3edf 545F5354 		.ascii	"T_STDIO_STREAM(var, 0); (var)->_stdout = _REENT_STD"
 17777      44494F5F 
 17777      53545245 
 17777      414D2876 
 17777      61722C20 
 17778 3f12 494F5F53 		.ascii	"IO_STREAM(var, 1); (var)->_stderr = _REENT_STDIO_ST"
 17778      54524541 
 17778      4D287661 
 17778      722C2031 
 17778      293B2028 
 17779 3f45 5245414D 		.ascii	"REAM(var, 2); (var)->_new._reent._rand_next = 1; (v"
 17779      28766172 
 17779      2C203229 
 17779      3B202876 
 17779      6172292D 
 17780 3f78 6172292D 		.ascii	"ar)->_new._reent._r48._seed[0] = _RAND48_SEED_0; (v"
 17780      3E5F6E65 
 17780      772E5F72 
 17780      65656E74 
 17780      2E5F7234 
 17781 3fab 6172292D 		.ascii	"ar)->_new._reent._r48._seed[1] = _RAND48_SEED_1; (v"
 17781      3E5F6E65 
 17781      772E5F72 
 17781      65656E74 
 17781      2E5F7234 
 17782 3fde 6172292D 		.ascii	"ar)->_new._reent._r48._seed[2] = _RAND48_SEED_2; (v"
 17782      3E5F6E65 
 17782      772E5F72 
 17782      65656E74 
 17782      2E5F7234 
 17783 4011 6172292D 		.ascii	"ar)->_new._reent._r48._mult[0] = _RAND48_MULT_0; (v"
 17783      3E5F6E65 
 17783      772E5F72 
 17783      65656E74 
 17783      2E5F7234 
 17784 4044 6172292D 		.ascii	"ar)->_new._reent._r48._mult[1] = _RAND48_MULT_1; (v"
 17784      3E5F6E65 
 17784      772E5F72 
 17784      65656E74 
 17784      2E5F7234 
 17785 4077 6172292D 		.ascii	"ar)->_new._reent._r48._mult[2] = _RAND48_MULT_2; (v"
 17785      3E5F6E65 
 17785      772E5F72 
 17785      65656E74 
 17785      2E5F7234 
 17786 40aa 6172292D 		.ascii	"ar)->_new._reent._r48._add = _RAND48_ADD; }\000"
ARM GAS  /var/folders/65/xyhbx3_n6nd_hs7j3p9nfwv80000gn/T//ccls3DQP.s 			page 367


 17786      3E5F6E65 
 17786      772E5F72 
 17786      65656E74 
 17786      2E5F7234 
 17787              	.LASF1564:
 17788 40d6 4558505F 		.ascii	"EXP_POS\000"
 17788      504F5300 
 17789              	.LASF1160:
 17790 40de 4E414D45 		.ascii	"NAME_MAX 255\000"
 17790      5F4D4158 
 17790      20323535 
 17790      00
 17791              	.LASF1543:
 17792 40eb 4558505F 		.ascii	"EXP_NULL\000"
 17792      4E554C4C 
 17792      00
 17793              	.LASF783:
 17794 40f4 5F524545 		.ascii	"_REENT_MP_RESULT_K(ptr) ((ptr)->_result_k)\000"
 17794      4E545F4D 
 17794      505F5245 
 17794      53554C54 
 17794      5F4B2870 
 17795              	.LASF1663:
 17796 411f 6A735F70 		.ascii	"js_pushiterator\000"
 17796      75736869 
 17796      74657261 
 17796      746F7200 
 17797              	.LASF82:
 17798 412f 5F5F5343 		.ascii	"__SCHAR_WIDTH__ 8\000"
 17798      4841525F 
 17798      57494454 
 17798      485F5F20 
 17798      3800
 17799              	.LASF1380:
 17800 4141 5F657272 		.ascii	"_errno\000"
 17800      6E6F00
 17801              	.LASF1290:
 17802 4148 67637468 		.ascii	"gcthresh\000"
 17802      72657368 
 17802      00
 17803              	.LASF1315:
 17804 4151 4A535F52 		.ascii	"JS_REGEXP_I\000"
 17804      45474558 
 17804      505F4900 
 17805              	.LASF936:
 17806 415d 5F5F534E 		.ascii	"__SNLK 0x0001\000"
 17806      4C4B2030 
 17806      78303030 
 17806      3100
 17807              	.LASF29:
 17808 416b 5F5F4F52 		.ascii	"__ORDER_PDP_ENDIAN__ 3412\000"
 17808      4445525F 
 17808      5044505F 
 17808      454E4449 
 17808      414E5F5F 
 17809              	.LASF1316:
 17810 4185 4A535F52 		.ascii	"JS_REGEXP_M\000"
ARM GAS  /var/folders/65/xyhbx3_n6nd_hs7j3p9nfwv80000gn/T//ccls3DQP.s 			page 368


 17810      45474558 
 17810      505F4D00 
 17811              	.LASF11:
 17812 4191 5F5F4154 		.ascii	"__ATOMIC_ACQUIRE 2\000"
 17812      4F4D4943 
 17812      5F414351 
 17812      55495245 
 17812      203200
 17813              	.LASF1508:
 17814 41a4 4A535F43 		.ascii	"JS_CMATH\000"
 17814      4D415448 
 17814      00
 17815              	.LASF1300:
 17816 41ad 74726163 		.ascii	"tracetop\000"
 17816      65746F70 
 17816      00
 17817              	.LASF1345:
 17818 41b6 5F5F746D 		.ascii	"__tm_mday\000"
 17818      5F6D6461 
 17818      7900
 17819              	.LASF815:
 17820 41c0 5F5F696E 		.ascii	"__int16_t_defined 1\000"
 17820      7431365F 
 17820      745F6465 
 17820      66696E65 
 17820      64203100 
 17821              	.LASF132:
 17822 41d4 5F5F494E 		.ascii	"__INT_FAST32_WIDTH__ 32\000"
 17822      545F4641 
 17822      53543332 
 17822      5F574944 
 17822      54485F5F 
 17823              	.LASF1454:
 17824 41ec 6A735F53 		.ascii	"js_String\000"
 17824      7472696E 
 17824      6700
 17825              	.LASF61:
 17826 41f6 5F5F494E 		.ascii	"__INT_FAST64_TYPE__ long long int\000"
 17826      545F4641 
 17826      53543634 
 17826      5F545950 
 17826      455F5F20 
 17827              	.LASF1312:
 17828 4218 6A735F52 		.ascii	"js_Report\000"
 17828      65706F72 
 17828      7400
 17829              	.LASF630:
 17830 4222 5F5F6E6F 		.ascii	"__noinline __attribute__ ((__noinline__))\000"
 17830      696E6C69 
 17830      6E65205F 
 17830      5F617474 
 17830      72696275 
 17831              	.LASF306:
 17832 424c 5F5F4143 		.ascii	"__ACCUM_FBIT__ 15\000"
 17832      43554D5F 
 17832      46424954 
 17832      5F5F2031 
ARM GAS  /var/folders/65/xyhbx3_n6nd_hs7j3p9nfwv80000gn/T//ccls3DQP.s 			page 369


 17832      3500
 17833              	.LASF682:
 17834 425e 5F5F7265 		.ascii	"__requires_shared(...) __lock_annotate(shared_locks"
 17834      71756972 
 17834      65735F73 
 17834      68617265 
 17834      64282E2E 
 17835 4291 5F726571 		.ascii	"_required(__VA_ARGS__))\000"
 17835      75697265 
 17835      64285F5F 
 17835      56415F41 
 17835      5247535F 
 17836              	.LASF326:
 17837 42a9 5F5F4C4C 		.ascii	"__LLACCUM_FBIT__ 31\000"
 17837      41434355 
 17837      4D5F4642 
 17837      49545F5F 
 17837      20333100 
 17838              	.LASF573:
 17839 42bd 5F5F6174 		.ascii	"__attribute_pure__ \000"
 17839      74726962 
 17839      7574655F 
 17839      70757265 
 17839      5F5F2000 
 17840              	.LASF470:
 17841 42d1 5F484156 		.ascii	"_HAVE_LONG_DOUBLE 1\000"
 17841      455F4C4F 
 17841      4E475F44 
 17841      4F55424C 
 17841      45203100 
 17842              	.LASF1581:
 17843 42e5 4558505F 		.ascii	"EXP_LT\000"
 17843      4C5400
 17844              	.LASF116:
 17845 42ec 5F5F494E 		.ascii	"__INT_LEAST64_MAX__ 0x7fffffffffffffffLL\000"
 17845      545F4C45 
 17845      41535436 
 17845      345F4D41 
 17845      585F5F20 
 17846              	.LASF1352:
 17847 4315 5F666E61 		.ascii	"_fnargs\000"
 17847      72677300 
 17848              	.LASF397:
 17849 431d 5F5F4152 		.ascii	"__ARM_FEATURE_QBIT 1\000"
 17849      4D5F4645 
 17849      41545552 
 17849      455F5142 
 17849      49542031 
 17850              	.LASF981:
 17851 4332 616C6C6F 		.ascii	"alloca(size) __builtin_alloca(size)\000"
 17851      63612873 
 17851      697A6529 
 17851      205F5F62 
 17851      75696C74 
 17852              	.LASF124:
 17853 4356 5F5F5549 		.ascii	"__UINT32_C(c) c ## UL\000"
 17853      4E543332 
ARM GAS  /var/folders/65/xyhbx3_n6nd_hs7j3p9nfwv80000gn/T//ccls3DQP.s 			page 370


 17853      5F432863 
 17853      29206320 
 17853      23232055 
 17854              	.LASF924:
 17855 436c 5F5F5357 		.ascii	"__SWR 0x0008\000"
 17855      52203078 
 17855      30303038 
 17855      00
 17856              	.LASF400:
 17857 4379 5F5F4152 		.ascii	"__ARM_FEATURE_UNALIGNED 1\000"
 17857      4D5F4645 
 17857      41545552 
 17857      455F554E 
 17857      414C4947 
 17858              	.LASF1608:
 17859 4393 53544D5F 		.ascii	"STM_VAR\000"
 17859      56415200 
 17860              	.LASF621:
 17861 439b 5F5F7365 		.ascii	"__section(x) __attribute__((__section__(x)))\000"
 17861      6374696F 
 17861      6E287829 
 17861      205F5F61 
 17861      74747269 
 17862              	.LASF1211:
 17863 43c8 4C4C4F4E 		.ascii	"LLONG_MAX\000"
 17863      475F4D41 
 17863      5800
 17864              	.LASF1269:
 17865 43d2 4F626A65 		.ascii	"Object_prototype\000"
 17865      63745F70 
 17865      726F746F 
 17865      74797065 
 17865      00
 17866              	.LASF578:
 17867 43e3 5F5F7074 		.ascii	"__ptrvalue \000"
 17867      7276616C 
 17867      75652000 
 17868              	.LASF307:
 17869 43ef 5F5F4143 		.ascii	"__ACCUM_IBIT__ 16\000"
 17869      43554D5F 
 17869      49424954 
 17869      5F5F2031 
 17869      3600
 17870              	.LASF1005:
 17871 4401 48554745 		.ascii	"HUGE_VALF (__builtin_huge_valf())\000"
 17871      5F56414C 
 17871      4620285F 
 17871      5F627569 
 17871      6C74696E 
 17872              	.LASF1206:
 17873 4423 4C4F4E47 		.ascii	"LONG_MAX __LONG_MAX__\000"
 17873      5F4D4158 
 17873      205F5F4C 
 17873      4F4E475F 
 17873      4D41585F 
 17874              	.LASF95:
 17875 4439 5F5F494E 		.ascii	"__INTMAX_WIDTH__ 64\000"
ARM GAS  /var/folders/65/xyhbx3_n6nd_hs7j3p9nfwv80000gn/T//ccls3DQP.s 			page 371


 17875      544D4158 
 17875      5F574944 
 17875      54485F5F 
 17875      20363400 
 17876              	.LASF721:
 17877 444d 5F5F474E 		.ascii	"__GNUC_VA_LIST \000"
 17877      55435F56 
 17877      415F4C49 
 17877      53542000 
 17878              	.LASF1327:
 17879 445d 5F66706F 		.ascii	"_fpos_t\000"
 17879      735F7400 
 17880              	.LASF1662:
 17881 4465 6A735F68 		.ascii	"js_hasindex\000"
 17881      6173696E 
 17881      64657800 
 17882              	.LASF1259:
 17883 4471 6C657862 		.ascii	"lexbuf\000"
 17883      756600
 17884              	.LASF408:
 17885 4478 5F5F4152 		.ascii	"__ARM_FEATURE_LDREX 7\000"
 17885      4D5F4645 
 17885      41545552 
 17885      455F4C44 
 17885      52455820 
 17886              	.LASF1263:
 17887 448e 6E65776C 		.ascii	"newline\000"
 17887      696E6500 
 17888              	.LASF118:
 17889 4496 5F5F494E 		.ascii	"__INT_LEAST64_WIDTH__ 64\000"
 17889      545F4C45 
 17889      41535436 
 17889      345F5749 
 17889      4454485F 
 17890              	.LASF453:
 17891 44af 54415247 		.ascii	"TARGET_EXTENSION 1\000"
 17891      45545F45 
 17891      5854454E 
 17891      53494F4E 
 17891      203100
 17892              	.LASF1490:
 17893 44c2 76616C75 		.ascii	"value\000"
 17893      6500
 17894              	.LASF669:
 17895 44c8 5F5F4E55 		.ascii	"__NULLABILITY_PRAGMA_POP \000"
 17895      4C4C4142 
 17895      494C4954 
 17895      595F5052 
 17895      41474D41 
 17896              	.LASF459:
 17897 44e2 5F4E4557 		.ascii	"_NEWLIB_VERSION_H__ 1\000"
 17897      4C49425F 
 17897      56455253 
 17897      494F4E5F 
 17897      485F5F20 
 17898              	.LASF745:
 17899 44f8 5F5F6E65 		.ascii	"__need_wint_t\000"
ARM GAS  /var/folders/65/xyhbx3_n6nd_hs7j3p9nfwv80000gn/T//ccls3DQP.s 			page 372


 17899      65645F77 
 17899      696E745F 
 17899      7400
 17900              	.LASF405:
 17901 4506 5F5F4152 		.ascii	"__ARM_32BIT_STATE 1\000"
 17901      4D5F3332 
 17901      4249545F 
 17901      53544154 
 17901      45203100 
 17902              	.LASF9:
 17903 451a 5F5F4154 		.ascii	"__ATOMIC_RELAXED 0\000"
 17903      4F4D4943 
 17903      5F52454C 
 17903      41584544 
 17903      203000
 17904              	.LASF1337:
 17905 452d 5F6E6578 		.ascii	"_next\000"
 17905      7400
 17906              	.LASF279:
 17907 4533 5F5F4C46 		.ascii	"__LFRACT_MAX__ 0X7FFFFFFFP-31LR\000"
 17907      52414354 
 17907      5F4D4158 
 17907      5F5F2030 
 17907      58374646 
 17908              	.LASF186:
 17909 4553 5F5F4C44 		.ascii	"__LDBL_MIN__ 2.2250738585072014e-308L\000"
 17909      424C5F4D 
 17909      494E5F5F 
 17909      20322E32 
 17909      32353037 
 17910              	.LASF299:
 17911 4579 5F5F5341 		.ascii	"__SACCUM_MAX__ 0X7FFFP-7HK\000"
 17911      4343554D 
 17911      5F4D4158 
 17911      5F5F2030 
 17911      58374646 
 17912              	.LASF1653:
 17913 4594 6A735F66 		.ascii	"js_free\000"
 17913      72656500 
 17914              	.LASF439:
 17915 459c 5F5F5448 		.ascii	"__THUMB_INTERWORK__ 1\000"
 17915      554D425F 
 17915      494E5445 
 17915      52574F52 
 17915      4B5F5F20 
 17916              	.LASF1420:
 17917 45b2 5F736967 		.ascii	"_signal_buf\000"
 17917      6E616C5F 
 17917      62756600 
 17918              	.LASF846:
 17919 45be 5F535953 		.ascii	"_SYS__TIMEVAL_H_ \000"
 17919      5F5F5449 
 17919      4D455641 
 17919      4C5F485F 
 17919      2000
 17920              	.LASF904:
 17921 45d0 53434845 		.ascii	"SCHED_OTHER 0\000"
ARM GAS  /var/folders/65/xyhbx3_n6nd_hs7j3p9nfwv80000gn/T//ccls3DQP.s 			page 373


 17921      445F4F54 
 17921      48455220 
 17921      3000
 17922              	.LASF940:
 17923 45de 5F494F4E 		.ascii	"_IONBF 2\000"
 17923      42462032 
 17923      00
 17924              	.LASF1366:
 17925 45e7 5F636F6F 		.ascii	"_cookie\000"
 17925      6B696500 
 17926              	.LASF173:
 17927 45ef 5F5F4442 		.ascii	"__DBL_DENORM_MIN__ ((double)4.9406564584124654e-324"
 17927      4C5F4445 
 17927      4E4F524D 
 17927      5F4D494E 
 17927      5F5F2028 
 17928 4622 4C2900   		.ascii	"L)\000"
 17929              	.LASF461:
 17930 4625 5F5F4E45 		.ascii	"__NEWLIB__ 3\000"
 17930      574C4942 
 17930      5F5F2033 
 17930      00
 17931              	.LASF269:
 17932 4632 5F5F4652 		.ascii	"__FRACT_MAX__ 0X7FFFP-15R\000"
 17932      4143545F 
 17932      4D41585F 
 17932      5F203058 
 17932      37464646 
 17933              	.LASF635:
 17934 464c 5F5F7265 		.ascii	"__returns_twice __attribute__((__returns_twice__))\000"
 17934      7475726E 
 17934      735F7477 
 17934      69636520 
 17934      5F5F6174 
 17935              	.LASF1070:
 17936 467f 5F584F50 		.ascii	"_XOPEN_ __fdlibm_xopen\000"
 17936      454E5F20 
 17936      5F5F6664 
 17936      6C69626D 
 17936      5F786F70 
 17937              	.LASF782:
 17938 4696 5F524545 		.ascii	"_REENT_MP_RESULT(ptr) ((ptr)->_result)\000"
 17938      4E545F4D 
 17938      505F5245 
 17938      53554C54 
 17938      28707472 
 17939              	.LASF142:
 17940 46bd 5F5F4743 		.ascii	"__GCC_IEC_559 0\000"
 17940      435F4945 
 17940      435F3535 
 17940      39203000 
 17941              	.LASF1150:
 17942 46cd 4C44424C 		.ascii	"LDBL_TRUE_MIN __LDBL_DENORM_MIN__\000"
 17942      5F545255 
 17942      455F4D49 
 17942      4E205F5F 
 17942      4C44424C 
ARM GAS  /var/folders/65/xyhbx3_n6nd_hs7j3p9nfwv80000gn/T//ccls3DQP.s 			page 374


 17943              	.LASF489:
 17944 46ef 5F504F53 		.ascii	"_POSIX_C_SOURCE\000"
 17944      49585F43 
 17944      5F534F55 
 17944      52434500 
 17945              	.LASF1584:
 17946 46ff 4558505F 		.ascii	"EXP_NE\000"
 17946      4E4500
 17947              	.LASF1107:
 17948 4706 4C44424C 		.ascii	"LDBL_MAX_10_EXP\000"
 17948      5F4D4158 
 17948      5F31305F 
 17948      45585000 
 17949              	.LASF230:
 17950 4716 5F5F464C 		.ascii	"__FLT32X_EPSILON__ 2.2204460492503131e-16F32x\000"
 17950      54333258 
 17950      5F455053 
 17950      494C4F4E 
 17950      5F5F2032 
 17951              	.LASF272:
 17952 4744 5F5F5546 		.ascii	"__UFRACT_IBIT__ 0\000"
 17952      52414354 
 17952      5F494249 
 17952      545F5F20 
 17952      3000
 17953              	.LASF1226:
 17954 4756 4A535F41 		.ascii	"JS_ARRAYLIMIT (1<<26)\000"
 17954      52524159 
 17954      4C494D49 
 17954      54202831 
 17954      3C3C3236 
 17955              	.LASF1172:
 17956 476c 4C494E45 		.ascii	"LINE_MAX 2048\000"
 17956      5F4D4158 
 17956      20323034 
 17956      3800
 17957              	.LASF563:
 17958 477a 4E554C4C 		.ascii	"NULL\000"
 17958      00
 17959              	.LASF1628:
 17960 477f 696E7374 		.ascii	"inst\000"
 17960      00
 17961              	.LASF1105:
 17962 4784 464C545F 		.ascii	"FLT_MAX_10_EXP\000"
 17962      4D41585F 
 17962      31305F45 
 17962      585000
 17963              	.LASF800:
 17964 4793 5F524545 		.ascii	"_REENT_GETDATE_ERR_P(ptr) (&((ptr)->_new._reent._ge"
 17964      4E545F47 
 17964      45544441 
 17964      54455F45 
 17964      52525F50 
 17965 47c6 74646174 		.ascii	"tdate_err))\000"
 17965      655F6572 
 17965      72292900 
 17966              	.LASF821:
ARM GAS  /var/folders/65/xyhbx3_n6nd_hs7j3p9nfwv80000gn/T//ccls3DQP.s 			page 375


 17967 47d2 5F5F696E 		.ascii	"__int64_t_defined 1\000"
 17967      7436345F 
 17967      745F6465 
 17967      66696E65 
 17967      64203100 
 17968              	.LASF511:
 17969 47e6 5F454E44 		.ascii	"_END_STD_C \000"
 17969      5F535444 
 17969      5F432000 
 17970              	.LASF825:
 17971 47f2 5F55494E 		.ascii	"_UINTPTR_T_DECLARED \000"
 17971      54505452 
 17971      5F545F44 
 17971      45434C41 
 17971      52454420 
 17972              	.LASF1205:
 17973 4807 4C4F4E47 		.ascii	"LONG_MAX\000"
 17973      5F4D4158 
 17973      00
 17974              	.LASF750:
 17975 4810 5F4E554C 		.ascii	"_NULL 0\000"
 17975      4C203000 
 17976              	.LASF675:
 17977 4818 5F5F6C6F 		.ascii	"__locks_shared(...) __lock_annotate(shared_lock_fun"
 17977      636B735F 
 17977      73686172 
 17977      6564282E 
 17977      2E2E2920 
 17978 484b 6374696F 		.ascii	"ction(__VA_ARGS__))\000"
 17978      6E285F5F 
 17978      56415F41 
 17978      5247535F 
 17978      5F292900 
 17979              	.LASF1204:
 17980 485f 4C4F4E47 		.ascii	"LONG_MIN (-LONG_MAX - 1L)\000"
 17980      5F4D494E 
 17980      20282D4C 
 17980      4F4E475F 
 17980      4D415820 
 17981              	.LASF1075:
 17982 4879 464C545F 		.ascii	"FLT_MANT_DIG\000"
 17982      4D414E54 
 17982      5F444947 
 17982      00
 17983              	.LASF1282:
 17984 4886 54797065 		.ascii	"TypeError_prototype\000"
 17984      4572726F 
 17984      725F7072 
 17984      6F746F74 
 17984      79706500 
 17985              	.LASF686:
 17986 489a 5F5F7074 		.ascii	"__pt_guarded_by(x) __lock_annotate(pt_guarded_by(x)"
 17986      5F677561 
 17986      72646564 
 17986      5F627928 
 17986      7829205F 
 17987 48cd 2900     		.ascii	")\000"
ARM GAS  /var/folders/65/xyhbx3_n6nd_hs7j3p9nfwv80000gn/T//ccls3DQP.s 			page 376


 17988              	.LASF714:
 17989 48cf 5F574348 		.ascii	"_WCHAR_T_DECLARED \000"
 17989      41525F54 
 17989      5F444543 
 17989      4C415245 
 17989      442000
 17990              	.LASF622:
 17991 48e2 5F5F616C 		.ascii	"__alloc_size(x) __attribute__((__alloc_size__(x)))\000"
 17991      6C6F635F 
 17991      73697A65 
 17991      28782920 
 17991      5F5F6174 
 17992              	.LASF12:
 17993 4915 5F5F4154 		.ascii	"__ATOMIC_RELEASE 3\000"
 17993      4F4D4943 
 17993      5F52454C 
 17993      45415345 
 17993      203300
 17994              	.LASF476:
 17995 4928 5F554E42 		.ascii	"_UNBUF_STREAM_OPT 1\000"
 17995      55465F53 
 17995      54524541 
 17995      4D5F4F50 
 17995      54203100 
 17996              	.LASF433:
 17997 493c 5F5F4152 		.ascii	"__ARM_FEATURE_FP16_VECTOR_ARITHMETIC\000"
 17997      4D5F4645 
 17997      41545552 
 17997      455F4650 
 17997      31365F56 
 17998              	.LASF109:
 17999 4961 5F5F494E 		.ascii	"__INT_LEAST8_WIDTH__ 8\000"
 17999      545F4C45 
 17999      41535438 
 17999      5F574944 
 17999      54485F5F 
 18000              	.LASF757:
 18001 4978 5F52414E 		.ascii	"_RAND48_SEED_1 (0xabcd)\000"
 18001      4434385F 
 18001      53454544 
 18001      5F312028 
 18001      30786162 
 18002              	.LASF446:
 18003 4990 5F5F4152 		.ascii	"__ARM_FEATURE_COPROC\000"
 18003      4D5F4645 
 18003      41545552 
 18003      455F434F 
 18003      50524F43 
 18004              	.LASF1317:
 18005 49a5 7369676E 		.ascii	"signed char\000"
 18005      65642063 
 18005      68617200 
 18006              	.LASF59:
 18007 49b1 5F5F494E 		.ascii	"__INT_FAST16_TYPE__ int\000"
 18007      545F4641 
 18007      53543136 
 18007      5F545950 
ARM GAS  /var/folders/65/xyhbx3_n6nd_hs7j3p9nfwv80000gn/T//ccls3DQP.s 			page 377


 18007      455F5F20 
 18008              	.LASF1074:
 18009 49c9 464C545F 		.ascii	"FLT_RADIX __FLT_RADIX__\000"
 18009      52414449 
 18009      58205F5F 
 18009      464C545F 
 18009      52414449 
 18010              	.LASF115:
 18011 49e1 5F5F494E 		.ascii	"__INT_LEAST32_WIDTH__ 32\000"
 18011      545F4C45 
 18011      41535433 
 18011      325F5749 
 18011      4454485F 
 18012              	.LASF1159:
 18013 49fa 4D41585F 		.ascii	"MAX_INPUT 255\000"
 18013      494E5055 
 18013      54203235 
 18013      3500
 18014              	.LASF355:
 18015 4a08 5F5F5554 		.ascii	"__UTQ_IBIT__ 0\000"
 18015      515F4942 
 18015      49545F5F 
 18015      203000
 18016              	.LASF1342:
 18017 4a17 5F5F746D 		.ascii	"__tm_sec\000"
 18017      5F736563 
 18017      00
 18018              	.LASF960:
 18019 4a20 5F5F7367 		.ascii	"__sgetc_raw_r(__ptr,__f) (--(__f)->_r < 0 ? __srget"
 18019      6574635F 
 18019      7261775F 
 18019      72285F5F 
 18019      7074722C 
 18020 4a53 5F72285F 		.ascii	"_r(__ptr, __f) : (int)(*(__f)->_p++))\000"
 18020      5F707472 
 18020      2C205F5F 
 18020      6629203A 
 18020      2028696E 
 18021              	.LASF1637:
 18022 4a79 72657072 		.ascii	"reprobject\000"
 18022      6F626A65 
 18022      637400
 18023              	.LASF830:
 18024 4a84 5F425954 		.ascii	"_BYTE_ORDER _LITTLE_ENDIAN\000"
 18024      455F4F52 
 18024      44455220 
 18024      5F4C4954 
 18024      544C455F 
 18025              	.LASF1666:
 18026 4a9f 6A735F68 		.ascii	"js_hasproperty\000"
 18026      61737072 
 18026      6F706572 
 18026      747900
 18027              	.LASF1351:
 18028 4aae 5F6F6E5F 		.ascii	"_on_exit_args\000"
 18028      65786974 
 18028      5F617267 
ARM GAS  /var/folders/65/xyhbx3_n6nd_hs7j3p9nfwv80000gn/T//ccls3DQP.s 			page 378


 18028      7300
 18029              	.LASF394:
 18030 4abc 5F5F5349 		.ascii	"__SIZEOF_WINT_T__ 4\000"
 18030      5A454F46 
 18030      5F57494E 
 18030      545F545F 
 18030      5F203400 
 18031              	.LASF911:
 18032 4ad0 50544852 		.ascii	"PTHREAD_CREATE_DETACHED 0\000"
 18032      4541445F 
 18032      43524541 
 18032      54455F44 
 18032      45544143 
 18033              	.LASF908:
 18034 4aea 50544852 		.ascii	"PTHREAD_SCOPE_SYSTEM 1\000"
 18034      4541445F 
 18034      53434F50 
 18034      455F5359 
 18034      5354454D 
 18035              	.LASF143:
 18036 4b01 5F5F4743 		.ascii	"__GCC_IEC_559_COMPLEX 0\000"
 18036      435F4945 
 18036      435F3535 
 18036      395F434F 
 18036      4D504C45 
 18037              	.LASF1059:
 18038 4b19 4D5F5351 		.ascii	"M_SQRTPI 1.77245385090551602792981\000"
 18038      52545049 
 18038      20312E37 
 18038      37323435 
 18038      33383530 
 18039              	.LASF1510:
 18040 4b3c 4A535F43 		.ascii	"JS_CARGUMENTS\000"
 18040      41524755 
 18040      4D454E54 
 18040      5300
 18041              	.LASF1127:
 18042 4b4a 44424C5F 		.ascii	"DBL_MIN __DBL_MIN__\000"
 18042      4D494E20 
 18042      5F5F4442 
 18042      4C5F4D49 
 18042      4E5F5F00 
 18043              	.LASF398:
 18044 4b5e 5F5F4152 		.ascii	"__ARM_FEATURE_SAT 1\000"
 18044      4D5F4645 
 18044      41545552 
 18044      455F5341 
 18044      54203100 
 18045              	.LASF73:
 18046 4b72 5F5F494E 		.ascii	"__INT_MAX__ 0x7fffffff\000"
 18046      545F4D41 
 18046      585F5F20 
 18046      30783766 
 18046      66666666 
 18047              	.LASF1120:
 18048 4b89 464C545F 		.ascii	"FLT_EPSILON __FLT_EPSILON__\000"
 18048      45505349 
ARM GAS  /var/folders/65/xyhbx3_n6nd_hs7j3p9nfwv80000gn/T//ccls3DQP.s 			page 379


 18048      4C4F4E20 
 18048      5F5F464C 
 18048      545F4550 
 18049              	.LASF70:
 18050 4ba5 5F5F4758 		.ascii	"__GXX_ABI_VERSION 1013\000"
 18050      585F4142 
 18050      495F5645 
 18050      5253494F 
 18050      4E203130 
 18051              	.LASF50:
 18052 4bbc 5F5F494E 		.ascii	"__INT_LEAST8_TYPE__ signed char\000"
 18052      545F4C45 
 18052      41535438 
 18052      5F545950 
 18052      455F5F20 
 18053              	.LASF1233:
 18054 4bdc 72756E65 		.ascii	"runetochar jsU_runetochar\000"
 18054      746F6368 
 18054      6172206A 
 18054      73555F72 
 18054      756E6574 
 18055              	.LASF276:
 18056 4bf6 5F5F4C46 		.ascii	"__LFRACT_FBIT__ 31\000"
 18056      52414354 
 18056      5F464249 
 18056      545F5F20 
 18056      333100
 18057              	.LASF1209:
 18058 4c09 4C4C4F4E 		.ascii	"LLONG_MIN\000"
 18058      475F4D49 
 18058      4E00
 18059              	.LASF423:
 18060 4c13 5F5F4152 		.ascii	"__ARM_ARCH_ISA_THUMB\000"
 18060      4D5F4152 
 18060      43485F49 
 18060      53415F54 
 18060      48554D42 
 18061              	.LASF1425:
 18062 4c28 5F776372 		.ascii	"_wcrtomb_state\000"
 18062      746F6D62 
 18062      5F737461 
 18062      746500
 18063              	.LASF393:
 18064 4c37 5F5F5349 		.ascii	"__SIZEOF_WCHAR_T__ 4\000"
 18064      5A454F46 
 18064      5F574348 
 18064      41525F54 
 18064      5F5F2034 
 18065              	.LASF304:
 18066 4c4c 5F5F5553 		.ascii	"__USACCUM_MAX__ 0XFFFFP-8UHK\000"
 18066      41434355 
 18066      4D5F4D41 
 18066      585F5F20 
 18066      30584646 
 18067              	.LASF652:
 18068 4c69 5F5F7374 		.ascii	"__strong_reference(sym,aliassym) extern __typeof (s"
 18068      726F6E67 
ARM GAS  /var/folders/65/xyhbx3_n6nd_hs7j3p9nfwv80000gn/T//ccls3DQP.s 			page 380


 18068      5F726566 
 18068      6572656E 
 18068      63652873 
 18069 4c9c 796D2920 		.ascii	"ym) aliassym __attribute__ ((__alias__ (#sym)))\000"
 18069      616C6961 
 18069      7373796D 
 18069      205F5F61 
 18069      74747269 
 18070              	.LASF79:
 18071 4ccc 5F5F5749 		.ascii	"__WINT_MIN__ 0U\000"
 18071      4E545F4D 
 18071      494E5F5F 
 18071      20305500 
 18072              	.LASF99:
 18073 4cdc 5F5F494E 		.ascii	"__INT8_MAX__ 0x7f\000"
 18073      54385F4D 
 18073      41585F5F 
 18073      20307837 
 18073      6600
 18074              	.LASF706:
 18075 4cee 5F574348 		.ascii	"_WCHAR_T_ \000"
 18075      41525F54 
 18075      5F2000
 18076              	.LASF113:
 18077 4cf9 5F5F494E 		.ascii	"__INT_LEAST32_MAX__ 0x7fffffffL\000"
 18077      545F4C45 
 18077      41535433 
 18077      325F4D41 
 18077      585F5F20 
 18078              	.LASF1131:
 18079 4d19 44454349 		.ascii	"DECIMAL_DIG\000"
 18079      4D414C5F 
 18079      44494700 
 18080              	.LASF591:
 18081 4d25 5F5F474E 		.ascii	"__GNUCLIKE_BUILTIN_VARARGS 1\000"
 18081      55434C49 
 18081      4B455F42 
 18081      55494C54 
 18081      494E5F56 
 18082              	.LASF802:
 18083 4d42 5F4B6D61 		.ascii	"_Kmax (sizeof (size_t) << 3)\000"
 18083      78202873 
 18083      697A656F 
 18083      66202873 
 18083      697A655F 
 18084              	.LASF569:
 18085 4d5f 5F5F4153 		.ascii	"__ASMNAME(cname) __XSTRING (__USER_LABEL_PREFIX__) "
 18085      4D4E414D 
 18085      4528636E 
 18085      616D6529 
 18085      205F5F58 
 18086 4d92 636E616D 		.ascii	"cname\000"
 18086      6500
 18087              	.LASF1667:
 18088 4d98 6A735F69 		.ascii	"js_isboolean\000"
 18088      73626F6F 
 18088      6C65616E 
ARM GAS  /var/folders/65/xyhbx3_n6nd_hs7j3p9nfwv80000gn/T//ccls3DQP.s 			page 381


 18088      00
 18089              	.LASF1270:
 18090 4da5 41727261 		.ascii	"Array_prototype\000"
 18090      795F7072 
 18090      6F746F74 
 18090      79706500 
 18091              	.LASF305:
 18092 4db5 5F5F5553 		.ascii	"__USACCUM_EPSILON__ 0x1P-8UHK\000"
 18092      41434355 
 18092      4D5F4550 
 18092      53494C4F 
 18092      4E5F5F20 
 18093              	.LASF541:
 18094 4dd3 5F5F5F69 		.ascii	"___int_least16_t_defined 1\000"
 18094      6E745F6C 
 18094      65617374 
 18094      31365F74 
 18094      5F646566 
 18095              	.LASF949:
 18096 4dee 5345454B 		.ascii	"SEEK_END 2\000"
 18096      5F454E44 
 18096      203200
 18097              	.LASF898:
 18098 4df9 5F434C4F 		.ascii	"_CLOCKID_T_DECLARED \000"
 18098      434B4944 
 18098      5F545F44 
 18098      45434C41 
 18098      52454420 
 18099              	.LASF406:
 18100 4e0e 5F5F4152 		.ascii	"__ARM_FEATURE_CMSE\000"
 18100      4D5F4645 
 18100      41545552 
 18100      455F434D 
 18100      534500
 18101              	.LASF330:
 18102 4e21 5F5F4C4C 		.ascii	"__LLACCUM_EPSILON__ 0x1P-31LLK\000"
 18102      41434355 
 18102      4D5F4550 
 18102      53494C4F 
 18102      4E5F5F20 
 18103              	.LASF265:
 18104 4e40 5F5F5553 		.ascii	"__USFRACT_EPSILON__ 0x1P-8UHR\000"
 18104      46524143 
 18104      545F4550 
 18104      53494C4F 
 18104      4E5F5F20 
 18105              	.LASF92:
 18106 4e5e 5F5F494E 		.ascii	"__INTMAX_C(c) c ## LL\000"
 18106      544D4158 
 18106      5F432863 
 18106      29206320 
 18106      2323204C 
 18107              	.LASF318:
 18108 4e74 5F5F4C41 		.ascii	"__LACCUM_MIN__ (-0X1P31LK-0X1P31LK)\000"
 18108      4343554D 
 18108      5F4D494E 
 18108      5F5F2028 
ARM GAS  /var/folders/65/xyhbx3_n6nd_hs7j3p9nfwv80000gn/T//ccls3DQP.s 			page 382


 18108      2D305831 
 18109              	.LASF136:
 18110 4e98 5F5F5549 		.ascii	"__UINT_FAST16_MAX__ 0xffffffffU\000"
 18110      4E545F46 
 18110      41535431 
 18110      365F4D41 
 18110      585F5F20 
 18111              	.LASF443:
 18112 4eb8 5F5F4152 		.ascii	"__ARM_ARCH_EXT_IDIV__ 1\000"
 18112      4D5F4152 
 18112      43485F45 
 18112      58545F49 
 18112      4449565F 
 18113              	.LASF65:
 18114 4ed0 5F5F5549 		.ascii	"__UINT_FAST64_TYPE__ long long unsigned int\000"
 18114      4E545F46 
 18114      41535436 
 18114      345F5459 
 18114      50455F5F 
 18115              	.LASF1488:
 18116 4efc 6C657665 		.ascii	"level\000"
 18116      6C00
 18117              	.LASF778:
 18118 4f02 5F524545 		.ascii	"_REENT_RAND_NEXT(ptr) ((ptr)->_new._reent._rand_nex"
 18118      4E545F52 
 18118      414E445F 
 18118      4E455854 
 18118      28707472 
 18119 4f35 742900   		.ascii	"t)\000"
 18120              	.LASF993:
 18121 4f38 76615F63 		.ascii	"va_copy(d,s) __builtin_va_copy(d,s)\000"
 18121      6F707928 
 18121      642C7329 
 18121      205F5F62 
 18121      75696C74 
 18122              	.LASF1514:
 18123 4f5c 626F6F6C 		.ascii	"boolean\000"
 18123      65616E00 
 18124              	.LASF123:
 18125 4f64 5F5F5549 		.ascii	"__UINT_LEAST32_MAX__ 0xffffffffUL\000"
 18125      4E545F4C 
 18125      45415354 
 18125      33325F4D 
 18125      41585F5F 
 18126              	.LASF275:
 18127 4f86 5F5F5546 		.ascii	"__UFRACT_EPSILON__ 0x1P-16UR\000"
 18127      52414354 
 18127      5F455053 
 18127      494C4F4E 
 18127      5F5F2030 
 18128              	.LASF1377:
 18129 4fa3 5F6D6273 		.ascii	"_mbstate\000"
 18129      74617465 
 18129      00
 18130              	.LASF1461:
 18131 4fac 6E616D65 		.ascii	"name\000"
 18131      00
ARM GAS  /var/folders/65/xyhbx3_n6nd_hs7j3p9nfwv80000gn/T//ccls3DQP.s 			page 383


 18132              	.LASF861:
 18133 4fb1 5F535953 		.ascii	"_SYS_TYPES_FD_SET \000"
 18133      5F545950 
 18133      45535F46 
 18133      445F5345 
 18133      542000
 18134              	.LASF832:
 18135 4fc4 5F515541 		.ascii	"_QUAD_LOWWORD 0\000"
 18135      445F4C4F 
 18135      57574F52 
 18135      44203000 
 18136              	.LASF759:
 18137 4fd4 5F52414E 		.ascii	"_RAND48_MULT_0 (0xe66d)\000"
 18137      4434385F 
 18137      4D554C54 
 18137      5F302028 
 18137      30786536 
 18138              	.LASF1672:
 18139 4fec 6A735F69 		.ascii	"js_isundefined\000"
 18139      73756E64 
 18139      6566696E 
 18139      656400
 18140              	.LASF1061:
 18141 4ffb 4D5F4C4E 		.ascii	"M_LN2HI 6.9314718036912381649E-1\000"
 18141      32484920 
 18141      362E3933 
 18141      31343731 
 18141      38303336 
 18142              	.LASF1304:
 18143 501c 6A735F41 		.ascii	"js_Alloc\000"
 18143      6C6C6F63 
 18143      00
 18144              	.LASF788:
 18145 5025 5F524545 		.ascii	"_REENT_EMERGENCY(ptr) ((ptr)->_emergency)\000"
 18145      4E545F45 
 18145      4D455247 
 18145      454E4359 
 18145      28707472 
 18146              	.LASF1596:
 18147 504f 4558505F 		.ascii	"EXP_ASS_ADD\000"
 18147      4153535F 
 18147      41444400 
 18148              	.LASF1229:
 18149 505b 4A535F53 		.ascii	"JS_STRLIMIT (1<<28)\000"
 18149      54524C49 
 18149      4D495420 
 18149      28313C3C 
 18149      32382900 
 18150              	.LASF1335:
 18151 506f 5F5F554C 		.ascii	"__ULong\000"
 18151      6F6E6700 
 18152              	.LASF1622:
 18153 5077 53544D5F 		.ascii	"STM_TRY\000"
 18153      54525900 
 18154              	.LASF135:
 18155 507f 5F5F5549 		.ascii	"__UINT_FAST8_MAX__ 0xffffffffU\000"
 18155      4E545F46 
ARM GAS  /var/folders/65/xyhbx3_n6nd_hs7j3p9nfwv80000gn/T//ccls3DQP.s 			page 384


 18155      41535438 
 18155      5F4D4158 
 18155      5F5F2030 
 18156              	.LASF1242:
 18157 509e 6973616C 		.ascii	"isalpha(c) ((c >= 'a' && c <= 'z') || (c >= 'A' && "
 18157      70686128 
 18157      63292028 
 18157      2863203E 
 18157      3D202761 
 18158 50d1 63203C3D 		.ascii	"c <= 'Z'))\000"
 18158      20275A27 
 18158      292900
 18159              	.LASF1661:
 18160 50dc 6A735F67 		.ascii	"js_getlength\000"
 18160      65746C65 
 18160      6E677468 
 18160      00
 18161              	.LASF804:
 18162 50e9 5F524545 		.ascii	"_REENT _impure_ptr\000"
 18162      4E54205F 
 18162      696D7075 
 18162      72655F70 
 18162      747200
 18163              	.LASF792:
 18164 50fc 5F524545 		.ascii	"_REENT_WCTOMB_STATE(ptr) ((ptr)->_new._reent._wctom"
 18164      4E545F57 
 18164      43544F4D 
 18164      425F5354 
 18164      41544528 
 18165 512f 625F7374 		.ascii	"b_state)\000"
 18165      61746529 
 18165      00
 18166              	.LASF1034:
 18167 5138 6C6F6732 		.ascii	"log2(x) (log (x) / _M_LN2)\000"
 18167      28782920 
 18167      286C6F67 
 18167      20287829 
 18167      202F205F 
 18168              	.LASF341:
 18169 5153 5F5F5351 		.ascii	"__SQ_IBIT__ 0\000"
 18169      5F494249 
 18169      545F5F20 
 18169      3000
 18170              	.LASF730:
 18171 5161 5F5F6C6F 		.ascii	"__lock_init(lock) __retarget_lock_init(&lock)\000"
 18171      636B5F69 
 18171      6E697428 
 18171      6C6F636B 
 18171      29205F5F 
 18172              	.LASF1464:
 18173 518f 61726775 		.ascii	"arguments\000"
 18173      6D656E74 
 18173      7300
 18174              	.LASF411:
 18175 5199 5F5F4152 		.ascii	"__ARM_FEATURE_SIMD32 1\000"
 18175      4D5F4645 
 18175      41545552 
ARM GAS  /var/folders/65/xyhbx3_n6nd_hs7j3p9nfwv80000gn/T//ccls3DQP.s 			page 385


 18175      455F5349 
 18175      4D443332 
 18176              	.LASF565:
 18177 51b0 5F5F6E65 		.ascii	"__need_NULL\000"
 18177      65645F4E 
 18177      554C4C00 
 18178              	.LASF717:
 18179 51bc 6F666673 		.ascii	"offsetof(TYPE,MEMBER) __builtin_offsetof (TYPE, MEM"
 18179      65746F66 
 18179      28545950 
 18179      452C4D45 
 18179      4D424552 
 18180 51ef 42455229 		.ascii	"BER)\000"
 18180      00
 18181              	.LASF349:
 18182 51f4 5F5F5548 		.ascii	"__UHQ_IBIT__ 0\000"
 18182      515F4942 
 18182      49545F5F 
 18182      203000
 18183              	.LASF776:
 18184 5203 5F524545 		.ascii	"_REENT_CHECK_SIGNAL_BUF(ptr) \000"
 18184      4E545F43 
 18184      4845434B 
 18184      5F534947 
 18184      4E414C5F 
 18185              	.LASF645:
 18186 5221 5F5F636F 		.ascii	"__containerof(x,s,m) ({ const volatile __typeof(((s"
 18186      6E746169 
 18186      6E65726F 
 18186      6628782C 
 18186      732C6D29 
 18187 5254 202A2930 		.ascii	" *)0)->m) *__x = (x); __DEQUALIFY(s *, (const volat"
 18187      292D3E6D 
 18187      29202A5F 
 18187      5F78203D 
 18187      20287829 
 18188 5287 696C6520 		.ascii	"ile char *)__x - __offsetof(s, m));})\000"
 18188      63686172 
 18188      202A295F 
 18188      5F78202D 
 18188      205F5F6F 
 18189              	.LASF749:
 18190 52ad 5F54494D 		.ascii	"_TIMER_T_ unsigned long\000"
 18190      45525F54 
 18190      5F20756E 
 18190      7369676E 
 18190      6564206C 
 18191              	.LASF1278:
 18192 52c5 4576616C 		.ascii	"EvalError_prototype\000"
 18192      4572726F 
 18192      725F7072 
 18192      6F746F74 
 18192      79706500 
 18193              	.LASF619:
 18194 52d9 5F5F7061 		.ascii	"__packed __attribute__((__packed__))\000"
 18194      636B6564 
 18194      205F5F61 
ARM GAS  /var/folders/65/xyhbx3_n6nd_hs7j3p9nfwv80000gn/T//ccls3DQP.s 			page 386


 18194      74747269 
 18194      62757465 
 18195              	.LASF236:
 18196 52fe 5F5F4445 		.ascii	"__DEC32_MIN_EXP__ (-94)\000"
 18196      4333325F 
 18196      4D494E5F 
 18196      4558505F 
 18196      5F20282D 
 18197              	.LASF988:
 18198 5316 5F535444 		.ascii	"_STDARG_H \000"
 18198      4152475F 
 18198      482000
 18199              	.LASF258:
 18200 5321 5F5F5346 		.ascii	"__SFRACT_MIN__ (-0.5HR-0.5HR)\000"
 18200      52414354 
 18200      5F4D494E 
 18200      5F5F2028 
 18200      2D302E35 
 18201              	.LASF421:
 18202 533f 5F5F7468 		.ascii	"__thumb2__ 1\000"
 18202      756D6232 
 18202      5F5F2031 
 18202      00
 18203              	.LASF376:
 18204 534c 5F5F4743 		.ascii	"__GCC_HAVE_SYNC_COMPARE_AND_SWAP_1 1\000"
 18204      435F4841 
 18204      56455F53 
 18204      594E435F 
 18204      434F4D50 
 18205              	.LASF979:
 18206 5371 5F4E4557 		.ascii	"_NEWLIB_ALLOCA_H \000"
 18206      4C49425F 
 18206      414C4C4F 
 18206      43415F48 
 18206      2000
 18207              	.LASF316:
 18208 5383 5F5F4C41 		.ascii	"__LACCUM_FBIT__ 31\000"
 18208      4343554D 
 18208      5F464249 
 18208      545F5F20 
 18208      333100
 18209              	.LASF1453:
 18210 5396 67636E65 		.ascii	"gcnext\000"
 18210      787400
 18211              	.LASF323:
 18212 539d 5F5F554C 		.ascii	"__ULACCUM_MIN__ 0.0ULK\000"
 18212      41434355 
 18212      4D5F4D49 
 18212      4E5F5F20 
 18212      302E3055 
 18213              	.LASF1410:
 18214 53b4 5F737472 		.ascii	"_strtok_last\000"
 18214      746F6B5F 
 18214      6C617374 
 18214      00
 18215              	.LASF626:
 18216 53c1 5F5F6D69 		.ascii	"__min_size(x) static (x)\000"
ARM GAS  /var/folders/65/xyhbx3_n6nd_hs7j3p9nfwv80000gn/T//ccls3DQP.s 			page 387


 18216      6E5F7369 
 18216      7A652878 
 18216      29207374 
 18216      61746963 
 18217              	.LASF724:
 18218 53da 5F535953 		.ascii	"_SYS__TYPES_H \000"
 18218      5F5F5459 
 18218      5045535F 
 18218      482000
 18219              	.LASF758:
 18220 53e9 5F52414E 		.ascii	"_RAND48_SEED_2 (0x1234)\000"
 18220      4434385F 
 18220      53454544 
 18220      5F322028 
 18220      30783132 
 18221              	.LASF927:
 18222 5401 5F5F5345 		.ascii	"__SERR 0x0040\000"
 18222      52522030 
 18222      78303034 
 18222      3000
 18223              	.LASF658:
 18224 540f 5F5F5243 		.ascii	"__RCSID(s) struct __hack\000"
 18224      53494428 
 18224      73292073 
 18224      74727563 
 18224      74205F5F 
 18225              	.LASF114:
 18226 5428 5F5F494E 		.ascii	"__INT32_C(c) c ## L\000"
 18226      5433325F 
 18226      43286329 
 18226      20632023 
 18226      23204C00 
 18227              	.LASF583:
 18228 543c 5F5F454E 		.ascii	"__END_DECLS \000"
 18228      445F4445 
 18228      434C5320 
 18228      00
 18229              	.LASF543:
 18230 5449 5F5F5F69 		.ascii	"___int_least64_t_defined 1\000"
 18230      6E745F6C 
 18230      65617374 
 18230      36345F74 
 18230      5F646566 
 18231              	.LASF247:
 18232 5464 5F5F4445 		.ascii	"__DEC64_EPSILON__ 1E-15DD\000"
 18232      4336345F 
 18232      45505349 
 18232      4C4F4E5F 
 18232      5F203145 
 18233              	.LASF1406:
 18234 547e 5F736565 		.ascii	"_seed\000"
 18234      6400
 18235              	.LASF1511:
 18236 5484 4A535F43 		.ascii	"JS_CITERATOR\000"
 18236      49544552 
 18236      41544F52 
 18236      00
ARM GAS  /var/folders/65/xyhbx3_n6nd_hs7j3p9nfwv80000gn/T//ccls3DQP.s 			page 388


 18237              	.LASF592:
 18238 5491 5F5F474E 		.ascii	"__GNUCLIKE_BUILTIN_STDARG 1\000"
 18238      55434C49 
 18238      4B455F42 
 18238      55494C54 
 18238      494E5F53 
 18239              	.LASF1498:
 18240 54ad 4A535F43 		.ascii	"JS_CARRAY\000"
 18240      41525241 
 18240      5900
 18241              	.LASF1550:
 18242 54b7 4558505F 		.ascii	"EXP_PROP_GET\000"
 18242      50524F50 
 18242      5F474554 
 18242      00
 18243              	.LASF921:
 18244 54c4 5F5F534C 		.ascii	"__SLBF 0x0001\000"
 18244      42462030 
 18244      78303030 
 18244      3100
 18245              	.LASF1552:
 18246 54d2 4558505F 		.ascii	"EXP_FUN\000"
 18246      46554E00 
 18247              	.LASF170:
 18248 54da 5F5F4442 		.ascii	"__DBL_MAX__ ((double)1.7976931348623157e+308L)\000"
 18248      4C5F4D41 
 18248      585F5F20 
 18248      2828646F 
 18248      75626C65 
 18249              	.LASF1471:
 18250 5509 66756E6C 		.ascii	"funlen\000"
 18250      656E00
 18251              	.LASF510:
 18252 5510 5F424547 		.ascii	"_BEGIN_STD_C \000"
 18252      494E5F53 
 18252      54445F43 
 18252      2000
 18253              	.LASF1029:
 18254 551e 69736772 		.ascii	"isgreaterequal(__x,__y) (__builtin_isgreaterequal ("
 18254      65617465 
 18254      72657175 
 18254      616C285F 
 18254      5F782C5F 
 18255 5551 5F5F782C 		.ascii	"__x, __y))\000"
 18255      205F5F79 
 18255      292900
 18256              	.LASF527:
 18257 555c 5F535444 		.ascii	"_STDIO_H_ \000"
 18257      494F5F48 
 18257      5F2000
 18258              	.LASF1319:
 18259 5567 73686F72 		.ascii	"short unsigned int\000"
 18259      7420756E 
 18259      7369676E 
 18259      65642069 
 18259      6E7400
 18260              	.LASF1272:
ARM GAS  /var/folders/65/xyhbx3_n6nd_hs7j3p9nfwv80000gn/T//ccls3DQP.s 			page 389


 18261 557a 426F6F6C 		.ascii	"Boolean_prototype\000"
 18261      65616E5F 
 18261      70726F74 
 18261      6F747970 
 18261      6500
 18262              	.LASF1480:
 18263 558c 6A735F4A 		.ascii	"js_Jumpbuf\000"
 18263      756D7062 
 18263      756600
 18264              	.LASF1296:
 18265 5597 72756E6C 		.ascii	"runlimit\000"
 18265      696D6974 
 18265      00
 18266              	.LASF974:
 18267 55a0 66617374 		.ascii	"fast_putc(x,p) (--(p)->_w < 0 ? __swbuf_r(_REENT, ("
 18267      5F707574 
 18267      6328782C 
 18267      70292028 
 18267      2D2D2870 
 18268 55d3 696E7429 		.ascii	"int)(x), p) == EOF : (*(p)->_p = (x), (p)->_p++, 0)"
 18268      2878292C 
 18268      20702920 
 18268      3D3D2045 
 18268      4F46203A 
 18269 5606 2900     		.ascii	")\000"
 18270              	.LASF829:
 18271 5608 5F504450 		.ascii	"_PDP_ENDIAN 3412\000"
 18271      5F454E44 
 18271      49414E20 
 18271      33343132 
 18271      00
 18272              	.LASF1248:
 18273 5619 61637478 		.ascii	"actx\000"
 18273      00
 18274              	.LASF545:
 18275 561e 5F5F7369 		.ascii	"__size_t__ \000"
 18275      7A655F74 
 18275      5F5F2000 
 18276              	.LASF1028:
 18277 562a 69736772 		.ascii	"isgreater(__x,__y) (__builtin_isgreater (__x, __y))"
 18277      65617465 
 18277      72285F5F 
 18277      782C5F5F 
 18277      79292028 
 18278 565d 00       		.ascii	"\000"
 18279              	.LASF1503:
 18280 565e 4A535F43 		.ascii	"JS_CBOOLEAN\000"
 18280      424F4F4C 
 18280      45414E00 
 18281              	.LASF639:
 18282 566a 5F5F7072 		.ascii	"__predict_false(exp) __builtin_expect((exp), 0)\000"
 18282      65646963 
 18282      745F6661 
 18282      6C736528 
 18282      65787029 
 18283              	.LASF81:
 18284 569a 5F5F5349 		.ascii	"__SIZE_MAX__ 0xffffffffU\000"
ARM GAS  /var/folders/65/xyhbx3_n6nd_hs7j3p9nfwv80000gn/T//ccls3DQP.s 			page 390


 18284      5A455F4D 
 18284      41585F5F 
 18284      20307866 
 18284      66666666 
 18285              	.LASF506:
 18286 56b3 5F5F4558 		.ascii	"__EXPORT \000"
 18286      504F5254 
 18286      2000
 18287              	.LASF1530:
 18288 56bd 63757272 		.ascii	"current\000"
 18288      656E7400 
 18289              	.LASF1437:
 18290 56c5 5F5F6664 		.ascii	"__fdlibm_ieee\000"
 18290      6C69626D 
 18290      5F696565 
 18290      6500
 18291              	.LASF187:
 18292 56d3 5F5F4C44 		.ascii	"__LDBL_EPSILON__ 2.2204460492503131e-16L\000"
 18292      424C5F45 
 18292      5053494C 
 18292      4F4E5F5F 
 18292      20322E32 
 18293              	.LASF335:
 18294 56fc 5F5F554C 		.ascii	"__ULLACCUM_EPSILON__ 0x1P-32ULLK\000"
 18294      4C414343 
 18294      554D5F45 
 18294      5053494C 
 18294      4F4E5F5F 
 18295              	.LASF25:
 18296 571d 5F5F4348 		.ascii	"__CHAR_BIT__ 8\000"
 18296      41525F42 
 18296      49545F5F 
 18296      203800
 18297              	.LASF739:
 18298 572c 5F5F6C6F 		.ascii	"__lock_release_recursive(lock) __retarget_lock_rele"
 18298      636B5F72 
 18298      656C6561 
 18298      73655F72 
 18298      65637572 
 18299 575f 6173655F 		.ascii	"ase_recursive(lock)\000"
 18299      72656375 
 18299      72736976 
 18299      65286C6F 
 18299      636B2900 
 18300              	.LASF1288:
 18301 5773 67636D61 		.ascii	"gcmark\000"
 18301      726B00
 18302              	.LASF37:
 18303 577a 5F5F494E 		.ascii	"__INTMAX_TYPE__ long long int\000"
 18303      544D4158 
 18303      5F545950 
 18303      455F5F20 
 18303      6C6F6E67 
 18304              	.LASF941:
 18305 5798 454F4620 		.ascii	"EOF (-1)\000"
 18305      282D3129 
 18305      00
ARM GAS  /var/folders/65/xyhbx3_n6nd_hs7j3p9nfwv80000gn/T//ccls3DQP.s 			page 391


 18306              	.LASF503:
 18307 57a1 5F504F49 		.ascii	"_POINTER_INT long\000"
 18307      4E544552 
 18307      5F494E54 
 18307      206C6F6E 
 18307      6700
 18308              	.LASF892:
 18309 57b3 5F504944 		.ascii	"_PID_T_DECLARED \000"
 18309      5F545F44 
 18309      45434C41 
 18309      52454420 
 18309      00
 18310              	.LASF1451:
 18311 57c4 636F756E 		.ascii	"count\000"
 18311      7400
 18312              	.LASF768:
 18313 57ca 5F524545 		.ascii	"_REENT_INIT(var) { 0, _REENT_STDIO_STREAM(&(var), 0"
 18313      4E545F49 
 18313      4E495428 
 18313      76617229 
 18313      207B2030 
 18314 57fd 292C205F 		.ascii	"), _REENT_STDIO_STREAM(&(var), 1), _REENT_STDIO_STR"
 18314      5245454E 
 18314      545F5354 
 18314      44494F5F 
 18314      53545245 
 18315 5830 45414D28 		.ascii	"EAM(&(var), 2), 0, \"\", 0, _NULL, 0, _NULL, _NULL,"
 18315      26287661 
 18315      72292C20 
 18315      32292C20 
 18315      302C2022 
 18316 5861 20302C20 		.ascii	" 0, _NULL, _NULL, 0, _NULL, { { 0, _NULL, \"\", {0,"
 18316      5F4E554C 
 18316      4C2C205F 
 18316      4E554C4C 
 18316      2C20302C 
 18317 5892 20302C20 		.ascii	" 0, 0, 0, 0, 0, 0, 0, 0}, 0, 1, { {_RAND48_SEED_0, "
 18317      302C2030 
 18317      2C20302C 
 18317      20302C20 
 18317      302C2030 
 18318 58c5 5F52414E 		.ascii	"_RAND48_SEED_1, _RAND48_SEED_2}, {_RAND48_MULT_0, _"
 18318      4434385F 
 18318      53454544 
 18318      5F312C20 
 18318      5F52414E 
 18319 58f8 52414E44 		.ascii	"RAND48_MULT_1, _RAND48_MULT_2}, _RAND48_ADD }, {0, "
 18319      34385F4D 
 18319      554C545F 
 18319      312C205F 
 18319      52414E44 
 18320 592b 7B307D7D 		.ascii	"{0}}, {0, {0}}, {0, {0}}, \"\", \"\", 0, {0, {0}}, "
 18320      2C207B30 
 18320      2C207B30 
 18320      7D7D2C20 
 18320      7B302C20 
 18321 595a 7B302C20 		.ascii	"{0, {0}}, {0, {0}}, {0, {0}}, {0, {0}} } }, _REENT_"
ARM GAS  /var/folders/65/xyhbx3_n6nd_hs7j3p9nfwv80000gn/T//ccls3DQP.s 			page 392


 18321      7B307D7D 
 18321      2C207B30 
 18321      2C207B30 
 18321      7D7D2C20 
 18322 598d 494E4954 		.ascii	"INIT_ATEXIT _NULL, {_NULL, 0, _NULL} }\000"
 18322      5F415445 
 18322      58495420 
 18322      5F4E554C 
 18322      4C2C207B 
 18323              	.LASF403:
 18324 59b4 5F5F4152 		.ascii	"__ARM_FEATURE_DOTPROD\000"
 18324      4D5F4645 
 18324      41545552 
 18324      455F444F 
 18324      5450524F 
 18325              	.LASF806:
 18326 59ca 5F474C4F 		.ascii	"_GLOBAL_ATEXIT (_GLOBAL_REENT->_atexit)\000"
 18326      42414C5F 
 18326      41544558 
 18326      49542028 
 18326      5F474C4F 
 18327              	.LASF1649:
 18328 59f2 6A735F74 		.ascii	"js_tostring\000"
 18328      6F737472 
 18328      696E6700 
 18329              	.LASF1365:
 18330 59fe 5F6C6266 		.ascii	"_lbfsize\000"
 18330      73697A65 
 18330      00
 18331              	.LASF477:
 18332 5a07 5F524554 		.ascii	"_RETARGETABLE_LOCKING 1\000"
 18332      41524745 
 18332      5441424C 
 18332      455F4C4F 
 18332      434B494E 
 18333              	.LASF553:
 18334 5a1f 5F425344 		.ascii	"_BSD_SIZE_T_ \000"
 18334      5F53495A 
 18334      455F545F 
 18334      2000
 18335              	.LASF1393:
 18336 5a2d 5F667265 		.ascii	"_freelist\000"
 18336      656C6973 
 18336      7400
 18337              	.LASF727:
 18338 5a37 5F4C4F43 		.ascii	"_LOCK_RECURSIVE_T _LOCK_T\000"
 18338      4B5F5245 
 18338      43555253 
 18338      4956455F 
 18338      54205F4C 
 18339              	.LASF69:
 18340 5a51 5F5F6861 		.ascii	"__has_include_next(STR) __has_include_next__(STR)\000"
 18340      735F696E 
 18340      636C7564 
 18340      655F6E65 
 18340      78742853 
 18341              	.LASF999:
ARM GAS  /var/folders/65/xyhbx3_n6nd_hs7j3p9nfwv80000gn/T//ccls3DQP.s 			page 393


 18342 5a83 5F535452 		.ascii	"_STRING_H_ \000"
 18342      494E475F 
 18342      485F2000 
 18343              	.LASF215:
 18344 5a8f 5F5F464C 		.ascii	"__FLT64_MIN__ 2.2250738585072014e-308F64\000"
 18344      5436345F 
 18344      4D494E5F 
 18344      5F20322E 
 18344      32323530 
 18345              	.LASF139:
 18346 5ab8 5F5F494E 		.ascii	"__INTPTR_MAX__ 0x7fffffff\000"
 18346      54505452 
 18346      5F4D4158 
 18346      5F5F2030 
 18346      78376666 
 18347              	.LASF881:
 18348 5ad2 5F5F636C 		.ascii	"__clock_t_defined \000"
 18348      6F636B5F 
 18348      745F6465 
 18348      66696E65 
 18348      642000
 18349              	.LASF884:
 18350 5ae5 5F5F6361 		.ascii	"__caddr_t_defined \000"
 18350      6464725F 
 18350      745F6465 
 18350      66696E65 
 18350      642000
 18351              	.LASF1311:
 18352 5af8 6A735F44 		.ascii	"js_Delete\000"
 18352      656C6574 
 18352      6500
 18353              	.LASF665:
 18354 5b02 5F4E6F6E 		.ascii	"_Nonnull \000"
 18354      6E756C6C 
 18354      2000
 18355              	.LASF239:
 18356 5b0c 5F5F4445 		.ascii	"__DEC32_MAX__ 9.999999E96DF\000"
 18356      4333325F 
 18356      4D41585F 
 18356      5F20392E 
 18356      39393939 
 18357              	.LASF933:
 18358 5b28 5F5F534F 		.ascii	"__SOFF 0x1000\000"
 18358      46462030 
 18358      78313030 
 18358      3000
 18359              	.LASF1228:
 18360 5b36 4A535F41 		.ascii	"JS_ASTLIMIT 400\000"
 18360      53544C49 
 18360      4D495420 
 18360      34303000 
 18361              	.LASF760:
 18362 5b46 5F52414E 		.ascii	"_RAND48_MULT_1 (0xdeec)\000"
 18362      4434385F 
 18362      4D554C54 
 18362      5F312028 
 18362      30786465 
ARM GAS  /var/folders/65/xyhbx3_n6nd_hs7j3p9nfwv80000gn/T//ccls3DQP.s 			page 394


 18363              	.LASF1374:
 18364 5b5e 5F6F6666 		.ascii	"_offset\000"
 18364      73657400 
 18365              	.LASF1457:
 18366 5b66 73747269 		.ascii	"string\000"
 18366      6E6700
 18367              	.LASF567:
 18368 5b6d 5F5F444F 		.ascii	"__DOTS , ...\000"
 18368      5453202C 
 18368      202E2E2E 
 18368      00
 18369              	.LASF197:
 18370 5b7a 5F5F464C 		.ascii	"__FLT32_MAX_10_EXP__ 38\000"
 18370      5433325F 
 18370      4D41585F 
 18370      31305F45 
 18370      58505F5F 
 18371              	.LASF1251:
 18372 5b92 7265706F 		.ascii	"report\000"
 18372      727400
 18373              	.LASF780:
 18374 5b99 5F524545 		.ascii	"_REENT_RAND48_MULT(ptr) ((ptr)->_new._reent._r48._m"
 18374      4E545F52 
 18374      414E4434 
 18374      385F4D55 
 18374      4C542870 
 18375 5bcc 756C7429 		.ascii	"ult)\000"
 18375      00
 18376              	.LASF1573:
 18377 5bd1 4558505F 		.ascii	"EXP_USHR\000"
 18377      55534852 
 18377      00
 18378              	.LASF1540:
 18379 5bda 4558505F 		.ascii	"EXP_STRING\000"
 18379      53545249 
 18379      4E4700
 18380              	.LASF244:
 18381 5be5 5F5F4445 		.ascii	"__DEC64_MAX_EXP__ 385\000"
 18381      4336345F 
 18381      4D41585F 
 18381      4558505F 
 18381      5F203338 
 18382              	.LASF794:
 18383 5bfb 5F524545 		.ascii	"_REENT_MBRTOWC_STATE(ptr) ((ptr)->_new._reent._mbrt"
 18383      4E545F4D 
 18383      4252544F 
 18383      57435F53 
 18383      54415445 
 18384 5c2e 6F77635F 		.ascii	"owc_state)\000"
 18384      73746174 
 18384      652900
 18385              	.LASF1260:
 18386 5c39 6C65786C 		.ascii	"lexline\000"
 18386      696E6500 
 18387              	.LASF896:
 18388 5c41 5F4E4C49 		.ascii	"_NLINK_T_DECLARED \000"
 18388      4E4B5F54 
ARM GAS  /var/folders/65/xyhbx3_n6nd_hs7j3p9nfwv80000gn/T//ccls3DQP.s 			page 395


 18388      5F444543 
 18388      4C415245 
 18388      442000
 18389              	.LASF189:
 18390 5c54 5F5F4C44 		.ascii	"__LDBL_HAS_DENORM__ 1\000"
 18390      424C5F48 
 18390      41535F44 
 18390      454E4F52 
 18390      4D5F5F20 
 18391              	.LASF1359:
 18392 5c6a 5F5F7362 		.ascii	"__sbuf\000"
 18392      756600
 18393              	.LASF689:
 18394 5c71 5F414E53 		.ascii	"_ANSI_STDDEF_H \000"
 18394      495F5354 
 18394      44444546 
 18394      5F482000 
 18395              	.LASF1419:
 18396 5c81 5F6C3634 		.ascii	"_l64a_buf\000"
 18396      615F6275 
 18396      6600
 18397              	.LASF1575:
 18398 5c8b 4558505F 		.ascii	"EXP_SHL\000"
 18398      53484C00 
 18399              	.LASF1203:
 18400 5c93 4C4F4E47 		.ascii	"LONG_MIN\000"
 18400      5F4D494E 
 18400      00
 18401              	.LASF1574:
 18402 5c9c 4558505F 		.ascii	"EXP_SHR\000"
 18402      53485200 
 18403              	.LASF761:
 18404 5ca4 5F52414E 		.ascii	"_RAND48_MULT_2 (0x0005)\000"
 18404      4434385F 
 18404      4D554C54 
 18404      5F322028 
 18404      30783030 
 18405              	.LASF748:
 18406 5cbc 5F434C4F 		.ascii	"_CLOCKID_T_ unsigned long\000"
 18406      434B4944 
 18406      5F545F20 
 18406      756E7369 
 18406      676E6564 
 18407              	.LASF604:
 18408 5cd6 5F5F4343 		.ascii	"__CC_SUPPORTS_VARADIC_XXX 1\000"
 18408      5F535550 
 18408      504F5254 
 18408      535F5641 
 18408      52414449 
 18409              	.LASF450:
 18410 5cf2 5F5F5553 		.ascii	"__USES_INITFINI__ 1\000"
 18410      45535F49 
 18410      4E495446 
 18410      494E495F 
 18410      5F203100 
 18411              	.LASF663:
 18412 5d06 5F5F4445 		.ascii	"__DEVOLATILE(type,var) ((type)(__uintptr_t)(volatil"
ARM GAS  /var/folders/65/xyhbx3_n6nd_hs7j3p9nfwv80000gn/T//ccls3DQP.s 			page 396


 18412      564F4C41 
 18412      54494C45 
 18412      28747970 
 18412      652C7661 
 18413 5d39 6520766F 		.ascii	"e void *)(var))\000"
 18413      6964202A 
 18413      29287661 
 18413      72292900 
 18414              	.LASF385:
 18415 5d49 5F5F4743 		.ascii	"__GCC_ATOMIC_INT_LOCK_FREE 2\000"
 18415      435F4154 
 18415      4F4D4943 
 18415      5F494E54 
 18415      5F4C4F43 
 18416              	.LASF211:
 18417 5d66 5F5F464C 		.ascii	"__FLT64_MAX_EXP__ 1024\000"
 18417      5436345F 
 18417      4D41585F 
 18417      4558505F 
 18417      5F203130 
 18418              	.LASF673:
 18419 5d7d 5F5F6C6F 		.ascii	"__lockable __lock_annotate(lockable)\000"
 18419      636B6162 
 18419      6C65205F 
 18419      5F6C6F63 
 18419      6B5F616E 
 18420              	.LASF854:
 18421 5da2 74696D65 		.ascii	"timeradd(tvp,uvp,vvp) do { (vvp)->tv_sec = (tvp)->t"
 18421      72616464 
 18421      28747670 
 18421      2C757670 
 18421      2C767670 
 18422 5dd5 765F7365 		.ascii	"v_sec + (uvp)->tv_sec; (vvp)->tv_usec = (tvp)->tv_u"
 18422      63202B20 
 18422      28757670 
 18422      292D3E74 
 18422      765F7365 
 18423 5e08 73656320 		.ascii	"sec + (uvp)->tv_usec; if ((vvp)->tv_usec >= 1000000"
 18423      2B202875 
 18423      7670292D 
 18423      3E74765F 
 18423      75736563 
 18424 5e3b 29207B20 		.ascii	") { (vvp)->tv_sec++; (vvp)->tv_usec -= 1000000; } }"
 18424      28767670 
 18424      292D3E74 
 18424      765F7365 
 18424      632B2B3B 
 18425 5e6e 20776869 		.ascii	" while (0)\000"
 18425      6C652028 
 18425      302900
 18426              	.LASF579:
 18427 5e79 5F5F6861 		.ascii	"__has_extension __has_feature\000"
 18427      735F6578 
 18427      74656E73 
 18427      696F6E20 
 18427      5F5F6861 
 18428              	.LASF372:
ARM GAS  /var/folders/65/xyhbx3_n6nd_hs7j3p9nfwv80000gn/T//ccls3DQP.s 			page 397


 18429 5e97 5F5F5245 		.ascii	"__REGISTER_PREFIX__ \000"
 18429      47495354 
 18429      45525F50 
 18429      52454649 
 18429      585F5F20 
 18430              	.LASF1050:
 18431 5eac 4D5F5049 		.ascii	"M_PI_2 1.57079632679489661923\000"
 18431      5F322031 
 18431      2E353730 
 18431      37393633 
 18431      32363739 
 18432              	.LASF678:
 18433 5eca 5F5F756E 		.ascii	"__unlocks(...) __lock_annotate(unlock_function(__VA"
 18433      6C6F636B 
 18433      73282E2E 
 18433      2E29205F 
 18433      5F6C6F63 
 18434 5efd 5F415247 		.ascii	"_ARGS__))\000"
 18434      535F5F29 
 18434      2900
 18435              	.LASF1382:
 18436 5f07 5F737464 		.ascii	"_stdout\000"
 18436      6F757400 
 18437              	.LASF264:
 18438 5f0f 5F5F5553 		.ascii	"__USFRACT_MAX__ 0XFFP-8UHR\000"
 18438      46524143 
 18438      545F4D41 
 18438      585F5F20 
 18438      30584646 
 18439              	.LASF1085:
 18440 5f2a 44424C5F 		.ascii	"DBL_DIG __DBL_DIG__\000"
 18440      44494720 
 18440      5F5F4442 
 18440      4C5F4449 
 18440      475F5F00 
 18441              	.LASF1026:
 18442 5f3e 69736E6F 		.ascii	"isnormal(__x) (__builtin_isnormal (__x))\000"
 18442      726D616C 
 18442      285F5F78 
 18442      2920285F 
 18442      5F627569 
 18443              	.LASF1139:
 18444 5f67 464C545F 		.ascii	"FLT_HAS_SUBNORM\000"
 18444      4841535F 
 18444      5355424E 
 18444      4F524D00 
 18445              	.LASF48:
 18446 5f77 5F5F5549 		.ascii	"__UINT32_TYPE__ long unsigned int\000"
 18446      4E543332 
 18446      5F545950 
 18446      455F5F20 
 18446      6C6F6E67 
 18447              	.LASF1040:
 18448 5f99 554E4445 		.ascii	"UNDERFLOW 4\000"
 18448      52464C4F 
 18448      57203400 
 18449              	.LASF199:
ARM GAS  /var/folders/65/xyhbx3_n6nd_hs7j3p9nfwv80000gn/T//ccls3DQP.s 			page 398


 18450 5fa5 5F5F464C 		.ascii	"__FLT32_MAX__ 3.4028234663852886e+38F32\000"
 18450      5433325F 
 18450      4D41585F 
 18450      5F20332E 
 18450      34303238 
 18451              	.LASF1411:
 18452 5fcd 5F617363 		.ascii	"_asctime_buf\000"
 18452      74696D65 
 18452      5F627566 
 18452      00
 18453              	.LASF1440:
 18454 5fda 5F5F6664 		.ascii	"__fdlibm_posix\000"
 18454      6C69626D 
 18454      5F706F73 
 18454      697800
 18455              	.LASF1523:
 18456 5fe9 66756E63 		.ascii	"function\000"
 18456      74696F6E 
 18456      00
 18457              	.LASF1173:
 18458 5ff2 52455F44 		.ascii	"RE_DUP_MAX 255\000"
 18458      55505F4D 
 18458      41582032 
 18458      353500
 18459              	.LASF1329:
 18460 6001 5F5F7763 		.ascii	"__wch\000"
 18460      6800
 18461              	.LASF428:
 18462 6007 5F5F4152 		.ascii	"__ARM_FP 4\000"
 18462      4D5F4650 
 18462      203400
 18463              	.LASF948:
 18464 6012 5345454B 		.ascii	"SEEK_CUR 1\000"
 18464      5F435552 
 18464      203100
 18465              	.LASF1014:
 18466 601d 46505F5A 		.ascii	"FP_ZERO 2\000"
 18466      45524F20 
 18466      3200
 18467              	.LASF654:
 18468 6027 5F5F7761 		.ascii	"__warn_references(sym,msg) __asm__(\".section .gnu."
 18468      726E5F72 
 18468      65666572 
 18468      656E6365 
 18468      73287379 
 18469 6059 7761726E 		.ascii	"warning.\" #sym); __asm__(\".asciz \\\"\" msg \"\\\""
 18469      696E672E 
 18469      22202373 
 18469      796D293B 
 18469      205F5F61 
 18470 6085 22293B20 		.ascii	"\"); __asm__(\".previous\")\000"
 18470      5F5F6173 
 18470      6D5F5F28 
 18470      222E7072 
 18470      6576696F 
 18471              	.LASF786:
 18472 609e 5F524545 		.ascii	"_REENT_ASCTIME_BUF(ptr) ((ptr)->_new._reent._asctim"
ARM GAS  /var/folders/65/xyhbx3_n6nd_hs7j3p9nfwv80000gn/T//ccls3DQP.s 			page 399


 18472      4E545F41 
 18472      53435449 
 18472      4D455F42 
 18472      55462870 
 18473 60d1 655F6275 		.ascii	"e_buf)\000"
 18473      662900
 18474              	.LASF1426:
 18475 60d8 5F776373 		.ascii	"_wcsrtombs_state\000"
 18475      72746F6D 
 18475      62735F73 
 18475      74617465 
 18475      00
 18476              	.LASF1591:
 18477 60e9 4558505F 		.ascii	"EXP_COND\000"
 18477      434F4E44 
 18477      00
 18478              	.LASF1624:
 18479 60f2 53544D5F 		.ascii	"STM_LABEL\000"
 18479      4C414245 
 18479      4C00
 18480              	.LASF350:
 18481 60fc 5F5F5553 		.ascii	"__USQ_FBIT__ 32\000"
 18481      515F4642 
 18481      49545F5F 
 18481      20333200 
 18482              	.LASF58:
 18483 610c 5F5F494E 		.ascii	"__INT_FAST8_TYPE__ int\000"
 18483      545F4641 
 18483      5354385F 
 18483      54595045 
 18483      5F5F2069 
 18484              	.LASF1648:
 18485 6123 6A735F72 		.ascii	"js_replace\000"
 18485      65706C61 
 18485      636500
 18486              	.LASF1470:
 18487 612e 66756E63 		.ascii	"funcap\000"
 18487      617000
 18488              	.LASF890:
 18489 6135 5F554944 		.ascii	"_UID_T_DECLARED \000"
 18489      5F545F44 
 18489      45434C41 
 18489      52454420 
 18489      00
 18490              	.LASF502:
 18491 6146 5F5F5353 		.ascii	"__SSP_FORTIFY_LEVEL 0\000"
 18491      505F464F 
 18491      52544946 
 18491      595F4C45 
 18491      56454C20 
 18492              	.LASF267:
 18493 615c 5F5F4652 		.ascii	"__FRACT_IBIT__ 0\000"
 18493      4143545F 
 18493      49424954 
 18493      5F5F2030 
 18493      00
 18494              	.LASF742:
ARM GAS  /var/folders/65/xyhbx3_n6nd_hs7j3p9nfwv80000gn/T//ccls3DQP.s 			page 400


 18495 616d 756E7369 		.ascii	"unsigned\000"
 18495      676E6564 
 18495      00
 18496              	.LASF1284:
 18497 6176 73656564 		.ascii	"seed\000"
 18497      00
 18498              	.LASF1495:
 18499 617b 5F5F6664 		.ascii	"__fdlibm_version\000"
 18499      6C69626D 
 18499      5F766572 
 18499      73696F6E 
 18499      00
 18500              	.LASF4:
 18501 618c 5F5F5354 		.ascii	"__STDC_HOSTED__ 1\000"
 18501      44435F48 
 18501      4F535445 
 18501      445F5F20 
 18501      3100
 18502              	.LASF1646:
 18503 619e 6A735F70 		.ascii	"js_pop\000"
 18503      6F7000
 18504              	.LASF94:
 18505 61a5 5F5F5549 		.ascii	"__UINTMAX_C(c) c ## ULL\000"
 18505      4E544D41 
 18505      585F4328 
 18505      63292063 
 18505      20232320 
 18506              	.LASF248:
 18507 61bd 5F5F4445 		.ascii	"__DEC64_SUBNORMAL_MIN__ 0.000000000000001E-383DD\000"
 18507      4336345F 
 18507      5355424E 
 18507      4F524D41 
 18507      4C5F4D49 
 18508              	.LASF699:
 18509 61ee 5F5F6E65 		.ascii	"__need_ptrdiff_t\000"
 18509      65645F70 
 18509      74726469 
 18509      66665F74 
 18509      00
 18510              	.LASF1027:
 18511 61ff 7369676E 		.ascii	"signbit(__x) ((sizeof(__x) == sizeof(float)) ? __bu"
 18511      62697428 
 18511      5F5F7829 
 18511      20282873 
 18511      697A656F 
 18512 6232 696C7469 		.ascii	"iltin_signbitf(__x) : (sizeof(__x) == sizeof(double"
 18512      6E5F7369 
 18512      676E6269 
 18512      7466285F 
 18512      5F782920 
 18513 6265 2929203F 		.ascii	")) ? __builtin_signbit (__x) : __builtin_signbitl(_"
 18513      205F5F62 
 18513      75696C74 
 18513      696E5F73 
 18513      69676E62 
 18514 6298 5F782929 		.ascii	"_x))\000"
 18514      00
ARM GAS  /var/folders/65/xyhbx3_n6nd_hs7j3p9nfwv80000gn/T//ccls3DQP.s 			page 401


 18515              	.LASF681:
 18516 629d 5F5F7265 		.ascii	"__requires_exclusive(...) __lock_annotate(exclusive"
 18516      71756972 
 18516      65735F65 
 18516      78636C75 
 18516      73697665 
 18517 62d0 5F6C6F63 		.ascii	"_locks_required(__VA_ARGS__))\000"
 18517      6B735F72 
 18517      65717569 
 18517      72656428 
 18517      5F5F5641 
 18518              	.LASF1310:
 18519 62ee 6A735F50 		.ascii	"js_Put\000"
 18519      757400
 18520              	.LASF456:
 18521 62f5 5F534554 		.ascii	"_SETJMP_H_ \000"
 18521      4A4D505F 
 18521      485F2000 
 18522              	.LASF1320:
 18523 6301 6C6F6E67 		.ascii	"long int\000"
 18523      20696E74 
 18523      00
 18524              	.LASF1067:
 18525 630a 5F4C4942 		.ascii	"_LIB_VERSION __fdlib_version\000"
 18525      5F564552 
 18525      53494F4E 
 18525      205F5F66 
 18525      646C6962 
 18526              	.LASF784:
 18527 6327 5F524545 		.ascii	"_REENT_MP_P5S(ptr) ((ptr)->_p5s)\000"
 18527      4E545F4D 
 18527      505F5035 
 18527      53287074 
 18527      72292028 
 18528              	.LASF478:
 18529 6348 5F5F5359 		.ascii	"__SYS_CONFIG_H__ \000"
 18529      535F434F 
 18529      4E464947 
 18529      5F485F5F 
 18529      2000
 18530              	.LASF1642:
 18531 635a 536F7572 		.ascii	"Source/js/jsrepr.c\000"
 18531      63652F6A 
 18531      732F6A73 
 18531      72657072 
 18531      2E6300
 18532              	.LASF1058:
 18533 636d 4D5F3350 		.ascii	"M_3PI_4 2.3561944901923448370E0\000"
 18533      495F3420 
 18533      322E3335 
 18533      36313934 
 18533      34393031 
 18534              	.LASF493:
 18535 638d 5F5F4154 		.ascii	"__ATFILE_VISIBLE 1\000"
 18535      46494C45 
 18535      5F564953 
 18535      49424C45 
ARM GAS  /var/folders/65/xyhbx3_n6nd_hs7j3p9nfwv80000gn/T//ccls3DQP.s 			page 402


 18535      203100
 18536              	.LASF377:
 18537 63a0 5F5F4743 		.ascii	"__GCC_HAVE_SYNC_COMPARE_AND_SWAP_2 1\000"
 18537      435F4841 
 18537      56455F53 
 18537      594E435F 
 18537      434F4D50 
 18538              	.LASF212:
 18539 63c5 5F5F464C 		.ascii	"__FLT64_MAX_10_EXP__ 308\000"
 18539      5436345F 
 18539      4D41585F 
 18539      31305F45 
 18539      58505F5F 
 18540              	.LASF982:
 18541 63de 5F5F636F 		.ascii	"__compar_fn_t_defined \000"
 18541      6D706172 
 18541      5F666E5F 
 18541      745F6465 
 18541      66696E65 
 18542              	.LASF1418:
 18543 63f5 5F776374 		.ascii	"_wctomb_state\000"
 18543      6F6D625F 
 18543      73746174 
 18543      6500
 18544              	.LASF766:
 18545 6403 5F4E5F4C 		.ascii	"_N_LISTS 30\000"
 18545      49535453 
 18545      20333000 
 18546              	.LASF1128:
 18547 640f 4C44424C 		.ascii	"LDBL_MIN __LDBL_MIN__\000"
 18547      5F4D494E 
 18547      205F5F4C 
 18547      44424C5F 
 18547      4D494E5F 
 18548              	.LASF34:
 18549 6425 5F5F5054 		.ascii	"__PTRDIFF_TYPE__ int\000"
 18549      52444946 
 18549      465F5459 
 18549      50455F5F 
 18549      20696E74 
 18550              	.LASF973:
 18551 643a 70757463 		.ascii	"putchar_unlocked(_c) _putchar_unlocked(_c)\000"
 18551      6861725F 
 18551      756E6C6F 
 18551      636B6564 
 18551      285F6329 
 18552              	.LASF381:
 18553 6465 5F5F4743 		.ascii	"__GCC_ATOMIC_CHAR16_T_LOCK_FREE 2\000"
 18553      435F4154 
 18553      4F4D4943 
 18553      5F434841 
 18553      5231365F 
 18554              	.LASF1232:
 18555 6487 63686172 		.ascii	"chartorune jsU_chartorune\000"
 18555      746F7275 
 18555      6E65206A 
 18555      73555F63 
ARM GAS  /var/folders/65/xyhbx3_n6nd_hs7j3p9nfwv80000gn/T//ccls3DQP.s 			page 403


 18555      68617274 
 18556              	.LASF374:
 18557 64a1 5F5F474E 		.ascii	"__GNUC_STDC_INLINE__ 1\000"
 18557      55435F53 
 18557      5444435F 
 18557      494E4C49 
 18557      4E455F5F 
 18558              	.LASF1250:
 18559 64b8 616C6C6F 		.ascii	"alloc\000"
 18559      6300
 18560              	.LASF1542:
 18561 64be 4558505F 		.ascii	"EXP_ELISION\000"
 18561      454C4953 
 18561      494F4E00 
 18562              	.LASF320:
 18563 64ca 5F5F4C41 		.ascii	"__LACCUM_EPSILON__ 0x1P-31LK\000"
 18563      4343554D 
 18563      5F455053 
 18563      494C4F4E 
 18563      5F5F2030 
 18564              	.LASF427:
 18565 64e7 5F5F4152 		.ascii	"__ARM_FP\000"
 18565      4D5F4650 
 18565      00
 18566              	.LASF1620:
 18567 64f0 53544D5F 		.ascii	"STM_SWITCH\000"
 18567      53574954 
 18567      434800
 18568              	.LASF987:
 18569 64fb 73747274 		.ascii	"strtodf strtof\000"
 18569      6F646620 
 18569      73747274 
 18569      6F6600
 18570              	.LASF566:
 18571 650a 5F5F504D 		.ascii	"__PMT(args) args\000"
 18571      54286172 
 18571      67732920 
 18571      61726773 
 18571      00
 18572              	.LASF843:
 18573 651b 5F5F6E74 		.ascii	"__ntohs(_x) __bswap16(_x)\000"
 18573      6F687328 
 18573      5F782920 
 18573      5F5F6273 
 18573      77617031 
 18574              	.LASF1509:
 18575 6535 4A535F43 		.ascii	"JS_CJSON\000"
 18575      4A534F4E 
 18575      00
 18576              	.LASF694:
 18577 653e 5F505452 		.ascii	"_PTRDIFF_T_ \000"
 18577      44494646 
 18577      5F545F20 
 18577      00
 18578              	.LASF1249:
 18579 654b 75637478 		.ascii	"uctx\000"
 18579      00
ARM GAS  /var/folders/65/xyhbx3_n6nd_hs7j3p9nfwv80000gn/T//ccls3DQP.s 			page 404


 18580              	.LASF87:
 18581 6550 5F5F5743 		.ascii	"__WCHAR_WIDTH__ 32\000"
 18581      4841525F 
 18581      57494454 
 18581      485F5F20 
 18581      333200
 18582              	.LASF1060:
 18583 6563 4D5F4C4E 		.ascii	"M_LN2LO 1.9082149292705877000E-10\000"
 18583      324C4F20 
 18583      312E3930 
 18583      38323134 
 18583      39323932 
 18584              	.LASF1158:
 18585 6585 4D41585F 		.ascii	"MAX_CANON 255\000"
 18585      43414E4F 
 18585      4E203235 
 18585      3500
 18586              	.LASF501:
 18587 6593 5F5F5853 		.ascii	"__XSI_VISIBLE 0\000"
 18587      495F5649 
 18587      5349424C 
 18587      45203000 
 18588              	.LASF650:
 18589 65a3 5F5F7374 		.ascii	"__strftimelike(fmtarg,firstvararg) __attribute__((_"
 18589      72667469 
 18589      6D656C69 
 18589      6B652866 
 18589      6D746172 
 18590 65d6 5F666F72 		.ascii	"_format__ (__strftime__, fmtarg, firstvararg)))\000"
 18590      6D61745F 
 18590      5F20285F 
 18590      5F737472 
 18590      6674696D 
 18591              	.LASF1404:
 18592 6606 5F696F62 		.ascii	"_iobs\000"
 18592      7300
 18593              	.LASF1385:
 18594 660c 5F656D65 		.ascii	"_emergency\000"
 18594      7267656E 
 18594      637900
 18595              	.LASF693:
 18596 6617 5F5F5054 		.ascii	"__PTRDIFF_T \000"
 18596      52444946 
 18596      465F5420 
 18596      00
 18597              	.LASF1183:
 18598 6624 53434841 		.ascii	"SCHAR_MAX\000"
 18598      525F4D41 
 18598      5800
 18599              	.LASF799:
 18600 662e 5F524545 		.ascii	"_REENT_SIGNAL_BUF(ptr) ((ptr)->_new._reent._signal_"
 18600      4E545F53 
 18600      49474E41 
 18600      4C5F4255 
 18600      46287074 
 18601 6661 62756629 		.ascii	"buf)\000"
 18601      00
ARM GAS  /var/folders/65/xyhbx3_n6nd_hs7j3p9nfwv80000gn/T//ccls3DQP.s 			page 405


 18602              	.LASF984:
 18603 6666 45584954 		.ascii	"EXIT_SUCCESS 0\000"
 18603      5F535543 
 18603      43455353 
 18603      203000
 18604              	.LASF396:
 18605 6675 5F5F4152 		.ascii	"__ARM_FEATURE_DSP 1\000"
 18605      4D5F4645 
 18605      41545552 
 18605      455F4453 
 18605      50203100 
 18606              	.LASF1110:
 18607 6689 4C44424C 		.ascii	"LDBL_MAX_10_EXP __LDBL_MAX_10_EXP__\000"
 18607      5F4D4158 
 18607      5F31305F 
 18607      45585020 
 18607      5F5F4C44 
 18608              	.LASF1468:
 18609 66ad 636F6465 		.ascii	"codelen\000"
 18609      6C656E00 
 18610              	.LASF399:
 18611 66b5 5F5F4152 		.ascii	"__ARM_FEATURE_CRYPTO\000"
 18611      4D5F4645 
 18611      41545552 
 18611      455F4352 
 18611      5950544F 
 18612              	.LASF1130:
 18613 66ca 464C545F 		.ascii	"FLT_ROUNDS 1\000"
 18613      524F554E 
 18613      44532031 
 18613      00
 18614              	.LASF1428:
 18615 66d7 5F6E6578 		.ascii	"_nextf\000"
 18615      746600
 18616              	.LASF1483:
 18617 66de 6A735F49 		.ascii	"js_Instruction\000"
 18617      6E737472 
 18617      75637469 
 18617      6F6E00
 18618              	.LASF1414:
 18619 66ed 5F72616E 		.ascii	"_rand_next\000"
 18619      645F6E65 
 18619      787400
 18620              	.LASF203:
 18621 66f8 5F5F464C 		.ascii	"__FLT32_HAS_DENORM__ 1\000"
 18621      5433325F 
 18621      4841535F 
 18621      44454E4F 
 18621      524D5F5F 
 18622              	.LASF649:
 18623 670f 5F5F7374 		.ascii	"__strfmonlike(fmtarg,firstvararg) __attribute__((__"
 18623      72666D6F 
 18623      6E6C696B 
 18623      6528666D 
 18623      74617267 
 18624 6742 666F726D 		.ascii	"format__ (__strfmon__, fmtarg, firstvararg)))\000"
 18624      61745F5F 
ARM GAS  /var/folders/65/xyhbx3_n6nd_hs7j3p9nfwv80000gn/T//ccls3DQP.s 			page 406


 18624      20285F5F 
 18624      73747266 
 18624      6D6F6E5F 
 18625              	.LASF1446:
 18626 6770 6C617374 		.ascii	"last\000"
 18626      00
 18627              	.LASF346:
 18628 6775 5F5F5551 		.ascii	"__UQQ_FBIT__ 8\000"
 18628      515F4642 
 18628      49545F5F 
 18628      203800
 18629              	.LASF432:
 18630 6784 5F5F4152 		.ascii	"__ARM_FEATURE_FP16_SCALAR_ARITHMETIC\000"
 18630      4D5F4645 
 18630      41545552 
 18630      455F4650 
 18630      31365F53 
 18631              	.LASF629:
 18632 67a9 5F5F616C 		.ascii	"__always_inline __inline__ __attribute__((__always_"
 18632      77617973 
 18632      5F696E6C 
 18632      696E6520 
 18632      5F5F696E 
 18633 67dc 696E6C69 		.ascii	"inline__))\000"
 18633      6E655F5F 
 18633      292900
 18634              	.LASF296:
 18635 67e7 5F5F5341 		.ascii	"__SACCUM_FBIT__ 7\000"
 18635      4343554D 
 18635      5F464249 
 18635      545F5F20 
 18635      3700
 18636              	.LASF732:
 18637 67f9 5F5F6C6F 		.ascii	"__lock_close(lock) __retarget_lock_close(lock)\000"
 18637      636B5F63 
 18637      6C6F7365 
 18637      286C6F63 
 18637      6B29205F 
 18638              	.LASF327:
 18639 6828 5F5F4C4C 		.ascii	"__LLACCUM_IBIT__ 32\000"
 18639      41434355 
 18639      4D5F4942 
 18639      49545F5F 
 18639      20333200 
 18640              	.LASF1089:
 18641 683c 4C44424C 		.ascii	"LDBL_MIN_EXP\000"
 18641      5F4D494E 
 18641      5F455850 
 18641      00
 18642              	.LASF551:
 18643 6849 5F5F5349 		.ascii	"__SIZE_T \000"
 18643      5A455F54 
 18643      2000
 18644              	.LASF1301:
 18645 6853 74726163 		.ascii	"trace\000"
 18645      6500
 18646              	.LASF1099:
ARM GAS  /var/folders/65/xyhbx3_n6nd_hs7j3p9nfwv80000gn/T//ccls3DQP.s 			page 407


 18647 6859 464C545F 		.ascii	"FLT_MAX_EXP\000"
 18647      4D41585F 
 18647      45585000 
 18648              	.LASF286:
 18649 6865 5F5F4C4C 		.ascii	"__LLFRACT_FBIT__ 63\000"
 18649      46524143 
 18649      545F4642 
 18649      49545F5F 
 18649      20363300 
 18650              	.LASF178:
 18651 6879 5F5F4C44 		.ascii	"__LDBL_DIG__ 15\000"
 18651      424C5F44 
 18651      49475F5F 
 18651      20313500 
 18652              	.LASF40:
 18653 6889 5F5F4348 		.ascii	"__CHAR32_TYPE__ long unsigned int\000"
 18653      41523332 
 18653      5F545950 
 18653      455F5F20 
 18653      6C6F6E67 
 18654              	.LASF1338:
 18655 68ab 5F6D6178 		.ascii	"_maxwds\000"
 18655      77647300 
 18656              	.LASF751:
 18657 68b3 5F5F4C6F 		.ascii	"__Long long\000"
 18657      6E67206C 
 18657      6F6E6700 
 18658              	.LASF1053:
 18659 68bf 4D5F325F 		.ascii	"M_2_PI 0.63661977236758134308\000"
 18659      50492030 
 18659      2E363336 
 18659      36313937 
 18659      37323336 
 18660              	.LASF384:
 18661 68dd 5F5F4743 		.ascii	"__GCC_ATOMIC_SHORT_LOCK_FREE 2\000"
 18661      435F4154 
 18661      4F4D4943 
 18661      5F53484F 
 18661      52545F4C 
 18662              	.LASF1151:
 18663 68fc 5F474343 		.ascii	"_GCC_LIMITS_H_ \000"
 18663      5F4C494D 
 18663      4954535F 
 18663      485F2000 
 18664              	.LASF1182:
 18665 690c 53434841 		.ascii	"SCHAR_MIN (-SCHAR_MAX - 1)\000"
 18665      525F4D49 
 18665      4E20282D 
 18665      53434841 
 18665      525F4D41 
 18666              	.LASF1638:
 18667 6927 72657072 		.ascii	"reprident\000"
 18667      6964656E 
 18667      7400
 18668              	.LASF862:
 18669 6931 46445F53 		.ascii	"FD_SETSIZE 64\000"
 18669      45545349 
ARM GAS  /var/folders/65/xyhbx3_n6nd_hs7j3p9nfwv80000gn/T//ccls3DQP.s 			page 408


 18669      5A452036 
 18669      3400
 18670              	.LASF1618:
 18671 693f 53544D5F 		.ascii	"STM_RETURN\000"
 18671      52455455 
 18671      524E00
 18672              	.LASF32:
 18673 694a 5F5F5349 		.ascii	"__SIZEOF_POINTER__ 4\000"
 18673      5A454F46 
 18673      5F504F49 
 18673      4E544552 
 18673      5F5F2034 
 18674              	.LASF1563:
 18675 695f 4558505F 		.ascii	"EXP_PREDEC\000"
 18675      50524544 
 18675      454300
 18676              	.LASF454:
 18677 696a 6A73695F 		.ascii	"jsi_h \000"
 18677      682000
 18678              	.LASF628:
 18679 6971 5F5F7075 		.ascii	"__pure __attribute__((__pure__))\000"
 18679      7265205F 
 18679      5F617474 
 18679      72696275 
 18679      74655F5F 
 18680              	.LASF338:
 18681 6992 5F5F4851 		.ascii	"__HQ_FBIT__ 15\000"
 18681      5F464249 
 18681      545F5F20 
 18681      313500
 18682              	.LASF1324:
 18683 69a1 6C6F6E67 		.ascii	"long double\000"
 18683      20646F75 
 18683      626C6500 
 18684              	.LASF895:
 18685 69ad 5F4D4F44 		.ascii	"_MODE_T_DECLARED \000"
 18685      455F545F 
 18685      4445434C 
 18685      41524544 
 18685      2000
 18686              	.LASF550:
 18687 69bf 5F545F53 		.ascii	"_T_SIZE \000"
 18687      495A4520 
 18687      00
 18688              	.LASF1435:
 18689 69c8 7375626F 		.ascii	"suboptarg\000"
 18689      70746172 
 18689      6700
 18690              	.LASF1513:
 18691 69d2 73687273 		.ascii	"shrstr\000"
 18691      747200
 18692              	.LASF140:
 18693 69d9 5F5F494E 		.ascii	"__INTPTR_WIDTH__ 32\000"
 18693      54505452 
 18693      5F574944 
 18693      54485F5F 
 18693      20333200 
ARM GAS  /var/folders/65/xyhbx3_n6nd_hs7j3p9nfwv80000gn/T//ccls3DQP.s 			page 409


 18694              	.LASF735:
 18695 69ed 5F5F6C6F 		.ascii	"__lock_acquire_recursive(lock) __retarget_lock_acqu"
 18695      636B5F61 
 18695      63717569 
 18695      72655F72 
 18695      65637572 
 18696 6a20 6972655F 		.ascii	"ire_recursive(lock)\000"
 18696      72656375 
 18696      72736976 
 18696      65286C6F 
 18696      636B2900 
 18697              	.LASF677:
 18698 6a34 5F5F7472 		.ascii	"__trylocks_shared(...) __lock_annotate(shared_trylo"
 18698      796C6F63 
 18698      6B735F73 
 18698      68617265 
 18698      64282E2E 
 18699 6a67 636B5F66 		.ascii	"ck_function(__VA_ARGS__))\000"
 18699      756E6374 
 18699      696F6E28 
 18699      5F5F5641 
 18699      5F415247 
 18700              	.LASF789:
 18701 6a81 5F524545 		.ascii	"_REENT_STRTOK_LAST(ptr) ((ptr)->_new._reent._strtok"
 18701      4E545F53 
 18701      5452544F 
 18701      4B5F4C41 
 18701      53542870 
 18702 6ab4 5F6C6173 		.ascii	"_last)\000"
 18702      742900
 18703              	.LASF634:
 18704 6abb 5F5F7265 		.ascii	"__result_use_check __attribute__((__warn_unused_res"
 18704      73756C74 
 18704      5F757365 
 18704      5F636865 
 18704      636B205F 
 18705 6aee 756C745F 		.ascii	"ult__))\000"
 18705      5F292900 
 18706              	.LASF1064:
 18707 6af6 4D5F4C4F 		.ascii	"M_LOG2_E _M_LN2\000"
 18707      47325F45 
 18707      205F4D5F 
 18707      4C4E3200 
 18708              	.LASF738:
 18709 6b06 5F5F6C6F 		.ascii	"__lock_release(lock) __retarget_lock_release(lock)\000"
 18709      636B5F72 
 18709      656C6561 
 18709      7365286C 
 18709      6F636B29 
 18710              	.LASF483:
 18711 6b39 5F5F474E 		.ascii	"__GNUC_PREREQ(maj,min) ((__GNUC__ << 16) + __GNUC_M"
 18711      55435F50 
 18711      52455245 
 18711      51286D61 
 18711      6A2C6D69 
 18712 6b6c 494E4F52 		.ascii	"INOR__ >= ((maj) << 16) + (min))\000"
 18712      5F5F203E 
ARM GAS  /var/folders/65/xyhbx3_n6nd_hs7j3p9nfwv80000gn/T//ccls3DQP.s 			page 410


 18712      3D202828 
 18712      6D616A29 
 18712      203C3C20 
 18713              	.LASF219:
 18714 6b8d 5F5F464C 		.ascii	"__FLT64_HAS_INFINITY__ 1\000"
 18714      5436345F 
 18714      4841535F 
 18714      494E4649 
 18714      4E495459 
 18715              	.LASF1113:
 18716 6ba6 4C44424C 		.ascii	"LDBL_MAX\000"
 18716      5F4D4158 
 18716      00
 18717              	.LASF1524:
 18718 6baf 73636F70 		.ascii	"scope\000"
 18718      6500
 18719              	.LASF1049:
 18720 6bb5 4D5F5049 		.ascii	"M_PI 3.14159265358979323846\000"
 18720      20332E31 
 18720      34313539 
 18720      32363533 
 18720      35383937 
 18721              	.LASF451:
 18722 6bd1 5F5F4650 		.ascii	"__FPU_USED 1\000"
 18722      555F5553 
 18722      45442031 
 18722      00
 18723              	.LASF75:
 18724 6bde 5F5F4C4F 		.ascii	"__LONG_LONG_MAX__ 0x7fffffffffffffffLL\000"
 18724      4E475F4C 
 18724      4F4E475F 
 18724      4D41585F 
 18724      5F203078 
 18725              	.LASF703:
 18726 6c05 5F545F57 		.ascii	"_T_WCHAR_ \000"
 18726      43484152 
 18726      5F2000
 18727              	.LASF1465:
 18728 6c10 6E756D70 		.ascii	"numparams\000"
 18728      6172616D 
 18728      7300
 18729              	.LASF278:
 18730 6c1a 5F5F4C46 		.ascii	"__LFRACT_MIN__ (-0.5LR-0.5LR)\000"
 18730      52414354 
 18730      5F4D494E 
 18730      5F5F2028 
 18730      2D302E35 
 18731              	.LASF471:
 18732 6c38 5F484156 		.ascii	"_HAVE_CC_INHIBIT_LOOP_TO_LIBCALL 1\000"
 18732      455F4343 
 18732      5F494E48 
 18732      49424954 
 18732      5F4C4F4F 
 18733              	.LASF607:
 18734 6c5b 5F5F434F 		.ascii	"__CONCAT1(x,y) x ## y\000"
 18734      4E434154 
 18734      3128782C 
ARM GAS  /var/folders/65/xyhbx3_n6nd_hs7j3p9nfwv80000gn/T//ccls3DQP.s 			page 411


 18734      79292078 
 18734      20232320 
 18735              	.LASF1220:
 18736 6c71 554C4F4E 		.ascii	"ULONG_LONG_MAX (LONG_LONG_MAX * 2ULL + 1ULL)\000"
 18736      475F4C4F 
 18736      4E475F4D 
 18736      41582028 
 18736      4C4F4E47 
 18737              	.LASF659:
 18738 6c9e 5F5F5243 		.ascii	"__RCSID_SOURCE(s) struct __hack\000"
 18738      5349445F 
 18738      534F5552 
 18738      43452873 
 18738      29207374 
 18739              	.LASF387:
 18740 6cbe 5F5F4743 		.ascii	"__GCC_ATOMIC_LLONG_LOCK_FREE 1\000"
 18740      435F4154 
 18740      4F4D4943 
 18740      5F4C4C4F 
 18740      4E475F4C 
 18741              	.LASF531:
 18742 6cdd 5F535953 		.ascii	"_SYS_CDEFS_H_ \000"
 18742      5F434445 
 18742      46535F48 
 18742      5F2000
 18743              	.LASF1650:
 18744 6cec 6A735F63 		.ascii	"js_copy\000"
 18744      6F707900 
 18745              	.LASF1652:
 18746 6cf4 6A735F70 		.ascii	"js_pushstring\000"
 18746      75736873 
 18746      7472696E 
 18746      6700
 18747              	.LASF857:
 18748 6d02 5F535953 		.ascii	"_SYS__TIMESPEC_H_ \000"
 18748      5F5F5449 
 18748      4D455350 
 18748      45435F48 
 18748      5F2000
 18749              	.LASF1142:
 18750 6d15 464C545F 		.ascii	"FLT_HAS_SUBNORM __FLT_HAS_DENORM__\000"
 18750      4841535F 
 18750      5355424E 
 18750      4F524D20 
 18750      5F5F464C 
 18751              	.LASF285:
 18752 6d38 5F5F554C 		.ascii	"__ULFRACT_EPSILON__ 0x1P-32ULR\000"
 18752      46524143 
 18752      545F4550 
 18752      53494C4F 
 18752      4E5F5F20 
 18753              	.LASF86:
 18754 6d57 5F5F4C4F 		.ascii	"__LONG_LONG_WIDTH__ 64\000"
 18754      4E475F4C 
 18754      4F4E475F 
 18754      57494454 
 18754      485F5F20 
ARM GAS  /var/folders/65/xyhbx3_n6nd_hs7j3p9nfwv80000gn/T//ccls3DQP.s 			page 412


 18755              	.LASF826:
 18756 6d6e 5F5F4D41 		.ascii	"__MACHINE_ENDIAN_H__ \000"
 18756      4348494E 
 18756      455F454E 
 18756      4449414E 
 18756      5F485F5F 
 18757              	.LASF1370:
 18758 6d84 5F636C6F 		.ascii	"_close\000"
 18758      736500
 18759              	.LASF1264:
 18760 6d8b 61737464 		.ascii	"astdepth\000"
 18760      65707468 
 18760      00
 18761              	.LASF1112:
 18762 6d94 44424C5F 		.ascii	"DBL_MAX\000"
 18762      4D415800 
 18763              	.LASF1560:
 18764 6d9c 4558505F 		.ascii	"EXP_VOID\000"
 18764      564F4944 
 18764      00
 18765              	.LASF1309:
 18766 6da5 63686172 		.ascii	"char\000"
 18766      00
 18767              	.LASF1135:
 18768 6daa 4C44424C 		.ascii	"LDBL_DECIMAL_DIG\000"
 18768      5F444543 
 18768      494D414C 
 18768      5F444947 
 18768      00
 18769              	.LASF1292:
 18770 6dbb 67636675 		.ascii	"gcfun\000"
 18770      6E00
 18771              	.LASF216:
 18772 6dc1 5F5F464C 		.ascii	"__FLT64_EPSILON__ 2.2204460492503131e-16F64\000"
 18772      5436345F 
 18772      45505349 
 18772      4C4F4E5F 
 18772      5F20322E 
 18773              	.LASF1225:
 18774 6ded 4A535F54 		.ascii	"JS_TRYLIMIT 64\000"
 18774      52594C49 
 18774      4D495420 
 18774      363400
 18775              	.LASF1402:
 18776 6dfc 5F676C75 		.ascii	"_glue\000"
 18776      6500
 18777              	.LASF458:
 18778 6e02 5F5F4E45 		.ascii	"__NEWLIB_H__ 1\000"
 18778      574C4942 
 18778      5F485F5F 
 18778      203100
 18779              	.LASF985:
 18780 6e11 52414E44 		.ascii	"RAND_MAX __RAND_MAX\000"
 18780      5F4D4158 
 18780      205F5F52 
 18780      414E445F 
 18780      4D415800 
ARM GAS  /var/folders/65/xyhbx3_n6nd_hs7j3p9nfwv80000gn/T//ccls3DQP.s 			page 413


 18781              	.LASF331:
 18782 6e25 5F5F554C 		.ascii	"__ULLACCUM_FBIT__ 32\000"
 18782      4C414343 
 18782      554D5F46 
 18782      4249545F 
 18782      5F203332 
 18783              	.LASF931:
 18784 6e3a 5F5F534F 		.ascii	"__SOPT 0x0400\000"
 18784      50542030 
 18784      78303430 
 18784      3000
 18785              	.LASF616:
 18786 6e48 5F5F7075 		.ascii	"__pure2 __attribute__((__const__))\000"
 18786      72653220 
 18786      5F5F6174 
 18786      74726962 
 18786      7574655F 
 18787              	.LASF191:
 18788 6e6b 5F5F4C44 		.ascii	"__LDBL_HAS_QUIET_NAN__ 1\000"
 18788      424C5F48 
 18788      41535F51 
 18788      55494554 
 18788      5F4E414E 
 18789              	.LASF76:
 18790 6e84 5F5F5743 		.ascii	"__WCHAR_MAX__ 0xffffffffU\000"
 18790      4841525F 
 18790      4D41585F 
 18790      5F203078 
 18790      66666666 
 18791              	.LASF547:
 18792 6e9e 5F53495A 		.ascii	"_SIZE_T \000"
 18792      455F5420 
 18792      00
 18793              	.LASF991:
 18794 6ea7 76615F65 		.ascii	"va_end(v) __builtin_va_end(v)\000"
 18794      6E642876 
 18794      29205F5F 
 18794      6275696C 
 18794      74696E5F 
 18795              	.LASF490:
 18796 6ec5 5F504F53 		.ascii	"_POSIX_C_SOURCE 200809L\000"
 18796      49585F43 
 18796      5F534F55 
 18796      52434520 
 18796      32303038 
 18797              	.LASF1185:
 18798 6edd 55434841 		.ascii	"UCHAR_MAX\000"
 18798      525F4D41 
 18798      5800
 18799              	.LASF827:
 18800 6ee7 5F4C4954 		.ascii	"_LITTLE_ENDIAN 1234\000"
 18800      544C455F 
 18800      454E4449 
 18800      414E2031 
 18800      32333400 
 18801              	.LASF1551:
 18802 6efb 4558505F 		.ascii	"EXP_PROP_SET\000"
ARM GAS  /var/folders/65/xyhbx3_n6nd_hs7j3p9nfwv80000gn/T//ccls3DQP.s 			page 414


 18802      50524F50 
 18802      5F534554 
 18802      00
 18803              	.LASF876:
 18804 6f08 5F5F755F 		.ascii	"__u_int_defined \000"
 18804      696E745F 
 18804      64656669 
 18804      6E656420 
 18804      00
 18805              	.LASF332:
 18806 6f19 5F5F554C 		.ascii	"__ULLACCUM_IBIT__ 32\000"
 18806      4C414343 
 18806      554D5F49 
 18806      4249545F 
 18806      5F203332 
 18807              	.LASF1548:
 18808 6f2e 4558505F 		.ascii	"EXP_OBJECT\000"
 18808      4F424A45 
 18808      435400
 18809              	.LASF315:
 18810 6f39 5F5F5541 		.ascii	"__UACCUM_EPSILON__ 0x1P-16UK\000"
 18810      4343554D 
 18810      5F455053 
 18810      494C4F4E 
 18810      5F5F2030 
 18811              	.LASF177:
 18812 6f56 5F5F4C44 		.ascii	"__LDBL_MANT_DIG__ 53\000"
 18812      424C5F4D 
 18812      414E545F 
 18812      4449475F 
 18812      5F203533 
 18813              	.LASF1467:
 18814 6f6b 636F6465 		.ascii	"codecap\000"
 18814      63617000 
 18815              	.LASF291:
 18816 6f73 5F5F554C 		.ascii	"__ULLFRACT_FBIT__ 64\000"
 18816      4C465241 
 18816      43545F46 
 18816      4249545F 
 18816      5F203634 
 18817              	.LASF882:
 18818 6f88 5F434C4F 		.ascii	"_CLOCK_T_DECLARED \000"
 18818      434B5F54 
 18818      5F444543 
 18818      4C415245 
 18818      442000
 18819              	.LASF343:
 18820 6f9b 5F5F4451 		.ascii	"__DQ_IBIT__ 0\000"
 18820      5F494249 
 18820      545F5F20 
 18820      3000
 18821              	.LASF1336:
 18822 6fa9 5F426967 		.ascii	"_Bigint\000"
 18822      696E7400 
 18823              	.LASF1271:
 18824 6fb1 46756E63 		.ascii	"Function_prototype\000"
 18824      74696F6E 
ARM GAS  /var/folders/65/xyhbx3_n6nd_hs7j3p9nfwv80000gn/T//ccls3DQP.s 			page 415


 18824      5F70726F 
 18824      746F7479 
 18824      706500
 18825              	.LASF214:
 18826 6fc4 5F5F464C 		.ascii	"__FLT64_MAX__ 1.7976931348623157e+308F64\000"
 18826      5436345F 
 18826      4D41585F 
 18826      5F20312E 
 18826      37393736 
 18827              	.LASF555:
 18828 6fed 5F53495A 		.ascii	"_SIZE_T_DEFINED \000"
 18828      455F545F 
 18828      44454649 
 18828      4E454420 
 18828      00
 18829              	.LASF1136:
 18830 6ffe 464C545F 		.ascii	"FLT_DECIMAL_DIG __FLT_DECIMAL_DIG__\000"
 18830      44454349 
 18830      4D414C5F 
 18830      44494720 
 18830      5F5F464C 
 18831              	.LASF347:
 18832 7022 5F5F5551 		.ascii	"__UQQ_IBIT__ 0\000"
 18832      515F4942 
 18832      49545F5F 
 18832      203000
 18833              	.LASF1619:
 18834 7031 53544D5F 		.ascii	"STM_WITH\000"
 18834      57495448 
 18834      00
 18835              	.LASF536:
 18836 703a 5F5F5F69 		.ascii	"___int8_t_defined 1\000"
 18836      6E74385F 
 18836      745F6465 
 18836      66696E65 
 18836      64203100 
 18837              	.LASF1051:
 18838 704e 4D5F5049 		.ascii	"M_PI_4 0.78539816339744830962\000"
 18838      5F342030 
 18838      2E373835 
 18838      33393831 
 18838      36333339 
 18839              	.LASF1149:
 18840 706c 44424C5F 		.ascii	"DBL_TRUE_MIN __DBL_DENORM_MIN__\000"
 18840      54525545 
 18840      5F4D494E 
 18840      205F5F44 
 18840      424C5F44 
 18841              	.LASF1240:
 18842 708c 746F6C6F 		.ascii	"tolowerrune_full jsU_tolowerrune_full\000"
 18842      77657272 
 18842      756E655F 
 18842      66756C6C 
 18842      206A7355 
 18843              	.LASF1485:
 18844 70b2 6A735F50 		.ascii	"js_Property\000"
 18844      726F7065 
ARM GAS  /var/folders/65/xyhbx3_n6nd_hs7j3p9nfwv80000gn/T//ccls3DQP.s 			page 416


 18844      72747900 
 18845              	.LASF494:
 18846 70be 5F5F4253 		.ascii	"__BSD_VISIBLE 1\000"
 18846      445F5649 
 18846      5349424C 
 18846      45203100 
 18847              	.LASF530:
 18848 70ce 5F5F6E65 		.ascii	"__need_NULL \000"
 18848      65645F4E 
 18848      554C4C20 
 18848      00
 18849              	.LASF1397:
 18850 70db 5F617465 		.ascii	"_atexit0\000"
 18850      78697430 
 18850      00
 18851              	.LASF1176:
 18852 70e4 5F504F53 		.ascii	"_POSIX2_RE_DUP_MAX 255\000"
 18852      4958325F 
 18852      52455F44 
 18852      55505F4D 
 18852      41582032 
 18853              	.LASF1101:
 18854 70fb 4C44424C 		.ascii	"LDBL_MAX_EXP\000"
 18854      5F4D4158 
 18854      5F455850 
 18854      00
 18855              	.LASF407:
 18856 7108 5F5F4152 		.ascii	"__ARM_FEATURE_LDREX\000"
 18856      4D5F4645 
 18856      41545552 
 18856      455F4C44 
 18856      52455800 
 18857              	.LASF824:
 18858 711c 5F494E54 		.ascii	"_INTPTR_T_DECLARED \000"
 18858      5054525F 
 18858      545F4445 
 18858      434C4152 
 18858      45442000 
 18859              	.LASF596:
 18860 7130 5F5F474E 		.ascii	"__GNUCLIKE_BUILTIN_NEXT_ARG 1\000"
 18860      55434C49 
 18860      4B455F42 
 18860      55494C54 
 18860      494E5F4E 
 18861              	.LASF1589:
 18862 714e 4558505F 		.ascii	"EXP_LOGAND\000"
 18862      4C4F4741 
 18862      4E4400
 18863              	.LASF564:
 18864 7159 4E554C4C 		.ascii	"NULL ((void *)0)\000"
 18864      20282876 
 18864      6F696420 
 18864      2A293029 
 18864      00
 18865              	.LASF1475:
 18866 716a 6C617374 		.ascii	"lastline\000"
 18866      6C696E65 
ARM GAS  /var/folders/65/xyhbx3_n6nd_hs7j3p9nfwv80000gn/T//ccls3DQP.s 			page 417


 18866      00
 18867              	.LASF900:
 18868 7173 5F54494D 		.ascii	"_TIMER_T_DECLARED \000"
 18868      45525F54 
 18868      5F444543 
 18868      4C415245 
 18868      442000
 18869              	.LASF28:
 18870 7186 5F5F4F52 		.ascii	"__ORDER_BIG_ENDIAN__ 4321\000"
 18870      4445525F 
 18870      4249475F 
 18870      454E4449 
 18870      414E5F5F 
 18871              	.LASF1531:
 18872 71a0 64656C65 		.ascii	"delete\000"
 18872      746500
 18873              	.LASF274:
 18874 71a7 5F5F5546 		.ascii	"__UFRACT_MAX__ 0XFFFFP-16UR\000"
 18874      52414354 
 18874      5F4D4158 
 18874      5F5F2030 
 18874      58464646 
 18875              	.LASF1421:
 18876 71c3 5F676574 		.ascii	"_getdate_err\000"
 18876      64617465 
 18876      5F657272 
 18876      00
 18877              	.LASF1634:
 18878 71d0 72657072 		.ascii	"reprvalue\000"
 18878      76616C75 
 18878      6500
 18879              	.LASF1559:
 18880 71da 4558505F 		.ascii	"EXP_DELETE\000"
 18880      44454C45 
 18880      544500
 18881              	.LASF532:
 18882 71e5 5F4D4143 		.ascii	"_MACHINE__DEFAULT_TYPES_H \000"
 18882      48494E45 
 18882      5F5F4445 
 18882      4641554C 
 18882      545F5459 
 18883              	.LASF64:
 18884 7200 5F5F5549 		.ascii	"__UINT_FAST32_TYPE__ unsigned int\000"
 18884      4E545F46 
 18884      41535433 
 18884      325F5459 
 18884      50455F5F 
 18885              	.LASF1157:
 18886 7222 4C494E4B 		.ascii	"LINK_MAX 32767\000"
 18886      5F4D4158 
 18886      20333237 
 18886      363700
 18887              	.LASF97:
 18888 7231 5F5F5349 		.ascii	"__SIG_ATOMIC_MIN__ (-__SIG_ATOMIC_MAX__ - 1)\000"
 18888      475F4154 
 18888      4F4D4943 
 18888      5F4D494E 
ARM GAS  /var/folders/65/xyhbx3_n6nd_hs7j3p9nfwv80000gn/T//ccls3DQP.s 			page 418


 18888      5F5F2028 
 18889              	.LASF1671:
 18890 725e 6A735F69 		.ascii	"js_isstring\000"
 18890      73737472 
 18890      696E6700 
 18891              	.LASF891:
 18892 726a 5F474944 		.ascii	"_GID_T_DECLARED \000"
 18892      5F545F44 
 18892      45434C41 
 18892      52454420 
 18892      00
 18893              	.LASF625:
 18894 727b 5F5F6765 		.ascii	"__generic(expr,t,yes,no) _Generic(expr, t: yes, def"
 18894      6E657269 
 18894      63286578 
 18894      70722C74 
 18894      2C796573 
 18895 72ae 61756C74 		.ascii	"ault: no)\000"
 18895      3A206E6F 
 18895      2900
 18896              	.LASF339:
 18897 72b8 5F5F4851 		.ascii	"__HQ_IBIT__ 0\000"
 18897      5F494249 
 18897      545F5F20 
 18897      3000
 18898              	.LASF910:
 18899 72c6 50544852 		.ascii	"PTHREAD_EXPLICIT_SCHED 2\000"
 18899      4541445F 
 18899      4558504C 
 18899      49434954 
 18899      5F534348 
 18900              	.LASF1527:
 18901 72df 66696E61 		.ascii	"finalize\000"
 18901      6C697A65 
 18901      00
 18902              	.LASF943:
 18903 72e8 464F5045 		.ascii	"FOPEN_MAX 20\000"
 18903      4E5F4D41 
 18903      58203230 
 18903      00
 18904              	.LASF716:
 18905 72f5 5F5F6E65 		.ascii	"__need_wchar_t\000"
 18905      65645F77 
 18905      63686172 
 18905      5F7400
 18906              	.LASF154:
 18907 7304 5F5F464C 		.ascii	"__FLT_DECIMAL_DIG__ 9\000"
 18907      545F4445 
 18907      43494D41 
 18907      4C5F4449 
 18907      475F5F20 
 18908              	.LASF1164:
 18909 731a 50495045 		.ascii	"PIPE_BUF 512\000"
 18909      5F425546 
 18909      20353132 
 18909      00
 18910              	.LASF44:
ARM GAS  /var/folders/65/xyhbx3_n6nd_hs7j3p9nfwv80000gn/T//ccls3DQP.s 			page 419


 18911 7327 5F5F494E 		.ascii	"__INT32_TYPE__ long int\000"
 18911      5433325F 
 18911      54595045 
 18911      5F5F206C 
 18911      6F6E6720 
 18912              	.LASF692:
 18913 733f 5F545F50 		.ascii	"_T_PTRDIFF \000"
 18913      54524449 
 18913      46462000 
 18914              	.LASF302:
 18915 734b 5F5F5553 		.ascii	"__USACCUM_IBIT__ 8\000"
 18915      41434355 
 18915      4D5F4942 
 18915      49545F5F 
 18915      203800
 18916              	.LASF992:
 18917 735e 76615F61 		.ascii	"va_arg(v,l) __builtin_va_arg(v,l)\000"
 18917      72672876 
 18917      2C6C2920 
 18917      5F5F6275 
 18917      696C7469 
 18918              	.LASF508:
 18919 7380 5F524541 		.ascii	"_READ_WRITE_RETURN_TYPE int\000"
 18919      445F5752 
 18919      4954455F 
 18919      52455455 
 18919      524E5F54 
 18920              	.LASF283:
 18921 739c 5F5F554C 		.ascii	"__ULFRACT_MIN__ 0.0ULR\000"
 18921      46524143 
 18921      545F4D49 
 18921      4E5F5F20 
 18921      302E3055 
 18922              	.LASF357:
 18923 73b3 5F5F4841 		.ascii	"__HA_IBIT__ 8\000"
 18923      5F494249 
 18923      545F5F20 
 18923      3800
 18924              	.LASF841:
 18925 73c1 5F5F6874 		.ascii	"__htons(_x) __bswap16(_x)\000"
 18925      6F6E7328 
 18925      5F782920 
 18925      5F5F6273 
 18925      77617031 
 18926              	.LASF1134:
 18927 73db 44424C5F 		.ascii	"DBL_DECIMAL_DIG\000"
 18927      44454349 
 18927      4D414C5F 
 18927      44494700 
 18928              	.LASF1516:
 18929 73eb 6D656D73 		.ascii	"memstr\000"
 18929      747200
 18930              	.LASF67:
 18931 73f2 5F5F5549 		.ascii	"__UINTPTR_TYPE__ unsigned int\000"
 18931      4E545054 
 18931      525F5459 
 18931      50455F5F 
ARM GAS  /var/folders/65/xyhbx3_n6nd_hs7j3p9nfwv80000gn/T//ccls3DQP.s 			page 420


 18931      20756E73 
 18932              	.LASF1012:
 18933 7410 46505F4E 		.ascii	"FP_NAN 0\000"
 18933      414E2030 
 18933      00
 18934              	.LASF16:
 18935 7419 5F5F4649 		.ascii	"__FINITE_MATH_ONLY__ 0\000"
 18935      4E495445 
 18935      5F4D4154 
 18935      485F4F4E 
 18935      4C595F5F 
 18936              	.LASF1433:
 18937 7430 5F696D70 		.ascii	"_impure_ptr\000"
 18937      7572655F 
 18937      70747200 
 18938              	.LASF753:
 18939 743c 5F415445 		.ascii	"_ATEXIT_INIT {_NULL, 0, {_NULL}, {{_NULL}, {_NULL},"
 18939      5849545F 
 18939      494E4954 
 18939      207B5F4E 
 18939      554C4C2C 
 18940 746f 20302C20 		.ascii	" 0, 0}}\000"
 18940      307D7D00 
 18941              	.LASF671:
 18942 7477 5F5F6461 		.ascii	"__datatype_type_tag(kind,type) \000"
 18942      74617479 
 18942      70655F74 
 18942      7970655F 
 18942      74616728 
 18943              	.LASF930:
 18944 7497 5F5F5353 		.ascii	"__SSTR 0x0200\000"
 18944      54522030 
 18944      78303230 
 18944      3000
 18945              	.LASF352:
 18946 74a5 5F5F5544 		.ascii	"__UDQ_FBIT__ 64\000"
 18946      515F4642 
 18946      49545F5F 
 18946      20363400 
 18947              	.LASF1373:
 18948 74b5 5F626C6B 		.ascii	"_blksize\000"
 18948      73697A65 
 18948      00
 18949              	.LASF685:
 18950 74be 5F5F6775 		.ascii	"__guarded_by(x) __lock_annotate(guarded_by(x))\000"
 18950      61726465 
 18950      645F6279 
 18950      28782920 
 18950      5F5F6C6F 
 18951              	.LASF1046:
 18952 74ed 4D5F4C4F 		.ascii	"M_LOG10E 0.43429448190325182765\000"
 18952      47313045 
 18952      20302E34 
 18952      33343239 
 18952      34343831 
 18953              	.LASF1047:
 18954 750d 4D5F4C4E 		.ascii	"M_LN2 _M_LN2\000"
ARM GAS  /var/folders/65/xyhbx3_n6nd_hs7j3p9nfwv80000gn/T//ccls3DQP.s 			page 421


 18954      32205F4D 
 18954      5F4C4E32 
 18954      00
 18955              	.LASF1:
 18956 751a 5F5F5354 		.ascii	"__STDC_VERSION__ 201710L\000"
 18956      44435F56 
 18956      45525349 
 18956      4F4E5F5F 
 18956      20323031 
 18957              	.LASF548:
 18958 7533 5F535953 		.ascii	"_SYS_SIZE_T_H \000"
 18958      5F53495A 
 18958      455F545F 
 18958      482000
 18959              	.LASF280:
 18960 7542 5F5F4C46 		.ascii	"__LFRACT_EPSILON__ 0x1P-31LR\000"
 18960      52414354 
 18960      5F455053 
 18960      494C4F4E 
 18960      5F5F2030 
 18961              	.LASF962:
 18962 755f 5F5F7366 		.ascii	"__sfeof(p) ((int)(((p)->_flags & __SEOF) != 0))\000"
 18962      656F6628 
 18962      70292028 
 18962      28696E74 
 18962      29282828 
 18963              	.LASF1416:
 18964 758f 5F6D626C 		.ascii	"_mblen_state\000"
 18964      656E5F73 
 18964      74617465 
 18964      00
 18965              	.LASF1399:
 18966 759c 5F5F7367 		.ascii	"__sglue\000"
 18966      6C756500 
 18967              	.LASF1432:
 18968 75a4 5F5F6C6F 		.ascii	"__locale_t\000"
 18968      63616C65 
 18968      5F7400
 18969              	.LASF883:
 18970 75af 5F5F6461 		.ascii	"__daddr_t_defined \000"
 18970      6464725F 
 18970      745F6465 
 18970      66696E65 
 18970      642000
 18971              	.LASF1389:
 18972 75c2 5F5F636C 		.ascii	"__cleanup\000"
 18972      65616E75 
 18972      7000
 18973              	.LASF412:
 18974 75cc 5F5F4152 		.ascii	"__ARM_SIZEOF_MINIMAL_ENUM 1\000"
 18974      4D5F5349 
 18974      5A454F46 
 18974      5F4D494E 
 18974      494D414C 
 18975              	.LASF117:
 18976 75e8 5F5F494E 		.ascii	"__INT64_C(c) c ## LL\000"
 18976      5436345F 
ARM GAS  /var/folders/65/xyhbx3_n6nd_hs7j3p9nfwv80000gn/T//ccls3DQP.s 			page 422


 18976      43286329 
 18976      20632023 
 18976      23204C4C 
 18977              	.LASF1492:
 18978 75fd 73657474 		.ascii	"setter\000"
 18978      657200
 18979              	.LASF1520:
 18980 7604 666C6174 		.ascii	"flat_length\000"
 18980      5F6C656E 
 18980      67746800 
 18981              	.LASF360:
 18982 7610 5F5F4441 		.ascii	"__DA_FBIT__ 31\000"
 18982      5F464249 
 18982      545F5F20 
 18982      333100
 18983              	.LASF200:
 18984 761f 5F5F464C 		.ascii	"__FLT32_MIN__ 1.1754943508222875e-38F32\000"
 18984      5433325F 
 18984      4D494E5F 
 18984      5F20312E 
 18984      31373534 
 18985              	.LASF1217:
 18986 7647 4C4F4E47 		.ascii	"LONG_LONG_MAX\000"
 18986      5F4C4F4E 
 18986      475F4D41 
 18986      5800
 18987              	.LASF1223:
 18988 7655 4A535F53 		.ascii	"JS_STACKSIZE 4096\000"
 18988      5441434B 
 18988      53495A45 
 18988      20343039 
 18988      3600
 18989              	.LASF809:
 18990 7667 5F535953 		.ascii	"_SYS__STDINT_H \000"
 18990      5F5F5354 
 18990      44494E54 
 18990      5F482000 
 18991              	.LASF610:
 18992 7677 5F5F5853 		.ascii	"__XSTRING(x) __STRING(x)\000"
 18992      5452494E 
 18992      47287829 
 18992      205F5F53 
 18992      5452494E 
 18993              	.LASF660:
 18994 7690 5F5F5343 		.ascii	"__SCCSID(s) struct __hack\000"
 18994      43534944 
 18994      28732920 
 18994      73747275 
 18994      6374205F 
 18995              	.LASF1066:
 18996 76aa 5F4C4942 		.ascii	"_LIB_VERSION_TYPE enum __fdlibm_version\000"
 18996      5F564552 
 18996      53494F4E 
 18996      5F545950 
 18996      4520656E 
 18997              	.LASF379:
 18998 76d2 5F5F4743 		.ascii	"__GCC_ATOMIC_BOOL_LOCK_FREE 2\000"
ARM GAS  /var/folders/65/xyhbx3_n6nd_hs7j3p9nfwv80000gn/T//ccls3DQP.s 			page 423


 18998      435F4154 
 18998      4F4D4943 
 18998      5F424F4F 
 18998      4C5F4C4F 
 18999              	.LASF1558:
 19000 76f0 4558505F 		.ascii	"EXP_POSTDEC\000"
 19000      504F5354 
 19000      44454300 
 19001              	.LASF246:
 19002 76fc 5F5F4445 		.ascii	"__DEC64_MAX__ 9.999999999999999E384DD\000"
 19002      4336345F 
 19002      4D41585F 
 19002      5F20392E 
 19002      39393939 
 19003              	.LASF131:
 19004 7722 5F5F494E 		.ascii	"__INT_FAST32_MAX__ 0x7fffffff\000"
 19004      545F4641 
 19004      53543332 
 19004      5F4D4158 
 19004      5F5F2030 
 19005              	.LASF1364:
 19006 7740 5F66696C 		.ascii	"_file\000"
 19006      6500
 19007              	.LASF1363:
 19008 7746 5F666C61 		.ascii	"_flags\000"
 19008      677300
 19009              	.LASF813:
 19010 774d 5F494E54 		.ascii	"_INT16_T_DECLARED \000"
 19010      31365F54 
 19010      5F444543 
 19010      4C415245 
 19010      442000
 19011              	.LASF465:
 19012 7760 5F57414E 		.ascii	"_WANT_IO_LONG_LONG 1\000"
 19012      545F494F 
 19012      5F4C4F4E 
 19012      475F4C4F 
 19012      4E472031 
 19013              	.LASF803:
 19014 7775 5F5F4154 		.ascii	"__ATTRIBUTE_IMPURE_PTR__ \000"
 19014      54524942 
 19014      5554455F 
 19014      494D5055 
 19014      52455F50 
 19015              	.LASF361:
 19016 778f 5F5F4441 		.ascii	"__DA_IBIT__ 32\000"
 19016      5F494249 
 19016      545F5F20 
 19016      333200
 19017              	.LASF1021:
 19018 779e 6D617468 		.ascii	"math_errhandling MATH_ERRNO\000"
 19018      5F657272 
 19018      68616E64 
 19018      6C696E67 
 19018      204D4154 
 19019              	.LASF344:
 19020 77ba 5F5F5451 		.ascii	"__TQ_FBIT__ 127\000"
ARM GAS  /var/folders/65/xyhbx3_n6nd_hs7j3p9nfwv80000gn/T//ccls3DQP.s 			page 424


 19020      5F464249 
 19020      545F5F20 
 19020      31323700 
 19021              	.LASF426:
 19022 77ca 5F5F5646 		.ascii	"__VFP_FP__ 1\000"
 19022      505F4650 
 19022      5F5F2031 
 19022      00
 19023              	.LASF445:
 19024 77d7 5F5F4152 		.ascii	"__ARM_ASM_SYNTAX_UNIFIED__ 1\000"
 19024      4D5F4153 
 19024      4D5F5359 
 19024      4E544158 
 19024      5F554E49 
 19025              	.LASF872:
 19026 77f4 5F494E5F 		.ascii	"_IN_ADDR_T_DECLARED \000"
 19026      41444452 
 19026      5F545F44 
 19026      45434C41 
 19026      52454420 
 19027              	.LASF1362:
 19028 7809 5F5F7346 		.ascii	"__sFILE\000"
 19028      494C4500 
 19029              	.LASF775:
 19030 7811 5F524545 		.ascii	"_REENT_CHECK_MISC(ptr) \000"
 19030      4E545F43 
 19030      4845434B 
 19030      5F4D4953 
 19030      43287074 
 19031              	.LASF1008:
 19032 7829 4E414E20 		.ascii	"NAN (__builtin_nanf(\"\"))\000"
 19032      285F5F62 
 19032      75696C74 
 19032      696E5F6E 
 19032      616E6628 
 19033              	.LASF1626:
 19034 7842 53544D5F 		.ascii	"STM_DEFAULT\000"
 19034      44454641 
 19034      554C5400 
 19035              	.LASF1244:
 19036 784e 646F7562 		.ascii	"double\000"
 19036      6C6500
 19037              	.LASF1358:
 19038 7855 5F666E73 		.ascii	"_fns\000"
 19038      00
 19039              	.LASF1572:
 19040 785a 4558505F 		.ascii	"EXP_ADD\000"
 19040      41444400 
 19041              	.LASF1262:
 19042 7862 6C617374 		.ascii	"lasttoken\000"
 19042      746F6B65 
 19042      6E00
 19043              	.LASF282:
 19044 786c 5F5F554C 		.ascii	"__ULFRACT_IBIT__ 0\000"
 19044      46524143 
 19044      545F4942 
 19044      49545F5F 
ARM GAS  /var/folders/65/xyhbx3_n6nd_hs7j3p9nfwv80000gn/T//ccls3DQP.s 			page 425


 19044      203000
 19045              	.LASF1146:
 19046 787f 44424C5F 		.ascii	"DBL_TRUE_MIN\000"
 19046      54525545 
 19046      5F4D494E 
 19046      00
 19047              	.LASF647:
 19048 788c 5F5F7363 		.ascii	"__scanflike(fmtarg,firstvararg) __attribute__((__fo"
 19048      616E666C 
 19048      696B6528 
 19048      666D7461 
 19048      72672C66 
 19049 78bf 726D6174 		.ascii	"rmat__ (__scanf__, fmtarg, firstvararg)))\000"
 19049      5F5F2028 
 19049      5F5F7363 
 19049      616E665F 
 19049      5F2C2066 
 19050              	.LASF1401:
 19051 78e9 5F5F4649 		.ascii	"__FILE\000"
 19051      4C4500
 19052              	.LASF1427:
 19053 78f0 5F685F65 		.ascii	"_h_errno\000"
 19053      72726E6F 
 19053      00
 19054              	.LASF96:
 19055 78f9 5F5F5349 		.ascii	"__SIG_ATOMIC_MAX__ 0x7fffffff\000"
 19055      475F4154 
 19055      4F4D4943 
 19055      5F4D4158 
 19055      5F5F2030 
 19056              	.LASF413:
 19057 7917 5F5F4152 		.ascii	"__ARM_SIZEOF_WCHAR_T 4\000"
 19057      4D5F5349 
 19057      5A454F46 
 19057      5F574348 
 19057      41525F54 
 19058              	.LASF844:
 19059 792e 5F535953 		.ascii	"_SYS_SELECT_H \000"
 19059      5F53454C 
 19059      4543545F 
 19059      482000
 19060              	.LASF1538:
 19061 793d 4558505F 		.ascii	"EXP_IDENTIFIER\000"
 19061      4944454E 
 19061      54494649 
 19061      455200
 19062              	.LASF1169:
 19063 794c 42435F53 		.ascii	"BC_STRING_MAX 1000\000"
 19063      5452494E 
 19063      475F4D41 
 19063      58203130 
 19063      303000
 19064              	.LASF926:
 19065 795f 5F5F5345 		.ascii	"__SEOF 0x0020\000"
 19065      4F462030 
 19065      78303032 
 19065      3000
ARM GAS  /var/folders/65/xyhbx3_n6nd_hs7j3p9nfwv80000gn/T//ccls3DQP.s 			page 426


 19066              	.LASF22:
 19067 796d 5F5F5349 		.ascii	"__SIZEOF_DOUBLE__ 8\000"
 19067      5A454F46 
 19067      5F444F55 
 19067      424C455F 
 19067      5F203800 
 19068              	.LASF137:
 19069 7981 5F5F5549 		.ascii	"__UINT_FAST32_MAX__ 0xffffffffU\000"
 19069      4E545F46 
 19069      41535433 
 19069      325F4D41 
 19069      585F5F20 
 19070              	.LASF181:
 19071 79a1 5F5F4C44 		.ascii	"__LDBL_MAX_EXP__ 1024\000"
 19071      424C5F4D 
 19071      41585F45 
 19071      58505F5F 
 19071      20313032 
 19072              	.LASF838:
 19073 79b7 5F5F6273 		.ascii	"__bswap32(_x) __builtin_bswap32(_x)\000"
 19073      77617033 
 19073      32285F78 
 19073      29205F5F 
 19073      6275696C 
 19074              	.LASF729:
 19075 79db 5F5F4C4F 		.ascii	"__LOCK_INIT_RECURSIVE(class,lock) __LOCK_INIT(class"
 19075      434B5F49 
 19075      4E49545F 
 19075      52454355 
 19075      52534956 
 19076 7a0e 2C6C6F63 		.ascii	",lock)\000"
 19076      6B2900
 19077              	.LASF1450:
 19078 7a15 70726F70 		.ascii	"properties\000"
 19078      65727469 
 19078      657300
 19079              	.LASF853:
 19080 7a20 74696D65 		.ascii	"timercmp(tvp,uvp,cmp) (((tvp)->tv_sec == (uvp)->tv_"
 19080      72636D70 
 19080      28747670 
 19080      2C757670 
 19080      2C636D70 
 19081 7a53 73656329 		.ascii	"sec) ? ((tvp)->tv_usec cmp (uvp)->tv_usec) : ((tvp)"
 19081      203F2028 
 19081      28747670 
 19081      292D3E74 
 19081      765F7573 
 19082 7a86 2D3E7476 		.ascii	"->tv_sec cmp (uvp)->tv_sec))\000"
 19082      5F736563 
 19082      20636D70 
 19082      20287576 
 19082      70292D3E 
 19083              	.LASF707:
 19084 7aa3 5F425344 		.ascii	"_BSD_WCHAR_T_ \000"
 19084      5F574348 
 19084      41525F54 
 19084      5F2000
ARM GAS  /var/folders/65/xyhbx3_n6nd_hs7j3p9nfwv80000gn/T//ccls3DQP.s 			page 427


 19085              	.LASF1256:
 19086 7ab2 66696C65 		.ascii	"filename\000"
 19086      6E616D65 
 19086      00
 19087              	.LASF497:
 19088 7abb 5F5F4C41 		.ascii	"__LARGEFILE_VISIBLE 0\000"
 19088      52474546 
 19088      494C455F 
 19088      56495349 
 19088      424C4520 
 19089              	.LASF762:
 19090 7ad1 5F52414E 		.ascii	"_RAND48_ADD (0x000b)\000"
 19090      4434385F 
 19090      41444420 
 19090      28307830 
 19090      30306229 
 19091              	.LASF1439:
 19092 7ae6 5F5F6664 		.ascii	"__fdlibm_xopen\000"
 19092      6C69626D 
 19092      5F786F70 
 19092      656E00
 19093              	.LASF687:
 19094 7af5 5F535444 		.ascii	"_STDDEF_H \000"
 19094      4445465F 
 19094      482000
 19095              	.LASF894:
 19096 7b00 5F535349 		.ascii	"_SSIZE_T_DECLARED \000"
 19096      5A455F54 
 19096      5F444543 
 19096      4C415245 
 19096      442000
 19097              	.LASF1178:
 19098 7b13 5F4C494D 		.ascii	"_LIMITS_H___ \000"
 19098      4954535F 
 19098      485F5F5F 
 19098      2000
 19099              	.LASF756:
 19100 7b21 5F52414E 		.ascii	"_RAND48_SEED_0 (0x330e)\000"
 19100      4434385F 
 19100      53454544 
 19100      5F302028 
 19100      30783333 
 19101              	.LASF929:
 19102 7b39 5F5F5341 		.ascii	"__SAPP 0x0100\000"
 19102      50502030 
 19102      78303130 
 19102      3000
 19103              	.LASF1045:
 19104 7b47 4D5F4C4F 		.ascii	"M_LOG2E 1.4426950408889634074\000"
 19104      47324520 
 19104      312E3434 
 19104      32363935 
 19104      30343038 
 19105              	.LASF1561:
 19106 7b65 4558505F 		.ascii	"EXP_TYPEOF\000"
 19106      54595045 
 19106      4F4600
ARM GAS  /var/folders/65/xyhbx3_n6nd_hs7j3p9nfwv80000gn/T//ccls3DQP.s 			page 428


 19107              	.LASF91:
 19108 7b70 5F5F494E 		.ascii	"__INTMAX_MAX__ 0x7fffffffffffffffLL\000"
 19108      544D4158 
 19108      5F4D4158 
 19108      5F5F2030 
 19108      78376666 
 19109              	.LASF597:
 19110 7b94 5F5F474E 		.ascii	"__GNUCLIKE_MATH_BUILTIN_RELOPS \000"
 19110      55434C49 
 19110      4B455F4D 
 19110      4154485F 
 19110      4255494C 
 19111              	.LASF1571:
 19112 7bb4 4558505F 		.ascii	"EXP_SUB\000"
 19112      53554200 
 19113              	.LASF1122:
 19114 7bbc 4C44424C 		.ascii	"LDBL_EPSILON __LDBL_EPSILON__\000"
 19114      5F455053 
 19114      494C4F4E 
 19114      205F5F4C 
 19114      44424C5F 
 19115              	.LASF35:
 19116 7bda 5F5F5743 		.ascii	"__WCHAR_TYPE__ unsigned int\000"
 19116      4841525F 
 19116      54595045 
 19116      5F5F2075 
 19116      6E736967 
 19117              	.LASF1526:
 19118 7bf6 64617461 		.ascii	"data\000"
 19118      00
 19119              	.LASF85:
 19120 7bfb 5F5F4C4F 		.ascii	"__LONG_WIDTH__ 32\000"
 19120      4E475F57 
 19120      49445448 
 19120      5F5F2033 
 19120      3200
 19121              	.LASF785:
 19122 7c0d 5F524545 		.ascii	"_REENT_MP_FREELIST(ptr) ((ptr)->_freelist)\000"
 19122      4E545F4D 
 19122      505F4652 
 19122      45454C49 
 19122      53542870 
 19123              	.LASF15:
 19124 7c38 5F5F4F50 		.ascii	"__OPTIMIZE__ 1\000"
 19124      54494D49 
 19124      5A455F5F 
 19124      203100
 19125              	.LASF612:
 19126 7c47 5F5F7369 		.ascii	"__signed signed\000"
 19126      676E6564 
 19126      20736967 
 19126      6E656400 
 19127              	.LASF1651:
 19128 7c57 6A735F70 		.ascii	"js_putc\000"
 19128      75746300 
 19129              	.LASF1332:
 19130 7c5f 5F5F7661 		.ascii	"__value\000"
ARM GAS  /var/folders/65/xyhbx3_n6nd_hs7j3p9nfwv80000gn/T//ccls3DQP.s 			page 429


 19130      6C756500 
 19131              	.LASF482:
 19132 7c67 5F535953 		.ascii	"_SYS_FEATURES_H \000"
 19132      5F464541 
 19132      54555245 
 19132      535F4820 
 19132      00
 19133              	.LASF1607:
 19134 7c78 53544D5F 		.ascii	"STM_EMPTY\000"
 19134      454D5054 
 19134      5900
 19135              	.LASF416:
 19136 7c82 5F5F6172 		.ascii	"__arm__ 1\000"
 19136      6D5F5F20 
 19136      3100
 19137              	.LASF878:
 19138 7c8c 5F425344 		.ascii	"_BSDTYPES_DEFINED \000"
 19138      54595045 
 19138      535F4445 
 19138      46494E45 
 19138      442000
 19139              	.LASF1656:
 19140 7c9f 6A735F70 		.ascii	"js_puts\000"
 19140      75747300 
 19141              	.LASF1640:
 19142 7ca7 72657072 		.ascii	"reprnum\000"
 19142      6E756D00 
 19143              	.LASF637:
 19144 7caf 5F5F7265 		.ascii	"__restrict restrict\000"
 19144      73747269 
 19144      63742072 
 19144      65737472 
 19144      69637400 
 19145              	.LASF875:
 19146 7cc3 5F5F755F 		.ascii	"__u_short_defined \000"
 19146      73686F72 
 19146      745F6465 
 19146      66696E65 
 19146      642000
 19147              	.LASF1532:
 19148 7cd6 69746572 		.ascii	"iter\000"
 19148      00
 19149              	.LASF1117:
 19150 7cdb 464C545F 		.ascii	"FLT_EPSILON\000"
 19150      45505349 
 19150      4C4F4E00 
 19151              	.LASF1334:
 19152 7ce7 5F666C6F 		.ascii	"_flock_t\000"
 19152      636B5F74 
 19152      00
 19153              	.LASF977:
 19154 7cf0 5F5F6E65 		.ascii	"__need_wchar_t \000"
 19154      65645F77 
 19154      63686172 
 19154      5F742000 
 19155              	.LASF740:
 19156 7d00 5F5F7369 		.ascii	"__size_t\000"
ARM GAS  /var/folders/65/xyhbx3_n6nd_hs7j3p9nfwv80000gn/T//ccls3DQP.s 			page 430


 19156      7A655F74 
 19156      00
 19157              	.LASF632:
 19158 7d09 5F5F6E6F 		.ascii	"__nonnull_all __attribute__((__nonnull__))\000"
 19158      6E6E756C 
 19158      6C5F616C 
 19158      6C205F5F 
 19158      61747472 
 19159              	.LASF1392:
 19160 7d34 5F703573 		.ascii	"_p5s\000"
 19160      00
 19161              	.LASF13:
 19162 7d39 5F5F4154 		.ascii	"__ATOMIC_ACQ_REL 4\000"
 19162      4F4D4943 
 19162      5F414351 
 19162      5F52454C 
 19162      203400
 19163              	.LASF1095:
 19164 7d4c 4C44424C 		.ascii	"LDBL_MIN_10_EXP\000"
 19164      5F4D494E 
 19164      5F31305F 
 19164      45585000 
 19165              	.LASF1369:
 19166 7d5c 5F736565 		.ascii	"_seek\000"
 19166      6B00
 19167              	.LASF624:
 19168 7d62 5F5F616C 		.ascii	"__alloc_align(x) __attribute__((__alloc_align__(x))"
 19168      6C6F635F 
 19168      616C6967 
 19168      6E287829 
 19168      205F5F61 
 19169 7d95 2900     		.ascii	")\000"
 19170              	.LASF704:
 19171 7d97 5F545F57 		.ascii	"_T_WCHAR \000"
 19171      43484152 
 19171      2000
 19172              	.LASF473:
 19173 7da1 5F465657 		.ascii	"_FVWRITE_IN_STREAMIO 1\000"
 19173      52495445 
 19173      5F494E5F 
 19173      53545245 
 19173      414D494F 
 19174              	.LASF560:
 19175 7db8 5F53495A 		.ascii	"_SIZET_ \000"
 19175      45545F20 
 19175      00
 19176              	.LASF42:
 19177 7dc1 5F5F494E 		.ascii	"__INT8_TYPE__ signed char\000"
 19177      54385F54 
 19177      5950455F 
 19177      5F207369 
 19177      676E6564 
 19178              	.LASF188:
 19179 7ddb 5F5F4C44 		.ascii	"__LDBL_DENORM_MIN__ 4.9406564584124654e-324L\000"
 19179      424C5F44 
 19179      454E4F52 
 19179      4D5F4D49 
ARM GAS  /var/folders/65/xyhbx3_n6nd_hs7j3p9nfwv80000gn/T//ccls3DQP.s 			page 431


 19179      4E5F5F20 
 19180              	.LASF1118:
 19181 7e08 44424C5F 		.ascii	"DBL_EPSILON\000"
 19181      45505349 
 19181      4C4F4E00 
 19182              	.LASF1635:
 19183 7e14 72657072 		.ascii	"reprfun\000"
 19183      66756E00 
 19184              	.LASF378:
 19185 7e1c 5F5F4743 		.ascii	"__GCC_HAVE_SYNC_COMPARE_AND_SWAP_4 1\000"
 19185      435F4841 
 19185      56455F53 
 19185      594E435F 
 19185      434F4D50 
 19186              	.LASF1093:
 19187 7e41 464C545F 		.ascii	"FLT_MIN_10_EXP\000"
 19187      4D494E5F 
 19187      31305F45 
 19187      585000
 19188              	.LASF642:
 19189 7e50 5F5F6869 		.ascii	"__hidden __attribute__((__visibility__(\"hidden\"))"
 19189      6464656E 
 19189      205F5F61 
 19189      74747269 
 19189      62757465 
 19190 7e81 2900     		.ascii	")\000"
 19191              	.LASF958:
 19192 7e83 66726F70 		.ascii	"fropen(__cookie,__fn) funopen(__cookie, __fn, (int "
 19192      656E285F 
 19192      5F636F6F 
 19192      6B69652C 
 19192      5F5F666E 
 19193 7eb6 282A2928 		.ascii	"(*)())0, (fpos_t (*)())0, (int (*)())0)\000"
 19193      2929302C 
 19193      20286670 
 19193      6F735F74 
 19193      20282A29 
 19194              	.LASF688:
 19195 7ede 5F535444 		.ascii	"_STDDEF_H_ \000"
 19195      4445465F 
 19195      485F2000 
 19196              	.LASF492:
 19197 7eea 5F415446 		.ascii	"_ATFILE_SOURCE 1\000"
 19197      494C455F 
 19197      534F5552 
 19197      43452031 
 19197      00
 19198              	.LASF504:
 19199 7efb 5F5F5241 		.ascii	"__RAND_MAX\000"
 19199      4E445F4D 
 19199      415800
 19200              	.LASF965:
 19201 7f06 5F5F7366 		.ascii	"__sfileno(p) ((p)->_file)\000"
 19201      696C656E 
 19201      6F287029 
 19201      20282870 
 19201      292D3E5F 
ARM GAS  /var/folders/65/xyhbx3_n6nd_hs7j3p9nfwv80000gn/T//ccls3DQP.s 			page 432


 19202              	.LASF1486:
 19203 7f20 6C656674 		.ascii	"left\000"
 19203      00
 19204              	.LASF1071:
 19205 7f25 5F504F53 		.ascii	"_POSIX_ __fdlibm_posix\000"
 19205      49585F20 
 19205      5F5F6664 
 19205      6C69626D 
 19205      5F706F73 
 19206              	.LASF484:
 19207 7f3c 5F5F474E 		.ascii	"__GNUC_PREREQ__(ma,mi) __GNUC_PREREQ(ma, mi)\000"
 19207      55435F50 
 19207      52455245 
 19207      515F5F28 
 19207      6D612C6D 
 19208              	.LASF309:
 19209 7f69 5F5F4143 		.ascii	"__ACCUM_MAX__ 0X7FFFFFFFP-15K\000"
 19209      43554D5F 
 19209      4D41585F 
 19209      5F203058 
 19209      37464646 
 19210              	.LASF902:
 19211 7f87 5F535953 		.ascii	"_SYS__PTHREADTYPES_H_ \000"
 19211      5F5F5054 
 19211      48524541 
 19211      44545950 
 19211      45535F48 
 19212              	.LASF1084:
 19213 7f9e 464C545F 		.ascii	"FLT_DIG __FLT_DIG__\000"
 19213      44494720 
 19213      5F5F464C 
 19213      545F4449 
 19213      475F5F00 
 19214              	.LASF209:
 19215 7fb2 5F5F464C 		.ascii	"__FLT64_MIN_EXP__ (-1021)\000"
 19215      5436345F 
 19215      4D494E5F 
 19215      4558505F 
 19215      5F20282D 
 19216              	.LASF60:
 19217 7fcc 5F5F494E 		.ascii	"__INT_FAST32_TYPE__ int\000"
 19217      545F4641 
 19217      53543332 
 19217      5F545950 
 19217      455F5F20 
 19218              	.LASF1577:
 19219 7fe4 4558505F 		.ascii	"EXP_INSTANCEOF\000"
 19219      494E5354 
 19219      414E4345 
 19219      4F4600
 19220              	.LASF1181:
 19221 7ff3 53434841 		.ascii	"SCHAR_MIN\000"
 19221      525F4D49 
 19221      4E00
 19222              	.LASF666:
 19223 7ffd 5F4E756C 		.ascii	"_Nullable \000"
 19223      6C61626C 
ARM GAS  /var/folders/65/xyhbx3_n6nd_hs7j3p9nfwv80000gn/T//ccls3DQP.s 			page 433


 19223      652000
 19224              	.LASF959:
 19225 8008 66776F70 		.ascii	"fwopen(__cookie,__fn) funopen(__cookie, (int (*)())"
 19225      656E285F 
 19225      5F636F6F 
 19225      6B69652C 
 19225      5F5F666E 
 19226 803b 302C205F 		.ascii	"0, __fn, (fpos_t (*)())0, (int (*)())0)\000"
 19226      5F666E2C 
 19226      20286670 
 19226      6F735F74 
 19226      20282A29 
 19227              	.LASF436:
 19228 8063 5F5F4152 		.ascii	"__ARM_NEON__\000"
 19228      4D5F4E45 
 19228      4F4E5F5F 
 19228      00
 19229              	.LASF512:
 19230 8070 5F4E4F54 		.ascii	"_NOTHROW \000"
 19230      48524F57 
 19230      2000
 19231              	.LASF601:
 19232 807a 5F5F4343 		.ascii	"__CC_SUPPORTS___INLINE__ 1\000"
 19232      5F535550 
 19232      504F5254 
 19232      535F5F5F 
 19232      494E4C49 
 19233              	.LASF1601:
 19234 8095 4558505F 		.ascii	"EXP_ASS_BITAND\000"
 19234      4153535F 
 19234      42495441 
 19234      4E4400
 19235              	.LASF955:
 19236 80a4 5F737464 		.ascii	"_stdout_r(x) ((x)->_stdout)\000"
 19236      6F75745F 
 19236      72287829 
 19236      20282878 
 19236      292D3E5F 
 19237              	.LASF515:
 19238 80c0 5F454C49 		.ascii	"_ELIDABLE_INLINE static __inline__\000"
 19238      4441424C 
 19238      455F494E 
 19238      4C494E45 
 19238      20737461 
 19239              	.LASF1253:
 19240 80e3 73747269 		.ascii	"strings\000"
 19240      6E677300 
 19241              	.LASF1170:
 19242 80eb 434F4C4C 		.ascii	"COLL_WEIGHTS_MAX 0\000"
 19242      5F574549 
 19242      47485453 
 19242      5F4D4158 
 19242      203000
 19243              	.LASF1054:
 19244 80fe 4D5F325F 		.ascii	"M_2_SQRTPI 1.12837916709551257390\000"
 19244      53515254 
 19244      50492031 
ARM GAS  /var/folders/65/xyhbx3_n6nd_hs7j3p9nfwv80000gn/T//ccls3DQP.s 			page 434


 19244      2E313238 
 19244      33373931 
 19245              	.LASF1199:
 19246 8120 494E545F 		.ascii	"INT_MAX\000"
 19246      4D415800 
 19247              	.LASF754:
 19248 8128 5F524545 		.ascii	"_REENT_INIT_ATEXIT _NULL, _ATEXIT_INIT,\000"
 19248      4E545F49 
 19248      4E49545F 
 19248      41544558 
 19248      4954205F 
 19249              	.LASF765:
 19250 8150 5F524545 		.ascii	"_REENT_SIGNAL_SIZE 24\000"
 19250      4E545F53 
 19250      49474E41 
 19250      4C5F5349 
 19250      5A452032 
 19251              	.LASF723:
 19252 8166 5F535953 		.ascii	"_SYS_REENT_H_ \000"
 19252      5F524545 
 19252      4E545F48 
 19252      5F2000
 19253              	.LASF223:
 19254 8175 5F5F464C 		.ascii	"__FLT32X_MIN_EXP__ (-1021)\000"
 19254      54333258 
 19254      5F4D494E 
 19254      5F455850 
 19254      5F5F2028 
 19255              	.LASF1632:
 19256 8190 6A735F74 		.ascii	"js_torepr\000"
 19256      6F726570 
 19256      7200
 19257              	.LASF695:
 19258 819a 5F425344 		.ascii	"_BSD_PTRDIFF_T_ \000"
 19258      5F505452 
 19258      44494646 
 19258      5F545F20 
 19258      00
 19259              	.LASF705:
 19260 81ab 5F5F5743 		.ascii	"__WCHAR_T \000"
 19260      4841525F 
 19260      542000
 19261              	.LASF602:
 19262 81b6 5F5F4343 		.ascii	"__CC_SUPPORTS___FUNC__ 1\000"
 19262      5F535550 
 19262      504F5254 
 19262      535F5F5F 
 19262      46554E43 
 19263              	.LASF414:
 19264 81cf 5F5F4152 		.ascii	"__ARM_ARCH_PROFILE\000"
 19264      4D5F4152 
 19264      43485F50 
 19264      524F4649 
 19264      4C4500
 19265              	.LASF874:
 19266 81e2 5F5F755F 		.ascii	"__u_char_defined \000"
 19266      63686172 
ARM GAS  /var/folders/65/xyhbx3_n6nd_hs7j3p9nfwv80000gn/T//ccls3DQP.s 			page 435


 19266      5F646566 
 19266      696E6564 
 19266      2000
 19267              	.LASF317:
 19268 81f4 5F5F4C41 		.ascii	"__LACCUM_IBIT__ 32\000"
 19268      4343554D 
 19268      5F494249 
 19268      545F5F20 
 19268      333200
 19269              	.LASF1669:
 19270 8207 6A735F74 		.ascii	"js_tonumber\000"
 19270      6F6E756D 
 19270      62657200 
 19271              	.LASF1179:
 19272 8213 43484152 		.ascii	"CHAR_BIT\000"
 19272      5F424954 
 19272      00
 19273              	.LASF245:
 19274 821c 5F5F4445 		.ascii	"__DEC64_MIN__ 1E-383DD\000"
 19274      4336345F 
 19274      4D494E5F 
 19274      5F203145 
 19274      2D333833 
 19275              	.LASF111:
 19276 8233 5F5F494E 		.ascii	"__INT16_C(c) c\000"
 19276      5431365F 
 19276      43286329 
 19276      206300
 19277              	.LASF696:
 19278 8242 5F5F5F69 		.ascii	"___int_ptrdiff_t_h \000"
 19278      6E745F70 
 19278      74726469 
 19278      66665F74 
 19278      5F682000 
 19279              	.LASF888:
 19280 8256 5F4F4646 		.ascii	"_OFF_T_DECLARED \000"
 19280      5F545F44 
 19280      45434C41 
 19280      52454420 
 19280      00
 19281              	.LASF1015:
 19282 8267 46505F53 		.ascii	"FP_SUBNORMAL 3\000"
 19282      55424E4F 
 19282      524D414C 
 19282      203300
 19283              	.LASF574:
 19284 8276 5F5F6174 		.ascii	"__attribute_format_strfmon__(a,b) \000"
 19284      74726962 
 19284      7574655F 
 19284      666F726D 
 19284      61745F73 
 19285              	.LASF733:
 19286 8299 5F5F6C6F 		.ascii	"__lock_close_recursive(lock) __retarget_lock_close_"
 19286      636B5F63 
 19286      6C6F7365 
 19286      5F726563 
 19286      75727369 
ARM GAS  /var/folders/65/xyhbx3_n6nd_hs7j3p9nfwv80000gn/T//ccls3DQP.s 			page 436


 19287 82cc 72656375 		.ascii	"recursive(lock)\000"
 19287      72736976 
 19287      65286C6F 
 19287      636B2900 
 19288              	.LASF1323:
 19289 82dc 6C6F6E67 		.ascii	"long long unsigned int\000"
 19289      206C6F6E 
 19289      6720756E 
 19289      7369676E 
 19289      65642069 
 19290              	.LASF1623:
 19291 82f3 53544D5F 		.ascii	"STM_DEBUGGER\000"
 19291      44454255 
 19291      47474552 
 19291      00
 19292              	.LASF1456:
 19293 8300 70617265 		.ascii	"parent\000"
 19293      6E7400
 19294              	.LASF535:
 19295 8307 5F5F6861 		.ascii	"__have_long32 1\000"
 19295      76655F6C 
 19295      6F6E6733 
 19295      32203100 
 19296              	.LASF1165:
 19297 8317 494F565F 		.ascii	"IOV_MAX 1024\000"
 19297      4D415820 
 19297      31303234 
 19297      00
 19298              	.LASF103:
 19299 8324 5F5F5549 		.ascii	"__UINT8_MAX__ 0xff\000"
 19299      4E54385F 
 19299      4D41585F 
 19299      5F203078 
 19299      666600
 19300              	.LASF913:
 19301 8337 5F505448 		.ascii	"_PTHREAD_MUTEX_INITIALIZER ((pthread_mutex_t) 0xFFF"
 19301      52454144 
 19301      5F4D5554 
 19301      45585F49 
 19301      4E495449 
 19302 836a 46464646 		.ascii	"FFFFF)\000"
 19302      462900
 19303              	.LASF1132:
 19304 8371 44454349 		.ascii	"DECIMAL_DIG __DECIMAL_DIG__\000"
 19304      4D414C5F 
 19304      44494720 
 19304      5F5F4445 
 19304      43494D41 
 19305              	.LASF928:
 19306 838d 5F5F534D 		.ascii	"__SMBF 0x0080\000"
 19306      42462030 
 19306      78303038 
 19306      3000
 19307              	.LASF1595:
 19308 839b 4558505F 		.ascii	"EXP_ASS_MOD\000"
 19308      4153535F 
 19308      4D4F4400 
ARM GAS  /var/folders/65/xyhbx3_n6nd_hs7j3p9nfwv80000gn/T//ccls3DQP.s 			page 437


 19309              	.LASF1569:
 19310 83a7 4558505F 		.ascii	"EXP_DIV\000"
 19310      44495600 
 19311              	.LASF912:
 19312 83af 50544852 		.ascii	"PTHREAD_CREATE_JOINABLE 1\000"
 19312      4541445F 
 19312      43524541 
 19312      54455F4A 
 19312      4F494E41 
 19313              	.LASF1413:
 19314 83c9 5F67616D 		.ascii	"_gamma_signgam\000"
 19314      6D615F73 
 19314      69676E67 
 19314      616D00
 19315              	.LASF1539:
 19316 83d8 4558505F 		.ascii	"EXP_NUMBER\000"
 19316      4E554D42 
 19316      455200
 19317              	.LASF796:
 19318 83e3 5F524545 		.ascii	"_REENT_WCRTOMB_STATE(ptr) ((ptr)->_new._reent._wcrt"
 19318      4E545F57 
 19318      4352544F 
 19318      4D425F53 
 19318      54415445 
 19319 8416 6F6D625F 		.ascii	"omb_state)\000"
 19319      73746174 
 19319      652900
 19320              	.LASF582:
 19321 8421 5F5F4245 		.ascii	"__BEGIN_DECLS \000"
 19321      47494E5F 
 19321      4445434C 
 19321      532000
 19322              	.LASF1018:
 19323 8430 46505F49 		.ascii	"FP_ILOGBNAN __INT_MAX__\000"
 19323      4C4F4742 
 19323      4E414E20 
 19323      5F5F494E 
 19323      545F4D41 
 19324              	.LASF1604:
 19325 8448 4558505F 		.ascii	"EXP_COMMA\000"
 19325      434F4D4D 
 19325      4100
 19326              	.LASF1554:
 19327 8452 4558505F 		.ascii	"EXP_MEMBER\000"
 19327      4D454D42 
 19327      455200
 19328              	.LASF755:
 19329 845d 5F524545 		.ascii	"_REENT_SMALL_CHECK_INIT(ptr) \000"
 19329      4E545F53 
 19329      4D414C4C 
 19329      5F434845 
 19329      434B5F49 
 19330              	.LASF1214:
 19331 847b 554C4C4F 		.ascii	"ULLONG_MAX (LLONG_MAX * 2ULL + 1ULL)\000"
 19331      4E475F4D 
 19331      41582028 
 19331      4C4C4F4E 
ARM GAS  /var/folders/65/xyhbx3_n6nd_hs7j3p9nfwv80000gn/T//ccls3DQP.s 			page 438


 19331      475F4D41 
 19332              	.LASF213:
 19333 84a0 5F5F464C 		.ascii	"__FLT64_DECIMAL_DIG__ 17\000"
 19333      5436345F 
 19333      44454349 
 19333      4D414C5F 
 19333      4449475F 
 19334              	.LASF141:
 19335 84b9 5F5F5549 		.ascii	"__UINTPTR_MAX__ 0xffffffffU\000"
 19335      4E545054 
 19335      525F4D41 
 19335      585F5F20 
 19335      30786666 
 19336              	.LASF404:
 19337 84d5 5F5F4152 		.ascii	"__ARM_FEATURE_COMPLEX\000"
 19337      4D5F4645 
 19337      41545552 
 19337      455F434F 
 19337      4D504C45 
 19338              	.LASF996:
 19339 84eb 5F56415F 		.ascii	"_VA_LIST \000"
 19339      4C495354 
 19339      2000
 19340              	.LASF1289:
 19341 84f5 6763636F 		.ascii	"gccounter\000"
 19341      756E7465 
 19341      7200
 19342              	.LASF1627:
 19343 84ff 6A735F4A 		.ascii	"js_JumpList\000"
 19343      756D704C 
 19343      69737400 
 19344              	.LASF260:
 19345 850b 5F5F5346 		.ascii	"__SFRACT_EPSILON__ 0x1P-7HR\000"
 19345      52414354 
 19345      5F455053 
 19345      494C4F4E 
 19345      5F5F2030 
 19346              	.LASF14:
 19347 8527 5F5F4154 		.ascii	"__ATOMIC_CONSUME 1\000"
 19347      4F4D4943 
 19347      5F434F4E 
 19347      53554D45 
 19347      203100
 19348              	.LASF617:
 19349 853a 5F5F756E 		.ascii	"__unused __attribute__((__unused__))\000"
 19349      75736564 
 19349      205F5F61 
 19349      74747269 
 19349      62757465 
 19350              	.LASF156:
 19351 855f 5F5F464C 		.ascii	"__FLT_MIN__ 1.1754943508222875e-38F\000"
 19351      545F4D49 
 19351      4E5F5F20 
 19351      312E3137 
 19351      35343934 
 19352              	.LASF51:
 19353 8583 5F5F494E 		.ascii	"__INT_LEAST16_TYPE__ short int\000"
ARM GAS  /var/folders/65/xyhbx3_n6nd_hs7j3p9nfwv80000gn/T//ccls3DQP.s 			page 439


 19353      545F4C45 
 19353      41535431 
 19353      365F5459 
 19353      50455F5F 
 19354              	.LASF1231:
 19355 85a2 6A735F75 		.ascii	"js_utf_h \000"
 19355      74665F68 
 19355      2000
 19356              	.LASF57:
 19357 85ac 5F5F5549 		.ascii	"__UINT_LEAST64_TYPE__ long long unsigned int\000"
 19357      4E545F4C 
 19357      45415354 
 19357      36345F54 
 19357      5950455F 
 19358              	.LASF674:
 19359 85d9 5F5F6C6F 		.ascii	"__locks_exclusive(...) __lock_annotate(exclusive_lo"
 19359      636B735F 
 19359      6578636C 
 19359      75736976 
 19359      65282E2E 
 19360 860c 636B5F66 		.ascii	"ck_function(__VA_ARGS__))\000"
 19360      756E6374 
 19360      696F6E28 
 19360      5F5F5641 
 19360      5F415247 
 19361              	.LASF261:
 19362 8626 5F5F5553 		.ascii	"__USFRACT_FBIT__ 8\000"
 19362      46524143 
 19362      545F4642 
 19362      49545F5F 
 19362      203800
 19363              	.LASF887:
 19364 8639 5F494E4F 		.ascii	"_INO_T_DECLARED \000"
 19364      5F545F44 
 19364      45434C41 
 19364      52454420 
 19364      00
 19365              	.LASF839:
 19366 864a 5F5F6273 		.ascii	"__bswap64(_x) __builtin_bswap64(_x)\000"
 19366      77617036 
 19366      34285F78 
 19366      29205F5F 
 19366      6275696C 
 19367              	.LASF1307:
 19368 866e 6A735F46 		.ascii	"js_Finalize\000"
 19368      696E616C 
 19368      697A6500 
 19369              	.LASF383:
 19370 867a 5F5F4743 		.ascii	"__GCC_ATOMIC_WCHAR_T_LOCK_FREE 2\000"
 19370      435F4154 
 19370      4F4D4943 
 19370      5F574348 
 19370      41525F54 
 19371              	.LASF899:
 19372 869b 5F5F7469 		.ascii	"__timer_t_defined \000"
 19372      6D65725F 
 19372      745F6465 
ARM GAS  /var/folders/65/xyhbx3_n6nd_hs7j3p9nfwv80000gn/T//ccls3DQP.s 			page 440


 19372      66696E65 
 19372      642000
 19373              	.LASF395:
 19374 86ae 5F5F5349 		.ascii	"__SIZEOF_PTRDIFF_T__ 4\000"
 19374      5A454F46 
 19374      5F505452 
 19374      44494646 
 19374      5F545F5F 
 19375              	.LASF1434:
 19376 86c5 5F676C6F 		.ascii	"_global_impure_ptr\000"
 19376      62616C5F 
 19376      696D7075 
 19376      72655F70 
 19376      747200
 19377              	.LASF1386:
 19378 86d8 5F756E73 		.ascii	"_unspecified_locale_info\000"
 19378      70656369 
 19378      66696564 
 19378      5F6C6F63 
 19378      616C655F 
 19379              	.LASF538:
 19380 86f1 5F5F5F69 		.ascii	"___int32_t_defined 1\000"
 19380      6E743332 
 19380      5F745F64 
 19380      6566696E 
 19380      65642031 
 19381              	.LASF1522:
 19382 8706 61727261 		.ascii	"array\000"
 19382      7900
 19383              	.LASF1478:
 19384 870c 76617269 		.ascii	"variables\000"
 19384      61626C65 
 19384      7300
 19385              	.LASF817:
 19386 8716 5F55494E 		.ascii	"_UINT32_T_DECLARED \000"
 19386      5433325F 
 19386      545F4445 
 19386      434C4152 
 19386      45442000 
 19387              	.LASF919:
 19388 872a 5F666C6F 		.ascii	"_flockfile(fp) (((fp)->_flags & __SSTR) ? 0 : __loc"
 19388      636B6669 
 19388      6C652866 
 19388      70292028 
 19388      28286670 
 19389 875d 6B5F6163 		.ascii	"k_acquire_recursive((fp)->_lock))\000"
 19389      71756972 
 19389      655F7265 
 19389      63757273 
 19389      69766528 
 19390              	.LASF997:
 19391 877f 5F56415F 		.ascii	"_VA_LIST_T_H \000"
 19391      4C495354 
 19391      5F545F48 
 19391      2000
 19392              	.LASF234:
 19393 878d 5F5F464C 		.ascii	"__FLT32X_HAS_QUIET_NAN__ 1\000"
ARM GAS  /var/folders/65/xyhbx3_n6nd_hs7j3p9nfwv80000gn/T//ccls3DQP.s 			page 441


 19393      54333258 
 19393      5F484153 
 19393      5F515549 
 19393      45545F4E 
 19394              	.LASF1442:
 19395 87a8 6A735F56 		.ascii	"js_Value\000"
 19395      616C7565 
 19395      00
 19396              	.LASF491:
 19397 87b1 5F415446 		.ascii	"_ATFILE_SOURCE\000"
 19397      494C455F 
 19397      534F5552 
 19397      434500
 19398              	.LASF1041:
 19399 87c0 544C4F53 		.ascii	"TLOSS 5\000"
 19399      53203500 
 19400              	.LASF308:
 19401 87c8 5F5F4143 		.ascii	"__ACCUM_MIN__ (-0X1P15K-0X1P15K)\000"
 19401      43554D5F 
 19401      4D494E5F 
 19401      5F20282D 
 19401      30583150 
 19402              	.LASF56:
 19403 87e9 5F5F5549 		.ascii	"__UINT_LEAST32_TYPE__ long unsigned int\000"
 19403      4E545F4C 
 19403      45415354 
 19403      33325F54 
 19403      5950455F 
 19404              	.LASF1521:
 19405 8811 666C6174 		.ascii	"flat_capacity\000"
 19405      5F636170 
 19405      61636974 
 19405      7900
 19406              	.LASF1388:
 19407 881f 5F5F7364 		.ascii	"__sdidinit\000"
 19407      6964696E 
 19407      697400
 19408              	.LASF1299:
 19409 882a 656E7673 		.ascii	"envstack\000"
 19409      7461636B 
 19409      00
 19410              	.LASF165:
 19411 8833 5F5F4442 		.ascii	"__DBL_MIN_EXP__ (-1021)\000"
 19411      4C5F4D49 
 19411      4E5F4558 
 19411      505F5F20 
 19411      282D3130 
 19412              	.LASF641:
 19413 884b 5F5F6578 		.ascii	"__exported __attribute__((__visibility__(\"default\""
 19413      706F7274 
 19413      6564205F 
 19413      5F617474 
 19413      72696275 
 19414 887d 29292900 		.ascii	")))\000"
 19415              	.LASF668:
 19416 8881 5F5F4E55 		.ascii	"__NULLABILITY_PRAGMA_PUSH \000"
 19416      4C4C4142 
ARM GAS  /var/folders/65/xyhbx3_n6nd_hs7j3p9nfwv80000gn/T//ccls3DQP.s 			page 442


 19416      494C4954 
 19416      595F5052 
 19416      41474D41 
 19417              	.LASF793:
 19418 889c 5F524545 		.ascii	"_REENT_MBRLEN_STATE(ptr) ((ptr)->_new._reent._mbrle"
 19418      4E545F4D 
 19418      42524C45 
 19418      4E5F5354 
 19418      41544528 
 19419 88cf 6E5F7374 		.ascii	"n_state)\000"
 19419      61746529 
 19419      00
 19420              	.LASF1221:
 19421 88d8 736F6666 		.ascii	"soffsetof(x,y) ((int)offsetof(x,y))\000"
 19421      7365746F 
 19421      6628782C 
 19421      79292028 
 19421      28696E74 
 19422              	.LASF1594:
 19423 88fc 4558505F 		.ascii	"EXP_ASS_DIV\000"
 19423      4153535F 
 19423      44495600 
 19424              	.LASF119:
 19425 8908 5F5F5549 		.ascii	"__UINT_LEAST8_MAX__ 0xff\000"
 19425      4E545F4C 
 19425      45415354 
 19425      385F4D41 
 19425      585F5F20 
 19426              	.LASF605:
 19427 8921 5F5F4343 		.ascii	"__CC_SUPPORTS_DYNAMIC_ARRAY_INIT 1\000"
 19427      5F535550 
 19427      504F5254 
 19427      535F4459 
 19427      4E414D49 
 19428              	.LASF1201:
 19429 8944 55494E54 		.ascii	"UINT_MAX\000"
 19429      5F4D4158 
 19429      00
 19430              	.LASF41:
 19431 894d 5F5F5349 		.ascii	"__SIG_ATOMIC_TYPE__ int\000"
 19431      475F4154 
 19431      4F4D4943 
 19431      5F545950 
 19431      455F5F20 
 19432              	.LASF182:
 19433 8965 5F5F4C44 		.ascii	"__LDBL_MAX_10_EXP__ 308\000"
 19433      424C5F4D 
 19433      41585F31 
 19433      305F4558 
 19433      505F5F20 
 19434              	.LASF1215:
 19435 897d 4C4F4E47 		.ascii	"LONG_LONG_MIN\000"
 19435      5F4C4F4E 
 19435      475F4D49 
 19435      4E00
 19436              	.LASF1062:
 19437 898b 4D5F5351 		.ascii	"M_SQRT3 1.73205080756887719000\000"
ARM GAS  /var/folders/65/xyhbx3_n6nd_hs7j3p9nfwv80000gn/T//ccls3DQP.s 			page 443


 19437      52543320 
 19437      312E3733 
 19437      32303530 
 19437      38303735 
 19438              	.LASF905:
 19439 89aa 53434845 		.ascii	"SCHED_FIFO 1\000"
 19439      445F4649 
 19439      464F2031 
 19439      00
 19440              	.LASF507:
 19441 89b7 5F5F494D 		.ascii	"__IMPORT \000"
 19441      504F5254 
 19441      2000
 19442              	.LASF488:
 19443 89c1 5F504F53 		.ascii	"_POSIX_SOURCE 1\000"
 19443      49585F53 
 19443      4F555243 
 19443      45203100 
 19444              	.LASF1275:
 19445 89d1 52656745 		.ascii	"RegExp_prototype\000"
 19445      78705F70 
 19445      726F746F 
 19445      74797065 
 19445      00
 19446              	.LASF1617:
 19447 89e2 53544D5F 		.ascii	"STM_BREAK\000"
 19447      42524541 
 19447      4B00
 19448              	.LASF45:
 19449 89ec 5F5F494E 		.ascii	"__INT64_TYPE__ long long int\000"
 19449      5436345F 
 19449      54595045 
 19449      5F5F206C 
 19449      6F6E6720 
 19450              	.LASF863:
 19451 8a09 4E464442 		.ascii	"NFDBITS (sizeof (fd_mask) * 8)\000"
 19451      49545320 
 19451      2873697A 
 19451      656F6620 
 19451      2866645F 
 19452              	.LASF402:
 19453 8a28 5F5F4152 		.ascii	"__ARM_FEATURE_CRC32\000"
 19453      4D5F4645 
 19453      41545552 
 19453      455F4352 
 19453      43333200 
 19454              	.LASF362:
 19455 8a3c 5F5F5441 		.ascii	"__TA_FBIT__ 63\000"
 19455      5F464249 
 19455      545F5F20 
 19455      363300
 19456              	.LASF644:
 19457 8a4b 5F5F7261 		.ascii	"__rangeof(type,start,end) (__offsetof(type, end) - "
 19457      6E67656F 
 19457      66287479 
 19457      70652C73 
 19457      74617274 
ARM GAS  /var/folders/65/xyhbx3_n6nd_hs7j3p9nfwv80000gn/T//ccls3DQP.s 			page 444


 19458 8a7e 5F5F6F66 		.ascii	"__offsetof(type, start))\000"
 19458      66736574 
 19458      6F662874 
 19458      7970652C 
 19458      20737461 
 19459              	.LASF1017:
 19460 8a97 46505F49 		.ascii	"FP_ILOGB0 (-__INT_MAX__)\000"
 19460      4C4F4742 
 19460      3020282D 
 19460      5F5F494E 
 19460      545F4D41 
 19461              	.LASF627:
 19462 8ab0 5F5F6D61 		.ascii	"__malloc_like __attribute__((__malloc__))\000"
 19462      6C6C6F63 
 19462      5F6C696B 
 19462      65205F5F 
 19462      61747472 
 19463              	.LASF217:
 19464 8ada 5F5F464C 		.ascii	"__FLT64_DENORM_MIN__ 4.9406564584124654e-324F64\000"
 19464      5436345F 
 19464      44454E4F 
 19464      524D5F4D 
 19464      494E5F5F 
 19465              	.LASF1665:
 19466 8b0a 6A735F67 		.ascii	"js_getproperty\000"
 19466      65747072 
 19466      6F706572 
 19466      747900
 19467              	.LASF922:
 19468 8b19 5F5F534E 		.ascii	"__SNBF 0x0002\000"
 19468      42462030 
 19468      78303030 
 19468      3200
 19469              	.LASF915:
 19470 8b27 5F505448 		.ascii	"_PTHREAD_ONCE_INIT { 1, 0 }\000"
 19470      52454144 
 19470      5F4F4E43 
 19470      455F494E 
 19470      4954207B 
 19471              	.LASF972:
 19472 8b43 67657463 		.ascii	"getchar_unlocked() _getchar_unlocked()\000"
 19472      6861725F 
 19472      756E6C6F 
 19472      636B6564 
 19472      2829205F 
 19473              	.LASF517:
 19474 8b6a 5F4E4F49 		.ascii	"_NOINLINE_STATIC _NOINLINE static\000"
 19474      4E4C494E 
 19474      455F5354 
 19474      41544943 
 19474      205F4E4F 
 19475              	.LASF570:
 19476 8b8c 5F5F7074 		.ascii	"__ptr_t void *\000"
 19476      725F7420 
 19476      766F6964 
 19476      202A00
 19477              	.LASF513:
ARM GAS  /var/folders/65/xyhbx3_n6nd_hs7j3p9nfwv80000gn/T//ccls3DQP.s 			page 445


 19478 8b9b 5F4C4F4E 		.ascii	"_LONG_DOUBLE long double\000"
 19478      475F444F 
 19478      55424C45 
 19478      206C6F6E 
 19478      6720646F 
 19479              	.LASF618:
 19480 8bb4 5F5F7573 		.ascii	"__used __attribute__((__used__))\000"
 19480      6564205F 
 19480      5F617474 
 19480      72696275 
 19480      74655F5F 
 19481              	.LASF1187:
 19482 8bd5 43484152 		.ascii	"CHAR_MIN\000"
 19482      5F4D494E 
 19482      00
 19483              	.LASF1007:
 19484 8bde 494E4649 		.ascii	"INFINITY (__builtin_inff())\000"
 19484      4E495459 
 19484      20285F5F 
 19484      6275696C 
 19484      74696E5F 
 19485              	.LASF481:
 19486 8bfa 5F5F4F42 		.ascii	"__OBSOLETE_MATH __OBSOLETE_MATH_DEFAULT\000"
 19486      534F4C45 
 19486      54455F4D 
 19486      41544820 
 19486      5F5F4F42 
 19487              	.LASF1236:
 19488 8c22 69736C6F 		.ascii	"islowerrune jsU_islowerrune\000"
 19488      77657272 
 19488      756E6520 
 19488      6A73555F 
 19488      69736C6F 
 19489              	.LASF363:
 19490 8c3e 5F5F5441 		.ascii	"__TA_IBIT__ 64\000"
 19490      5F494249 
 19490      545F5F20 
 19490      363400
 19491              	.LASF1274:
 19492 8c4d 53747269 		.ascii	"String_prototype\000"
 19492      6E675F70 
 19492      726F746F 
 19492      74797065 
 19492      00
 19493              	.LASF1001:
 19494 8c5e 5F535452 		.ascii	"_STRINGS_H_ \000"
 19494      494E4753 
 19494      5F485F20 
 19494      00
 19495              	.LASF1106:
 19496 8c6b 44424C5F 		.ascii	"DBL_MAX_10_EXP\000"
 19496      4D41585F 
 19496      31305F45 
 19496      585000
 19497              	.LASF232:
 19498 8c7a 5F5F464C 		.ascii	"__FLT32X_HAS_DENORM__ 1\000"
 19498      54333258 
ARM GAS  /var/folders/65/xyhbx3_n6nd_hs7j3p9nfwv80000gn/T//ccls3DQP.s 			page 446


 19498      5F484153 
 19498      5F44454E 
 19498      4F524D5F 
 19499              	.LASF767:
 19500 8c92 5F524545 		.ascii	"_REENT_STDIO_STREAM(var,index) &(var)->__sf[index]\000"
 19500      4E545F53 
 19500      5444494F 
 19500      5F535452 
 19500      45414D28 
 19501              	.LASF1216:
 19502 8cc5 4C4F4E47 		.ascii	"LONG_LONG_MIN (-LONG_LONG_MAX - 1LL)\000"
 19502      5F4C4F4E 
 19502      475F4D49 
 19502      4E20282D 
 19502      4C4F4E47 
 19503              	.LASF205:
 19504 8cea 5F5F464C 		.ascii	"__FLT32_HAS_QUIET_NAN__ 1\000"
 19504      5433325F 
 19504      4841535F 
 19504      51554945 
 19504      545F4E41 
 19505              	.LASF1631:
 19506 8d04 6A735F74 		.ascii	"js_tryrepr\000"
 19506      72797265 
 19506      707200
 19507              	.LASF1322:
 19508 8d0f 6C6F6E67 		.ascii	"long long int\000"
 19508      206C6F6E 
 19508      6720696E 
 19508      7400
 19509              	.LASF1283:
 19510 8d1d 55524945 		.ascii	"URIError_prototype\000"
 19510      72726F72 
 19510      5F70726F 
 19510      746F7479 
 19510      706500
 19511              	.LASF144:
 19512 8d30 5F5F464C 		.ascii	"__FLT_EVAL_METHOD__ 0\000"
 19512      545F4556 
 19512      414C5F4D 
 19512      4554484F 
 19512      445F5F20 
 19513              	.LASF661:
 19514 8d46 5F5F434F 		.ascii	"__COPYRIGHT(s) struct __hack\000"
 19514      50595249 
 19514      47485428 
 19514      73292073 
 19514      74727563 
 19515              	.LASF1378:
 19516 8d63 5F666C61 		.ascii	"_flags2\000"
 19516      67733200 
 19517              	.LASF475:
 19518 8d6b 5F574944 		.ascii	"_WIDE_ORIENT 1\000"
 19518      455F4F52 
 19518      49454E54 
 19518      203100
 19519              	.LASF983:
ARM GAS  /var/folders/65/xyhbx3_n6nd_hs7j3p9nfwv80000gn/T//ccls3DQP.s 			page 447


 19520 8d7a 45584954 		.ascii	"EXIT_FAILURE 1\000"
 19520      5F464149 
 19520      4C555245 
 19520      203100
 19521              	.LASF364:
 19522 8d89 5F5F5548 		.ascii	"__UHA_FBIT__ 8\000"
 19522      415F4642 
 19522      49545F5F 
 19522      203800
 19523              	.LASF1033:
 19524 8d98 6973756E 		.ascii	"isunordered(__x,__y) (__builtin_isunordered (__x, _"
 19524      6F726465 
 19524      72656428 
 19524      5F5F782C 
 19524      5F5F7929 
 19525 8dcb 5F792929 		.ascii	"_y))\000"
 19525      00
 19526              	.LASF295:
 19527 8dd0 5F5F554C 		.ascii	"__ULLFRACT_EPSILON__ 0x1P-64ULLR\000"
 19527      4C465241 
 19527      43545F45 
 19527      5053494C 
 19527      4F4E5F5F 
 19528              	.LASF255:
 19529 8df1 5F5F4445 		.ascii	"__DEC128_SUBNORMAL_MIN__ 0.000000000000000000000000"
 19529      43313238 
 19529      5F535542 
 19529      4E4F524D 
 19529      414C5F4D 
 19530 8e24 30303030 		.ascii	"000000001E-6143DL\000"
 19530      30303030 
 19530      31452D36 
 19530      31343344 
 19530      4C00
 19531              	.LASF409:
 19532 8e36 5F5F4152 		.ascii	"__ARM_FEATURE_CLZ 1\000"
 19532      4D5F4645 
 19532      41545552 
 19532      455F434C 
 19532      5A203100 
 19533              	.LASF210:
 19534 8e4a 5F5F464C 		.ascii	"__FLT64_MIN_10_EXP__ (-307)\000"
 19534      5436345F 
 19534      4D494E5F 
 19534      31305F45 
 19534      58505F5F 
 19535              	.LASF435:
 19536 8e66 5F5F4152 		.ascii	"__ARM_FEATURE_FMA 1\000"
 19536      4D5F4645 
 19536      41545552 
 19536      455F464D 
 19536      41203100 
 19537              	.LASF833:
 19538 8e7a 4C495454 		.ascii	"LITTLE_ENDIAN _LITTLE_ENDIAN\000"
 19538      4C455F45 
 19538      4E444941 
 19538      4E205F4C 
ARM GAS  /var/folders/65/xyhbx3_n6nd_hs7j3p9nfwv80000gn/T//ccls3DQP.s 			page 448


 19538      4954544C 
 19539              	.LASF1387:
 19540 8e97 5F6C6F63 		.ascii	"_locale\000"
 19540      616C6500 
 19541              	.LASF438:
 19542 8e9f 5F5F4152 		.ascii	"__ARM_NEON_FP\000"
 19542      4D5F4E45 
 19542      4F4E5F46 
 19542      5000
 19543              	.LASF1549:
 19544 8ead 4558505F 		.ascii	"EXP_PROP_VAL\000"
 19544      50524F50 
 19544      5F56414C 
 19544      00
 19545              	.LASF90:
 19546 8eba 5F5F5349 		.ascii	"__SIZE_WIDTH__ 32\000"
 19546      5A455F57 
 19546      49445448 
 19546      5F5F2033 
 19546      3200
 19547              	.LASF1273:
 19548 8ecc 4E756D62 		.ascii	"Number_prototype\000"
 19548      65725F70 
 19548      726F746F 
 19548      74797065 
 19548      00
 19549              	.LASF880:
 19550 8edd 5F424C4B 		.ascii	"_BLKSIZE_T_DECLARED \000"
 19550      53495A45 
 19550      5F545F44 
 19550      45434C41 
 19550      52454420 
 19551              	.LASF1645:
 19552 8ef2 7365746A 		.ascii	"setjmp\000"
 19552      6D7000
 19553              	.LASF1083:
 19554 8ef9 4C44424C 		.ascii	"LDBL_DIG\000"
 19554      5F444947 
 19554      00
 19555              	.LASF104:
 19556 8f02 5F5F5549 		.ascii	"__UINT16_MAX__ 0xffff\000"
 19556      4E543136 
 19556      5F4D4158 
 19556      5F5F2030 
 19556      78666666 
 19557              	.LASF418:
 19558 8f18 5F5F4152 		.ascii	"__ARM_ARCH 7\000"
 19558      4D5F4152 
 19558      43482037 
 19558      00
 19559              	.LASF1212:
 19560 8f25 4C4C4F4E 		.ascii	"LLONG_MAX __LONG_LONG_MAX__\000"
 19560      475F4D41 
 19560      58205F5F 
 19560      4C4F4E47 
 19560      5F4C4F4E 
 19561              	.LASF105:
ARM GAS  /var/folders/65/xyhbx3_n6nd_hs7j3p9nfwv80000gn/T//ccls3DQP.s 			page 449


 19562 8f41 5F5F5549 		.ascii	"__UINT32_MAX__ 0xffffffffUL\000"
 19562      4E543332 
 19562      5F4D4158 
 19562      5F5F2030 
 19562      78666666 
 19563              	.LASF1087:
 19564 8f5d 464C545F 		.ascii	"FLT_MIN_EXP\000"
 19564      4D494E5F 
 19564      45585000 
 19565              	.LASF1294:
 19566 8f69 67637374 		.ascii	"gcstr\000"
 19566      7200
 19567              	.LASF845:
 19568 8f6f 5F535953 		.ascii	"_SYS__SIGSET_H_ \000"
 19568      5F5F5349 
 19568      47534554 
 19568      5F485F20 
 19568      00
 19569              	.LASF608:
 19570 8f80 5F5F434F 		.ascii	"__CONCAT(x,y) __CONCAT1(x,y)\000"
 19570      4E434154 
 19570      28782C79 
 19570      29205F5F 
 19570      434F4E43 
 19571              	.LASF1541:
 19572 8f9d 4558505F 		.ascii	"EXP_REGEXP\000"
 19572      52454745 
 19572      585000
 19573              	.LASF176:
 19574 8fa8 5F5F4442 		.ascii	"__DBL_HAS_QUIET_NAN__ 1\000"
 19574      4C5F4841 
 19574      535F5155 
 19574      4945545F 
 19574      4E414E5F 
 19575              	.LASF180:
 19576 8fc0 5F5F4C44 		.ascii	"__LDBL_MIN_10_EXP__ (-307)\000"
 19576      424C5F4D 
 19576      494E5F31 
 19576      305F4558 
 19576      505F5F20 
 19577              	.LASF1068:
 19578 8fdb 5F494545 		.ascii	"_IEEE_ __fdlibm_ieee\000"
 19578      455F205F 
 19578      5F66646C 
 19578      69626D5F 
 19578      69656565 
 19579              	.LASF235:
 19580 8ff0 5F5F4445 		.ascii	"__DEC32_MANT_DIG__ 7\000"
 19580      4333325F 
 19580      4D414E54 
 19580      5F444947 
 19580      5F5F2037 
 19581              	.LASF939:
 19582 9005 5F494F4C 		.ascii	"_IOLBF 1\000"
 19582      42462031 
 19582      00
 19583              	.LASF1056:
ARM GAS  /var/folders/65/xyhbx3_n6nd_hs7j3p9nfwv80000gn/T//ccls3DQP.s 			page 450


 19584 900e 4D5F5351 		.ascii	"M_SQRT1_2 0.70710678118654752440\000"
 19584      5254315F 
 19584      3220302E 
 19584      37303731 
 19584      30363738 
 19585              	.LASF1533:
 19586 902f 75736572 		.ascii	"user\000"
 19586      00
 19587              	.LASF262:
 19588 9034 5F5F5553 		.ascii	"__USFRACT_IBIT__ 0\000"
 19588      46524143 
 19588      545F4942 
 19588      49545F5F 
 19588      203000
 19589              	.LASF1147:
 19590 9047 4C44424C 		.ascii	"LDBL_TRUE_MIN\000"
 19590      5F545255 
 19590      455F4D49 
 19590      4E00
 19591              	.LASF224:
 19592 9055 5F5F464C 		.ascii	"__FLT32X_MIN_10_EXP__ (-307)\000"
 19592      54333258 
 19592      5F4D494E 
 19592      5F31305F 
 19592      4558505F 
 19593              	.LASF764:
 19594 9072 5F524545 		.ascii	"_REENT_ASCTIME_SIZE 26\000"
 19594      4E545F41 
 19594      53435449 
 19594      4D455F53 
 19594      495A4520 
 19595              	.LASF146:
 19596 9089 5F5F4445 		.ascii	"__DEC_EVAL_METHOD__ 2\000"
 19596      435F4556 
 19596      414C5F4D 
 19596      4554484F 
 19596      445F5F20 
 19597              	.LASF1190:
 19598 909f 43484152 		.ascii	"CHAR_MAX UCHAR_MAX\000"
 19598      5F4D4158 
 19598      20554348 
 19598      41525F4D 
 19598      415800
 19599              	.LASF190:
 19600 90b2 5F5F4C44 		.ascii	"__LDBL_HAS_INFINITY__ 1\000"
 19600      424C5F48 
 19600      41535F49 
 19600      4E46494E 
 19600      4954595F 
 19601              	.LASF859:
 19602 90ca 54494D45 		.ascii	"TIMESPEC_TO_TIMEVAL(tv,ts) do { (tv)->tv_sec = (ts)"
 19602      53504543 
 19602      5F544F5F 
 19602      54494D45 
 19602      56414C28 
 19603 90fd 2D3E7476 		.ascii	"->tv_sec; (tv)->tv_usec = (ts)->tv_nsec / 1000; } w"
 19603      5F736563 
ARM GAS  /var/folders/65/xyhbx3_n6nd_hs7j3p9nfwv80000gn/T//ccls3DQP.s 			page 451


 19603      3B202874 
 19603      76292D3E 
 19603      74765F75 
 19604 9130 68696C65 		.ascii	"hile (0)\000"
 19604      20283029 
 19604      00
 19605              	.LASF519:
 19606 9139 4A535F56 		.ascii	"JS_VERSION_MAJOR 1\000"
 19606      45525349 
 19606      4F4E5F4D 
 19606      414A4F52 
 19606      203100
 19607              	.LASF1140:
 19608 914c 44424C5F 		.ascii	"DBL_HAS_SUBNORM\000"
 19608      4841535F 
 19608      5355424E 
 19608      4F524D00 
 19609              	.LASF474:
 19610 915c 5F465345 		.ascii	"_FSEEK_OPTIMIZATION 1\000"
 19610      454B5F4F 
 19610      5054494D 
 19610      495A4154 
 19610      494F4E20 
 19611              	.LASF1321:
 19612 9172 6C6F6E67 		.ascii	"long unsigned int\000"
 19612      20756E73 
 19612      69676E65 
 19612      6420696E 
 19612      7400
 19613              	.LASF938:
 19614 9184 5F494F46 		.ascii	"_IOFBF 0\000"
 19614      42462030 
 19614      00
 19615              	.LASF1025:
 19616 918d 69736E61 		.ascii	"isnan(__x) (__builtin_isnan (__x))\000"
 19616      6E285F5F 
 19616      78292028 
 19616      5F5F6275 
 19616      696C7469 
 19617              	.LASF1082:
 19618 91b0 44424C5F 		.ascii	"DBL_DIG\000"
 19618      44494700 
 19619              	.LASF259:
 19620 91b8 5F5F5346 		.ascii	"__SFRACT_MAX__ 0X7FP-7HR\000"
 19620      52414354 
 19620      5F4D4158 
 19620      5F5F2030 
 19620      58374650 
 19621              	.LASF1512:
 19622 91d1 4A535F43 		.ascii	"JS_CUSERDATA\000"
 19622      55534552 
 19622      44415441 
 19622      00
 19623              	.LASF1579:
 19624 91de 4558505F 		.ascii	"EXP_LE\000"
 19624      4C4500
 19625              	.LASF1188:
ARM GAS  /var/folders/65/xyhbx3_n6nd_hs7j3p9nfwv80000gn/T//ccls3DQP.s 			page 452


 19626 91e5 43484152 		.ascii	"CHAR_MIN 0\000"
 19626      5F4D494E 
 19626      203000
 19627              	.LASF1586:
 19628 91f0 4558505F 		.ascii	"EXP_BITAND\000"
 19628      42495441 
 19628      4E4400
 19629              	.LASF719:
 19630 91fb 5F5F6E65 		.ascii	"__need___va_list \000"
 19630      65645F5F 
 19630      5F76615F 
 19630      6C697374 
 19630      2000
 19631              	.LASF1636:
 19632 920d 72657072 		.ascii	"reprarray\000"
 19632      61727261 
 19632      7900
 19633              	.LASF1156:
 19634 9217 4348494C 		.ascii	"CHILD_MAX 40\000"
 19634      445F4D41 
 19634      58203430 
 19634      00
 19635              	.LASF23:
 19636 9224 5F5F5349 		.ascii	"__SIZEOF_LONG_DOUBLE__ 8\000"
 19636      5A454F46 
 19636      5F4C4F4E 
 19636      475F444F 
 19636      55424C45 
 19637              	.LASF218:
 19638 923d 5F5F464C 		.ascii	"__FLT64_HAS_DENORM__ 1\000"
 19638      5436345F 
 19638      4841535F 
 19638      44454E4F 
 19638      524D5F5F 
 19639              	.LASF1141:
 19640 9254 4C44424C 		.ascii	"LDBL_HAS_SUBNORM\000"
 19640      5F484153 
 19640      5F535542 
 19640      4E4F524D 
 19640      00
 19641              	.LASF1463:
 19642 9265 6C696768 		.ascii	"lightweight\000"
 19642      74776569 
 19642      67687400 
 19643              	.LASF159:
 19644 9271 5F5F464C 		.ascii	"__FLT_HAS_DENORM__ 1\000"
 19644      545F4841 
 19644      535F4445 
 19644      4E4F524D 
 19644      5F5F2031 
 19645              	.LASF585:
 19646 9286 5F5F474E 		.ascii	"__GNUCLIKE_MATH_BUILTIN_CONSTANTS \000"
 19646      55434C49 
 19646      4B455F4D 
 19646      4154485F 
 19646      4255494C 
 19647              	.LASF422:
ARM GAS  /var/folders/65/xyhbx3_n6nd_hs7j3p9nfwv80000gn/T//ccls3DQP.s 			page 453


 19648 92a9 5F5F5448 		.ascii	"__THUMBEL__ 1\000"
 19648      554D4245 
 19648      4C5F5F20 
 19648      3100
 19649              	.LASF1593:
 19650 92b7 4558505F 		.ascii	"EXP_ASS_MUL\000"
 19650      4153535F 
 19650      4D554C00 
 19651              	.LASF968:
 19652 92c3 636C6561 		.ascii	"clearerr(p) __sclearerr(p)\000"
 19652      72657272 
 19652      28702920 
 19652      5F5F7363 
 19652      6C656172 
 19653              	.LASF1629:
 19654 92de 52756E65 		.ascii	"Rune\000"
 19654      00
 19655              	.LASF521:
 19656 92e3 4A535F56 		.ascii	"JS_VERSION_PATCH 8\000"
 19656      45525349 
 19656      4F4E5F50 
 19656      41544348 
 19656      203800
 19657              	.LASF718:
 19658 92f6 5F474343 		.ascii	"_GCC_MAX_ALIGN_T \000"
 19658      5F4D4158 
 19658      5F414C49 
 19658      474E5F54 
 19658      2000
 19659              	.LASF345:
 19660 9308 5F5F5451 		.ascii	"__TQ_IBIT__ 0\000"
 19660      5F494249 
 19660      545F5F20 
 19660      3000
 19661              	.LASF1339:
 19662 9316 5F736967 		.ascii	"_sign\000"
 19662      6E00
 19663              	.LASF229:
 19664 931c 5F5F464C 		.ascii	"__FLT32X_MIN__ 2.2250738585072014e-308F32x\000"
 19664      54333258 
 19664      5F4D494E 
 19664      5F5F2032 
 19664      2E323235 
 19665              	.LASF1063:
 19666 9347 4D5F4956 		.ascii	"M_IVLN10 0.43429448190325182765\000"
 19666      4C4E3130 
 19666      20302E34 
 19666      33343239 
 19666      34343831 
 19667              	.LASF1497:
 19668 9367 4A535F43 		.ascii	"JS_COBJECT\000"
 19668      4F424A45 
 19668      435400
 19669              	.LASF1303:
 19670 9372 74727962 		.ascii	"trybuf\000"
 19670      756600
 19671              	.LASF1379:
ARM GAS  /var/folders/65/xyhbx3_n6nd_hs7j3p9nfwv80000gn/T//ccls3DQP.s 			page 454


 19672 9379 5F726565 		.ascii	"_reent\000"
 19672      6E7400
 19673              	.LASF204:
 19674 9380 5F5F464C 		.ascii	"__FLT32_HAS_INFINITY__ 1\000"
 19674      5433325F 
 19674      4841535F 
 19674      494E4649 
 19674      4E495459 
 19675              	.LASF254:
 19676 9399 5F5F4445 		.ascii	"__DEC128_EPSILON__ 1E-33DL\000"
 19676      43313238 
 19676      5F455053 
 19676      494C4F4E 
 19676      5F5F2031 
 19677              	.LASF546:
 19678 93b4 5F5F5349 		.ascii	"__SIZE_T__ \000"
 19678      5A455F54 
 19678      5F5F2000 
 19679              	.LASF33:
 19680 93c0 5F5F5349 		.ascii	"__SIZE_TYPE__ unsigned int\000"
 19680      5A455F54 
 19680      5950455F 
 19680      5F20756E 
 19680      7369676E 
 19681              	.LASF1031:
 19682 93db 69736C65 		.ascii	"islessequal(__x,__y) (__builtin_islessequal (__x, _"
 19682      73736571 
 19682      75616C28 
 19682      5F5F782C 
 19682      5F5F7929 
 19683 940e 5F792929 		.ascii	"_y))\000"
 19683      00
 19684              	.LASF643:
 19685 9413 5F5F6F66 		.ascii	"__offsetof(type,field) offsetof(type, field)\000"
 19685      66736574 
 19685      6F662874 
 19685      7970652C 
 19685      6669656C 
 19686              	.LASF810:
 19687 9440 5F494E54 		.ascii	"_INT8_T_DECLARED \000"
 19687      385F545F 
 19687      4445434C 
 19687      41524544 
 19687      2000
 19688              	.LASF54:
 19689 9452 5F5F5549 		.ascii	"__UINT_LEAST8_TYPE__ unsigned char\000"
 19689      4E545F4C 
 19689      45415354 
 19689      385F5459 
 19689      50455F5F 
 19690              	.LASF526:
 19691 9475 6A735F74 		.ascii	"js_try(J) setjmp(js_savetry(J))\000"
 19691      7279284A 
 19691      29207365 
 19691      746A6D70 
 19691      286A735F 
 19692              	.LASF636:
ARM GAS  /var/folders/65/xyhbx3_n6nd_hs7j3p9nfwv80000gn/T//ccls3DQP.s 			page 455


 19693 9495 5F5F756E 		.ascii	"__unreachable() __builtin_unreachable()\000"
 19693      72656163 
 19693      6861626C 
 19693      65282920 
 19693      5F5F6275 
 19694              	.LASF1477:
 19695 94bd 6F757465 		.ascii	"outer\000"
 19695      7200
 19696              	.LASF609:
 19697 94c3 5F5F5354 		.ascii	"__STRING(x) #x\000"
 19697      52494E47 
 19697      28782920 
 19697      237800
 19698              	.LASF819:
 19699 94d2 5F494E54 		.ascii	"_INT64_T_DECLARED \000"
 19699      36345F54 
 19699      5F444543 
 19699      4C415245 
 19699      442000
 19700              	.LASF1161:
 19701 94e5 4E47524F 		.ascii	"NGROUPS_MAX 16\000"
 19701      5550535F 
 19701      4D415820 
 19701      313600
 19702              	.LASF39:
 19703 94f4 5F5F4348 		.ascii	"__CHAR16_TYPE__ short unsigned int\000"
 19703      41523136 
 19703      5F545950 
 19703      455F5F20 
 19703      73686F72 
 19704              	.LASF791:
 19705 9517 5F524545 		.ascii	"_REENT_MBTOWC_STATE(ptr) ((ptr)->_new._reent._mbtow"
 19705      4E545F4D 
 19705      42544F57 
 19705      435F5354 
 19705      41544528 
 19706 954a 635F7374 		.ascii	"c_state)\000"
 19706      61746529 
 19706      00
 19707              	.LASF271:
 19708 9553 5F5F5546 		.ascii	"__UFRACT_FBIT__ 16\000"
 19708      52414354 
 19708      5F464249 
 19708      545F5F20 
 19708      313600
 19709              	.LASF1547:
 19710 9566 4558505F 		.ascii	"EXP_ARRAY\000"
 19710      41525241 
 19710      5900
 19711              	.LASF1241:
 19712 9570 746F7570 		.ascii	"toupperrune_full jsU_toupperrune_full\000"
 19712      70657272 
 19712      756E655F 
 19712      66756C6C 
 19712      206A7355 
 19713              	.LASF1245:
 19714 9596 756E7369 		.ascii	"unsigned int\000"
ARM GAS  /var/folders/65/xyhbx3_n6nd_hs7j3p9nfwv80000gn/T//ccls3DQP.s 			page 456


 19714      676E6564 
 19714      20696E74 
 19714      00
 19715              	.LASF1119:
 19716 95a3 4C44424C 		.ascii	"LDBL_EPSILON\000"
 19716      5F455053 
 19716      494C4F4E 
 19716      00
 19717              	.LASF1415:
 19718 95b0 5F723438 		.ascii	"_r48\000"
 19718      00
 19719              	.LASF1125:
 19720 95b5 4C44424C 		.ascii	"LDBL_MIN\000"
 19720      5F4D494E 
 19720      00
 19721              	.LASF944:
 19722 95be 46494C45 		.ascii	"FILENAME_MAX 1024\000"
 19722      4E414D45 
 19722      5F4D4158 
 19722      20313032 
 19722      3400
 19723              	.LASF925:
 19724 95d0 5F5F5352 		.ascii	"__SRW 0x0010\000"
 19724      57203078 
 19724      30303130 
 19724      00
 19725              	.LASF1306:
 19726 95dd 6A735F43 		.ascii	"js_CFunction\000"
 19726      46756E63 
 19726      74696F6E 
 19726      00
 19727              	.LASF568:
 19728 95ea 5F5F5448 		.ascii	"__THROW \000"
 19728      524F5720 
 19728      00
 19729              	.LASF1000:
 19730 95f3 5F584C4F 		.ascii	"_XLOCALE_H \000"
 19730      43414C45 
 19730      5F482000 
 19731              	.LASF1196:
 19732 95ff 55534852 		.ascii	"USHRT_MAX (SHRT_MAX * 2 + 1)\000"
 19732      545F4D41 
 19732      58202853 
 19732      4852545F 
 19732      4D415820 
 19733              	.LASF1238:
 19734 961c 746F6C6F 		.ascii	"tolowerrune jsU_tolowerrune\000"
 19734      77657272 
 19734      756E6520 
 19734      6A73555F 
 19734      746F6C6F 
 19735              	.LASF1447:
 19736 9638 6A735F4F 		.ascii	"js_Object\000"
 19736      626A6563 
 19736      7400
 19737              	.LASF365:
 19738 9642 5F5F5548 		.ascii	"__UHA_IBIT__ 8\000"
ARM GAS  /var/folders/65/xyhbx3_n6nd_hs7j3p9nfwv80000gn/T//ccls3DQP.s 			page 457


 19738      415F4942 
 19738      49545F5F 
 19738      203800
 19739              	.LASF897:
 19740 9651 5F5F636C 		.ascii	"__clockid_t_defined \000"
 19740      6F636B69 
 19740      645F745F 
 19740      64656669 
 19740      6E656420 
 19741              	.LASF852:
 19742 9666 74696D65 		.ascii	"timerisset(tvp) ((tvp)->tv_sec || (tvp)->tv_usec)\000"
 19742      72697373 
 19742      65742874 
 19742      76702920 
 19742      28287476 
 19743              	.LASF289:
 19744 9698 5F5F4C4C 		.ascii	"__LLFRACT_MAX__ 0X7FFFFFFFFFFFFFFFP-63LLR\000"
 19744      46524143 
 19744      545F4D41 
 19744      585F5F20 
 19744      30583746 
 19745              	.LASF1080:
 19746 96c2 4C44424C 		.ascii	"LDBL_MANT_DIG __LDBL_MANT_DIG__\000"
 19746      5F4D414E 
 19746      545F4449 
 19746      47205F5F 
 19746      4C44424C 
 19747              	.LASF951:
 19748 96e2 73746469 		.ascii	"stdin (_REENT->_stdin)\000"
 19748      6E20285F 
 19748      5245454E 
 19748      542D3E5F 
 19748      73746469 
 19749              	.LASF1318:
 19750 96f9 73686F72 		.ascii	"short int\000"
 19750      7420696E 
 19750      7400
 19751              	.LASF1174:
 19752 9703 4D425F4C 		.ascii	"MB_LEN_MAX _MB_LEN_MAX\000"
 19752      454E5F4D 
 19752      4158205F 
 19752      4D425F4C 
 19752      454E5F4D 
 19753              	.LASF725:
 19754 971a 5F4D4143 		.ascii	"_MACHINE__TYPES_H \000"
 19754      48494E45 
 19754      5F5F5459 
 19754      5045535F 
 19754      482000
 19755              	.LASF6:
 19756 972d 5F5F474E 		.ascii	"__GNUC_MINOR__ 2\000"
 19756      55435F4D 
 19756      494E4F52 
 19756      5F5F2032 
 19756      00
 19757              	.LASF1583:
 19758 973e 4558505F 		.ascii	"EXP_STRICTEQ\000"
ARM GAS  /var/folders/65/xyhbx3_n6nd_hs7j3p9nfwv80000gn/T//ccls3DQP.s 			page 458


 19758      53545249 
 19758      43544551 
 19758      00
 19759              	.LASF818:
 19760 974b 5F5F696E 		.ascii	"__int32_t_defined 1\000"
 19760      7433325F 
 19760      745F6465 
 19760      66696E65 
 19760      64203100 
 19761              	.LASF2:
 19762 975f 5F5F5354 		.ascii	"__STDC_UTF_16__ 1\000"
 19762      44435F55 
 19762      54465F31 
 19762      365F5F20 
 19762      3100
 19763              	.LASF1570:
 19764 9771 4558505F 		.ascii	"EXP_MUL\000"
 19764      4D554C00 
 19765              	.LASF1367:
 19766 9779 5F726561 		.ascii	"_read\000"
 19766      6400
 19767              	.LASF847:
 19768 977f 5F535553 		.ascii	"_SUSECONDS_T_DECLARED \000"
 19768      45434F4E 
 19768      44535F54 
 19768      5F444543 
 19768      4C415245 
 19769              	.LASF1162:
 19770 9796 4F50454E 		.ascii	"OPEN_MAX 64\000"
 19770      5F4D4158 
 19770      20363400 
 19771              	.LASF1613:
 19772 97a2 53544D5F 		.ascii	"STM_FOR_VAR\000"
 19772      464F525F 
 19772      56415200 
 19773              	.LASF1195:
 19774 97ae 55534852 		.ascii	"USHRT_MAX\000"
 19774      545F4D41 
 19774      5800
 19775              	.LASF472:
 19776 97b8 5F4C4442 		.ascii	"_LDBL_EQ_DBL 1\000"
 19776      4C5F4551 
 19776      5F44424C 
 19776      203100
 19777              	.LASF664:
 19778 97c7 5F5F4445 		.ascii	"__DEQUALIFY(type,var) ((type)(__uintptr_t)(const vo"
 19778      5155414C 
 19778      49465928 
 19778      74797065 
 19778      2C766172 
 19779 97fa 6C617469 		.ascii	"latile void *)(var))\000"
 19779      6C652076 
 19779      6F696420 
 19779      2A292876 
 19779      61722929 
 19780              	.LASF1405:
 19781 980f 5F72616E 		.ascii	"_rand48\000"
ARM GAS  /var/folders/65/xyhbx3_n6nd_hs7j3p9nfwv80000gn/T//ccls3DQP.s 			page 459


 19781      64343800 
 19782              	.LASF5:
 19783 9817 5F5F474E 		.ascii	"__GNUC__ 9\000"
 19783      55435F5F 
 19783      203900
 19784              	.LASF1072:
 19785 9822 5F464C4F 		.ascii	"_FLOAT_H___ \000"
 19785      41545F48 
 19785      5F5F5F20 
 19785      00
 19786              	.LASF8:
 19787 982f 5F5F5645 		.ascii	"__VERSION__ \"9.2.1 20191025 (release) [ARM/arm-9-b"
 19787      5253494F 
 19787      4E5F5F20 
 19787      22392E32 
 19787      2E312032 
 19788 9861 72616E63 		.ascii	"ranch revision 277599]\"\000"
 19788      68207265 
 19788      76697369 
 19788      6F6E2032 
 19788      37373539 
 19789              	.LASF220:
 19790 9879 5F5F464C 		.ascii	"__FLT64_HAS_QUIET_NAN__ 1\000"
 19790      5436345F 
 19790      4841535F 
 19790      51554945 
 19790      545F4E41 
 19791              	.LASF158:
 19792 9893 5F5F464C 		.ascii	"__FLT_DENORM_MIN__ 1.4012984643248171e-45F\000"
 19792      545F4445 
 19792      4E4F524D 
 19792      5F4D494E 
 19792      5F5F2031 
 19793              	.LASF354:
 19794 98be 5F5F5554 		.ascii	"__UTQ_FBIT__ 128\000"
 19794      515F4642 
 19794      49545F5F 
 19794      20313238 
 19794      00
 19795              	.LASF1670:
 19796 98cf 6A735F74 		.ascii	"js_toboolean\000"
 19796      6F626F6F 
 19796      6C65616E 
 19796      00
 19797              	.LASF1305:
 19798 98dc 6A735F50 		.ascii	"js_Panic\000"
 19798      616E6963 
 19798      00
 19799              	.LASF1567:
 19800 98e5 4558505F 		.ascii	"EXP_LOGNOT\000"
 19800      4C4F474E 
 19800      4F5400
 19801              	.LASF429:
 19802 98f0 5F5F4152 		.ascii	"__ARM_FP16_FORMAT_IEEE\000"
 19802      4D5F4650 
 19802      31365F46 
 19802      4F524D41 
ARM GAS  /var/folders/65/xyhbx3_n6nd_hs7j3p9nfwv80000gn/T//ccls3DQP.s 			page 460


 19802      545F4945 
 19803              	.LASF1280:
 19804 9907 52656665 		.ascii	"ReferenceError_prototype\000"
 19804      72656E63 
 19804      65457272 
 19804      6F725F70 
 19804      726F746F 
 19805              	.LASF52:
 19806 9920 5F5F494E 		.ascii	"__INT_LEAST32_TYPE__ long int\000"
 19806      545F4C45 
 19806      41535433 
 19806      325F5459 
 19806      50455F5F 
 19807              	.LASF424:
 19808 993e 5F5F4152 		.ascii	"__ARM_ARCH_ISA_THUMB 2\000"
 19808      4D5F4152 
 19808      43485F49 
 19808      53415F54 
 19808      48554D42 
 19809              	.LASF1606:
 19810 9955 53544D5F 		.ascii	"STM_BLOCK\000"
 19810      424C4F43 
 19810      4B00
 19811              	.LASF1445:
 19812 995f 666C6167 		.ascii	"flags\000"
 19812      7300
 19813              	.LASF107:
 19814 9965 5F5F494E 		.ascii	"__INT_LEAST8_MAX__ 0x7f\000"
 19814      545F4C45 
 19814      41535438 
 19814      5F4D4158 
 19814      5F5F2030 
 19815              	.LASF954:
 19816 997d 5F737464 		.ascii	"_stdin_r(x) ((x)->_stdin)\000"
 19816      696E5F72 
 19816      28782920 
 19816      28287829 
 19816      2D3E5F73 
 19817              	.LASF956:
 19818 9997 5F737464 		.ascii	"_stderr_r(x) ((x)->_stderr)\000"
 19818      6572725F 
 19818      72287829 
 19818      20282878 
 19818      292D3E5F 
 19819              	.LASF1600:
 19820 99b3 4558505F 		.ascii	"EXP_ASS_USHR\000"
 19820      4153535F 
 19820      55534852 
 19820      00
 19821              	.LASF918:
 19822 99c0 5F4E4557 		.ascii	"_NEWLIB_STDIO_H \000"
 19822      4C49425F 
 19822      53544449 
 19822      4F5F4820 
 19822      00
 19823              	.LASF961:
 19824 99d1 5F5F7367 		.ascii	"__sgetc_r(__ptr,__p) __sgetc_raw_r(__ptr, __p)\000"
ARM GAS  /var/folders/65/xyhbx3_n6nd_hs7j3p9nfwv80000gn/T//ccls3DQP.s 			page 461


 19824      6574635F 
 19824      72285F5F 
 19824      7074722C 
 19824      5F5F7029 
 19825              	.LASF1102:
 19826 9a00 464C545F 		.ascii	"FLT_MAX_EXP __FLT_MAX_EXP__\000"
 19826      4D41585F 
 19826      45585020 
 19826      5F5F464C 
 19826      545F4D41 
 19827              	.LASF1009:
 19828 9a1c 464C545F 		.ascii	"FLT_EVAL_METHOD __FLT_EVAL_METHOD__\000"
 19828      4556414C 
 19828      5F4D4554 
 19828      484F4420 
 19828      5F5F464C 
 19829              		.ident	"GCC: (GNU Tools for Arm Embedded Processors 9-2019-q4-major) 9.2.1 20191025 (release) [ARM
ARM GAS  /var/folders/65/xyhbx3_n6nd_hs7j3p9nfwv80000gn/T//ccls3DQP.s 			page 462


DEFINED SYMBOLS
                            *ABS*:0000000000000000 jsrepr.c
/var/folders/65/xyhbx3_n6nd_hs7j3p9nfwv80000gn/T//ccls3DQP.s:82     .rodata.reprnum.str1.4:0000000000000000 $d
/var/folders/65/xyhbx3_n6nd_hs7j3p9nfwv80000gn/T//ccls3DQP.s:86     .text.reprnum:0000000000000000 $t
/var/folders/65/xyhbx3_n6nd_hs7j3p9nfwv80000gn/T//ccls3DQP.s:94     .text.reprnum:0000000000000000 reprnum
/var/folders/65/xyhbx3_n6nd_hs7j3p9nfwv80000gn/T//ccls3DQP.s:184    .text.reprnum:0000000000000048 $d
/var/folders/65/xyhbx3_n6nd_hs7j3p9nfwv80000gn/T//ccls3DQP.s:189    .rodata.reprstr.str1.4:0000000000000000 $d
/var/folders/65/xyhbx3_n6nd_hs7j3p9nfwv80000gn/T//ccls3DQP.s:214    .text.reprstr:0000000000000000 $t
/var/folders/65/xyhbx3_n6nd_hs7j3p9nfwv80000gn/T//ccls3DQP.s:221    .text.reprstr:0000000000000000 reprstr
/var/folders/65/xyhbx3_n6nd_hs7j3p9nfwv80000gn/T//ccls3DQP.s:297    .text.reprstr:0000000000000044 $d
/var/folders/65/xyhbx3_n6nd_hs7j3p9nfwv80000gn/T//ccls3DQP.s:637    .text.reprstr:0000000000000184 $d
/var/folders/65/xyhbx3_n6nd_hs7j3p9nfwv80000gn/T//ccls3DQP.s:649    .rodata.reprvalue.str1.4:0000000000000000 $d
/var/folders/65/xyhbx3_n6nd_hs7j3p9nfwv80000gn/T//ccls3DQP.s:719    .text.reprvalue:0000000000000000 $t
/var/folders/65/xyhbx3_n6nd_hs7j3p9nfwv80000gn/T//ccls3DQP.s:726    .text.reprvalue:0000000000000000 reprvalue
/var/folders/65/xyhbx3_n6nd_hs7j3p9nfwv80000gn/T//ccls3DQP.s:937    .text.reprvalue:00000000000000c4 $d
/var/folders/65/xyhbx3_n6nd_hs7j3p9nfwv80000gn/T//ccls3DQP.s:953    .text.reprvalue:00000000000000e2 $t
/var/folders/65/xyhbx3_n6nd_hs7j3p9nfwv80000gn/T//ccls3DQP.s:1480   .text.reprvalue:0000000000000334 $d
/var/folders/65/xyhbx3_n6nd_hs7j3p9nfwv80000gn/T//ccls3DQP.s:1504   .text.reprvalue:0000000000000388 $t
/var/folders/65/xyhbx3_n6nd_hs7j3p9nfwv80000gn/T//ccls3DQP.s:1879   .text.reprvalue:0000000000000514 $d
/var/folders/65/xyhbx3_n6nd_hs7j3p9nfwv80000gn/T//ccls3DQP.s:1889   .text.js_repr:0000000000000000 $t
/var/folders/65/xyhbx3_n6nd_hs7j3p9nfwv80000gn/T//ccls3DQP.s:1897   .text.js_repr:0000000000000000 js_repr
/var/folders/65/xyhbx3_n6nd_hs7j3p9nfwv80000gn/T//ccls3DQP.s:2046   .text.js_repr:0000000000000084 $d
/var/folders/65/xyhbx3_n6nd_hs7j3p9nfwv80000gn/T//ccls3DQP.s:2051   .text.js_torepr:0000000000000000 $t
/var/folders/65/xyhbx3_n6nd_hs7j3p9nfwv80000gn/T//ccls3DQP.s:2059   .text.js_torepr:0000000000000000 js_torepr
/var/folders/65/xyhbx3_n6nd_hs7j3p9nfwv80000gn/T//ccls3DQP.s:2116   .text.js_tryrepr:0000000000000000 $t
/var/folders/65/xyhbx3_n6nd_hs7j3p9nfwv80000gn/T//ccls3DQP.s:2124   .text.js_tryrepr:0000000000000000 js_tryrepr
/var/folders/65/xyhbx3_n6nd_hs7j3p9nfwv80000gn/T//ccls3DQP.s:324    .text.reprstr:000000000000005f $d
/var/folders/65/xyhbx3_n6nd_hs7j3p9nfwv80000gn/T//ccls3DQP.s:324    .text.reprstr:0000000000000060 $t
                           .group:0000000000000000 wm4.0.5597035cabc44eed625cd1ebc7e67b87
                           .group:0000000000000000 wm4._newlib_version.h.4.9ba035841e762c3308916a0ce96032e7
                           .group:0000000000000000 wm4.newlib.h.18.5e5ca3429233af402d406a202f1fc1ac
                           .group:0000000000000000 wm4.ieeefp.h.77.d5685ba212d3ed6e914898d045f873e3
                           .group:0000000000000000 wm4.features.h.22.fad1cec3bc7ff06488171438dbdcfd02
                           .group:0000000000000000 wm4.config.h.220.6cac6a9685cfce5e83c17784171638d9
                           .group:0000000000000000 wm4._ansi.h.31.de524f58584151836e90d8620a16f8e8
                           .group:0000000000000000 wm4.mujs.h.10.4d559cf57b9d924909e322de983c4de2
                           .group:0000000000000000 wm4.stdio.h.27.3fc80220048df77954e38daec3bb9670
                           .group:0000000000000000 wm4._default_types.h.6.959254cf5f09734ea7516c89e8bb21bd
                           .group:0000000000000000 wm4.stddef.h.181.c3f52a3b0f4c288bddb5dda1562858e2
                           .group:0000000000000000 wm4.cdefs.h.49.6260d97adb8d27534cbdc0f868b8ea87
                           .group:0000000000000000 wm4.stddef.h.39.b727a6c3269d9d6ef9fc646b721a8287
                           .group:0000000000000000 wm4.stdarg.h.34.3a23a216c0c293b3d2ea2e89281481e6
                           .group:0000000000000000 wm4.lock.h.2.1461d1fff82dffe8bfddc23307f6484f
                           .group:0000000000000000 wm4._types.h.125.5cf8a495f1f7ef36777ad868a1e32068
                           .group:0000000000000000 wm4.stddef.h.155.3588ebfdd1e8c7ede80509bb9c3b8009
                           .group:0000000000000000 wm4._types.h.184.03611d4f6b5bec9997bcf4279eceba07
                           .group:0000000000000000 wm4.reent.h.17.90c2574d4acdcfce933db5cb09ff35fe
                           .group:0000000000000000 wm4.types.h.40.e8c16e7ec36ba55f133d0616070e25fc
                           .group:0000000000000000 wm4._stdint.h.10.c24fa3af3bc1706662bb5593a907e841
                           .group:0000000000000000 wm4._endian.h.31.65a10590763c3dde1ac4a7f66d7d4891
                           .group:0000000000000000 wm4.endian.h.9.49f3a4695c1b61e8a0808de3c4a106cb
                           .group:0000000000000000 wm4._timeval.h.30.0e8bfd94e85db17dda3286ee81496fe6
                           .group:0000000000000000 wm4.timespec.h.41.d855182eb0e690443ab8651bcedca6e1
                           .group:0000000000000000 wm4.select.h.19.97ca6fd0c752a0f3b6719fd314d361e6
                           .group:0000000000000000 wm4.types.h.69.ed3eae3cf73030a737515151ebcab7a1
                           .group:0000000000000000 wm4.sched.h.22.c60982713a5c428609783c78f9c78d95
                           .group:0000000000000000 wm4._pthreadtypes.h.36.fcee9961c35163dde6267ef772ad1972
ARM GAS  /var/folders/65/xyhbx3_n6nd_hs7j3p9nfwv80000gn/T//ccls3DQP.s 			page 463


                           .group:0000000000000000 wm4.stdio.h.2.4aa87247282eca6c8f36f9de33d8df1a
                           .group:0000000000000000 wm4.stdio.h.81.932d0c162786b883f622b8d05c120c78
                           .group:0000000000000000 wm4.stdlib.h.13.4ed386f5c1a80d71e72172885d946ef2
                           .group:0000000000000000 wm4.stddef.h.155.ba788add86a0e365f264484f110c3c29
                           .group:0000000000000000 wm4.alloca.h.8.dfc0c703c47ec3e69746825b17d9e66d
                           .group:0000000000000000 wm4.stdlib.h.56.d4493cd3736e51e9d56335045f26df45
                           .group:0000000000000000 wm4.stdarg.h.31.3fa7b8f6daaa31edd1696c08c77f2a73
                           .group:0000000000000000 wm4.string.h.8.c4b8571ce60dff2817f43fec8b86aecd
                           .group:0000000000000000 wm4.math.h.13.adb102f7bd7860b1f241e149d6914a1e
                           .group:0000000000000000 wm4.float.h.29.0e9d9baf95ec39f9555dc80c6e28186b
                           .group:0000000000000000 wm4.syslimits.h.38.a5cadcb164df32bfe95032c693331b67
                           .group:0000000000000000 wm4.limits.h.9.70fb0ada6f71b16202a66baaa6d8ea70
                           .group:0000000000000000 wm4.limits.h.60.56a1ae353e2028a24298ec6463b8b593
                           .group:0000000000000000 wm4.jsi.h.60.36926f71eb871f54934de2e413c7edb9
                           .group:0000000000000000 wm4.utf.h.15.d2ba3d9518d70c29ff81afb784f83b42

UNDEFINED SYMBOLS
__aeabi_dcmpeq
jsV_numbertostring
js_puts
js_putc
jsU_chartorune
js_isundefined
js_isnull
js_isboolean
js_isnumber
js_tonumber
js_toboolean
js_isstring
js_isobject
js_toobject
js_tostring
js_getproperty
js_pop
js_hasproperty
js_gettop
js_pushiterator
js_nextiterator
js_getlength
js_hasindex
js_savetry
setjmp
js_copy
js_pushstring
js_endtry
js_free
js_throw
js_replace
