ARM GAS  /var/folders/65/xyhbx3_n6nd_hs7j3p9nfwv80000gn/T//cc2oMwwL.s 			page 1


   1              		.cpu cortex-m7
   2              		.eabi_attribute 27, 1	@ Tag_ABI_HardFP_use
   3              		.eabi_attribute 28, 1	@ Tag_ABI_VFP_args
   4              		.eabi_attribute 20, 1	@ Tag_ABI_FP_denormal
   5              		.eabi_attribute 21, 1	@ Tag_ABI_FP_exceptions
   6              		.eabi_attribute 23, 3	@ Tag_ABI_FP_number_model
   7              		.eabi_attribute 24, 1	@ Tag_ABI_align8_needed
   8              		.eabi_attribute 25, 1	@ Tag_ABI_align8_preserved
   9              		.eabi_attribute 26, 1	@ Tag_ABI_enum_size
  10              		.eabi_attribute 30, 2	@ Tag_ABI_optimization_goals
  11              		.eabi_attribute 34, 1	@ Tag_CPU_unaligned_access
  12              		.eabi_attribute 18, 4	@ Tag_ABI_PCS_wchar_t
  13              		.file	"strutil.c"
  14              	@ GNU C17 (GNU Tools for Arm Embedded Processors 9-2019-q4-major) version 9.2.1 20191025 (release) 
  15              	@	compiled by GNU C version 4.2.1 Compatible Apple LLVM 9.0.0 (clang-900.0.39.2), GMP version 6.1.0
  16              	
  17              	@ GGC heuristics: --param ggc-min-expand=100 --param ggc-min-heapsize=131072
  18              	@ options passed:  -I . -I .
  19              	@ -I /Users/bwandrych/Developer/PlaydateSDK/C_API -I Source -I Source/core
  20              	@ -I Source/util -I Source/html -I Source/render -I Source/render/decoders
  21              	@ -I Source/ui -I Source/keyboard -imultilib thumb/v7e-m+fp/hard
  22              	@ -iprefix /usr/local/playdate/gcc-arm-none-eabi-9-2019-q4-major/bin/../lib/gcc/arm-none-eabi/9.2.1
  23              	@ -isysroot /usr/local/playdate/gcc-arm-none-eabi-9-2019-q4-major/bin/../arm-none-eabi
  24              	@ -MD build/Source/util/strutil.d -MF build/dep/strutil.o.d -MP
  25              	@ -MQ build/Source/util/strutil.o -D__USES_INITFINI__ -D __FPU_USED=1
  26              	@ -D TARGET_PLAYDATE=1 -D TARGET_EXTENSION=1 Source/util/strutil.c -mthumb
  27              	@ -mcpu=cortex-m7 -mfloat-abi=hard -mfpu=fpv5-sp-d16 -mword-relocations
  28              	@ -march=armv7e-m+fpv5 -auxbase-strip build/Source/util/strutil.o -g3
  29              	@ -gdwarf-2 -O2 -Wall -Wno-unused -Wstrict-prototypes -Wno-unknown-pragmas
  30              	@ -Wdouble-promotion -Wstack-usage=8192 -Walloca-larger-than=8192
  31              	@ -falign-functions=16 -fomit-frame-pointer -fverbose-asm -fno-common
  32              	@ -ffunction-sections -fdata-sections -fstack-usage
  33              	@ options enabled:  -faggressive-loop-optimizations -falign-functions
  34              	@ -falign-jumps -falign-labels -falign-loops -fassume-phsa -fauto-inc-dec
  35              	@ -fbranch-count-reg -fcaller-saves -fcombine-stack-adjustments
  36              	@ -fcompare-elim -fcprop-registers -fcrossjumping -fcse-follow-jumps
  37              	@ -fdata-sections -fdefer-pop -fdelete-null-pointer-checks -fdevirtualize
  38              	@ -fdevirtualize-speculatively -fdwarf2-cfi-asm -fearly-inlining
  39              	@ -feliminate-unused-debug-types -fexpensive-optimizations
  40              	@ -fforward-propagate -ffp-int-builtin-inexact -ffunction-cse
  41              	@ -ffunction-sections -fgcse -fgcse-lm -fgnu-runtime -fgnu-unique
  42              	@ -fguess-branch-probability -fhoist-adjacent-loads -fident -fif-conversion
  43              	@ -fif-conversion2 -findirect-inlining -finline -finline-atomics
  44              	@ -finline-functions-called-once -finline-small-functions -fipa-bit-cp
  45              	@ -fipa-cp -fipa-icf -fipa-icf-functions -fipa-icf-variables -fipa-profile
  46              	@ -fipa-pure-const -fipa-ra -fipa-reference -fipa-reference-addressable
  47              	@ -fipa-sra -fipa-stack-alignment -fipa-vrp -fira-hoist-pressure
  48              	@ -fira-share-save-slots -fira-share-spill-slots
  49              	@ -fisolate-erroneous-paths-dereference -fivopts -fkeep-static-consts
  50              	@ -fleading-underscore -flifetime-dse -flra-remat -flto-odr-type-merging
  51              	@ -fmath-errno -fmerge-constants -fmerge-debug-strings
  52              	@ -fmove-loop-invariants -fomit-frame-pointer -foptimize-sibling-calls
  53              	@ -foptimize-strlen -fpartial-inlining -fpeephole -fpeephole2 -fplt
  54              	@ -fprefetch-loop-arrays -freg-struct-return -freorder-blocks
  55              	@ -freorder-functions -frerun-cse-after-loop
  56              	@ -fsched-critical-path-heuristic -fsched-dep-count-heuristic
  57              	@ -fsched-group-heuristic -fsched-interblock -fsched-last-insn-heuristic
ARM GAS  /var/folders/65/xyhbx3_n6nd_hs7j3p9nfwv80000gn/T//cc2oMwwL.s 			page 2


  58              	@ -fsched-pressure -fsched-rank-heuristic -fsched-spec
  59              	@ -fsched-spec-insn-heuristic -fsched-stalled-insns-dep -fschedule-insns
  60              	@ -fschedule-insns2 -fsection-anchors -fsemantic-interposition
  61              	@ -fshow-column -fshrink-wrap -fshrink-wrap-separate -fsigned-zeros
  62              	@ -fsplit-ivs-in-unroller -fsplit-wide-types -fssa-backprop -fssa-phiopt
  63              	@ -fstdarg-opt -fstore-merging -fstrict-aliasing
  64              	@ -fstrict-volatile-bitfields -fsync-libcalls -fthread-jumps
  65              	@ -ftoplevel-reorder -ftrapping-math -ftree-bit-ccp -ftree-builtin-call-dce
  66              	@ -ftree-ccp -ftree-ch -ftree-coalesce-vars -ftree-copy-prop -ftree-cselim
  67              	@ -ftree-dce -ftree-dominator-opts -ftree-dse -ftree-forwprop -ftree-fre
  68              	@ -ftree-loop-if-convert -ftree-loop-im -ftree-loop-ivcanon
  69              	@ -ftree-loop-optimize -ftree-parallelize-loops= -ftree-phiprop -ftree-pre
  70              	@ -ftree-pta -ftree-reassoc -ftree-scev-cprop -ftree-sink -ftree-slsr
  71              	@ -ftree-sra -ftree-switch-conversion -ftree-tail-merge -ftree-ter
  72              	@ -ftree-vrp -funit-at-a-time -fvar-tracking -fvar-tracking-assignments
  73              	@ -fverbose-asm -fzero-initialized-in-bss -masm-syntax-unified -mbe32
  74              	@ -mlittle-endian -mpic-data-is-text-relative -msched-prolog -mthumb
  75              	@ -munaligned-access -mvectorize-with-neon-quad -mword-relocations
  76              	
  77              		.text
  78              	.Ltext0:
  79              		.cfi_sections	.debug_frame
  80              		.section	.text.strutil_is_space.part.0,"ax",%progbits
  81              		.align	1
  82              		.p2align 4,,15
  83              		.arch armv7e-m
  84              		.syntax unified
  85              		.thumb
  86              		.thumb_func
  87              		.fpu fpv5-sp-d16
  88              		.type	strutil_is_space.part.0, %function
  89              	strutil_is_space.part.0:
  90              	.LVL0:
  91              	.LFB27:
  92              		.file 1 "Source/util/strutil.c"
   1:Source/util/strutil.c **** /*
   2:Source/util/strutil.c ****  * PlutoBrowser — strutil.c
   3:Source/util/strutil.c ****  * String helpers (Phase 1). See strutil.h for the contract.
   4:Source/util/strutil.c ****  */
   5:Source/util/strutil.c **** #include <ctype.h>
   6:Source/util/strutil.c **** #include <stdlib.h>
   7:Source/util/strutil.c **** #include <string.h>
   8:Source/util/strutil.c **** 
   9:Source/util/strutil.c **** #include "pd_api.h"
  10:Source/util/strutil.c **** #include "util/strutil.h"
  11:Source/util/strutil.c **** 
  12:Source/util/strutil.c **** /* Accessor implemented in main.c; lets this module use the SDK allocator. */
  13:Source/util/strutil.c **** extern PlaydateAPI *pluto_pd(void);
  14:Source/util/strutil.c **** 
  15:Source/util/strutil.c **** #define PLUTO_MALLOC(n) pluto_pd()->system->realloc(NULL, (n))
  16:Source/util/strutil.c **** #define PLUTO_FREE(p) pluto_pd()->system->realloc((p), 0)
  17:Source/util/strutil.c **** 
  18:Source/util/strutil.c **** int strutil_is_space(char c)
  93              		.loc 1 18 5 view -0
  94              		.cfi_startproc
  95              		@ args = 0, pretend = 0, frame = 0
  96              		@ frame_needed = 0, uses_anonymous_args = 0
ARM GAS  /var/folders/65/xyhbx3_n6nd_hs7j3p9nfwv80000gn/T//cc2oMwwL.s 			page 3


  97              		@ link register save eliminated.
  98              	@ Source/util/strutil.c:20:     return c == ' ' || c == '\t' || c == '\r' || c == '\n' || c == '\f'
  19:Source/util/strutil.c **** {
  20:Source/util/strutil.c ****     return c == ' ' || c == '\t' || c == '\r' || c == '\n' || c == '\f' || c == '\v';
  99              		.loc 1 20 47 is_stmt 0 view .LVU1
 100 0000 0A38     		subs	r0, r0, #10	@ tmp119, tmp121,
 101              	.LVL1:
 102              	@ Source/util/strutil.c:21: }
  21:Source/util/strutil.c **** }
 103              		.loc 1 21 1 view .LVU2
 104 0002 0328     		cmp	r0, #3	@ tmp119,
 105 0004 8CBF     		ite	hi
 106 0006 0020     		movhi	r0, #0	@,
 107 0008 0120     		movls	r0, #1	@,
 108 000a 7047     		bx	lr	@
 109              		.cfi_endproc
 110              	.LFE27:
 111              		.size	strutil_is_space.part.0, .-strutil_is_space.part.0
 112              		.section	.text.strutil_is_space,"ax",%progbits
 113              		.align	1
 114              		.p2align 4,,15
 115              		.global	strutil_is_space
 116              		.syntax unified
 117              		.thumb
 118              		.thumb_func
 119              		.fpu fpv5-sp-d16
 120              		.type	strutil_is_space, %function
 121              	strutil_is_space:
 122              	.LVL2:
 123              	.LFB15:
  19:Source/util/strutil.c **** {
 124              		.loc 1 19 1 is_stmt 1 view -0
 125              		.cfi_startproc
 126              		@ args = 0, pretend = 0, frame = 0
 127              		@ frame_needed = 0, uses_anonymous_args = 0
 128              		@ link register save eliminated.
  20:Source/util/strutil.c **** }
 129              		.loc 1 20 5 view .LVU4
 130              	@ Source/util/strutil.c:20:     return c == ' ' || c == '\t' || c == '\r' || c == '\n' || c == '\f'
  20:Source/util/strutil.c **** }
 131              		.loc 1 20 73 is_stmt 0 view .LVU5
 132 0000 2028     		cmp	r0, #32	@ c,
 133 0002 03D0     		beq	.L4		@,
 134 0004 0928     		cmp	r0, #9	@ c,
 135 0006 01D0     		beq	.L4		@,
 136 0008 FFF7FEBF 		b	strutil_is_space.part.0		@
 137              	.LVL3:
 138              	.L4:
 139              	@ Source/util/strutil.c:21: }
 140              		.loc 1 21 1 discriminator 8 view .LVU6
 141 000c 0120     		movs	r0, #1	@,
 142              	.LVL4:
 143              		.loc 1 21 1 discriminator 8 view .LVU7
 144 000e 7047     		bx	lr	@
 145              		.cfi_endproc
 146              	.LFE15:
 147              		.size	strutil_is_space, .-strutil_is_space
ARM GAS  /var/folders/65/xyhbx3_n6nd_hs7j3p9nfwv80000gn/T//cc2oMwwL.s 			page 4


 148              		.section	.rodata.strutil_trim_dup.str1.4,"aMS",%progbits,1
 149              		.align	2
 150              	.LC0:
 151 0000 00       		.ascii	"\000"
 152              		.section	.text.strutil_trim_dup,"ax",%progbits
 153              		.align	1
 154              		.p2align 4,,15
 155              		.global	strutil_trim_dup
 156              		.syntax unified
 157              		.thumb
 158              		.thumb_func
 159              		.fpu fpv5-sp-d16
 160              		.type	strutil_trim_dup, %function
 161              	strutil_trim_dup:
 162              	.LVL5:
 163              	.LFB16:
  22:Source/util/strutil.c **** 
  23:Source/util/strutil.c **** char *strutil_trim_dup(const char *s)
  24:Source/util/strutil.c **** {
 164              		.loc 1 24 1 is_stmt 1 view -0
 165              		.cfi_startproc
 166              		@ args = 0, pretend = 0, frame = 0
 167              		@ frame_needed = 0, uses_anonymous_args = 0
  25:Source/util/strutil.c ****     if (!s)
 168              		.loc 1 25 5 view .LVU9
 169              	@ Source/util/strutil.c:24: {
  24:Source/util/strutil.c ****     if (!s)
 170              		.loc 1 24 1 is_stmt 0 view .LVU10
 171 0000 F8B5     		push	{r3, r4, r5, r6, r7, lr}	@
 172              	.LCFI0:
 173              		.cfi_def_cfa_offset 24
 174              		.cfi_offset 3, -24
 175              		.cfi_offset 4, -20
 176              		.cfi_offset 5, -16
 177              		.cfi_offset 6, -12
 178              		.cfi_offset 7, -8
 179              		.cfi_offset 14, -4
 180              	@ Source/util/strutil.c:25:     if (!s)
 181              		.loc 1 25 8 view .LVU11
 182 0002 0646     		mov	r6, r0	@ s, tmp160
 183 0004 0028     		cmp	r0, #0	@ s
 184 0006 3DD0     		beq	.L14	@
  26:Source/util/strutil.c ****     {
  27:Source/util/strutil.c ****         s = "";
  28:Source/util/strutil.c ****     }
  29:Source/util/strutil.c ****     size_t n = strlen(s);
 185              		.loc 1 29 5 is_stmt 1 view .LVU12
 186              	@ Source/util/strutil.c:29:     size_t n = strlen(s);
 187              		.loc 1 29 16 is_stmt 0 view .LVU13
 188 0008 FFF7FEFF 		bl	strlen		@
 189              	.LVL6:
  30:Source/util/strutil.c ****     size_t start = 0;
 190              		.loc 1 30 5 is_stmt 1 view .LVU14
  31:Source/util/strutil.c ****     while (start < n && strutil_is_space(s[start]))
 191              		.loc 1 31 5 view .LVU15
 192              		.loc 1 31 11 view .LVU16
 193 000c 0446     		mov	r4, r0	@ n, tmp161
ARM GAS  /var/folders/65/xyhbx3_n6nd_hs7j3p9nfwv80000gn/T//cc2oMwwL.s 			page 5


 194 000e 0028     		cmp	r0, #0	@ n
 195 0010 40D0     		beq	.L22	@
 196 0012 721E     		subs	r2, r6, #1	@ ivtmp.40, s,
 197              	@ Source/util/strutil.c:30:     size_t start = 0;
  30:Source/util/strutil.c ****     size_t start = 0;
 198              		.loc 1 30 12 is_stmt 0 view .LVU17
 199 0014 0025     		movs	r5, #0	@ start,
 200              	.LVL7:
 201              	.L8:
 202              	@ Source/util/strutil.c:31:     while (start < n && strutil_is_space(s[start]))
 203              		.loc 1 31 25 discriminator 1 view .LVU18
 204 0016 12F8013F 		ldrb	r3, [r2, #1]!	@ zero_extendqisi2	@ _2, MEM[base: _45, offset: 0B]
 205              	.LVL8:
 206              	.LBB6:
 207              	.LBI6:
  18:Source/util/strutil.c **** {
 208              		.loc 1 18 5 is_stmt 1 discriminator 1 view .LVU19
 209              	.LBB7:
  20:Source/util/strutil.c **** }
 210              		.loc 1 20 5 discriminator 1 view .LVU20
 211              	@ Source/util/strutil.c:20:     return c == ' ' || c == '\t' || c == '\r' || c == '\n' || c == '\f'
  20:Source/util/strutil.c **** }
 212              		.loc 1 20 73 is_stmt 0 discriminator 1 view .LVU21
 213 001a 092B     		cmp	r3, #9	@ _2,
 214 001c 1846     		mov	r0, r3	@, _2
 215 001e 04D0     		beq	.L9		@,
 216 0020 202B     		cmp	r3, #32	@ _2,
 217 0022 02D0     		beq	.L9		@,
 218 0024 FFF7FEFF 		bl	strutil_is_space.part.0		@
 219              	.LVL9:
  20:Source/util/strutil.c **** }
 220              		.loc 1 20 73 discriminator 1 view .LVU22
 221              	.LBE7:
 222              	.LBE6:
 223              	@ Source/util/strutil.c:31:     while (start < n && strutil_is_space(s[start]))
 224              		.loc 1 31 22 view .LVU23
 225 0028 B0B1     		cbz	r0, .L23	@ tmp162,
 226              	.L9:
  32:Source/util/strutil.c ****     {
  33:Source/util/strutil.c ****         start++;
 227              		.loc 1 33 9 is_stmt 1 view .LVU24
 228              	@ Source/util/strutil.c:33:         start++;
 229              		.loc 1 33 14 is_stmt 0 view .LVU25
 230 002a 0135     		adds	r5, r5, #1	@ start, start,
 231              	.LVL10:
  31:Source/util/strutil.c ****     {
 232              		.loc 1 31 11 is_stmt 1 view .LVU26
 233 002c AC42     		cmp	r4, r5	@ n, start
 234 002e F2D1     		bne	.L8		@,
 235 0030 0024     		movs	r4, #0	@ n,
 236              	.LVL11:
  31:Source/util/strutil.c ****     {
 237              		.loc 1 31 11 is_stmt 0 view .LVU27
 238 0032 0127     		movs	r7, #1	@ prephitmp_47,
 239              	.LVL12:
 240              	.L6:
  34:Source/util/strutil.c ****     }
ARM GAS  /var/folders/65/xyhbx3_n6nd_hs7j3p9nfwv80000gn/T//cc2oMwwL.s 			page 6


  35:Source/util/strutil.c ****     size_t end = n;
  36:Source/util/strutil.c ****     while (end > start && strutil_is_space(s[end - 1]))
  37:Source/util/strutil.c ****     {
  38:Source/util/strutil.c ****         end--;
  39:Source/util/strutil.c ****     }
  40:Source/util/strutil.c ****     size_t len = end - start;
 241              		.loc 1 40 5 is_stmt 1 view .LVU28
  41:Source/util/strutil.c ****     char *out = (char *)PLUTO_MALLOC(len + 1);
 242              		.loc 1 41 5 view .LVU29
 243              	@ Source/util/strutil.c:41:     char *out = (char *)PLUTO_MALLOC(len + 1);
 244              		.loc 1 41 25 is_stmt 0 view .LVU30
 245 0034 FFF7FEFF 		bl	pluto_pd		@
 246              	.LVL13:
 247 0038 0346     		mov	r3, r0	@ tmp164,
 248 003a 3946     		mov	r1, r7	@, prephitmp_47
 249 003c 0020     		movs	r0, #0	@,
 250 003e 1B68     		ldr	r3, [r3]	@ _6->system, _6->system
 251 0040 1B68     		ldr	r3, [r3]	@ _7->realloc, _7->realloc
 252 0042 9847     		blx	r3		@ _7->realloc
 253              	.LVL14:
  42:Source/util/strutil.c ****     if (!out)
 254              		.loc 1 42 5 is_stmt 1 view .LVU31
 255              	@ Source/util/strutil.c:42:     if (!out)
 256              		.loc 1 42 8 is_stmt 0 view .LVU32
 257 0044 0746     		mov	r7, r0	@ <retval>, tmp165
 258 0046 28B1     		cbz	r0, .L5	@ <retval>,
  43:Source/util/strutil.c ****     {
  44:Source/util/strutil.c ****         return NULL;
  45:Source/util/strutil.c ****     }
  46:Source/util/strutil.c ****     memcpy(out, s + start, len);
 259              		.loc 1 46 5 is_stmt 1 view .LVU33
 260 0048 7119     		adds	r1, r6, r5	@, s, start
 261 004a 2246     		mov	r2, r4	@, n
 262 004c FFF7FEFF 		bl	memcpy		@
 263              	.LVL15:
  47:Source/util/strutil.c ****     out[len] = '\0';
 264              		.loc 1 47 5 view .LVU34
 265              	@ Source/util/strutil.c:47:     out[len] = '\0';
 266              		.loc 1 47 14 is_stmt 0 view .LVU35
 267 0050 0023     		movs	r3, #0	@ tmp157,
 268 0052 3B55     		strb	r3, [r7, r4]	@ tmp157, *_11
  48:Source/util/strutil.c ****     return out;
 269              		.loc 1 48 5 is_stmt 1 view .LVU36
 270              	.L5:
 271              	@ Source/util/strutil.c:49: }
  49:Source/util/strutil.c **** }
 272              		.loc 1 49 1 is_stmt 0 view .LVU37
 273 0054 3846     		mov	r0, r7	@, <retval>
 274 0056 F8BD     		pop	{r3, r4, r5, r6, r7, pc}	@
 275              	.LVL16:
 276              	.L23:
  36:Source/util/strutil.c ****     {
 277              		.loc 1 36 11 is_stmt 1 view .LVU38
 278 0058 AC42     		cmp	r4, r5	@ n, start
 279 005a 18D9     		bls	.L21		@,
 280 005c 3219     		adds	r2, r6, r4	@ ivtmp.34, s, n
 281 005e 01E0     		b	.L11		@
ARM GAS  /var/folders/65/xyhbx3_n6nd_hs7j3p9nfwv80000gn/T//cc2oMwwL.s 			page 7


 282              	.LVL17:
 283              	.L12:
  36:Source/util/strutil.c ****     {
 284              		.loc 1 36 11 view .LVU39
 285 0060 AC42     		cmp	r4, r5	@ n, start
 286 0062 14D9     		bls	.L21		@,
 287              	.L11:
 288              	@ Source/util/strutil.c:36:     while (end > start && strutil_is_space(s[end - 1]))
  36:Source/util/strutil.c ****     {
 289              		.loc 1 36 27 is_stmt 0 discriminator 1 view .LVU40
 290 0064 12F8013D 		ldrb	r3, [r2, #-1]!	@ zero_extendqisi2	@ _5, MEM[base: _58, offset: 0B]
 291              	.LVL18:
 292              	.LBB8:
 293              	.LBI8:
  18:Source/util/strutil.c **** {
 294              		.loc 1 18 5 is_stmt 1 discriminator 1 view .LVU41
 295              	.LBB9:
  20:Source/util/strutil.c **** }
 296              		.loc 1 20 5 discriminator 1 view .LVU42
 297 0068 2146     		mov	r1, r4	@ end, n
 298              	.LBE9:
 299              	.LBE8:
 300              	@ Source/util/strutil.c:36:     while (end > start && strutil_is_space(s[end - 1]))
  36:Source/util/strutil.c ****     {
 301              		.loc 1 36 45 is_stmt 0 discriminator 1 view .LVU43
 302 006a 013C     		subs	r4, r4, #1	@ n, n,
 303              	.LVL19:
 304              	.LBB11:
 305              	.LBB10:
 306              	@ Source/util/strutil.c:20:     return c == ' ' || c == '\t' || c == '\r' || c == '\n' || c == '\f'
  20:Source/util/strutil.c **** }
 307              		.loc 1 20 73 discriminator 1 view .LVU44
 308 006c 202B     		cmp	r3, #32	@ _5,
 309 006e 1846     		mov	r0, r3	@, _5
 310 0070 F6D0     		beq	.L12		@,
 311 0072 092B     		cmp	r3, #9	@ _5,
 312 0074 F4D0     		beq	.L12		@,
 313 0076 FFF7FEFF 		bl	strutil_is_space.part.0		@
 314              	.LVL20:
  20:Source/util/strutil.c **** }
 315              		.loc 1 20 73 discriminator 1 view .LVU45
 316              	.LBE10:
 317              	.LBE11:
 318              	@ Source/util/strutil.c:36:     while (end > start && strutil_is_space(s[end - 1]))
  36:Source/util/strutil.c ****     {
 319              		.loc 1 36 24 view .LVU46
 320 007a 0028     		cmp	r0, #0	@ tmp163
 321 007c F0D1     		bne	.L12	@
 322 007e 4C1B     		subs	r4, r1, r5	@ n, end, start
 323 0080 671C     		adds	r7, r4, #1	@ prephitmp_47, n,
 324 0082 D7E7     		b	.L6		@
 325              	.LVL21:
 326              	.L14:
  36:Source/util/strutil.c ****     {
 327              		.loc 1 36 24 view .LVU47
 328 0084 0446     		mov	r4, r0	@ n, s
 329 0086 0127     		movs	r7, #1	@ prephitmp_47,
ARM GAS  /var/folders/65/xyhbx3_n6nd_hs7j3p9nfwv80000gn/T//cc2oMwwL.s 			page 8


 330              	@ Source/util/strutil.c:27:         s = "";
  27:Source/util/strutil.c ****     }
 331              		.loc 1 27 11 view .LVU48
 332 0088 044E     		ldr	r6, .L24	@ s,
 333              	@ Source/util/strutil.c:30:     size_t start = 0;
  30:Source/util/strutil.c ****     while (start < n && strutil_is_space(s[start]))
 334              		.loc 1 30 12 view .LVU49
 335 008a 0546     		mov	r5, r0	@ start, n
 336 008c D2E7     		b	.L6		@
 337              	.LVL22:
 338              	.L21:
  30:Source/util/strutil.c ****     while (start < n && strutil_is_space(s[start]))
 339              		.loc 1 30 12 view .LVU50
 340 008e 641B     		subs	r4, r4, r5	@ n, n, start
 341              	.LVL23:
  30:Source/util/strutil.c ****     while (start < n && strutil_is_space(s[start]))
 342              		.loc 1 30 12 view .LVU51
 343 0090 671C     		adds	r7, r4, #1	@ prephitmp_47, n,
 344 0092 CFE7     		b	.L6		@
 345              	.LVL24:
 346              	.L22:
  30:Source/util/strutil.c ****     while (start < n && strutil_is_space(s[start]))
 347              		.loc 1 30 12 view .LVU52
 348 0094 0546     		mov	r5, r0	@ start, n
 349              	@ Source/util/strutil.c:31:     while (start < n && strutil_is_space(s[start]))
  31:Source/util/strutil.c ****     {
 350              		.loc 1 31 11 view .LVU53
 351 0096 0127     		movs	r7, #1	@ prephitmp_47,
 352 0098 CCE7     		b	.L6		@
 353              	.L25:
 354 009a 00BF     		.align	2
 355              	.L24:
 356 009c 00000000 		.word	.LC0
 357              		.cfi_endproc
 358              	.LFE16:
 359              		.size	strutil_trim_dup, .-strutil_trim_dup
 360              		.section	.text.strutil_lower_dup,"ax",%progbits
 361              		.align	1
 362              		.p2align 4,,15
 363              		.global	strutil_lower_dup
 364              		.syntax unified
 365              		.thumb
 366              		.thumb_func
 367              		.fpu fpv5-sp-d16
 368              		.type	strutil_lower_dup, %function
 369              	strutil_lower_dup:
 370              	.LVL25:
 371              	.LFB17:
  50:Source/util/strutil.c **** 
  51:Source/util/strutil.c **** char *strutil_lower_dup(const char *s)
  52:Source/util/strutil.c **** {
 372              		.loc 1 52 1 is_stmt 1 view -0
 373              		.cfi_startproc
 374              		@ args = 0, pretend = 0, frame = 0
 375              		@ frame_needed = 0, uses_anonymous_args = 0
  53:Source/util/strutil.c ****     if (!s)
 376              		.loc 1 53 5 view .LVU55
ARM GAS  /var/folders/65/xyhbx3_n6nd_hs7j3p9nfwv80000gn/T//cc2oMwwL.s 			page 9


 377              	@ Source/util/strutil.c:52: {
  52:Source/util/strutil.c ****     if (!s)
 378              		.loc 1 52 1 is_stmt 0 view .LVU56
 379 0000 F8B5     		push	{r3, r4, r5, r6, r7, lr}	@
 380              	.LCFI1:
 381              		.cfi_def_cfa_offset 24
 382              		.cfi_offset 3, -24
 383              		.cfi_offset 4, -20
 384              		.cfi_offset 5, -16
 385              		.cfi_offset 6, -12
 386              		.cfi_offset 7, -8
 387              		.cfi_offset 14, -4
 388              	@ Source/util/strutil.c:53:     if (!s)
 389              		.loc 1 53 8 view .LVU57
 390 0002 0446     		mov	r4, r0	@ s, tmp156
 391 0004 08B3     		cbz	r0, .L27	@ s,
  54:Source/util/strutil.c ****     {
  55:Source/util/strutil.c ****         s = "";
  56:Source/util/strutil.c ****     }
  57:Source/util/strutil.c ****     size_t n = strlen(s);
 392              		.loc 1 57 5 is_stmt 1 view .LVU58
 393              	@ Source/util/strutil.c:57:     size_t n = strlen(s);
 394              		.loc 1 57 16 is_stmt 0 view .LVU59
 395 0006 FFF7FEFF 		bl	strlen		@
 396              	.LVL26:
 397              		.loc 1 57 16 view .LVU60
 398 000a 0746     		mov	r7, r0	@ n, tmp157
 399              	.LVL27:
  58:Source/util/strutil.c ****     char *out = (char *)PLUTO_MALLOC(n + 1);
 400              		.loc 1 58 5 is_stmt 1 view .LVU61
 401              	@ Source/util/strutil.c:58:     char *out = (char *)PLUTO_MALLOC(n + 1);
 402              		.loc 1 58 25 is_stmt 0 view .LVU62
 403 000c FFF7FEFF 		bl	pluto_pd		@
 404              	.LVL28:
 405              		.loc 1 58 25 view .LVU63
 406 0010 0346     		mov	r3, r0	@ tmp158,
 407 0012 791C     		adds	r1, r7, #1	@, n,
 408 0014 0020     		movs	r0, #0	@,
 409 0016 1B68     		ldr	r3, [r3]	@ _1->system, _1->system
 410 0018 1B68     		ldr	r3, [r3]	@ _2->realloc, _2->realloc
 411 001a 9847     		blx	r3		@ _2->realloc
 412              	.LVL29:
  59:Source/util/strutil.c ****     if (!out)
 413              		.loc 1 59 5 is_stmt 1 view .LVU64
 414              	@ Source/util/strutil.c:59:     if (!out)
 415              		.loc 1 59 8 is_stmt 0 view .LVU65
 416 001c F0B1     		cbz	r0, .L33	@ <retval>,
 417              	.LVL30:
 418              	.LBB12:
  60:Source/util/strutil.c ****     {
  61:Source/util/strutil.c ****         return NULL;
  62:Source/util/strutil.c ****     }
  63:Source/util/strutil.c ****     for (size_t i = 0; i < n; i++)
 419              		.loc 1 63 24 is_stmt 1 view .LVU66
 420              	@ Source/util/strutil.c:63:     for (size_t i = 0; i < n; i++)
 421              		.loc 1 63 5 is_stmt 0 view .LVU67
 422 001e FFB1     		cbz	r7, .L34	@ n,
ARM GAS  /var/folders/65/xyhbx3_n6nd_hs7j3p9nfwv80000gn/T//cc2oMwwL.s 			page 10


 423 0020 611E     		subs	r1, r4, #1	@ ivtmp.48, s,
 424 0022 104E     		ldr	r6, .L40	@ tmp154,
 425 0024 441E     		subs	r4, r0, #1	@ ivtmp.51, <retval>,
 426              	.LVL31:
 427              		.loc 1 63 5 view .LVU68
 428 0026 CD19     		adds	r5, r1, r7	@ _15, ivtmp.48, n
 429              	.LVL32:
 430              	.L32:
  64:Source/util/strutil.c ****     {
  65:Source/util/strutil.c ****         out[i] = (char)tolower((unsigned char)s[i]);
 431              		.loc 1 65 9 is_stmt 1 view .LVU69
 432              	.LBB13:
 433              		.loc 1 65 24 view .LVU70
 434 0028 11F8013F 		ldrb	r3, [r1, #1]!	@ zero_extendqisi2	@ __x, MEM[base: _46, offset: 0B]
 435              	.LVL33:
 436              		.loc 1 65 24 view .LVU71
 437 002c F25C     		ldrb	r2, [r6, r3]	@ zero_extendqisi2	@ *_8, *_8
 438 002e 02F00302 		and	r2, r2, #3	@ tmp146, *_8,
 439 0032 012A     		cmp	r2, #1	@ tmp146,
 440 0034 01D1     		bne	.L31		@,
 441 0036 2033     		adds	r3, r3, #32	@ tmp147, __x,
 442              	.LVL34:
 443              		.loc 1 65 24 is_stmt 0 view .LVU72
 444 0038 DBB2     		uxtb	r3, r3	@ __x, tmp147
 445              	.LVL35:
 446              	.L31:
 447              		.loc 1 65 24 view .LVU73
 448              	.LBE13:
 449              	@ Source/util/strutil.c:63:     for (size_t i = 0; i < n; i++)
  63:Source/util/strutil.c ****     {
 450              		.loc 1 63 5 discriminator 4 view .LVU74
 451 003a 8D42     		cmp	r5, r1	@ _15, ivtmp.48
 452              	@ Source/util/strutil.c:65:         out[i] = (char)tolower((unsigned char)s[i]);
 453              		.loc 1 65 16 discriminator 4 view .LVU75
 454 003c 04F8013F 		strb	r3, [r4, #1]!	@ __x, MEM[base: _41, offset: 0B]
 455              	.LVL36:
  63:Source/util/strutil.c ****     {
 456              		.loc 1 63 31 is_stmt 1 discriminator 4 view .LVU76
  63:Source/util/strutil.c ****     {
 457              		.loc 1 63 24 discriminator 4 view .LVU77
 458              	@ Source/util/strutil.c:63:     for (size_t i = 0; i < n; i++)
  63:Source/util/strutil.c ****     {
 459              		.loc 1 63 5 is_stmt 0 discriminator 4 view .LVU78
 460 0040 F2D1     		bne	.L32		@,
 461 0042 0744     		add	r7, r7, r0	@ _53, <retval>
 462              	.LVL37:
 463              	.L30:
  63:Source/util/strutil.c ****     {
 464              		.loc 1 63 5 discriminator 4 view .LVU79
 465              	.LBE12:
  66:Source/util/strutil.c ****     }
  67:Source/util/strutil.c ****     out[n] = '\0';
 466              		.loc 1 67 5 is_stmt 1 view .LVU80
 467              	@ Source/util/strutil.c:67:     out[n] = '\0';
 468              		.loc 1 67 12 is_stmt 0 view .LVU81
 469 0044 0023     		movs	r3, #0	@ tmp149,
 470 0046 3B70     		strb	r3, [r7]	@ tmp149, *prephitmp_54
ARM GAS  /var/folders/65/xyhbx3_n6nd_hs7j3p9nfwv80000gn/T//cc2oMwwL.s 			page 11


  68:Source/util/strutil.c ****     return out;
 471              		.loc 1 68 5 is_stmt 1 view .LVU82
 472              	@ Source/util/strutil.c:69: }
  69:Source/util/strutil.c **** }
 473              		.loc 1 69 1 is_stmt 0 view .LVU83
 474 0048 F8BD     		pop	{r3, r4, r5, r6, r7, pc}	@
 475              	.LVL38:
 476              	.L27:
  57:Source/util/strutil.c ****     char *out = (char *)PLUTO_MALLOC(n + 1);
 477              		.loc 1 57 5 is_stmt 1 view .LVU84
  58:Source/util/strutil.c ****     if (!out)
 478              		.loc 1 58 5 view .LVU85
 479              	@ Source/util/strutil.c:58:     char *out = (char *)PLUTO_MALLOC(n + 1);
  58:Source/util/strutil.c ****     if (!out)
 480              		.loc 1 58 25 is_stmt 0 view .LVU86
 481 004a FFF7FEFF 		bl	pluto_pd		@
 482              	.LVL39:
 483 004e 0346     		mov	r3, r0	@ tmp160,
 484 0050 0121     		movs	r1, #1	@,
 485 0052 2046     		mov	r0, r4	@, s
 486 0054 1B68     		ldr	r3, [r3]	@ _35->system, _35->system
 487 0056 1B68     		ldr	r3, [r3]	@ _36->realloc, _36->realloc
 488 0058 9847     		blx	r3		@ _36->realloc
 489              	.LVL40:
  59:Source/util/strutil.c ****     {
 490              		.loc 1 59 5 is_stmt 1 view .LVU87
 491              	@ Source/util/strutil.c:59:     if (!out)
  59:Source/util/strutil.c ****     {
 492              		.loc 1 59 8 is_stmt 0 view .LVU88
 493 005a 08B9     		cbnz	r0, .L34	@ <retval>,
 494              	.LVL41:
 495              	.L33:
 496              	@ Source/util/strutil.c:61:         return NULL;
  61:Source/util/strutil.c ****     }
 497              		.loc 1 61 16 view .LVU89
 498 005c 0020     		movs	r0, #0	@ <retval>,
 499              	.LVL42:
 500              	@ Source/util/strutil.c:69: }
 501              		.loc 1 69 1 view .LVU90
 502 005e F8BD     		pop	{r3, r4, r5, r6, r7, pc}	@
 503              	.LVL43:
 504              	.L34:
 505              	.LBB14:
 506              	@ Source/util/strutil.c:63:     for (size_t i = 0; i < n; i++)
  63:Source/util/strutil.c ****     {
 507              		.loc 1 63 5 view .LVU91
 508 0060 0746     		mov	r7, r0	@ _53, <retval>
 509 0062 EFE7     		b	.L30		@
 510              	.L41:
 511              		.align	2
 512              	.L40:
 513 0064 01000000 		.word	_ctype_+1
 514              	.LBE14:
 515              		.cfi_endproc
 516              	.LFE17:
 517              		.size	strutil_lower_dup, .-strutil_lower_dup
 518              		.section	.text.strutil_upper_dup,"ax",%progbits
ARM GAS  /var/folders/65/xyhbx3_n6nd_hs7j3p9nfwv80000gn/T//cc2oMwwL.s 			page 12


 519              		.align	1
 520              		.p2align 4,,15
 521              		.global	strutil_upper_dup
 522              		.syntax unified
 523              		.thumb
 524              		.thumb_func
 525              		.fpu fpv5-sp-d16
 526              		.type	strutil_upper_dup, %function
 527              	strutil_upper_dup:
 528              	.LVL44:
 529              	.LFB18:
  70:Source/util/strutil.c **** 
  71:Source/util/strutil.c **** char *strutil_upper_dup(const char *s)
  72:Source/util/strutil.c **** {
 530              		.loc 1 72 1 is_stmt 1 view -0
 531              		.cfi_startproc
 532              		@ args = 0, pretend = 0, frame = 0
 533              		@ frame_needed = 0, uses_anonymous_args = 0
  73:Source/util/strutil.c ****     if (!s)
 534              		.loc 1 73 5 view .LVU93
 535              	@ Source/util/strutil.c:72: {
  72:Source/util/strutil.c ****     if (!s)
 536              		.loc 1 72 1 is_stmt 0 view .LVU94
 537 0000 F8B5     		push	{r3, r4, r5, r6, r7, lr}	@
 538              	.LCFI2:
 539              		.cfi_def_cfa_offset 24
 540              		.cfi_offset 3, -24
 541              		.cfi_offset 4, -20
 542              		.cfi_offset 5, -16
 543              		.cfi_offset 6, -12
 544              		.cfi_offset 7, -8
 545              		.cfi_offset 14, -4
 546              	@ Source/util/strutil.c:73:     if (!s)
 547              		.loc 1 73 8 view .LVU95
 548 0002 0446     		mov	r4, r0	@ s, tmp156
 549 0004 08B3     		cbz	r0, .L43	@ s,
  74:Source/util/strutil.c ****     {
  75:Source/util/strutil.c ****         s = "";
  76:Source/util/strutil.c ****     }
  77:Source/util/strutil.c ****     size_t n = strlen(s);
 550              		.loc 1 77 5 is_stmt 1 view .LVU96
 551              	@ Source/util/strutil.c:77:     size_t n = strlen(s);
 552              		.loc 1 77 16 is_stmt 0 view .LVU97
 553 0006 FFF7FEFF 		bl	strlen		@
 554              	.LVL45:
 555              		.loc 1 77 16 view .LVU98
 556 000a 0746     		mov	r7, r0	@ n, tmp157
 557              	.LVL46:
  78:Source/util/strutil.c ****     char *out = (char *)PLUTO_MALLOC(n + 1);
 558              		.loc 1 78 5 is_stmt 1 view .LVU99
 559              	@ Source/util/strutil.c:78:     char *out = (char *)PLUTO_MALLOC(n + 1);
 560              		.loc 1 78 25 is_stmt 0 view .LVU100
 561 000c FFF7FEFF 		bl	pluto_pd		@
 562              	.LVL47:
 563              		.loc 1 78 25 view .LVU101
 564 0010 0346     		mov	r3, r0	@ tmp158,
 565 0012 791C     		adds	r1, r7, #1	@, n,
ARM GAS  /var/folders/65/xyhbx3_n6nd_hs7j3p9nfwv80000gn/T//cc2oMwwL.s 			page 13


 566 0014 0020     		movs	r0, #0	@,
 567 0016 1B68     		ldr	r3, [r3]	@ _1->system, _1->system
 568 0018 1B68     		ldr	r3, [r3]	@ _2->realloc, _2->realloc
 569 001a 9847     		blx	r3		@ _2->realloc
 570              	.LVL48:
  79:Source/util/strutil.c ****     if (!out)
 571              		.loc 1 79 5 is_stmt 1 view .LVU102
 572              	@ Source/util/strutil.c:79:     if (!out)
 573              		.loc 1 79 8 is_stmt 0 view .LVU103
 574 001c F0B1     		cbz	r0, .L49	@ <retval>,
 575              	.LVL49:
 576              	.LBB15:
  80:Source/util/strutil.c ****     {
  81:Source/util/strutil.c ****         return NULL;
  82:Source/util/strutil.c ****     }
  83:Source/util/strutil.c ****     for (size_t i = 0; i < n; i++)
 577              		.loc 1 83 24 is_stmt 1 view .LVU104
 578              	@ Source/util/strutil.c:83:     for (size_t i = 0; i < n; i++)
 579              		.loc 1 83 5 is_stmt 0 view .LVU105
 580 001e FFB1     		cbz	r7, .L50	@ n,
 581 0020 611E     		subs	r1, r4, #1	@ ivtmp.59, s,
 582 0022 104E     		ldr	r6, .L56	@ tmp154,
 583 0024 441E     		subs	r4, r0, #1	@ ivtmp.62, <retval>,
 584              	.LVL50:
 585              		.loc 1 83 5 view .LVU106
 586 0026 CD19     		adds	r5, r1, r7	@ _15, ivtmp.59, n
 587              	.LVL51:
 588              	.L48:
  84:Source/util/strutil.c ****     {
  85:Source/util/strutil.c ****         out[i] = (char)toupper((unsigned char)s[i]);
 589              		.loc 1 85 9 is_stmt 1 view .LVU107
 590              	.LBB16:
 591              		.loc 1 85 24 view .LVU108
 592 0028 11F8013F 		ldrb	r3, [r1, #1]!	@ zero_extendqisi2	@ __x, MEM[base: _46, offset: 0B]
 593              	.LVL52:
 594              		.loc 1 85 24 view .LVU109
 595 002c F25C     		ldrb	r2, [r6, r3]	@ zero_extendqisi2	@ *_8, *_8
 596 002e 02F00302 		and	r2, r2, #3	@ tmp146, *_8,
 597 0032 022A     		cmp	r2, #2	@ tmp146,
 598 0034 01D1     		bne	.L47		@,
 599 0036 203B     		subs	r3, r3, #32	@ tmp147, __x,
 600              	.LVL53:
 601              		.loc 1 85 24 is_stmt 0 view .LVU110
 602 0038 DBB2     		uxtb	r3, r3	@ __x, tmp147
 603              	.LVL54:
 604              	.L47:
 605              		.loc 1 85 24 view .LVU111
 606              	.LBE16:
 607              	@ Source/util/strutil.c:83:     for (size_t i = 0; i < n; i++)
  83:Source/util/strutil.c ****     {
 608              		.loc 1 83 5 discriminator 4 view .LVU112
 609 003a 8D42     		cmp	r5, r1	@ _15, ivtmp.59
 610              	@ Source/util/strutil.c:85:         out[i] = (char)toupper((unsigned char)s[i]);
 611              		.loc 1 85 16 discriminator 4 view .LVU113
 612 003c 04F8013F 		strb	r3, [r4, #1]!	@ __x, MEM[base: _41, offset: 0B]
 613              	.LVL55:
  83:Source/util/strutil.c ****     {
ARM GAS  /var/folders/65/xyhbx3_n6nd_hs7j3p9nfwv80000gn/T//cc2oMwwL.s 			page 14


 614              		.loc 1 83 31 is_stmt 1 discriminator 4 view .LVU114
  83:Source/util/strutil.c ****     {
 615              		.loc 1 83 24 discriminator 4 view .LVU115
 616              	@ Source/util/strutil.c:83:     for (size_t i = 0; i < n; i++)
  83:Source/util/strutil.c ****     {
 617              		.loc 1 83 5 is_stmt 0 discriminator 4 view .LVU116
 618 0040 F2D1     		bne	.L48		@,
 619 0042 0744     		add	r7, r7, r0	@ _53, <retval>
 620              	.LVL56:
 621              	.L46:
  83:Source/util/strutil.c ****     {
 622              		.loc 1 83 5 discriminator 4 view .LVU117
 623              	.LBE15:
  86:Source/util/strutil.c ****     }
  87:Source/util/strutil.c ****     out[n] = '\0';
 624              		.loc 1 87 5 is_stmt 1 view .LVU118
 625              	@ Source/util/strutil.c:87:     out[n] = '\0';
 626              		.loc 1 87 12 is_stmt 0 view .LVU119
 627 0044 0023     		movs	r3, #0	@ tmp149,
 628 0046 3B70     		strb	r3, [r7]	@ tmp149, *prephitmp_54
  88:Source/util/strutil.c ****     return out;
 629              		.loc 1 88 5 is_stmt 1 view .LVU120
 630              	@ Source/util/strutil.c:89: }
  89:Source/util/strutil.c **** }
 631              		.loc 1 89 1 is_stmt 0 view .LVU121
 632 0048 F8BD     		pop	{r3, r4, r5, r6, r7, pc}	@
 633              	.LVL57:
 634              	.L43:
  77:Source/util/strutil.c ****     char *out = (char *)PLUTO_MALLOC(n + 1);
 635              		.loc 1 77 5 is_stmt 1 view .LVU122
  78:Source/util/strutil.c ****     if (!out)
 636              		.loc 1 78 5 view .LVU123
 637              	@ Source/util/strutil.c:78:     char *out = (char *)PLUTO_MALLOC(n + 1);
  78:Source/util/strutil.c ****     if (!out)
 638              		.loc 1 78 25 is_stmt 0 view .LVU124
 639 004a FFF7FEFF 		bl	pluto_pd		@
 640              	.LVL58:
 641 004e 0346     		mov	r3, r0	@ tmp160,
 642 0050 0121     		movs	r1, #1	@,
 643 0052 2046     		mov	r0, r4	@, s
 644 0054 1B68     		ldr	r3, [r3]	@ _35->system, _35->system
 645 0056 1B68     		ldr	r3, [r3]	@ _36->realloc, _36->realloc
 646 0058 9847     		blx	r3		@ _36->realloc
 647              	.LVL59:
  79:Source/util/strutil.c ****     {
 648              		.loc 1 79 5 is_stmt 1 view .LVU125
 649              	@ Source/util/strutil.c:79:     if (!out)
  79:Source/util/strutil.c ****     {
 650              		.loc 1 79 8 is_stmt 0 view .LVU126
 651 005a 08B9     		cbnz	r0, .L50	@ <retval>,
 652              	.LVL60:
 653              	.L49:
 654              	@ Source/util/strutil.c:81:         return NULL;
  81:Source/util/strutil.c ****     }
 655              		.loc 1 81 16 view .LVU127
 656 005c 0020     		movs	r0, #0	@ <retval>,
 657              	.LVL61:
ARM GAS  /var/folders/65/xyhbx3_n6nd_hs7j3p9nfwv80000gn/T//cc2oMwwL.s 			page 15


 658              	@ Source/util/strutil.c:89: }
 659              		.loc 1 89 1 view .LVU128
 660 005e F8BD     		pop	{r3, r4, r5, r6, r7, pc}	@
 661              	.LVL62:
 662              	.L50:
 663              	.LBB17:
 664              	@ Source/util/strutil.c:83:     for (size_t i = 0; i < n; i++)
  83:Source/util/strutil.c ****     {
 665              		.loc 1 83 5 view .LVU129
 666 0060 0746     		mov	r7, r0	@ _53, <retval>
 667 0062 EFE7     		b	.L46		@
 668              	.L57:
 669              		.align	2
 670              	.L56:
 671 0064 01000000 		.word	_ctype_+1
 672              	.LBE17:
 673              		.cfi_endproc
 674              	.LFE18:
 675              		.size	strutil_upper_dup, .-strutil_upper_dup
 676              		.section	.text.strutil_starts_with,"ax",%progbits
 677              		.align	1
 678              		.p2align 4,,15
 679              		.global	strutil_starts_with
 680              		.syntax unified
 681              		.thumb
 682              		.thumb_func
 683              		.fpu fpv5-sp-d16
 684              		.type	strutil_starts_with, %function
 685              	strutil_starts_with:
 686              	.LVL63:
 687              	.LFB19:
  90:Source/util/strutil.c **** 
  91:Source/util/strutil.c **** int strutil_starts_with(const char *s, const char *prefix)
  92:Source/util/strutil.c **** {
 688              		.loc 1 92 1 is_stmt 1 view -0
 689              		.cfi_startproc
 690              		@ args = 0, pretend = 0, frame = 0
 691              		@ frame_needed = 0, uses_anonymous_args = 0
  93:Source/util/strutil.c ****     if (!s || !prefix)
 692              		.loc 1 93 5 view .LVU131
 693              	@ Source/util/strutil.c:93:     if (!s || !prefix)
 694              		.loc 1 93 8 is_stmt 0 view .LVU132
 695 0000 88B1     		cbz	r0, .L62	@ s,
 696              	@ Source/util/strutil.c:92: {
  92:Source/util/strutil.c ****     if (!s || !prefix)
 697              		.loc 1 92 1 view .LVU133
 698 0002 38B5     		push	{r3, r4, r5, lr}	@
 699              	.LCFI3:
 700              		.cfi_def_cfa_offset 16
 701              		.cfi_offset 3, -16
 702              		.cfi_offset 4, -12
 703              		.cfi_offset 5, -8
 704              		.cfi_offset 14, -4
 705 0004 0C46     		mov	r4, r1	@ prefix, tmp131
 706              	@ Source/util/strutil.c:93:     if (!s || !prefix)
 707              		.loc 1 93 8 view .LVU134
 708 0006 61B1     		cbz	r1, .L60	@ prefix,
ARM GAS  /var/folders/65/xyhbx3_n6nd_hs7j3p9nfwv80000gn/T//cc2oMwwL.s 			page 16


  94:Source/util/strutil.c ****     {
  95:Source/util/strutil.c ****         return 0;
  96:Source/util/strutil.c ****     }
  97:Source/util/strutil.c ****     size_t pl = strlen(prefix);
 709              		.loc 1 97 5 is_stmt 1 view .LVU135
 710 0008 0546     		mov	r5, r0	@ s, tmp130
 711              	@ Source/util/strutil.c:97:     size_t pl = strlen(prefix);
 712              		.loc 1 97 17 is_stmt 0 view .LVU136
 713 000a 0846     		mov	r0, r1	@, prefix
 714              	.LVL64:
 715              		.loc 1 97 17 view .LVU137
 716 000c FFF7FEFF 		bl	strlen		@
 717              	.LVL65:
 718              	@ Source/util/strutil.c:98:     return strncmp(s, prefix, pl) == 0;
  98:Source/util/strutil.c ****     return strncmp(s, prefix, pl) == 0;
 719              		.loc 1 98 12 view .LVU138
 720 0010 2146     		mov	r1, r4	@, prefix
 721              	@ Source/util/strutil.c:97:     size_t pl = strlen(prefix);
  97:Source/util/strutil.c ****     return strncmp(s, prefix, pl) == 0;
 722              		.loc 1 97 17 view .LVU139
 723 0012 0246     		mov	r2, r0	@ tmp132,
 724              	.LVL66:
 725              		.loc 1 98 5 is_stmt 1 view .LVU140
 726              	@ Source/util/strutil.c:98:     return strncmp(s, prefix, pl) == 0;
 727              		.loc 1 98 12 is_stmt 0 view .LVU141
 728 0014 2846     		mov	r0, r5	@, s
 729              	.LVL67:
 730              		.loc 1 98 12 view .LVU142
 731 0016 FFF7FEFF 		bl	strncmp		@
 732              	.LVL68:
 733              	@ Source/util/strutil.c:98:     return strncmp(s, prefix, pl) == 0;
 734              		.loc 1 98 35 view .LVU143
 735 001a B0FA80F0 		clz	r0, r0	@ <retval>, tmp133
 736 001e 4009     		lsrs	r0, r0, #5	@ <retval>, <retval>,
 737              	@ Source/util/strutil.c:99: }
  99:Source/util/strutil.c **** }
 738              		.loc 1 99 1 view .LVU144
 739 0020 38BD     		pop	{r3, r4, r5, pc}	@
 740              	.LVL69:
 741              	.L60:
 742              	@ Source/util/strutil.c:95:         return 0;
  95:Source/util/strutil.c ****     }
 743              		.loc 1 95 16 view .LVU145
 744 0022 0020     		movs	r0, #0	@ <retval>,
 745              	.LVL70:
 746              	@ Source/util/strutil.c:99: }
 747              		.loc 1 99 1 view .LVU146
 748 0024 38BD     		pop	{r3, r4, r5, pc}	@
 749              	.LVL71:
 750              	.L62:
 751              	.LCFI4:
 752              		.cfi_def_cfa_offset 0
 753              		.cfi_restore 3
 754              		.cfi_restore 4
 755              		.cfi_restore 5
 756              		.cfi_restore 14
 757              	@ Source/util/strutil.c:95:         return 0;
ARM GAS  /var/folders/65/xyhbx3_n6nd_hs7j3p9nfwv80000gn/T//cc2oMwwL.s 			page 17


  95:Source/util/strutil.c ****     }
 758              		.loc 1 95 16 view .LVU147
 759 0026 0020     		movs	r0, #0	@ <retval>,
 760              	.LVL72:
 761              	@ Source/util/strutil.c:99: }
 762              		.loc 1 99 1 view .LVU148
 763 0028 7047     		bx	lr	@
 764              		.cfi_endproc
 765              	.LFE19:
 766              		.size	strutil_starts_with, .-strutil_starts_with
 767 002a 00BF     		.section	.text.strutil_istarts_with,"ax",%progbits
 768              		.align	1
 769              		.p2align 4,,15
 770              		.global	strutil_istarts_with
 771              		.syntax unified
 772              		.thumb
 773              		.thumb_func
 774              		.fpu fpv5-sp-d16
 775              		.type	strutil_istarts_with, %function
 776              	strutil_istarts_with:
 777              	.LVL73:
 778              	.LFB20:
 100:Source/util/strutil.c **** 
 101:Source/util/strutil.c **** int strutil_istarts_with(const char *s, const char *prefix)
 102:Source/util/strutil.c **** {
 779              		.loc 1 102 1 is_stmt 1 view -0
 780              		.cfi_startproc
 781              		@ args = 0, pretend = 0, frame = 0
 782              		@ frame_needed = 0, uses_anonymous_args = 0
 783              		@ link register save eliminated.
 103:Source/util/strutil.c ****     if (!s || !prefix)
 784              		.loc 1 103 5 view .LVU150
 785              	@ Source/util/strutil.c:103:     if (!s || !prefix)
 786              		.loc 1 103 8 is_stmt 0 view .LVU151
 787 0000 00B3     		cbz	r0, .L73	@ s,
 788 0002 F9B1     		cbz	r1, .L73	@ prefix,
 789              	.LVL74:
 104:Source/util/strutil.c ****     {
 105:Source/util/strutil.c ****         return 0;
 106:Source/util/strutil.c ****     }
 107:Source/util/strutil.c ****     size_t i = 0;
 108:Source/util/strutil.c ****     while (prefix[i] != '\0')
 790              		.loc 1 108 11 is_stmt 1 view .LVU152
 791              	@ Source/util/strutil.c:108:     while (prefix[i] != '\0')
 792              		.loc 1 108 18 is_stmt 0 view .LVU153
 793 0004 0B78     		ldrb	r3, [r1]	@ zero_extendqisi2	@ _16, *prefix_22(D)
 794              	@ Source/util/strutil.c:108:     while (prefix[i] != '\0')
 795              		.loc 1 108 11 view .LVU154
 796 0006 13B3     		cbz	r3, .L74	@ _16,
 797              	@ Source/util/strutil.c:102: {
 102:Source/util/strutil.c ****     if (!s || !prefix)
 798              		.loc 1 102 1 view .LVU155
 799 0008 70B4     		push	{r4, r5, r6}	@
 800              	.LCFI5:
 801              		.cfi_def_cfa_offset 12
 802              		.cfi_offset 4, -12
 803              		.cfi_offset 5, -8
ARM GAS  /var/folders/65/xyhbx3_n6nd_hs7j3p9nfwv80000gn/T//cc2oMwwL.s 			page 18


 804              		.cfi_offset 6, -4
 805 000a 441E     		subs	r4, r0, #1	@ ivtmp.72, s,
 806 000c 114E     		ldr	r6, .L83	@ tmp156,
 807 000e 02E0     		b	.L72		@
 808              	.LVL75:
 809              	.L82:
 810              	@ Source/util/strutil.c:108:     while (prefix[i] != '\0')
 811              		.loc 1 108 18 view .LVU156
 812 0010 11F8013F 		ldrb	r3, [r1, #1]!	@ zero_extendqisi2	@ _16, MEM[base: _44, offset: 0B]
 813              	.LVL76:
 814              	@ Source/util/strutil.c:108:     while (prefix[i] != '\0')
 815              		.loc 1 108 11 view .LVU157
 816 0014 C3B1     		cbz	r3, .L81	@ _16,
 817              	.LVL77:
 818              	.L72:
 109:Source/util/strutil.c ****     {
 110:Source/util/strutil.c ****         if (tolower((unsigned char)s[i]) != tolower((unsigned char)prefix[i]))
 819              		.loc 1 110 9 is_stmt 1 view .LVU158
 820              	.LBB18:
 821              		.loc 1 110 13 view .LVU159
 822 0016 14F8010F 		ldrb	r0, [r4, #1]!	@ zero_extendqisi2	@ __x, MEM[base: _45, offset: 0B]
 823              	.LVL78:
 824              		.loc 1 110 13 view .LVU160
 825              	.LBE18:
 826              	.LBB19:
 827              		.loc 1 110 45 view .LVU161
 828              		.loc 1 110 45 view .LVU162
 829              	.LBE19:
 830              	.LBB20:
 831              	@ Source/util/strutil.c:110:         if (tolower((unsigned char)s[i]) != tolower((unsigned char)pre
 832              		.loc 1 110 13 is_stmt 0 view .LVU163
 833 001a 325C     		ldrb	r2, [r6, r0]	@ zero_extendqisi2	@ *_7, *_7
 834 001c 0546     		mov	r5, r0	@ iftmp.3_19, __x
 835 001e 02F00302 		and	r2, r2, #3	@ tmp148, *_7,
 836 0022 012A     		cmp	r2, #1	@ tmp148,
 837              	.LBE20:
 838              	.LBB21:
 839              	@ Source/util/strutil.c:110:         if (tolower((unsigned char)s[i]) != tolower((unsigned char)pre
 840              		.loc 1 110 45 view .LVU164
 841 0024 F25C     		ldrb	r2, [r6, r3]	@ zero_extendqisi2	@ *_12, *_12
 842 0026 02F00302 		and	r2, r2, #3	@ tmp154, *_12,
 843              	.LBE21:
 844              	.LBB22:
 845              	@ Source/util/strutil.c:110:         if (tolower((unsigned char)s[i]) != tolower((unsigned char)pre
 846              		.loc 1 110 13 view .LVU165
 847 002a 08BF     		it	eq
 848 002c 00F12005 		addeq	r5, r0, #32	@ iftmp.3_19, __x,
 849              	.LBE22:
 850              	.LBB23:
 851              	@ Source/util/strutil.c:110:         if (tolower((unsigned char)s[i]) != tolower((unsigned char)pre
 852              		.loc 1 110 45 view .LVU166
 853 0030 1846     		mov	r0, r3	@ iftmp.4_20, _16
 854              	.LVL79:
 855              		.loc 1 110 45 view .LVU167
 856 0032 012A     		cmp	r2, #1	@ tmp154,
 857 0034 08BF     		it	eq
 858 0036 03F12000 		addeq	r0, r3, #32	@ iftmp.4_20, _16,
ARM GAS  /var/folders/65/xyhbx3_n6nd_hs7j3p9nfwv80000gn/T//cc2oMwwL.s 			page 19


 859              	.LBE23:
 111:Source/util/strutil.c ****         {
 112:Source/util/strutil.c ****             return 0;
 113:Source/util/strutil.c ****         }
 114:Source/util/strutil.c ****         i++;
 860              		.loc 1 114 9 is_stmt 1 view .LVU168
 861              	.LVL80:
 108:Source/util/strutil.c ****     {
 862              		.loc 1 108 11 view .LVU169
 863              	@ Source/util/strutil.c:110:         if (tolower((unsigned char)s[i]) != tolower((unsigned char)pre
 110:Source/util/strutil.c ****         {
 864              		.loc 1 110 12 is_stmt 0 view .LVU170
 865 003a 8542     		cmp	r5, r0	@ iftmp.3_19, iftmp.4_20
 866 003c E8D0     		beq	.L82		@,
 867              	@ Source/util/strutil.c:105:         return 0;
 105:Source/util/strutil.c ****     }
 868              		.loc 1 105 16 view .LVU171
 869 003e 0020     		movs	r0, #0	@ <retval>,
 870              	@ Source/util/strutil.c:117: }
 115:Source/util/strutil.c ****     }
 116:Source/util/strutil.c ****     return 1;
 117:Source/util/strutil.c **** }
 871              		.loc 1 117 1 view .LVU172
 872 0040 70BC     		pop	{r4, r5, r6}	@
 873              	.LCFI6:
 874              		.cfi_restore 6
 875              		.cfi_restore 5
 876              		.cfi_restore 4
 877              		.cfi_def_cfa_offset 0
 878              	.LVL81:
 879              		.loc 1 117 1 view .LVU173
 880 0042 7047     		bx	lr	@
 881              	.LVL82:
 882              	.L73:
 883              	@ Source/util/strutil.c:105:         return 0;
 105:Source/util/strutil.c ****     }
 884              		.loc 1 105 16 view .LVU174
 885 0044 0020     		movs	r0, #0	@ <retval>,
 886              	.LVL83:
 105:Source/util/strutil.c ****     }
 887              		.loc 1 105 16 view .LVU175
 888 0046 7047     		bx	lr	@
 889              	.LVL84:
 890              	.L81:
 891              	.LCFI7:
 892              		.cfi_def_cfa_offset 12
 893              		.cfi_offset 4, -12
 894              		.cfi_offset 5, -8
 895              		.cfi_offset 6, -4
 896              	@ Source/util/strutil.c:116:     return 1;
 116:Source/util/strutil.c **** }
 897              		.loc 1 116 12 view .LVU176
 898 0048 0120     		movs	r0, #1	@ <retval>,
 899              	@ Source/util/strutil.c:117: }
 900              		.loc 1 117 1 view .LVU177
 901 004a 70BC     		pop	{r4, r5, r6}	@
 902              	.LCFI8:
ARM GAS  /var/folders/65/xyhbx3_n6nd_hs7j3p9nfwv80000gn/T//cc2oMwwL.s 			page 20


 903              		.cfi_restore 6
 904              		.cfi_restore 5
 905              		.cfi_restore 4
 906              		.cfi_def_cfa_offset 0
 907              	.LVL85:
 908              		.loc 1 117 1 view .LVU178
 909 004c 7047     		bx	lr	@
 910              	.LVL86:
 911              	.L74:
 912              	@ Source/util/strutil.c:116:     return 1;
 116:Source/util/strutil.c **** }
 913              		.loc 1 116 12 view .LVU179
 914 004e 0120     		movs	r0, #1	@ <retval>,
 915              	.LVL87:
 916              	@ Source/util/strutil.c:117: }
 917              		.loc 1 117 1 view .LVU180
 918 0050 7047     		bx	lr	@
 919              	.L84:
 920 0052 00BF     		.align	2
 921              	.L83:
 922 0054 01000000 		.word	_ctype_+1
 923              		.cfi_endproc
 924              	.LFE20:
 925              		.size	strutil_istarts_with, .-strutil_istarts_with
 926              		.section	.text.strutil_ends_with,"ax",%progbits
 927              		.align	1
 928              		.p2align 4,,15
 929              		.global	strutil_ends_with
 930              		.syntax unified
 931              		.thumb
 932              		.thumb_func
 933              		.fpu fpv5-sp-d16
 934              		.type	strutil_ends_with, %function
 935              	strutil_ends_with:
 936              	.LVL88:
 937              	.LFB21:
 118:Source/util/strutil.c **** 
 119:Source/util/strutil.c **** int strutil_ends_with(const char *s, const char *suffix)
 120:Source/util/strutil.c **** {
 938              		.loc 1 120 1 is_stmt 1 view -0
 939              		.cfi_startproc
 940              		@ args = 0, pretend = 0, frame = 0
 941              		@ frame_needed = 0, uses_anonymous_args = 0
 121:Source/util/strutil.c ****     if (!s || !suffix)
 942              		.loc 1 121 5 view .LVU182
 943              	@ Source/util/strutil.c:121:     if (!s || !suffix)
 944              		.loc 1 121 8 is_stmt 0 view .LVU183
 945 0000 D8B1     		cbz	r0, .L90	@ s,
 946              	@ Source/util/strutil.c:120: {
 120:Source/util/strutil.c ****     if (!s || !suffix)
 947              		.loc 1 120 1 view .LVU184
 948 0002 F8B5     		push	{r3, r4, r5, r6, r7, lr}	@
 949              	.LCFI9:
 950              		.cfi_def_cfa_offset 24
 951              		.cfi_offset 3, -24
 952              		.cfi_offset 4, -20
 953              		.cfi_offset 5, -16
ARM GAS  /var/folders/65/xyhbx3_n6nd_hs7j3p9nfwv80000gn/T//cc2oMwwL.s 			page 21


 954              		.cfi_offset 6, -12
 955              		.cfi_offset 7, -8
 956              		.cfi_offset 14, -4
 957              	@ Source/util/strutil.c:121:     if (!s || !suffix)
 958              		.loc 1 121 8 view .LVU185
 959 0004 B1FA81F4 		clz	r4, r1	@ tmp127, suffix
 960 0008 0D46     		mov	r5, r1	@ suffix, tmp137
 961 000a 6409     		lsrs	r4, r4, #5	@ tmp127, tmp127,
 962 000c 99B1     		cbz	r1, .L87	@ suffix,
 963 000e 0646     		mov	r6, r0	@ s, tmp136
 122:Source/util/strutil.c ****     {
 123:Source/util/strutil.c ****         return 0;
 124:Source/util/strutil.c ****     }
 125:Source/util/strutil.c ****     size_t sl = strlen(s);
 964              		.loc 1 125 5 is_stmt 1 view .LVU186
 965              	@ Source/util/strutil.c:125:     size_t sl = strlen(s);
 966              		.loc 1 125 17 is_stmt 0 view .LVU187
 967 0010 FFF7FEFF 		bl	strlen		@
 968              	.LVL89:
 969              		.loc 1 125 17 view .LVU188
 970 0014 0746     		mov	r7, r0	@ tmp138,
 971              	@ Source/util/strutil.c:126:     size_t fl = strlen(suffix);
 126:Source/util/strutil.c ****     size_t fl = strlen(suffix);
 972              		.loc 1 126 17 view .LVU189
 973 0016 2846     		mov	r0, r5	@, suffix
 974              	.LVL90:
 975              		.loc 1 126 5 is_stmt 1 view .LVU190
 976              	@ Source/util/strutil.c:126:     size_t fl = strlen(suffix);
 977              		.loc 1 126 17 is_stmt 0 view .LVU191
 978 0018 FFF7FEFF 		bl	strlen		@
 979              	.LVL91:
 127:Source/util/strutil.c ****     if (fl > sl)
 980              		.loc 1 127 5 is_stmt 1 view .LVU192
 981              	@ Source/util/strutil.c:127:     if (fl > sl)
 982              		.loc 1 127 8 is_stmt 0 view .LVU193
 983 001c 8742     		cmp	r7, r0	@ tmp128, tmp129
 984 001e 08D3     		bcc	.L88		@,
 128:Source/util/strutil.c ****     {
 129:Source/util/strutil.c ****         return 0;
 130:Source/util/strutil.c ****     }
 131:Source/util/strutil.c ****     return strcmp(s + sl - fl, suffix) == 0;
 985              		.loc 1 131 5 is_stmt 1 view .LVU194
 986              	@ Source/util/strutil.c:131:     return strcmp(s + sl - fl, suffix) == 0;
 987              		.loc 1 131 26 is_stmt 0 view .LVU195
 988 0020 381A     		subs	r0, r7, r0	@ tmp130, tmp128, tmp129
 989              	.LVL92:
 990              	@ Source/util/strutil.c:131:     return strcmp(s + sl - fl, suffix) == 0;
 991              		.loc 1 131 12 view .LVU196
 992 0022 2946     		mov	r1, r5	@, suffix
 993 0024 3044     		add	r0, r0, r6	@, s
 994 0026 FFF7FEFF 		bl	strcmp		@
 995              	.LVL93:
 996              	@ Source/util/strutil.c:131:     return strcmp(s + sl - fl, suffix) == 0;
 997              		.loc 1 131 40 view .LVU197
 998 002a B0FA80F0 		clz	r0, r0	@ <retval>, tmp140
 999 002e 4009     		lsrs	r0, r0, #5	@ <retval>, <retval>,
 1000              	@ Source/util/strutil.c:132: }
ARM GAS  /var/folders/65/xyhbx3_n6nd_hs7j3p9nfwv80000gn/T//cc2oMwwL.s 			page 22


 132:Source/util/strutil.c **** }
 1001              		.loc 1 132 1 view .LVU198
 1002 0030 F8BD     		pop	{r3, r4, r5, r6, r7, pc}	@
 1003              	.LVL94:
 1004              	.L88:
 1005              	@ Source/util/strutil.c:123:         return 0;
 123:Source/util/strutil.c ****     }
 1006              		.loc 1 123 16 view .LVU199
 1007 0032 2046     		mov	r0, r4	@ <retval>, tmp127
 1008              	.LVL95:
 1009              	@ Source/util/strutil.c:132: }
 1010              		.loc 1 132 1 view .LVU200
 1011 0034 F8BD     		pop	{r3, r4, r5, r6, r7, pc}	@
 1012              	.LVL96:
 1013              	.L87:
 1014              	@ Source/util/strutil.c:123:         return 0;
 123:Source/util/strutil.c ****     }
 1015              		.loc 1 123 16 view .LVU201
 1016 0036 0020     		movs	r0, #0	@ <retval>,
 1017              	.LVL97:
 1018              	@ Source/util/strutil.c:132: }
 1019              		.loc 1 132 1 view .LVU202
 1020 0038 F8BD     		pop	{r3, r4, r5, r6, r7, pc}	@
 1021              	.LVL98:
 1022              	.L90:
 1023              	.LCFI10:
 1024              		.cfi_def_cfa_offset 0
 1025              		.cfi_restore 3
 1026              		.cfi_restore 4
 1027              		.cfi_restore 5
 1028              		.cfi_restore 6
 1029              		.cfi_restore 7
 1030              		.cfi_restore 14
 1031              	@ Source/util/strutil.c:123:         return 0;
 123:Source/util/strutil.c ****     }
 1032              		.loc 1 123 16 view .LVU203
 1033 003a 0020     		movs	r0, #0	@ <retval>,
 1034              	.LVL99:
 1035              	@ Source/util/strutil.c:132: }
 1036              		.loc 1 132 1 view .LVU204
 1037 003c 7047     		bx	lr	@
 1038              		.cfi_endproc
 1039              	.LFE21:
 1040              		.size	strutil_ends_with, .-strutil_ends_with
 1041 003e 00BF     		.section	.text.strutil_find,"ax",%progbits
 1042              		.align	1
 1043              		.p2align 4,,15
 1044              		.global	strutil_find
 1045              		.syntax unified
 1046              		.thumb
 1047              		.thumb_func
 1048              		.fpu fpv5-sp-d16
 1049              		.type	strutil_find, %function
 1050              	strutil_find:
 1051              	.LVL100:
 1052              	.LFB22:
 133:Source/util/strutil.c **** 
ARM GAS  /var/folders/65/xyhbx3_n6nd_hs7j3p9nfwv80000gn/T//cc2oMwwL.s 			page 23


 134:Source/util/strutil.c **** ptrdiff_t strutil_find(const char *s, const char *needle, size_t from)
 135:Source/util/strutil.c **** {
 1053              		.loc 1 135 1 is_stmt 1 view -0
 1054              		.cfi_startproc
 1055              		@ args = 0, pretend = 0, frame = 0
 1056              		@ frame_needed = 0, uses_anonymous_args = 0
 136:Source/util/strutil.c ****     if (!s || !needle)
 1057              		.loc 1 136 5 view .LVU206
 1058              	@ Source/util/strutil.c:136:     if (!s || !needle)
 1059              		.loc 1 136 8 is_stmt 0 view .LVU207
 1060 0000 90B1     		cbz	r0, .L99	@ s,
 1061              	@ Source/util/strutil.c:135: {
 135:Source/util/strutil.c ****     if (!s || !needle)
 1062              		.loc 1 135 1 view .LVU208
 1063 0002 70B5     		push	{r4, r5, r6, lr}	@
 1064              	.LCFI11:
 1065              		.cfi_def_cfa_offset 16
 1066              		.cfi_offset 4, -16
 1067              		.cfi_offset 5, -12
 1068              		.cfi_offset 6, -8
 1069              		.cfi_offset 14, -4
 1070 0004 0D46     		mov	r5, r1	@ needle, tmp130
 1071              	@ Source/util/strutil.c:136:     if (!s || !needle)
 1072              		.loc 1 136 8 view .LVU209
 1073 0006 61B1     		cbz	r1, .L97	@ needle,
 137:Source/util/strutil.c ****     {
 138:Source/util/strutil.c ****         return -1;
 139:Source/util/strutil.c ****     }
 140:Source/util/strutil.c ****     size_t n = strlen(s);
 1074              		.loc 1 140 5 is_stmt 1 view .LVU210
 1075 0008 1646     		mov	r6, r2	@ from, tmp131
 1076 000a 0446     		mov	r4, r0	@ s, tmp129
 1077              	@ Source/util/strutil.c:140:     size_t n = strlen(s);
 1078              		.loc 1 140 16 is_stmt 0 view .LVU211
 1079 000c FFF7FEFF 		bl	strlen		@
 1080              	.LVL101:
 141:Source/util/strutil.c ****     if (from > n)
 1081              		.loc 1 141 5 is_stmt 1 view .LVU212
 1082              	@ Source/util/strutil.c:141:     if (from > n)
 1083              		.loc 1 141 8 is_stmt 0 view .LVU213
 1084 0010 B042     		cmp	r0, r6	@ tmp132, from
 1085 0012 06D3     		bcc	.L97		@,
 142:Source/util/strutil.c ****     {
 143:Source/util/strutil.c ****         return -1;
 144:Source/util/strutil.c ****     }
 145:Source/util/strutil.c ****     const char *hit = strstr(s + from, needle);
 1086              		.loc 1 145 5 is_stmt 1 view .LVU214
 1087              	@ Source/util/strutil.c:145:     const char *hit = strstr(s + from, needle);
 1088              		.loc 1 145 23 is_stmt 0 view .LVU215
 1089 0014 2946     		mov	r1, r5	@, needle
 1090 0016 A019     		adds	r0, r4, r6	@, s, from
 1091              	.LVL102:
 1092              		.loc 1 145 23 view .LVU216
 1093 0018 FFF7FEFF 		bl	strstr		@
 1094              	.LVL103:
 146:Source/util/strutil.c ****     if (!hit)
 1095              		.loc 1 146 5 is_stmt 1 view .LVU217
ARM GAS  /var/folders/65/xyhbx3_n6nd_hs7j3p9nfwv80000gn/T//cc2oMwwL.s 			page 24


 1096              	@ Source/util/strutil.c:146:     if (!hit)
 1097              		.loc 1 146 8 is_stmt 0 view .LVU218
 1098 001c 08B1     		cbz	r0, .L97	@ hit,
 147:Source/util/strutil.c ****     {
 148:Source/util/strutil.c ****         return -1;
 149:Source/util/strutil.c ****     }
 150:Source/util/strutil.c ****     return (ptrdiff_t)(hit - s);
 1099              		.loc 1 150 5 is_stmt 1 view .LVU219
 1100              	@ Source/util/strutil.c:150:     return (ptrdiff_t)(hit - s);
 1101              		.loc 1 150 12 is_stmt 0 view .LVU220
 1102 001e 001B     		subs	r0, r0, r4	@ <retval>, hit, s
 1103              	.LVL104:
 1104              	@ Source/util/strutil.c:151: }
 151:Source/util/strutil.c **** }
 1105              		.loc 1 151 1 view .LVU221
 1106 0020 70BD     		pop	{r4, r5, r6, pc}	@
 1107              	.LVL105:
 1108              	.L97:
 1109              	@ Source/util/strutil.c:138:         return -1;
 138:Source/util/strutil.c ****     }
 1110              		.loc 1 138 16 view .LVU222
 1111 0022 4FF0FF30 		mov	r0, #-1	@ <retval>,
 1112              	@ Source/util/strutil.c:151: }
 1113              		.loc 1 151 1 view .LVU223
 1114 0026 70BD     		pop	{r4, r5, r6, pc}	@
 1115              	.LVL106:
 1116              	.L99:
 1117              	.LCFI12:
 1118              		.cfi_def_cfa_offset 0
 1119              		.cfi_restore 4
 1120              		.cfi_restore 5
 1121              		.cfi_restore 6
 1122              		.cfi_restore 14
 1123              	@ Source/util/strutil.c:138:         return -1;
 138:Source/util/strutil.c ****     }
 1124              		.loc 1 138 16 view .LVU224
 1125 0028 4FF0FF30 		mov	r0, #-1	@ <retval>,
 1126              	.LVL107:
 1127              	@ Source/util/strutil.c:151: }
 1128              		.loc 1 151 1 view .LVU225
 1129 002c 7047     		bx	lr	@
 1130              		.cfi_endproc
 1131              	.LFE22:
 1132              		.size	strutil_find, .-strutil_find
 1133 002e 00BF     		.section	.text.strutil_find_any,"ax",%progbits
 1134              		.align	1
 1135              		.p2align 4,,15
 1136              		.global	strutil_find_any
 1137              		.syntax unified
 1138              		.thumb
 1139              		.thumb_func
 1140              		.fpu fpv5-sp-d16
 1141              		.type	strutil_find_any, %function
 1142              	strutil_find_any:
 1143              	.LVL108:
 1144              	.LFB23:
 152:Source/util/strutil.c **** 
ARM GAS  /var/folders/65/xyhbx3_n6nd_hs7j3p9nfwv80000gn/T//cc2oMwwL.s 			page 25


 153:Source/util/strutil.c **** ptrdiff_t strutil_find_any(const char *s, const char *set, size_t from)
 154:Source/util/strutil.c **** {
 1145              		.loc 1 154 1 is_stmt 1 view -0
 1146              		.cfi_startproc
 1147              		@ args = 0, pretend = 0, frame = 0
 1148              		@ frame_needed = 0, uses_anonymous_args = 0
 155:Source/util/strutil.c ****     if (!s || !set)
 1149              		.loc 1 155 5 view .LVU227
 1150              	@ Source/util/strutil.c:155:     if (!s || !set)
 1151              		.loc 1 155 8 is_stmt 0 view .LVU228
 1152 0000 10B3     		cbz	r0, .L110	@ s,
 1153              	@ Source/util/strutil.c:154: {
 154:Source/util/strutil.c ****     if (!s || !set)
 1154              		.loc 1 154 1 view .LVU229
 1155 0002 2DE9F041 		push	{r4, r5, r6, r7, r8, lr}	@
 1156              	.LCFI13:
 1157              		.cfi_def_cfa_offset 24
 1158              		.cfi_offset 4, -24
 1159              		.cfi_offset 5, -20
 1160              		.cfi_offset 6, -16
 1161              		.cfi_offset 7, -12
 1162              		.cfi_offset 8, -8
 1163              		.cfi_offset 14, -4
 1164 0006 0D46     		mov	r5, r1	@ set, tmp144
 1165              	@ Source/util/strutil.c:155:     if (!s || !set)
 1166              		.loc 1 155 8 view .LVU230
 1167 0008 D1B1     		cbz	r1, .L107	@ set,
 1168 000a 1646     		mov	r6, r2	@ from, tmp145
 1169 000c 0446     		mov	r4, r0	@ s, tmp143
 156:Source/util/strutil.c ****     {
 157:Source/util/strutil.c ****         return -1;
 158:Source/util/strutil.c ****     }
 159:Source/util/strutil.c ****     size_t n = strlen(s);
 1170              		.loc 1 159 5 is_stmt 1 view .LVU231
 1171              	@ Source/util/strutil.c:159:     size_t n = strlen(s);
 1172              		.loc 1 159 16 is_stmt 0 view .LVU232
 1173 000e FFF7FEFF 		bl	strlen		@
 1174              	.LVL109:
 160:Source/util/strutil.c ****     for (size_t i = from; i < n; i++)
 1175              		.loc 1 160 5 is_stmt 1 view .LVU233
 1176              	.LBB24:
 1177              		.loc 1 160 10 view .LVU234
 1178              		.loc 1 160 27 view .LVU235
 1179              	@ Source/util/strutil.c:160:     for (size_t i = from; i < n; i++)
 1180              		.loc 1 160 5 is_stmt 0 view .LVU236
 1181 0012 B042     		cmp	r0, r6	@ tmp136, from
 1182 0014 14D9     		bls	.L107		@,
 1183 0016 631E     		subs	r3, r4, #1	@ tmp138, s,
 1184 0018 013E     		subs	r6, r6, #1	@ tmp137, from,
 1185              	.LVL110:
 1186              		.loc 1 160 5 view .LVU237
 1187 001a C4F10108 		rsb	r8, r4, #1	@ tmp142, s,
 1188 001e 1F18     		adds	r7, r3, r0	@ _30, tmp138, tmp136
 1189 0020 3444     		add	r4, r4, r6	@ ivtmp.89, tmp137
 1190              	.LVL111:
 1191              		.loc 1 160 5 view .LVU238
 1192 0022 01E0     		b	.L105		@
ARM GAS  /var/folders/65/xyhbx3_n6nd_hs7j3p9nfwv80000gn/T//cc2oMwwL.s 			page 26


 1193              	.LVL112:
 1194              	.L104:
 1195              	@ Source/util/strutil.c:160:     for (size_t i = from; i < n; i++)
 1196              		.loc 1 160 5 discriminator 2 view .LVU239
 1197 0024 BC42     		cmp	r4, r7	@ ivtmp.89, _30
 1198 0026 0BD0     		beq	.L107		@,
 1199              	.LVL113:
 1200              	.L105:
 1201              		.loc 1 160 5 discriminator 2 view .LVU240
 1202 0028 08EB0406 		add	r6, r8, r4	@ _26, tmp142, ivtmp.89
 1203              	.LVL114:
 161:Source/util/strutil.c ****     {
 162:Source/util/strutil.c ****         if (strchr(set, s[i]))
 1204              		.loc 1 162 9 is_stmt 1 view .LVU241
 1205              	@ Source/util/strutil.c:162:         if (strchr(set, s[i]))
 1206              		.loc 1 162 13 is_stmt 0 view .LVU242
 1207 002c 2846     		mov	r0, r5	@, set
 1208 002e 14F8011F 		ldrb	r1, [r4, #1]!	@ zero_extendqisi2	@, MEM[base: _27, offset: 0B]
 1209 0032 FFF7FEFF 		bl	strchr		@
 1210              	.LVL115:
 160:Source/util/strutil.c ****     for (size_t i = from; i < n; i++)
 1211              		.loc 1 160 34 is_stmt 1 view .LVU243
 160:Source/util/strutil.c ****     for (size_t i = from; i < n; i++)
 1212              		.loc 1 160 27 view .LVU244
 1213              	@ Source/util/strutil.c:162:         if (strchr(set, s[i]))
 1214              		.loc 1 162 12 is_stmt 0 view .LVU245
 1215 0036 0028     		cmp	r0, #0	@ tmp147
 1216 0038 F4D0     		beq	.L104	@
 163:Source/util/strutil.c ****         {
 164:Source/util/strutil.c ****             return (ptrdiff_t)i;
 1217              		.loc 1 164 13 is_stmt 1 view .LVU246
 1218              	@ Source/util/strutil.c:164:             return (ptrdiff_t)i;
 1219              		.loc 1 164 20 is_stmt 0 view .LVU247
 1220 003a 3046     		mov	r0, r6	@ <retval>, _26
 1221              	.LBE24:
 1222              	@ Source/util/strutil.c:168: }
 165:Source/util/strutil.c ****         }
 166:Source/util/strutil.c ****     }
 167:Source/util/strutil.c ****     return -1;
 168:Source/util/strutil.c **** }
 1223              		.loc 1 168 1 view .LVU248
 1224 003c BDE8F081 		pop	{r4, r5, r6, r7, r8, pc}	@
 1225              	.LVL116:
 1226              	.L107:
 1227              	@ Source/util/strutil.c:157:         return -1;
 157:Source/util/strutil.c ****     }
 1228              		.loc 1 157 16 view .LVU249
 1229 0040 4FF0FF30 		mov	r0, #-1	@ <retval>,
 1230              	@ Source/util/strutil.c:168: }
 1231              		.loc 1 168 1 view .LVU250
 1232 0044 BDE8F081 		pop	{r4, r5, r6, r7, r8, pc}	@
 1233              	.LVL117:
 1234              	.L110:
 1235              	.LCFI14:
 1236              		.cfi_def_cfa_offset 0
 1237              		.cfi_restore 4
 1238              		.cfi_restore 5
ARM GAS  /var/folders/65/xyhbx3_n6nd_hs7j3p9nfwv80000gn/T//cc2oMwwL.s 			page 27


 1239              		.cfi_restore 6
 1240              		.cfi_restore 7
 1241              		.cfi_restore 8
 1242              		.cfi_restore 14
 1243              	@ Source/util/strutil.c:157:         return -1;
 157:Source/util/strutil.c ****     }
 1244              		.loc 1 157 16 view .LVU251
 1245 0048 4FF0FF30 		mov	r0, #-1	@ <retval>,
 1246              	.LVL118:
 1247              	@ Source/util/strutil.c:168: }
 1248              		.loc 1 168 1 view .LVU252
 1249 004c 7047     		bx	lr	@
 1250              		.cfi_endproc
 1251              	.LFE23:
 1252              		.size	strutil_find_any, .-strutil_find_any
 1253 004e 00BF     		.section	.text.strutil_find_not_any,"ax",%progbits
 1254              		.align	1
 1255              		.p2align 4,,15
 1256              		.global	strutil_find_not_any
 1257              		.syntax unified
 1258              		.thumb
 1259              		.thumb_func
 1260              		.fpu fpv5-sp-d16
 1261              		.type	strutil_find_not_any, %function
 1262              	strutil_find_not_any:
 1263              	.LVL119:
 1264              	.LFB24:
 169:Source/util/strutil.c **** 
 170:Source/util/strutil.c **** ptrdiff_t strutil_find_not_any(const char *s, const char *set, size_t from)
 171:Source/util/strutil.c **** {
 1265              		.loc 1 171 1 is_stmt 1 view -0
 1266              		.cfi_startproc
 1267              		@ args = 0, pretend = 0, frame = 0
 1268              		@ frame_needed = 0, uses_anonymous_args = 0
 172:Source/util/strutil.c ****     if (!s)
 1269              		.loc 1 172 5 view .LVU254
 1270              	@ Source/util/strutil.c:172:     if (!s)
 1271              		.loc 1 172 8 is_stmt 0 view .LVU255
 1272 0000 10B3     		cbz	r0, .L118	@ s,
 1273              	@ Source/util/strutil.c:171: {
 171:Source/util/strutil.c ****     if (!s)
 1274              		.loc 1 171 1 view .LVU256
 1275 0002 2DE9F041 		push	{r4, r5, r6, r7, r8, lr}	@
 1276              	.LCFI15:
 1277              		.cfi_def_cfa_offset 24
 1278              		.cfi_offset 4, -24
 1279              		.cfi_offset 5, -20
 1280              		.cfi_offset 6, -16
 1281              		.cfi_offset 7, -12
 1282              		.cfi_offset 8, -8
 1283              		.cfi_offset 14, -4
 1284 0006 1546     		mov	r5, r2	@ from, tmp135
 1285 0008 0E46     		mov	r6, r1	@ set, tmp134
 1286 000a 0446     		mov	r4, r0	@ s, tmp133
 173:Source/util/strutil.c ****     {
 174:Source/util/strutil.c ****         return -1;
 175:Source/util/strutil.c ****     }
ARM GAS  /var/folders/65/xyhbx3_n6nd_hs7j3p9nfwv80000gn/T//cc2oMwwL.s 			page 28


 176:Source/util/strutil.c ****     size_t n = strlen(s);
 1287              		.loc 1 176 5 is_stmt 1 view .LVU257
 1288              	@ Source/util/strutil.c:176:     size_t n = strlen(s);
 1289              		.loc 1 176 16 is_stmt 0 view .LVU258
 1290 000c FFF7FEFF 		bl	strlen		@
 1291              	.LVL120:
 177:Source/util/strutil.c ****     for (size_t i = from; i < n; i++)
 1292              		.loc 1 177 5 is_stmt 1 view .LVU259
 1293              	.LBB25:
 1294              		.loc 1 177 10 view .LVU260
 1295              		.loc 1 177 27 view .LVU261
 1296              	@ Source/util/strutil.c:177:     for (size_t i = from; i < n; i++)
 1297              		.loc 1 177 5 is_stmt 0 view .LVU262
 1298 0010 A842     		cmp	r0, r5	@ tmp126, from
 1299 0012 15D9     		bls	.L119		@,
 178:Source/util/strutil.c ****     {
 179:Source/util/strutil.c ****         if (!set || !strchr(set, s[i]))
 1300              		.loc 1 179 9 is_stmt 1 view .LVU263
 1301              	@ Source/util/strutil.c:179:         if (!set || !strchr(set, s[i]))
 1302              		.loc 1 179 12 is_stmt 0 view .LVU264
 1303 0014 8EB1     		cbz	r6, .L115	@ set,
 1304 0016 631E     		subs	r3, r4, #1	@ tmp128, s,
 1305 0018 013D     		subs	r5, r5, #1	@ tmp127, from,
 1306              	.LVL121:
 1307              		.loc 1 179 12 view .LVU265
 1308 001a C4F10108 		rsb	r8, r4, #1	@ tmp132, s,
 1309 001e 1F18     		adds	r7, r3, r0	@ _28, tmp128, tmp126
 1310 0020 2C44     		add	r4, r4, r5	@ ivtmp.98, tmp127
 1311              	.LVL122:
 1312              		.loc 1 179 12 view .LVU266
 1313 0022 01E0     		b	.L117		@
 1314              	.LVL123:
 1315              	.L116:
 1316              	@ Source/util/strutil.c:177:     for (size_t i = from; i < n; i++)
 177:Source/util/strutil.c ****     for (size_t i = from; i < n; i++)
 1317              		.loc 1 177 5 discriminator 2 view .LVU267
 1318 0024 BC42     		cmp	r4, r7	@ ivtmp.98, _28
 1319 0026 0BD0     		beq	.L119		@,
 1320              	.LVL124:
 1321              	.L117:
 177:Source/util/strutil.c ****     for (size_t i = from; i < n; i++)
 1322              		.loc 1 177 5 discriminator 2 view .LVU268
 1323 0028 08EB0405 		add	r5, r8, r4	@ from, tmp132, ivtmp.98
 1324              	.LVL125:
 1325              	@ Source/util/strutil.c:179:         if (!set || !strchr(set, s[i]))
 1326              		.loc 1 179 22 discriminator 1 view .LVU269
 1327 002c 3046     		mov	r0, r6	@, set
 1328 002e 14F8011F 		ldrb	r1, [r4, #1]!	@ zero_extendqisi2	@, MEM[base: _25, offset: 0B]
 1329 0032 FFF7FEFF 		bl	strchr		@
 1330              	.LVL126:
 177:Source/util/strutil.c ****     for (size_t i = from; i < n; i++)
 1331              		.loc 1 177 34 is_stmt 1 discriminator 1 view .LVU270
 177:Source/util/strutil.c ****     for (size_t i = from; i < n; i++)
 1332              		.loc 1 177 27 discriminator 1 view .LVU271
 1333              	@ Source/util/strutil.c:179:         if (!set || !strchr(set, s[i]))
 1334              		.loc 1 179 18 is_stmt 0 discriminator 1 view .LVU272
 1335 0036 0028     		cmp	r0, #0	@ tmp137
ARM GAS  /var/folders/65/xyhbx3_n6nd_hs7j3p9nfwv80000gn/T//cc2oMwwL.s 			page 29


 1336 0038 F4D1     		bne	.L116	@
 1337              	.LVL127:
 1338              	.L115:
 180:Source/util/strutil.c ****         {
 181:Source/util/strutil.c ****             return (ptrdiff_t)i;
 1339              		.loc 1 181 13 is_stmt 1 view .LVU273
 1340              	@ Source/util/strutil.c:181:             return (ptrdiff_t)i;
 1341              		.loc 1 181 20 is_stmt 0 view .LVU274
 1342 003a 2846     		mov	r0, r5	@ <retval>, from
 1343              	.LBE25:
 1344              	@ Source/util/strutil.c:185: }
 182:Source/util/strutil.c ****         }
 183:Source/util/strutil.c ****     }
 184:Source/util/strutil.c ****     return -1;
 185:Source/util/strutil.c **** }
 1345              		.loc 1 185 1 view .LVU275
 1346 003c BDE8F081 		pop	{r4, r5, r6, r7, r8, pc}	@
 1347              	.LVL128:
 1348              	.L119:
 1349              	@ Source/util/strutil.c:174:         return -1;
 174:Source/util/strutil.c ****     }
 1350              		.loc 1 174 16 view .LVU276
 1351 0040 4FF0FF30 		mov	r0, #-1	@ <retval>,
 1352              	@ Source/util/strutil.c:185: }
 1353              		.loc 1 185 1 view .LVU277
 1354 0044 BDE8F081 		pop	{r4, r5, r6, r7, r8, pc}	@
 1355              	.LVL129:
 1356              	.L118:
 1357              	.LCFI16:
 1358              		.cfi_def_cfa_offset 0
 1359              		.cfi_restore 4
 1360              		.cfi_restore 5
 1361              		.cfi_restore 6
 1362              		.cfi_restore 7
 1363              		.cfi_restore 8
 1364              		.cfi_restore 14
 1365              	@ Source/util/strutil.c:174:         return -1;
 174:Source/util/strutil.c ****     }
 1366              		.loc 1 174 16 view .LVU278
 1367 0048 4FF0FF30 		mov	r0, #-1	@ <retval>,
 1368              	.LVL130:
 1369              	@ Source/util/strutil.c:185: }
 1370              		.loc 1 185 1 view .LVU279
 1371 004c 7047     		bx	lr	@
 1372              		.cfi_endproc
 1373              	.LFE24:
 1374              		.size	strutil_find_not_any, .-strutil_find_not_any
 1375 004e 00BF     		.section	.text.strutil_collapse_ws_dup,"ax",%progbits
 1376              		.align	1
 1377              		.p2align 4,,15
 1378              		.global	strutil_collapse_ws_dup
 1379              		.syntax unified
 1380              		.thumb
 1381              		.thumb_func
 1382              		.fpu fpv5-sp-d16
 1383              		.type	strutil_collapse_ws_dup, %function
 1384              	strutil_collapse_ws_dup:
ARM GAS  /var/folders/65/xyhbx3_n6nd_hs7j3p9nfwv80000gn/T//cc2oMwwL.s 			page 30


 1385              	.LVL131:
 1386              	.LFB25:
 186:Source/util/strutil.c **** 
 187:Source/util/strutil.c **** char *strutil_collapse_ws_dup(const char *s)
 188:Source/util/strutil.c **** {
 1387              		.loc 1 188 1 is_stmt 1 view -0
 1388              		.cfi_startproc
 1389              		@ args = 0, pretend = 0, frame = 0
 1390              		@ frame_needed = 0, uses_anonymous_args = 0
 189:Source/util/strutil.c ****     if (!s)
 1391              		.loc 1 189 5 view .LVU281
 1392              	@ Source/util/strutil.c:188: {
 188:Source/util/strutil.c ****     if (!s)
 1393              		.loc 1 188 1 is_stmt 0 view .LVU282
 1394 0000 F8B5     		push	{r3, r4, r5, r6, r7, lr}	@
 1395              	.LCFI17:
 1396              		.cfi_def_cfa_offset 24
 1397              		.cfi_offset 3, -24
 1398              		.cfi_offset 4, -20
 1399              		.cfi_offset 5, -16
 1400              		.cfi_offset 6, -12
 1401              		.cfi_offset 7, -8
 1402              		.cfi_offset 14, -4
 1403              	@ Source/util/strutil.c:189:     if (!s)
 1404              		.loc 1 189 8 view .LVU283
 1405 0002 0446     		mov	r4, r0	@ s, tmp165
 1406 0004 70B3     		cbz	r0, .L129	@ s,
 190:Source/util/strutil.c ****     {
 191:Source/util/strutil.c ****         s = "";
 192:Source/util/strutil.c ****     }
 193:Source/util/strutil.c ****     size_t n = strlen(s);
 1407              		.loc 1 193 5 is_stmt 1 view .LVU284
 1408              	@ Source/util/strutil.c:193:     size_t n = strlen(s);
 1409              		.loc 1 193 16 is_stmt 0 view .LVU285
 1410 0006 FFF7FEFF 		bl	strlen		@
 1411              	.LVL132:
 1412              		.loc 1 193 16 view .LVU286
 1413 000a 0546     		mov	r5, r0	@ tmp138, tmp166
 1414              	.LVL133:
 194:Source/util/strutil.c ****     char *out = (char *)PLUTO_MALLOC(n + 1);
 1415              		.loc 1 194 5 is_stmt 1 view .LVU287
 1416              	@ Source/util/strutil.c:194:     char *out = (char *)PLUTO_MALLOC(n + 1);
 1417              		.loc 1 194 25 is_stmt 0 view .LVU288
 1418 000c FFF7FEFF 		bl	pluto_pd		@
 1419              	.LVL134:
 1420              		.loc 1 194 25 view .LVU289
 1421 0010 0346     		mov	r3, r0	@ tmp167,
 1422 0012 691C     		adds	r1, r5, #1	@, tmp138,
 1423 0014 0020     		movs	r0, #0	@,
 1424 0016 1B68     		ldr	r3, [r3]	@ _1->system, _1->system
 1425 0018 1B68     		ldr	r3, [r3]	@ _2->realloc, _2->realloc
 1426 001a 9847     		blx	r3		@ _2->realloc
 1427              	.LVL135:
 195:Source/util/strutil.c ****     if (!out)
 1428              		.loc 1 195 5 is_stmt 1 view .LVU290
 1429              	@ Source/util/strutil.c:195:     if (!out)
 1430              		.loc 1 195 8 is_stmt 0 view .LVU291
ARM GAS  /var/folders/65/xyhbx3_n6nd_hs7j3p9nfwv80000gn/T//cc2oMwwL.s 			page 31


 1431 001c 58B3     		cbz	r0, .L137	@ <retval>,
 1432              	.LVL136:
 1433              	.LBB26:
 196:Source/util/strutil.c ****     {
 197:Source/util/strutil.c ****         return NULL;
 198:Source/util/strutil.c ****     }
 199:Source/util/strutil.c ****     size_t o = 0;
 200:Source/util/strutil.c ****     int inRun = 0;
 201:Source/util/strutil.c ****     for (size_t i = 0; i < n; i++)
 1434              		.loc 1 201 24 is_stmt 1 view .LVU292
 1435              	@ Source/util/strutil.c:201:     for (size_t i = 0; i < n; i++)
 1436              		.loc 1 201 5 is_stmt 0 view .LVU293
 1437 001e 65B3     		cbz	r5, .L138	@ tmp138,
 1438 0020 631E     		subs	r3, r4, #1	@ ivtmp.106, s,
 1439              	.LBE26:
 1440              	@ Source/util/strutil.c:200:     int inRun = 0;
 200:Source/util/strutil.c ****     for (size_t i = 0; i < n; i++)
 1441              		.loc 1 200 9 view .LVU294
 1442 0022 0026     		movs	r6, #0	@ inRun,
 1443              	.LBB31:
 1444              	.LBB27:
 1445              	@ Source/util/strutil.c:208:                 out[o++] = ' ';
 202:Source/util/strutil.c ****     {
 203:Source/util/strutil.c ****         char c = s[i];
 204:Source/util/strutil.c ****         if (c == '\r' || c == '\n' || c == '\t')
 205:Source/util/strutil.c ****         {
 206:Source/util/strutil.c ****             if (!inRun)
 207:Source/util/strutil.c ****             {
 208:Source/util/strutil.c ****                 out[o++] = ' ';
 1446              		.loc 1 208 26 view .LVU295
 1447 0024 2027     		movs	r7, #32	@ tmp161,
 1448 0026 1D44     		add	r5, r5, r3	@ _8, ivtmp.106
 1449              	.LVL137:
 1450              		.loc 1 208 26 view .LVU296
 1451              	.LBE27:
 1452              	.LBE31:
 1453              	@ Source/util/strutil.c:199:     size_t o = 0;
 199:Source/util/strutil.c ****     int inRun = 0;
 1454              		.loc 1 199 12 view .LVU297
 1455 0028 3146     		mov	r1, r6	@ o, inRun
 1456 002a 0AE0     		b	.L136		@
 1457              	.LVL138:
 1458              	.L146:
 1459              	.LBB32:
 1460              	.LBB28:
 209:Source/util/strutil.c ****                 inRun = 1;
 210:Source/util/strutil.c ****             }
 211:Source/util/strutil.c ****         }
 212:Source/util/strutil.c ****         else
 213:Source/util/strutil.c ****         {
 214:Source/util/strutil.c ****             out[o++] = c;
 1461              		.loc 1 214 13 is_stmt 1 view .LVU298
 1462              	@ Source/util/strutil.c:204:         if (c == '\r' || c == '\n' || c == '\t')
 204:Source/util/strutil.c ****         {
 1463              		.loc 1 204 36 is_stmt 0 view .LVU299
 1464 002c A2F10D04 		sub	r4, r2, #13	@ tmp152, c,
 1465 0030 B4FA84F4 		clz	r4, r4	@ tmp152, tmp152
ARM GAS  /var/folders/65/xyhbx3_n6nd_hs7j3p9nfwv80000gn/T//cc2oMwwL.s 			page 32


 1466 0034 6409     		lsrs	r4, r4, #5	@ tmp152, tmp152,
 1467 0036 54B9     		cbnz	r4, .L139	@ tmp152,
 1468              	@ Source/util/strutil.c:214:             out[o++] = c;
 1469              		.loc 1 214 22 view .LVU300
 1470 0038 4254     		strb	r2, [r0, r1]	@ c, *_11
 215:Source/util/strutil.c ****             inRun = 0;
 1471              		.loc 1 215 13 is_stmt 1 view .LVU301
 1472              	.LVL139:
 1473              	@ Source/util/strutil.c:215:             inRun = 0;
 1474              		.loc 1 215 19 is_stmt 0 view .LVU302
 1475 003a 2646     		mov	r6, r4	@ inRun, tmp152
 1476              	@ Source/util/strutil.c:214:             out[o++] = c;
 214:Source/util/strutil.c ****             inRun = 0;
 1477              		.loc 1 214 18 view .LVU303
 1478 003c 0131     		adds	r1, r1, #1	@ o, o,
 1479              	.LVL140:
 1480              	.L135:
 214:Source/util/strutil.c ****             inRun = 0;
 1481              		.loc 1 214 18 view .LVU304
 1482              	.LBE28:
 201:Source/util/strutil.c ****     {
 1483              		.loc 1 201 31 is_stmt 1 discriminator 2 view .LVU305
 201:Source/util/strutil.c ****     {
 1484              		.loc 1 201 24 discriminator 2 view .LVU306
 1485              	@ Source/util/strutil.c:201:     for (size_t i = 0; i < n; i++)
 201:Source/util/strutil.c ****     {
 1486              		.loc 1 201 5 is_stmt 0 discriminator 2 view .LVU307
 1487 003e 9D42     		cmp	r5, r3	@ _8, ivtmp.106
 1488 0040 0CD0     		beq	.L145		@,
 1489              	.LVL141:
 1490              	.L136:
 1491              	.LBB29:
 203:Source/util/strutil.c ****         if (c == '\r' || c == '\n' || c == '\t')
 1492              		.loc 1 203 9 is_stmt 1 view .LVU308
 206:Source/util/strutil.c ****             {
 1493              		.loc 1 206 13 view .LVU309
 1494              	@ Source/util/strutil.c:203:         char c = s[i];
 203:Source/util/strutil.c ****         if (c == '\r' || c == '\n' || c == '\t')
 1495              		.loc 1 203 14 is_stmt 0 view .LVU310
 1496 0042 13F8012F 		ldrb	r2, [r3, #1]!	@ zero_extendqisi2	@ c, MEM[base: _44, offset: 0B]
 1497              	.LVL142:
 204:Source/util/strutil.c ****         {
 1498              		.loc 1 204 9 is_stmt 1 view .LVU311
 1499              	@ Source/util/strutil.c:204:         if (c == '\r' || c == '\n' || c == '\t')
 204:Source/util/strutil.c ****         {
 1500              		.loc 1 204 36 is_stmt 0 view .LVU312
 1501 0046 A2F10904 		sub	r4, r2, #9	@ tmp147, c,
 1502 004a 012C     		cmp	r4, #1	@ tmp147,
 1503 004c EED8     		bhi	.L146		@,
 1504              	.LVL143:
 1505              	.L139:
 208:Source/util/strutil.c ****                 inRun = 1;
 1506              		.loc 1 208 17 is_stmt 1 view .LVU313
 1507              	@ Source/util/strutil.c:206:             if (!inRun)
 206:Source/util/strutil.c ****             {
 1508              		.loc 1 206 16 is_stmt 0 view .LVU314
 1509 004e 002E     		cmp	r6, #0	@ inRun
ARM GAS  /var/folders/65/xyhbx3_n6nd_hs7j3p9nfwv80000gn/T//cc2oMwwL.s 			page 33


 1510 0050 F5D1     		bne	.L135	@
 1511              	@ Source/util/strutil.c:209:                 inRun = 1;
 209:Source/util/strutil.c ****             }
 1512              		.loc 1 209 23 view .LVU315
 1513 0052 0126     		movs	r6, #1	@ inRun,
 1514              	.LVL144:
 209:Source/util/strutil.c ****             }
 1515              		.loc 1 209 23 view .LVU316
 1516              	.LBE29:
 1517              	@ Source/util/strutil.c:201:     for (size_t i = 0; i < n; i++)
 201:Source/util/strutil.c ****     {
 1518              		.loc 1 201 5 view .LVU317
 1519 0054 9D42     		cmp	r5, r3	@ _8, ivtmp.106
 1520              	.LBB30:
 1521              	@ Source/util/strutil.c:208:                 out[o++] = ' ';
 208:Source/util/strutil.c ****                 inRun = 1;
 1522              		.loc 1 208 26 view .LVU318
 1523 0056 4754     		strb	r7, [r0, r1]	@ tmp161, *_9
 209:Source/util/strutil.c ****             }
 1524              		.loc 1 209 17 is_stmt 1 view .LVU319
 1525              	.LVL145:
 1526              	@ Source/util/strutil.c:208:                 out[o++] = ' ';
 208:Source/util/strutil.c ****                 inRun = 1;
 1527              		.loc 1 208 22 is_stmt 0 view .LVU320
 1528 0058 3144     		add	r1, r1, r6	@ o,
 1529              	.LVL146:
 208:Source/util/strutil.c ****                 inRun = 1;
 1530              		.loc 1 208 22 view .LVU321
 1531              	.LBE30:
 201:Source/util/strutil.c ****     {
 1532              		.loc 1 201 31 is_stmt 1 view .LVU322
 201:Source/util/strutil.c ****     {
 1533              		.loc 1 201 24 view .LVU323
 1534              	@ Source/util/strutil.c:201:     for (size_t i = 0; i < n; i++)
 201:Source/util/strutil.c ****     {
 1535              		.loc 1 201 5 is_stmt 0 view .LVU324
 1536 005a F2D1     		bne	.L136		@,
 1537              	.LVL147:
 1538              	.L145:
 201:Source/util/strutil.c ****     {
 1539              		.loc 1 201 5 view .LVU325
 1540 005c 0144     		add	r1, r1, r0	@ _53, <retval>
 1541              	.LVL148:
 1542              	.L132:
 201:Source/util/strutil.c ****     {
 1543              		.loc 1 201 5 view .LVU326
 1544              	.LBE32:
 216:Source/util/strutil.c ****         }
 217:Source/util/strutil.c ****     }
 218:Source/util/strutil.c ****     out[o] = '\0';
 1545              		.loc 1 218 5 is_stmt 1 view .LVU327
 1546              	@ Source/util/strutil.c:218:     out[o] = '\0';
 1547              		.loc 1 218 12 is_stmt 0 view .LVU328
 1548 005e 0023     		movs	r3, #0	@ tmp156,
 1549 0060 0B70     		strb	r3, [r1]	@ tmp156, *prephitmp_54
 219:Source/util/strutil.c ****     return out;
 1550              		.loc 1 219 5 is_stmt 1 view .LVU329
ARM GAS  /var/folders/65/xyhbx3_n6nd_hs7j3p9nfwv80000gn/T//cc2oMwwL.s 			page 34


 1551              	@ Source/util/strutil.c:220: }
 220:Source/util/strutil.c **** }
 1552              		.loc 1 220 1 is_stmt 0 view .LVU330
 1553 0062 F8BD     		pop	{r3, r4, r5, r6, r7, pc}	@
 1554              	.LVL149:
 1555              	.L129:
 193:Source/util/strutil.c ****     char *out = (char *)PLUTO_MALLOC(n + 1);
 1556              		.loc 1 193 5 is_stmt 1 view .LVU331
 194:Source/util/strutil.c ****     if (!out)
 1557              		.loc 1 194 5 view .LVU332
 1558              	@ Source/util/strutil.c:194:     char *out = (char *)PLUTO_MALLOC(n + 1);
 194:Source/util/strutil.c ****     if (!out)
 1559              		.loc 1 194 25 is_stmt 0 view .LVU333
 1560 0064 FFF7FEFF 		bl	pluto_pd		@
 1561              	.LVL150:
 1562 0068 0346     		mov	r3, r0	@ tmp169,
 1563 006a 0121     		movs	r1, #1	@,
 1564 006c 2046     		mov	r0, r4	@, s
 1565 006e 1B68     		ldr	r3, [r3]	@ _15->system, _15->system
 1566 0070 1B68     		ldr	r3, [r3]	@ _37->realloc, _37->realloc
 1567 0072 9847     		blx	r3		@ _37->realloc
 1568              	.LVL151:
 195:Source/util/strutil.c ****     {
 1569              		.loc 1 195 5 is_stmt 1 view .LVU334
 1570              	@ Source/util/strutil.c:195:     if (!out)
 195:Source/util/strutil.c ****     {
 1571              		.loc 1 195 8 is_stmt 0 view .LVU335
 1572 0074 08B9     		cbnz	r0, .L138	@ <retval>,
 1573              	.LVL152:
 1574              	.L137:
 1575              	@ Source/util/strutil.c:197:         return NULL;
 197:Source/util/strutil.c ****     }
 1576              		.loc 1 197 16 view .LVU336
 1577 0076 0020     		movs	r0, #0	@ <retval>,
 1578              	.LVL153:
 1579              	@ Source/util/strutil.c:220: }
 1580              		.loc 1 220 1 view .LVU337
 1581 0078 F8BD     		pop	{r3, r4, r5, r6, r7, pc}	@
 1582              	.LVL154:
 1583              	.L138:
 1584              	.LBB33:
 1585              	@ Source/util/strutil.c:201:     for (size_t i = 0; i < n; i++)
 201:Source/util/strutil.c ****     {
 1586              		.loc 1 201 5 view .LVU338
 1587 007a 0146     		mov	r1, r0	@ _53, <retval>
 1588 007c EFE7     		b	.L132		@
 1589              	.LBE33:
 1590              		.cfi_endproc
 1591              	.LFE25:
 1592              		.size	strutil_collapse_ws_dup, .-strutil_collapse_ws_dup
 1593 007e 00BF     		.section	.text.strutil_replace_dup,"ax",%progbits
 1594              		.align	1
 1595              		.p2align 4,,15
 1596              		.global	strutil_replace_dup
 1597              		.syntax unified
 1598              		.thumb
 1599              		.thumb_func
ARM GAS  /var/folders/65/xyhbx3_n6nd_hs7j3p9nfwv80000gn/T//cc2oMwwL.s 			page 35


 1600              		.fpu fpv5-sp-d16
 1601              		.type	strutil_replace_dup, %function
 1602              	strutil_replace_dup:
 1603              	.LVL155:
 1604              	.LFB26:
 221:Source/util/strutil.c **** 
 222:Source/util/strutil.c **** char *strutil_replace_dup(const char *s, const char *pat, const char *rep)
 223:Source/util/strutil.c **** {
 1605              		.loc 1 223 1 is_stmt 1 view -0
 1606              		.cfi_startproc
 1607              		@ args = 0, pretend = 0, frame = 8
 1608              		@ frame_needed = 0, uses_anonymous_args = 0
 224:Source/util/strutil.c ****     if (!s || !pat || !*pat)
 1609              		.loc 1 224 5 view .LVU340
 1610              	@ Source/util/strutil.c:223: {
 223:Source/util/strutil.c ****     if (!s || !pat || !*pat)
 1611              		.loc 1 223 1 is_stmt 0 view .LVU341
 1612 0000 2DE9F04F 		push	{r4, r5, r6, r7, r8, r9, r10, fp, lr}	@
 1613              	.LCFI18:
 1614              		.cfi_def_cfa_offset 36
 1615              		.cfi_offset 4, -36
 1616              		.cfi_offset 5, -32
 1617              		.cfi_offset 6, -28
 1618              		.cfi_offset 7, -24
 1619              		.cfi_offset 8, -20
 1620              		.cfi_offset 9, -16
 1621              		.cfi_offset 10, -12
 1622              		.cfi_offset 11, -8
 1623              		.cfi_offset 14, -4
 1624              	@ Source/util/strutil.c:224:     if (!s || !pat || !*pat)
 1625              		.loc 1 224 9 view .LVU342
 1626 0004 0546     		mov	r5, r0	@ s, tmp162
 1627              	@ Source/util/strutil.c:223: {
 223:Source/util/strutil.c ****     if (!s || !pat || !*pat)
 1628              		.loc 1 223 1 view .LVU343
 1629 0006 83B0     		sub	sp, sp, #12	@,,
 1630              	.LCFI19:
 1631              		.cfi_def_cfa_offset 48
 1632              	@ Source/util/strutil.c:224:     if (!s || !pat || !*pat)
 1633              		.loc 1 224 8 view .LVU344
 1634 0008 0028     		cmp	r0, #0	@ s
 1635 000a 50D0     		beq	.L148	@
 1636 000c 0E46     		mov	r6, r1	@ pat, tmp163
 1637 000e 0029     		cmp	r1, #0	@ pat
 1638 0010 4DD0     		beq	.L148	@
 1639              	@ Source/util/strutil.c:224:     if (!s || !pat || !*pat)
 1640              		.loc 1 224 20 discriminator 1 view .LVU345
 1641 0012 0B78     		ldrb	r3, [r1]	@ zero_extendqisi2	@ *pat_23(D), *pat_23(D)
 1642 0014 002B     		cmp	r3, #0	@ *pat_23(D)
 1643 0016 4ED0     		beq	.L149	@
 225:Source/util/strutil.c ****     {
 226:Source/util/strutil.c ****         return strutil_trim_dup(s ? s : "");
 227:Source/util/strutil.c ****     }
 228:Source/util/strutil.c ****     if (!rep)
 1644              		.loc 1 228 5 is_stmt 1 view .LVU346
 1645 0018 9146     		mov	r9, r2	@ rep, tmp164
 1646              	@ Source/util/strutil.c:228:     if (!rep)
ARM GAS  /var/folders/65/xyhbx3_n6nd_hs7j3p9nfwv80000gn/T//cc2oMwwL.s 			page 36


 1647              		.loc 1 228 8 is_stmt 0 view .LVU347
 1648 001a 002A     		cmp	r2, #0	@ rep
 1649 001c 51D0     		beq	.L157	@
 1650 001e 1046     		mov	r0, r2	@, rep
 1651              	.LVL156:
 1652              		.loc 1 228 8 view .LVU348
 1653 0020 FFF7FEFF 		bl	strlen		@
 1654              	.LVL157:
 1655              		.loc 1 228 8 view .LVU349
 1656 0024 8046     		mov	r8, r0	@ prephitmp_51, tmp165
 1657              	.LVL158:
 1658              	.L151:
 229:Source/util/strutil.c ****     {
 230:Source/util/strutil.c ****         rep = "";
 231:Source/util/strutil.c ****     }
 232:Source/util/strutil.c ****     size_t patLen = strlen(pat);
 1659              		.loc 1 232 5 is_stmt 1 view .LVU350
 1660              	@ Source/util/strutil.c:232:     size_t patLen = strlen(pat);
 1661              		.loc 1 232 21 is_stmt 0 view .LVU351
 1662 0026 3046     		mov	r0, r6	@, pat
 1663              	@ Source/util/strutil.c:236:     size_t count = 0;
 233:Source/util/strutil.c ****     size_t repLen = strlen(rep);
 234:Source/util/strutil.c **** 
 235:Source/util/strutil.c ****     /* Count occurrences to size the output in one allocation. */
 236:Source/util/strutil.c ****     size_t count = 0;
 1664              		.loc 1 236 12 view .LVU352
 1665 0028 4FF0000B 		mov	fp, #0	@ count,
 1666              	@ Source/util/strutil.c:232:     size_t patLen = strlen(pat);
 232:Source/util/strutil.c ****     size_t repLen = strlen(rep);
 1667              		.loc 1 232 21 view .LVU353
 1668 002c FFF7FEFF 		bl	strlen		@
 1669              	.LVL159:
 1670 0030 0746     		mov	r7, r0	@ tmp166,
 1671              	@ Source/util/strutil.c:238:     while ((p = strstr(p, pat)) != NULL)
 237:Source/util/strutil.c ****     const char *p = s;
 238:Source/util/strutil.c ****     while ((p = strstr(p, pat)) != NULL)
 1672              		.loc 1 238 11 view .LVU354
 1673 0032 2846     		mov	r0, r5	@ p, s
 1674              	.LVL160:
 233:Source/util/strutil.c **** 
 1675              		.loc 1 233 5 is_stmt 1 view .LVU355
 236:Source/util/strutil.c ****     const char *p = s;
 1676              		.loc 1 236 5 view .LVU356
 237:Source/util/strutil.c ****     const char *p = s;
 1677              		.loc 1 237 5 view .LVU357
 1678              		.loc 1 238 5 view .LVU358
 1679              	@ Source/util/strutil.c:238:     while ((p = strstr(p, pat)) != NULL)
 1680              		.loc 1 238 11 is_stmt 0 view .LVU359
 1681 0034 02E0     		b	.L152		@
 1682              	.LVL161:
 1683              	.L153:
 1684              	@ Source/util/strutil.c:240:         count++;
 239:Source/util/strutil.c ****     {
 240:Source/util/strutil.c ****         count++;
 1685              		.loc 1 240 14 view .LVU360
 1686 0036 0BF1010B 		add	fp, fp, #1	@ count, count,
 1687              	.LVL162:
ARM GAS  /var/folders/65/xyhbx3_n6nd_hs7j3p9nfwv80000gn/T//cc2oMwwL.s 			page 37


 241:Source/util/strutil.c ****         p += patLen;
 1688              		.loc 1 241 9 is_stmt 1 view .LVU361
 1689              	@ Source/util/strutil.c:241:         p += patLen;
 1690              		.loc 1 241 11 is_stmt 0 view .LVU362
 1691 003a E019     		adds	r0, r4, r7	@ p, p, patLen
 1692              	.LVL163:
 1693              	.L152:
 238:Source/util/strutil.c ****     {
 1694              		.loc 1 238 11 is_stmt 1 view .LVU363
 1695              	@ Source/util/strutil.c:238:     while ((p = strstr(p, pat)) != NULL)
 238:Source/util/strutil.c ****     {
 1696              		.loc 1 238 17 is_stmt 0 view .LVU364
 1697 003c 3146     		mov	r1, r6	@, pat
 1698 003e FFF7FEFF 		bl	strstr		@
 1699              	.LVL164:
 240:Source/util/strutil.c ****         p += patLen;
 1700              		.loc 1 240 9 is_stmt 1 view .LVU365
 1701              	@ Source/util/strutil.c:238:     while ((p = strstr(p, pat)) != NULL)
 238:Source/util/strutil.c ****     {
 1702              		.loc 1 238 11 is_stmt 0 view .LVU366
 1703 0042 0446     		mov	r4, r0	@ p, tmp167
 1704 0044 0028     		cmp	r0, #0	@ p
 1705 0046 F6D1     		bne	.L153	@
 242:Source/util/strutil.c ****     }
 243:Source/util/strutil.c **** 
 244:Source/util/strutil.c ****     size_t sl = strlen(s);
 1706              		.loc 1 244 5 is_stmt 1 view .LVU367
 1707              	@ Source/util/strutil.c:245:     size_t outLen = sl + count * repLen - count * patLen;
 245:Source/util/strutil.c ****     size_t outLen = sl + count * repLen - count * patLen;
 1708              		.loc 1 245 49 is_stmt 0 view .LVU368
 1709 0048 07FB0BF1 		mul	r1, r7, fp	@ _7, patLen, count
 1710              	@ Source/util/strutil.c:244:     size_t sl = strlen(s);
 244:Source/util/strutil.c ****     size_t outLen = sl + count * repLen - count * patLen;
 1711              		.loc 1 244 17 view .LVU369
 1712 004c 2846     		mov	r0, r5	@, s
 1713              	.LVL165:
 1714              	@ Source/util/strutil.c:245:     size_t outLen = sl + count * repLen - count * patLen;
 1715              		.loc 1 245 49 view .LVU370
 1716 004e 0191     		str	r1, [sp, #4]	@ _7, %sfp
 1717              	@ Source/util/strutil.c:244:     size_t sl = strlen(s);
 244:Source/util/strutil.c ****     size_t outLen = sl + count * repLen - count * patLen;
 1718              		.loc 1 244 17 view .LVU371
 1719 0050 FFF7FEFF 		bl	strlen		@
 1720              	.LVL166:
 1721              		.loc 1 245 5 is_stmt 1 view .LVU372
 1722 0054 0130     		adds	r0, r0, #1	@ tmp148, tmp168,
 1723              	.LVL167:
 1724              		.loc 1 245 5 is_stmt 0 view .LVU373
 1725 0056 08FB0B0B 		mla	fp, r8, fp, r0	@ _61, prephitmp_51, count, tmp148
 1726              	.LVL168:
 246:Source/util/strutil.c ****     char *out = (char *)PLUTO_MALLOC(outLen + 1);
 1727              		.loc 1 246 5 is_stmt 1 view .LVU374
 1728              	@ Source/util/strutil.c:246:     char *out = (char *)PLUTO_MALLOC(outLen + 1);
 1729              		.loc 1 246 25 is_stmt 0 view .LVU375
 1730 005a FFF7FEFF 		bl	pluto_pd		@
 1731              	.LVL169:
 1732              		.loc 1 246 25 view .LVU376
ARM GAS  /var/folders/65/xyhbx3_n6nd_hs7j3p9nfwv80000gn/T//cc2oMwwL.s 			page 38


 1733 005e 0346     		mov	r3, r0	@ tmp169,
 1734 0060 0199     		ldr	r1, [sp, #4]	@ _7, %sfp
 1735 0062 2046     		mov	r0, r4	@, p
 1736 0064 1B68     		ldr	r3, [r3]	@ _8->system, _8->system
 1737 0066 ABEB0101 		sub	r1, fp, r1	@, _61, _7
 1738 006a 1B68     		ldr	r3, [r3]	@ _9->realloc, _9->realloc
 1739 006c 9847     		blx	r3		@ _9->realloc
 1740              	.LVL170:
 247:Source/util/strutil.c ****     if (!out)
 1741              		.loc 1 247 5 is_stmt 1 view .LVU377
 1742              	@ Source/util/strutil.c:247:     if (!out)
 1743              		.loc 1 247 8 is_stmt 0 view .LVU378
 1744 006e 0446     		mov	r4, r0	@ <retval>, tmp170
 1745              	.LVL171:
 1746              		.loc 1 247 8 view .LVU379
 1747 0070 C8B1     		cbz	r0, .L147	@ <retval>,
 1748 0072 8246     		mov	r10, r0	@ o, <retval>
 1749 0074 0CE0     		b	.L155		@
 1750              	.LVL172:
 1751              	.L156:
 1752              	.LBB34:
 1753              	@ Source/util/strutil.c:256:         size_t chunk = (size_t)(hit - p);
 248:Source/util/strutil.c ****     {
 249:Source/util/strutil.c ****         return NULL;
 250:Source/util/strutil.c ****     }
 251:Source/util/strutil.c ****     char *o = out;
 252:Source/util/strutil.c ****     p = s;
 253:Source/util/strutil.c ****     const char *hit;
 254:Source/util/strutil.c ****     while ((hit = strstr(p, pat)) != NULL)
 255:Source/util/strutil.c ****     {
 256:Source/util/strutil.c ****         size_t chunk = (size_t)(hit - p);
 1754              		.loc 1 256 37 view .LVU380
 1755 0076 5A1B     		subs	r2, r3, r5	@ chunk, hit, s
 1756              	.LVL173:
 257:Source/util/strutil.c ****         memcpy(o, p, chunk);
 1757              		.loc 1 257 9 is_stmt 1 view .LVU381
 1758              	@ Source/util/strutil.c:261:         p = hit + patLen;
 258:Source/util/strutil.c ****         o += chunk;
 259:Source/util/strutil.c ****         memcpy(o, rep, repLen);
 260:Source/util/strutil.c ****         o += repLen;
 261:Source/util/strutil.c ****         p = hit + patLen;
 1759              		.loc 1 261 11 is_stmt 0 view .LVU382
 1760 0078 DD19     		adds	r5, r3, r7	@ s, hit, patLen
 1761              	@ Source/util/strutil.c:258:         o += chunk;
 258:Source/util/strutil.c ****         o += chunk;
 1762              		.loc 1 258 11 view .LVU383
 1763 007a 0AEB020B 		add	fp, r10, r2	@ o, o, chunk
 1764              	@ Source/util/strutil.c:257:         memcpy(o, p, chunk);
 257:Source/util/strutil.c ****         memcpy(o, p, chunk);
 1765              		.loc 1 257 9 view .LVU384
 1766 007e FFF7FEFF 		bl	memcpy		@
 1767              	.LVL174:
 258:Source/util/strutil.c ****         o += chunk;
 1768              		.loc 1 258 9 is_stmt 1 view .LVU385
 259:Source/util/strutil.c ****         o += repLen;
 1769              		.loc 1 259 9 view .LVU386
 1770 0082 4246     		mov	r2, r8	@, prephitmp_51
ARM GAS  /var/folders/65/xyhbx3_n6nd_hs7j3p9nfwv80000gn/T//cc2oMwwL.s 			page 39


 1771 0084 4946     		mov	r1, r9	@, rep
 1772 0086 5846     		mov	r0, fp	@, o
 1773              	@ Source/util/strutil.c:260:         o += repLen;
 260:Source/util/strutil.c ****         p = hit + patLen;
 1774              		.loc 1 260 11 is_stmt 0 view .LVU387
 1775 0088 0BEB080A 		add	r10, fp, r8	@ o, o, prephitmp_51
 1776              	@ Source/util/strutil.c:259:         memcpy(o, rep, repLen);
 259:Source/util/strutil.c ****         o += repLen;
 1777              		.loc 1 259 9 view .LVU388
 1778 008c FFF7FEFF 		bl	memcpy		@
 1779              	.LVL175:
 260:Source/util/strutil.c ****         p = hit + patLen;
 1780              		.loc 1 260 9 is_stmt 1 view .LVU389
 1781              		.loc 1 261 9 view .LVU390
 1782              	.L155:
 1783              		.loc 1 261 9 is_stmt 0 view .LVU391
 1784              	.LBE34:
 254:Source/util/strutil.c ****     {
 1785              		.loc 1 254 11 is_stmt 1 view .LVU392
 1786              	@ Source/util/strutil.c:254:     while ((hit = strstr(p, pat)) != NULL)
 254:Source/util/strutil.c ****     {
 1787              		.loc 1 254 19 is_stmt 0 view .LVU393
 1788 0090 3146     		mov	r1, r6	@, pat
 1789 0092 2846     		mov	r0, r5	@, s
 1790 0094 FFF7FEFF 		bl	strstr		@
 1791              	.LVL176:
 1792              	.LBB35:
 256:Source/util/strutil.c ****         memcpy(o, p, chunk);
 1793              		.loc 1 256 9 is_stmt 1 view .LVU394
 1794              	.LBE35:
 1795              	@ Source/util/strutil.c:254:     while ((hit = strstr(p, pat)) != NULL)
 254:Source/util/strutil.c ****     {
 1796              		.loc 1 254 19 is_stmt 0 view .LVU395
 1797 0098 0346     		mov	r3, r0	@ tmp171,
 1798              	.LVL177:
 1799              	.LBB36:
 1800              	@ Source/util/strutil.c:257:         memcpy(o, p, chunk);
 257:Source/util/strutil.c ****         o += chunk;
 1801              		.loc 1 257 9 view .LVU396
 1802 009a 2946     		mov	r1, r5	@, s
 1803 009c 5046     		mov	r0, r10	@, o
 1804              	.LVL178:
 257:Source/util/strutil.c ****         o += chunk;
 1805              		.loc 1 257 9 view .LVU397
 1806              	.LBE36:
 1807              	@ Source/util/strutil.c:254:     while ((hit = strstr(p, pat)) != NULL)
 254:Source/util/strutil.c ****     {
 1808              		.loc 1 254 11 view .LVU398
 1809 009e 002B     		cmp	r3, #0	@ hit
 1810 00a0 E9D1     		bne	.L156	@
 262:Source/util/strutil.c ****     }
 263:Source/util/strutil.c ****     strcpy(o, p);
 1811              		.loc 1 263 5 is_stmt 1 view .LVU399
 1812 00a2 FFF7FEFF 		bl	strcpy		@
 1813              	.LVL179:
 264:Source/util/strutil.c ****     return out;
 1814              		.loc 1 264 5 view .LVU400
ARM GAS  /var/folders/65/xyhbx3_n6nd_hs7j3p9nfwv80000gn/T//cc2oMwwL.s 			page 40


 1815              	.L147:
 1816              	@ Source/util/strutil.c:265: }
 265:Source/util/strutil.c **** }
 1817              		.loc 1 265 1 is_stmt 0 view .LVU401
 1818 00a6 2046     		mov	r0, r4	@, <retval>
 1819 00a8 03B0     		add	sp, sp, #12	@,,
 1820              	.LCFI20:
 1821              		.cfi_remember_state
 1822              		.cfi_def_cfa_offset 36
 1823              		@ sp needed	@
 1824 00aa BDE8F08F 		pop	{r4, r5, r6, r7, r8, r9, r10, fp, pc}	@
 1825              	.LVL180:
 1826              	.L148:
 1827              	.LCFI21:
 1828              		.cfi_restore_state
 226:Source/util/strutil.c ****     }
 1829              		.loc 1 226 9 is_stmt 1 view .LVU402
 1830              	@ Source/util/strutil.c:226:         return strutil_trim_dup(s ? s : "");
 226:Source/util/strutil.c ****     }
 1831              		.loc 1 226 16 is_stmt 0 view .LVU403
 1832 00ae 074B     		ldr	r3, .L166	@ tmp161,
 1833 00b0 002D     		cmp	r5, #0	@ s,
 1834 00b2 08BF     		it	eq		@
 1835 00b4 1D46     		moveq	r5, r3	@, s, tmp161
 1836              	.L149:
 1837              	@ Source/util/strutil.c:226:         return strutil_trim_dup(s ? s : "");
 226:Source/util/strutil.c ****     }
 1838              		.loc 1 226 16 discriminator 4 view .LVU404
 1839 00b6 2846     		mov	r0, r5	@, s
 1840              	.LVL181:
 1841              	@ Source/util/strutil.c:265: }
 1842              		.loc 1 265 1 discriminator 4 view .LVU405
 1843 00b8 03B0     		add	sp, sp, #12	@,,
 1844              	.LCFI22:
 1845              		.cfi_remember_state
 1846              		.cfi_def_cfa_offset 36
 1847              		@ sp needed	@
 1848 00ba BDE8F04F 		pop	{r4, r5, r6, r7, r8, r9, r10, fp, lr}	@
 1849              	.LCFI23:
 1850              		.cfi_restore 14
 1851              		.cfi_restore 11
 1852              		.cfi_restore 10
 1853              		.cfi_restore 9
 1854              		.cfi_restore 8
 1855              		.cfi_restore 7
 1856              		.cfi_restore 6
 1857              		.cfi_restore 5
 1858              		.cfi_restore 4
 1859              		.cfi_def_cfa_offset 0
 1860              	@ Source/util/strutil.c:226:         return strutil_trim_dup(s ? s : "");
 226:Source/util/strutil.c ****     }
 1861              		.loc 1 226 16 discriminator 4 view .LVU406
 1862 00be FFF7FEBF 		b	strutil_trim_dup		@
 1863              	.LVL182:
 1864              	.L157:
 1865              	.LCFI24:
 1866              		.cfi_restore_state
ARM GAS  /var/folders/65/xyhbx3_n6nd_hs7j3p9nfwv80000gn/T//cc2oMwwL.s 			page 41


 226:Source/util/strutil.c ****     }
 1867              		.loc 1 226 16 discriminator 4 view .LVU407
 1868 00c2 9046     		mov	r8, r2	@ prephitmp_51, rep
 1869              	@ Source/util/strutil.c:230:         rep = "";
 230:Source/util/strutil.c ****     }
 1870              		.loc 1 230 13 view .LVU408
 1871 00c4 DFF80490 		ldr	r9, .L166	@ rep,
 1872 00c8 ADE7     		b	.L151		@
 1873              	.L167:
 1874 00ca 00BF     		.align	2
 1875              	.L166:
 1876 00cc 00000000 		.word	.LC0
 1877              		.cfi_endproc
 1878              	.LFE26:
 1879              		.size	strutil_replace_dup, .-strutil_replace_dup
 1880              		.text
 1881              	.Letext0:
 1882              		.file 2 "/usr/local/playdate/gcc-arm-none-eabi-9-2019-q4-major/lib/gcc/arm-none-eabi/9.2.1/include
 1883              		.file 3 "/usr/local/playdate/gcc-arm-none-eabi-9-2019-q4-major/arm-none-eabi/include/sys/lock.h"
 1884              		.file 4 "/usr/local/playdate/gcc-arm-none-eabi-9-2019-q4-major/arm-none-eabi/include/sys/_types.h"
 1885              		.file 5 "/usr/local/playdate/gcc-arm-none-eabi-9-2019-q4-major/arm-none-eabi/include/sys/reent.h"
 1886              		.file 6 "/usr/local/playdate/gcc-arm-none-eabi-9-2019-q4-major/arm-none-eabi/include/ctype.h"
 1887              		.file 7 "/usr/local/playdate/gcc-arm-none-eabi-9-2019-q4-major/arm-none-eabi/include/stdlib.h"
 1888              		.file 8 "/usr/local/playdate/gcc-arm-none-eabi-9-2019-q4-major/arm-none-eabi/include/math.h"
 1889              		.file 9 "/usr/local/playdate/gcc-arm-none-eabi-9-2019-q4-major/arm-none-eabi/include/string.h"
 1890              		.file 10 "<built-in>"
 1891              		.section	.debug_info,"",%progbits
 1892              	.Ldebug_info0:
 1893 0000 15150000 		.4byte	0x1515
 1894 0004 0200     		.2byte	0x2
 1895 0006 00000000 		.4byte	.Ldebug_abbrev0
 1896 000a 04       		.byte	0x4
 1897 000b 01       		.uleb128 0x1
 1898 000c 790B0000 		.4byte	.LASF1394
 1899 0010 0C       		.byte	0xc
 1900 0011 645D0000 		.4byte	.LASF1395
 1901 0015 63550000 		.4byte	.LASF1396
 1902 0019 F8000000 		.4byte	.Ldebug_ranges0+0xf8
 1903 001d 00000000 		.4byte	0
 1904 0021 00000000 		.4byte	0
 1905 0025 00000000 		.4byte	.Ldebug_line0
 1906 0029 00000000 		.4byte	.Ldebug_macro0
 1907 002d 02       		.uleb128 0x2
 1908 002e 01       		.byte	0x1
 1909 002f 06       		.byte	0x6
 1910 0030 BE210000 		.4byte	.LASF1233
 1911 0034 02       		.uleb128 0x2
 1912 0035 01       		.byte	0x1
 1913 0036 08       		.byte	0x8
 1914 0037 2E260000 		.4byte	.LASF1234
 1915 003b 02       		.uleb128 0x2
 1916 003c 02       		.byte	0x2
 1917 003d 05       		.byte	0x5
 1918 003e 417B0000 		.4byte	.LASF1235
 1919 0042 02       		.uleb128 0x2
 1920 0043 02       		.byte	0x2
 1921 0044 07       		.byte	0x7
ARM GAS  /var/folders/65/xyhbx3_n6nd_hs7j3p9nfwv80000gn/T//cc2oMwwL.s 			page 42


 1922 0045 E18A0000 		.4byte	.LASF1236
 1923 0049 02       		.uleb128 0x2
 1924 004a 04       		.byte	0x4
 1925 004b 05       		.byte	0x5
 1926 004c E9180000 		.4byte	.LASF1237
 1927 0050 02       		.uleb128 0x2
 1928 0051 04       		.byte	0x4
 1929 0052 07       		.byte	0x7
 1930 0053 30440000 		.4byte	.LASF1238
 1931 0057 02       		.uleb128 0x2
 1932 0058 08       		.byte	0x8
 1933 0059 05       		.byte	0x5
 1934 005a EC4E0000 		.4byte	.LASF1239
 1935 005e 02       		.uleb128 0x2
 1936 005f 08       		.byte	0x8
 1937 0060 07       		.byte	0x7
 1938 0061 56670000 		.4byte	.LASF1240
 1939 0065 03       		.uleb128 0x3
 1940 0066 04       		.byte	0x4
 1941 0067 05       		.byte	0x5
 1942 0068 696E7400 		.ascii	"int\000"
 1943 006c 02       		.uleb128 0x2
 1944 006d 04       		.byte	0x4
 1945 006e 07       		.byte	0x7
 1946 006f 1F560000 		.4byte	.LASF1241
 1947 0073 04       		.uleb128 0x4
 1948 0074 01350000 		.4byte	.LASF1242
 1949 0078 02       		.byte	0x2
 1950 0079 8F       		.byte	0x8f
 1951 007a 1A       		.byte	0x1a
 1952 007b 65000000 		.4byte	0x65
 1953 007f 04       		.uleb128 0x4
 1954 0080 38010000 		.4byte	.LASF1243
 1955 0084 02       		.byte	0x2
 1956 0085 D1       		.byte	0xd1
 1957 0086 17       		.byte	0x17
 1958 0087 6C000000 		.4byte	0x6c
 1959 008b 02       		.uleb128 0x2
 1960 008c 08       		.byte	0x8
 1961 008d 04       		.byte	0x4
 1962 008e CF600000 		.4byte	.LASF1244
 1963 0092 05       		.uleb128 0x5
 1964 0093 04       		.byte	0x4
 1965 0094 98000000 		.4byte	0x98
 1966 0098 06       		.uleb128 0x6
 1967 0099 9C010000 		.4byte	.LASF1246
 1968 009d 01       		.byte	0x1
 1969 009e 07       		.uleb128 0x7
 1970 009f B5000000 		.4byte	0xb5
 1971 00a3 A9000000 		.4byte	0xa9
 1972 00a7 08       		.uleb128 0x8
 1973 00a8 00       		.byte	0
 1974 00a9 09       		.uleb128 0x9
 1975 00aa 9E000000 		.4byte	0x9e
 1976 00ae 02       		.uleb128 0x2
 1977 00af 01       		.byte	0x1
 1978 00b0 08       		.byte	0x8
ARM GAS  /var/folders/65/xyhbx3_n6nd_hs7j3p9nfwv80000gn/T//cc2oMwwL.s 			page 43


 1979 00b1 012D0000 		.4byte	.LASF855
 1980 00b5 09       		.uleb128 0x9
 1981 00b6 AE000000 		.4byte	0xae
 1982 00ba 0A       		.uleb128 0xa
 1983 00bb 9E500000 		.4byte	.LASF1353
 1984 00bf 06       		.byte	0x6
 1985 00c0 AE       		.byte	0xae
 1986 00c1 1C       		.byte	0x1c
 1987 00c2 A9000000 		.4byte	0xa9
 1988 00c6 01       		.byte	0x1
 1989 00c7 01       		.byte	0x1
 1990 00c8 04       		.uleb128 0x4
 1991 00c9 24850000 		.4byte	.LASF1245
 1992 00cd 03       		.byte	0x3
 1993 00ce 22       		.byte	0x22
 1994 00cf 19       		.byte	0x19
 1995 00d0 D4000000 		.4byte	0xd4
 1996 00d4 05       		.uleb128 0x5
 1997 00d5 04       		.byte	0x4
 1998 00d6 DA000000 		.4byte	0xda
 1999 00da 06       		.uleb128 0x6
 2000 00db EC3C0000 		.4byte	.LASF1247
 2001 00df 01       		.byte	0x1
 2002 00e0 04       		.uleb128 0x4
 2003 00e1 8B890000 		.4byte	.LASF1248
 2004 00e5 04       		.byte	0x4
 2005 00e6 2C       		.byte	0x2c
 2006 00e7 0E       		.byte	0xe
 2007 00e8 49000000 		.4byte	0x49
 2008 00ec 04       		.uleb128 0x4
 2009 00ed 38640000 		.4byte	.LASF1249
 2010 00f1 04       		.byte	0x4
 2011 00f2 72       		.byte	0x72
 2012 00f3 0E       		.byte	0xe
 2013 00f4 49000000 		.4byte	0x49
 2014 00f8 0B       		.uleb128 0xb
 2015 00f9 26720000 		.4byte	.LASF1250
 2016 00fd 02       		.byte	0x2
 2017 00fe 5E01     		.2byte	0x15e
 2018 0100 17       		.byte	0x17
 2019 0101 6C000000 		.4byte	0x6c
 2020 0105 0C       		.uleb128 0xc
 2021 0106 04       		.byte	0x4
 2022 0107 04       		.byte	0x4
 2023 0108 A6       		.byte	0xa6
 2024 0109 03       		.byte	0x3
 2025 010a 27010000 		.4byte	0x127
 2026 010e 0D       		.uleb128 0xd
 2027 010f D8140000 		.4byte	.LASF1251
 2028 0113 04       		.byte	0x4
 2029 0114 A8       		.byte	0xa8
 2030 0115 0C       		.byte	0xc
 2031 0116 F8000000 		.4byte	0xf8
 2032 011a 0D       		.uleb128 0xd
 2033 011b 76640000 		.4byte	.LASF1252
 2034 011f 04       		.byte	0x4
 2035 0120 A9       		.byte	0xa9
ARM GAS  /var/folders/65/xyhbx3_n6nd_hs7j3p9nfwv80000gn/T//cc2oMwwL.s 			page 44


 2036 0121 13       		.byte	0x13
 2037 0122 27010000 		.4byte	0x127
 2038 0126 00       		.byte	0
 2039 0127 07       		.uleb128 0x7
 2040 0128 34000000 		.4byte	0x34
 2041 012c 37010000 		.4byte	0x137
 2042 0130 0E       		.uleb128 0xe
 2043 0131 6C000000 		.4byte	0x6c
 2044 0135 03       		.byte	0x3
 2045 0136 00       		.byte	0
 2046 0137 0F       		.uleb128 0xf
 2047 0138 08       		.byte	0x8
 2048 0139 04       		.byte	0x4
 2049 013a A3       		.byte	0xa3
 2050 013b 09       		.byte	0x9
 2051 013c 5F010000 		.4byte	0x15f
 2052 0140 10       		.uleb128 0x10
 2053 0141 435E0000 		.4byte	.LASF1253
 2054 0145 04       		.byte	0x4
 2055 0146 A5       		.byte	0xa5
 2056 0147 07       		.byte	0x7
 2057 0148 65000000 		.4byte	0x65
 2058 014c 02       		.byte	0x2
 2059 014d 23       		.byte	0x23
 2060 014e 00       		.uleb128 0
 2061 014f 10       		.uleb128 0x10
 2062 0150 C0010000 		.4byte	.LASF1254
 2063 0154 04       		.byte	0x4
 2064 0155 AA       		.byte	0xaa
 2065 0156 05       		.byte	0x5
 2066 0157 05010000 		.4byte	0x105
 2067 015b 02       		.byte	0x2
 2068 015c 23       		.byte	0x23
 2069 015d 04       		.uleb128 0x4
 2070 015e 00       		.byte	0
 2071 015f 04       		.uleb128 0x4
 2072 0160 17710000 		.4byte	.LASF1255
 2073 0164 04       		.byte	0x4
 2074 0165 AB       		.byte	0xab
 2075 0166 03       		.byte	0x3
 2076 0167 37010000 		.4byte	0x137
 2077 016b 04       		.uleb128 0x4
 2078 016c A66F0000 		.4byte	.LASF1256
 2079 0170 04       		.byte	0x4
 2080 0171 AF       		.byte	0xaf
 2081 0172 1B       		.byte	0x1b
 2082 0173 C8000000 		.4byte	0xc8
 2083 0177 11       		.uleb128 0x11
 2084 0178 04       		.byte	0x4
 2085 0179 04       		.uleb128 0x4
 2086 017a E2860000 		.4byte	.LASF1257
 2087 017e 05       		.byte	0x5
 2088 017f 16       		.byte	0x16
 2089 0180 19       		.byte	0x19
 2090 0181 50000000 		.4byte	0x50
 2091 0185 12       		.uleb128 0x12
 2092 0186 134A0000 		.4byte	.LASF1262
ARM GAS  /var/folders/65/xyhbx3_n6nd_hs7j3p9nfwv80000gn/T//cc2oMwwL.s 			page 45


 2093 018a 18       		.byte	0x18
 2094 018b 05       		.byte	0x5
 2095 018c 2F       		.byte	0x2f
 2096 018d 08       		.byte	0x8
 2097 018e EB010000 		.4byte	0x1eb
 2098 0192 10       		.uleb128 0x10
 2099 0193 9A720000 		.4byte	.LASF1258
 2100 0197 05       		.byte	0x5
 2101 0198 31       		.byte	0x31
 2102 0199 13       		.byte	0x13
 2103 019a EB010000 		.4byte	0x1eb
 2104 019e 02       		.byte	0x2
 2105 019f 23       		.byte	0x23
 2106 01a0 00       		.uleb128 0
 2107 01a1 13       		.uleb128 0x13
 2108 01a2 5F6B00   		.ascii	"_k\000"
 2109 01a5 05       		.byte	0x5
 2110 01a6 32       		.byte	0x32
 2111 01a7 07       		.byte	0x7
 2112 01a8 65000000 		.4byte	0x65
 2113 01ac 02       		.byte	0x2
 2114 01ad 23       		.byte	0x23
 2115 01ae 04       		.uleb128 0x4
 2116 01af 10       		.uleb128 0x10
 2117 01b0 904A0000 		.4byte	.LASF1259
 2118 01b4 05       		.byte	0x5
 2119 01b5 32       		.byte	0x32
 2120 01b6 0B       		.byte	0xb
 2121 01b7 65000000 		.4byte	0x65
 2122 01bb 02       		.byte	0x2
 2123 01bc 23       		.byte	0x23
 2124 01bd 08       		.uleb128 0x8
 2125 01be 10       		.uleb128 0x10
 2126 01bf 7D530000 		.4byte	.LASF1260
 2127 01c3 05       		.byte	0x5
 2128 01c4 32       		.byte	0x32
 2129 01c5 14       		.byte	0x14
 2130 01c6 65000000 		.4byte	0x65
 2131 01ca 02       		.byte	0x2
 2132 01cb 23       		.byte	0x23
 2133 01cc 0C       		.uleb128 0xc
 2134 01cd 10       		.uleb128 0x10
 2135 01ce 3A3C0000 		.4byte	.LASF1261
 2136 01d2 05       		.byte	0x5
 2137 01d3 32       		.byte	0x32
 2138 01d4 1B       		.byte	0x1b
 2139 01d5 65000000 		.4byte	0x65
 2140 01d9 02       		.byte	0x2
 2141 01da 23       		.byte	0x23
 2142 01db 10       		.uleb128 0x10
 2143 01dc 13       		.uleb128 0x13
 2144 01dd 5F7800   		.ascii	"_x\000"
 2145 01e0 05       		.byte	0x5
 2146 01e1 33       		.byte	0x33
 2147 01e2 0B       		.byte	0xb
 2148 01e3 F1010000 		.4byte	0x1f1
 2149 01e7 02       		.byte	0x2
ARM GAS  /var/folders/65/xyhbx3_n6nd_hs7j3p9nfwv80000gn/T//cc2oMwwL.s 			page 46


 2150 01e8 23       		.byte	0x23
 2151 01e9 14       		.uleb128 0x14
 2152 01ea 00       		.byte	0
 2153 01eb 05       		.uleb128 0x5
 2154 01ec 04       		.byte	0x4
 2155 01ed 85010000 		.4byte	0x185
 2156 01f1 07       		.uleb128 0x7
 2157 01f2 79010000 		.4byte	0x179
 2158 01f6 01020000 		.4byte	0x201
 2159 01fa 0E       		.uleb128 0xe
 2160 01fb 6C000000 		.4byte	0x6c
 2161 01ff 00       		.byte	0
 2162 0200 00       		.byte	0
 2163 0201 12       		.uleb128 0x12
 2164 0202 C4080000 		.4byte	.LASF1263
 2165 0206 24       		.byte	0x24
 2166 0207 05       		.byte	0x5
 2167 0208 37       		.byte	0x37
 2168 0209 08       		.byte	0x8
 2169 020a 96020000 		.4byte	0x296
 2170 020e 10       		.uleb128 0x10
 2171 020f E0080000 		.4byte	.LASF1264
 2172 0213 05       		.byte	0x5
 2173 0214 39       		.byte	0x39
 2174 0215 09       		.byte	0x9
 2175 0216 65000000 		.4byte	0x65
 2176 021a 02       		.byte	0x2
 2177 021b 23       		.byte	0x23
 2178 021c 00       		.uleb128 0
 2179 021d 10       		.uleb128 0x10
 2180 021e 56920000 		.4byte	.LASF1265
 2181 0222 05       		.byte	0x5
 2182 0223 3A       		.byte	0x3a
 2183 0224 09       		.byte	0x9
 2184 0225 65000000 		.4byte	0x65
 2185 0229 02       		.byte	0x2
 2186 022a 23       		.byte	0x23
 2187 022b 04       		.uleb128 0x4
 2188 022c 10       		.uleb128 0x10
 2189 022d 088B0000 		.4byte	.LASF1266
 2190 0231 05       		.byte	0x5
 2191 0232 3B       		.byte	0x3b
 2192 0233 09       		.byte	0x9
 2193 0234 65000000 		.4byte	0x65
 2194 0238 02       		.byte	0x2
 2195 0239 23       		.byte	0x23
 2196 023a 08       		.uleb128 0x8
 2197 023b 10       		.uleb128 0x10
 2198 023c 7B590000 		.4byte	.LASF1267
 2199 0240 05       		.byte	0x5
 2200 0241 3C       		.byte	0x3c
 2201 0242 09       		.byte	0x9
 2202 0243 65000000 		.4byte	0x65
 2203 0247 02       		.byte	0x2
 2204 0248 23       		.byte	0x23
 2205 0249 0C       		.uleb128 0xc
 2206 024a 10       		.uleb128 0x10
ARM GAS  /var/folders/65/xyhbx3_n6nd_hs7j3p9nfwv80000gn/T//cc2oMwwL.s 			page 47


 2207 024b AC1E0000 		.4byte	.LASF1268
 2208 024f 05       		.byte	0x5
 2209 0250 3D       		.byte	0x3d
 2210 0251 09       		.byte	0x9
 2211 0252 65000000 		.4byte	0x65
 2212 0256 02       		.byte	0x2
 2213 0257 23       		.byte	0x23
 2214 0258 10       		.uleb128 0x10
 2215 0259 10       		.uleb128 0x10
 2216 025a C27F0000 		.4byte	.LASF1269
 2217 025e 05       		.byte	0x5
 2218 025f 3E       		.byte	0x3e
 2219 0260 09       		.byte	0x9
 2220 0261 65000000 		.4byte	0x65
 2221 0265 02       		.byte	0x2
 2222 0266 23       		.byte	0x23
 2223 0267 14       		.uleb128 0x14
 2224 0268 10       		.uleb128 0x10
 2225 0269 09600000 		.4byte	.LASF1270
 2226 026d 05       		.byte	0x5
 2227 026e 3F       		.byte	0x3f
 2228 026f 09       		.byte	0x9
 2229 0270 65000000 		.4byte	0x65
 2230 0274 02       		.byte	0x2
 2231 0275 23       		.byte	0x23
 2232 0276 18       		.uleb128 0x18
 2233 0277 10       		.uleb128 0x10
 2234 0278 F2600000 		.4byte	.LASF1271
 2235 027c 05       		.byte	0x5
 2236 027d 40       		.byte	0x40
 2237 027e 09       		.byte	0x9
 2238 027f 65000000 		.4byte	0x65
 2239 0283 02       		.byte	0x2
 2240 0284 23       		.byte	0x23
 2241 0285 1C       		.uleb128 0x1c
 2242 0286 10       		.uleb128 0x10
 2243 0287 78900000 		.4byte	.LASF1272
 2244 028b 05       		.byte	0x5
 2245 028c 41       		.byte	0x41
 2246 028d 09       		.byte	0x9
 2247 028e 65000000 		.4byte	0x65
 2248 0292 02       		.byte	0x2
 2249 0293 23       		.byte	0x23
 2250 0294 20       		.uleb128 0x20
 2251 0295 00       		.byte	0
 2252 0296 14       		.uleb128 0x14
 2253 0297 13160000 		.4byte	.LASF1273
 2254 029b 0801     		.2byte	0x108
 2255 029d 05       		.byte	0x5
 2256 029e 4A       		.byte	0x4a
 2257 029f 08       		.byte	0x8
 2258 02a0 E4020000 		.4byte	0x2e4
 2259 02a4 10       		.uleb128 0x10
 2260 02a5 0D900000 		.4byte	.LASF1274
 2261 02a9 05       		.byte	0x5
 2262 02aa 4B       		.byte	0x4b
 2263 02ab 0A       		.byte	0xa
ARM GAS  /var/folders/65/xyhbx3_n6nd_hs7j3p9nfwv80000gn/T//cc2oMwwL.s 			page 48


 2264 02ac E4020000 		.4byte	0x2e4
 2265 02b0 02       		.byte	0x2
 2266 02b1 23       		.byte	0x23
 2267 02b2 00       		.uleb128 0
 2268 02b3 10       		.uleb128 0x10
 2269 02b4 0D690000 		.4byte	.LASF1275
 2270 02b8 05       		.byte	0x5
 2271 02b9 4C       		.byte	0x4c
 2272 02ba 09       		.byte	0x9
 2273 02bb E4020000 		.4byte	0x2e4
 2274 02bf 03       		.byte	0x3
 2275 02c0 23       		.byte	0x23
 2276 02c1 8001     		.uleb128 0x80
 2277 02c3 10       		.uleb128 0x10
 2278 02c4 BC7E0000 		.4byte	.LASF1276
 2279 02c8 05       		.byte	0x5
 2280 02c9 4E       		.byte	0x4e
 2281 02ca 0A       		.byte	0xa
 2282 02cb 79010000 		.4byte	0x179
 2283 02cf 03       		.byte	0x3
 2284 02d0 23       		.byte	0x23
 2285 02d1 8002     		.uleb128 0x100
 2286 02d3 10       		.uleb128 0x10
 2287 02d4 1C850000 		.4byte	.LASF1277
 2288 02d8 05       		.byte	0x5
 2289 02d9 51       		.byte	0x51
 2290 02da 0A       		.byte	0xa
 2291 02db 79010000 		.4byte	0x179
 2292 02df 03       		.byte	0x3
 2293 02e0 23       		.byte	0x23
 2294 02e1 8402     		.uleb128 0x104
 2295 02e3 00       		.byte	0
 2296 02e4 07       		.uleb128 0x7
 2297 02e5 77010000 		.4byte	0x177
 2298 02e9 F4020000 		.4byte	0x2f4
 2299 02ed 0E       		.uleb128 0xe
 2300 02ee 6C000000 		.4byte	0x6c
 2301 02f2 1F       		.byte	0x1f
 2302 02f3 00       		.byte	0
 2303 02f4 14       		.uleb128 0x14
 2304 02f5 DD5C0000 		.4byte	.LASF1278
 2305 02f9 9001     		.2byte	0x190
 2306 02fb 05       		.byte	0x5
 2307 02fc 5D       		.byte	0x5d
 2308 02fd 08       		.byte	0x8
 2309 02fe 40030000 		.4byte	0x340
 2310 0302 10       		.uleb128 0x10
 2311 0303 9A720000 		.4byte	.LASF1258
 2312 0307 05       		.byte	0x5
 2313 0308 5E       		.byte	0x5e
 2314 0309 12       		.byte	0x12
 2315 030a 40030000 		.4byte	0x340
 2316 030e 02       		.byte	0x2
 2317 030f 23       		.byte	0x23
 2318 0310 00       		.uleb128 0
 2319 0311 10       		.uleb128 0x10
 2320 0312 0E830000 		.4byte	.LASF1279
ARM GAS  /var/folders/65/xyhbx3_n6nd_hs7j3p9nfwv80000gn/T//cc2oMwwL.s 			page 49


 2321 0316 05       		.byte	0x5
 2322 0317 5F       		.byte	0x5f
 2323 0318 06       		.byte	0x6
 2324 0319 65000000 		.4byte	0x65
 2325 031d 02       		.byte	0x2
 2326 031e 23       		.byte	0x23
 2327 031f 04       		.uleb128 0x4
 2328 0320 10       		.uleb128 0x10
 2329 0321 DC2D0000 		.4byte	.LASF1280
 2330 0325 05       		.byte	0x5
 2331 0326 61       		.byte	0x61
 2332 0327 09       		.byte	0x9
 2333 0328 46030000 		.4byte	0x346
 2334 032c 02       		.byte	0x2
 2335 032d 23       		.byte	0x23
 2336 032e 08       		.uleb128 0x8
 2337 032f 10       		.uleb128 0x10
 2338 0330 13160000 		.4byte	.LASF1273
 2339 0334 05       		.byte	0x5
 2340 0335 62       		.byte	0x62
 2341 0336 1E       		.byte	0x1e
 2342 0337 96020000 		.4byte	0x296
 2343 033b 03       		.byte	0x3
 2344 033c 23       		.byte	0x23
 2345 033d 8801     		.uleb128 0x88
 2346 033f 00       		.byte	0
 2347 0340 05       		.uleb128 0x5
 2348 0341 04       		.byte	0x4
 2349 0342 F4020000 		.4byte	0x2f4
 2350 0346 07       		.uleb128 0x7
 2351 0347 56030000 		.4byte	0x356
 2352 034b 56030000 		.4byte	0x356
 2353 034f 0E       		.uleb128 0xe
 2354 0350 6C000000 		.4byte	0x6c
 2355 0354 1F       		.byte	0x1f
 2356 0355 00       		.byte	0
 2357 0356 05       		.uleb128 0x5
 2358 0357 04       		.byte	0x4
 2359 0358 5C030000 		.4byte	0x35c
 2360 035c 15       		.uleb128 0x15
 2361 035d 01       		.byte	0x1
 2362 035e 12       		.uleb128 0x12
 2363 035f F6840000 		.4byte	.LASF1281
 2364 0363 08       		.byte	0x8
 2365 0364 05       		.byte	0x5
 2366 0365 75       		.byte	0x75
 2367 0366 08       		.byte	0x8
 2368 0367 8A030000 		.4byte	0x38a
 2369 036b 10       		.uleb128 0x10
 2370 036c AF6C0000 		.4byte	.LASF1282
 2371 0370 05       		.byte	0x5
 2372 0371 76       		.byte	0x76
 2373 0372 11       		.byte	0x11
 2374 0373 8A030000 		.4byte	0x38a
 2375 0377 02       		.byte	0x2
 2376 0378 23       		.byte	0x23
 2377 0379 00       		.uleb128 0
ARM GAS  /var/folders/65/xyhbx3_n6nd_hs7j3p9nfwv80000gn/T//cc2oMwwL.s 			page 50


 2378 037a 10       		.uleb128 0x10
 2379 037b 221A0000 		.4byte	.LASF1283
 2380 037f 05       		.byte	0x5
 2381 0380 77       		.byte	0x77
 2382 0381 06       		.byte	0x6
 2383 0382 65000000 		.4byte	0x65
 2384 0386 02       		.byte	0x2
 2385 0387 23       		.byte	0x23
 2386 0388 04       		.uleb128 0x4
 2387 0389 00       		.byte	0
 2388 038a 05       		.uleb128 0x5
 2389 038b 04       		.byte	0x4
 2390 038c 34000000 		.4byte	0x34
 2391 0390 12       		.uleb128 0x12
 2392 0391 0C450000 		.4byte	.LASF1284
 2393 0395 68       		.byte	0x68
 2394 0396 05       		.byte	0x5
 2395 0397 B5       		.byte	0xb5
 2396 0398 08       		.byte	0x8
 2397 0399 03050000 		.4byte	0x503
 2398 039d 13       		.uleb128 0x13
 2399 039e 5F7000   		.ascii	"_p\000"
 2400 03a1 05       		.byte	0x5
 2401 03a2 B6       		.byte	0xb6
 2402 03a3 12       		.byte	0x12
 2403 03a4 8A030000 		.4byte	0x38a
 2404 03a8 02       		.byte	0x2
 2405 03a9 23       		.byte	0x23
 2406 03aa 00       		.uleb128 0
 2407 03ab 13       		.uleb128 0x13
 2408 03ac 5F7200   		.ascii	"_r\000"
 2409 03af 05       		.byte	0x5
 2410 03b0 B7       		.byte	0xb7
 2411 03b1 07       		.byte	0x7
 2412 03b2 65000000 		.4byte	0x65
 2413 03b6 02       		.byte	0x2
 2414 03b7 23       		.byte	0x23
 2415 03b8 04       		.uleb128 0x4
 2416 03b9 13       		.uleb128 0x13
 2417 03ba 5F7700   		.ascii	"_w\000"
 2418 03bd 05       		.byte	0x5
 2419 03be B8       		.byte	0xb8
 2420 03bf 07       		.byte	0x7
 2421 03c0 65000000 		.4byte	0x65
 2422 03c4 02       		.byte	0x2
 2423 03c5 23       		.byte	0x23
 2424 03c6 08       		.uleb128 0x8
 2425 03c7 10       		.uleb128 0x10
 2426 03c8 DD5B0000 		.4byte	.LASF1285
 2427 03cc 05       		.byte	0x5
 2428 03cd B9       		.byte	0xb9
 2429 03ce 09       		.byte	0x9
 2430 03cf 3B000000 		.4byte	0x3b
 2431 03d3 02       		.byte	0x2
 2432 03d4 23       		.byte	0x23
 2433 03d5 0C       		.uleb128 0xc
 2434 03d6 10       		.uleb128 0x10
ARM GAS  /var/folders/65/xyhbx3_n6nd_hs7j3p9nfwv80000gn/T//cc2oMwwL.s 			page 51


 2435 03d7 CD150000 		.4byte	.LASF1286
 2436 03db 05       		.byte	0x5
 2437 03dc BA       		.byte	0xba
 2438 03dd 09       		.byte	0x9
 2439 03de 3B000000 		.4byte	0x3b
 2440 03e2 02       		.byte	0x2
 2441 03e3 23       		.byte	0x23
 2442 03e4 0E       		.uleb128 0xe
 2443 03e5 13       		.uleb128 0x13
 2444 03e6 5F626600 		.ascii	"_bf\000"
 2445 03ea 05       		.byte	0x5
 2446 03eb BB       		.byte	0xbb
 2447 03ec 11       		.byte	0x11
 2448 03ed 5E030000 		.4byte	0x35e
 2449 03f1 02       		.byte	0x2
 2450 03f2 23       		.byte	0x23
 2451 03f3 10       		.uleb128 0x10
 2452 03f4 10       		.uleb128 0x10
 2453 03f5 00830000 		.4byte	.LASF1287
 2454 03f9 05       		.byte	0x5
 2455 03fa BC       		.byte	0xbc
 2456 03fb 07       		.byte	0x7
 2457 03fc 65000000 		.4byte	0x65
 2458 0400 02       		.byte	0x2
 2459 0401 23       		.byte	0x23
 2460 0402 18       		.uleb128 0x18
 2461 0403 10       		.uleb128 0x10
 2462 0404 303B0000 		.4byte	.LASF1288
 2463 0408 05       		.byte	0x5
 2464 0409 C3       		.byte	0xc3
 2465 040a 0A       		.byte	0xa
 2466 040b 77010000 		.4byte	0x177
 2467 040f 02       		.byte	0x2
 2468 0410 23       		.byte	0x23
 2469 0411 1C       		.uleb128 0x1c
 2470 0412 10       		.uleb128 0x10
 2471 0413 38030000 		.4byte	.LASF1289
 2472 0417 05       		.byte	0x5
 2473 0418 C5       		.byte	0xc5
 2474 0419 1D       		.byte	0x1d
 2475 041a A8060000 		.4byte	0x6a8
 2476 041e 02       		.byte	0x2
 2477 041f 23       		.byte	0x23
 2478 0420 20       		.uleb128 0x20
 2479 0421 10       		.uleb128 0x10
 2480 0422 BC040000 		.4byte	.LASF1290
 2481 0426 05       		.byte	0x5
 2482 0427 C7       		.byte	0xc7
 2483 0428 1D       		.byte	0x1d
 2484 0429 D3060000 		.4byte	0x6d3
 2485 042d 02       		.byte	0x2
 2486 042e 23       		.byte	0x23
 2487 042f 24       		.uleb128 0x24
 2488 0430 10       		.uleb128 0x10
 2489 0431 26630000 		.4byte	.LASF1291
 2490 0435 05       		.byte	0x5
 2491 0436 CA       		.byte	0xca
ARM GAS  /var/folders/65/xyhbx3_n6nd_hs7j3p9nfwv80000gn/T//cc2oMwwL.s 			page 52


 2492 0437 0D       		.byte	0xd
 2493 0438 F8060000 		.4byte	0x6f8
 2494 043c 02       		.byte	0x2
 2495 043d 23       		.byte	0x23
 2496 043e 28       		.uleb128 0x28
 2497 043f 10       		.uleb128 0x10
 2498 0440 A62E0000 		.4byte	.LASF1292
 2499 0444 05       		.byte	0x5
 2500 0445 CB       		.byte	0xcb
 2501 0446 09       		.byte	0x9
 2502 0447 13070000 		.4byte	0x713
 2503 044b 02       		.byte	0x2
 2504 044c 23       		.byte	0x23
 2505 044d 2C       		.uleb128 0x2c
 2506 044e 13       		.uleb128 0x13
 2507 044f 5F756200 		.ascii	"_ub\000"
 2508 0453 05       		.byte	0x5
 2509 0454 CE       		.byte	0xce
 2510 0455 11       		.byte	0x11
 2511 0456 5E030000 		.4byte	0x35e
 2512 045a 02       		.byte	0x2
 2513 045b 23       		.byte	0x23
 2514 045c 30       		.uleb128 0x30
 2515 045d 13       		.uleb128 0x13
 2516 045e 5F757000 		.ascii	"_up\000"
 2517 0462 05       		.byte	0x5
 2518 0463 CF       		.byte	0xcf
 2519 0464 12       		.byte	0x12
 2520 0465 8A030000 		.4byte	0x38a
 2521 0469 02       		.byte	0x2
 2522 046a 23       		.byte	0x23
 2523 046b 38       		.uleb128 0x38
 2524 046c 13       		.uleb128 0x13
 2525 046d 5F757200 		.ascii	"_ur\000"
 2526 0471 05       		.byte	0x5
 2527 0472 D0       		.byte	0xd0
 2528 0473 07       		.byte	0x7
 2529 0474 65000000 		.4byte	0x65
 2530 0478 02       		.byte	0x2
 2531 0479 23       		.byte	0x23
 2532 047a 3C       		.uleb128 0x3c
 2533 047b 10       		.uleb128 0x10
 2534 047c 1D5A0000 		.4byte	.LASF1293
 2535 0480 05       		.byte	0x5
 2536 0481 D3       		.byte	0xd3
 2537 0482 11       		.byte	0x11
 2538 0483 19070000 		.4byte	0x719
 2539 0487 02       		.byte	0x2
 2540 0488 23       		.byte	0x23
 2541 0489 40       		.uleb128 0x40
 2542 048a 10       		.uleb128 0x10
 2543 048b DA080000 		.4byte	.LASF1294
 2544 048f 05       		.byte	0x5
 2545 0490 D4       		.byte	0xd4
 2546 0491 11       		.byte	0x11
 2547 0492 29070000 		.4byte	0x729
 2548 0496 02       		.byte	0x2
ARM GAS  /var/folders/65/xyhbx3_n6nd_hs7j3p9nfwv80000gn/T//cc2oMwwL.s 			page 53


 2549 0497 23       		.byte	0x23
 2550 0498 43       		.uleb128 0x43
 2551 0499 13       		.uleb128 0x13
 2552 049a 5F6C6200 		.ascii	"_lb\000"
 2553 049e 05       		.byte	0x5
 2554 049f D7       		.byte	0xd7
 2555 04a0 11       		.byte	0x11
 2556 04a1 5E030000 		.4byte	0x35e
 2557 04a5 02       		.byte	0x2
 2558 04a6 23       		.byte	0x23
 2559 04a7 44       		.uleb128 0x44
 2560 04a8 10       		.uleb128 0x10
 2561 04a9 D46B0000 		.4byte	.LASF1295
 2562 04ad 05       		.byte	0x5
 2563 04ae DA       		.byte	0xda
 2564 04af 07       		.byte	0x7
 2565 04b0 65000000 		.4byte	0x65
 2566 04b4 02       		.byte	0x2
 2567 04b5 23       		.byte	0x23
 2568 04b6 4C       		.uleb128 0x4c
 2569 04b7 10       		.uleb128 0x10
 2570 04b8 5B3E0000 		.4byte	.LASF1296
 2571 04bc 05       		.byte	0x5
 2572 04bd DB       		.byte	0xdb
 2573 04be 0A       		.byte	0xa
 2574 04bf E0000000 		.4byte	0xe0
 2575 04c3 02       		.byte	0x2
 2576 04c4 23       		.byte	0x23
 2577 04c5 50       		.uleb128 0x50
 2578 04c6 10       		.uleb128 0x10
 2579 04c7 EE720000 		.4byte	.LASF1297
 2580 04cb 05       		.byte	0x5
 2581 04cc DE       		.byte	0xde
 2582 04cd 12       		.byte	0x12
 2583 04ce 22050000 		.4byte	0x522
 2584 04d2 02       		.byte	0x2
 2585 04d3 23       		.byte	0x23
 2586 04d4 54       		.uleb128 0x54
 2587 04d5 10       		.uleb128 0x10
 2588 04d6 110D0000 		.4byte	.LASF1298
 2589 04da 05       		.byte	0x5
 2590 04db E2       		.byte	0xe2
 2591 04dc 0C       		.byte	0xc
 2592 04dd 6B010000 		.4byte	0x16b
 2593 04e1 02       		.byte	0x2
 2594 04e2 23       		.byte	0x23
 2595 04e3 58       		.uleb128 0x58
 2596 04e4 10       		.uleb128 0x10
 2597 04e5 FC5A0000 		.4byte	.LASF1299
 2598 04e9 05       		.byte	0x5
 2599 04ea E4       		.byte	0xe4
 2600 04eb 0E       		.byte	0xe
 2601 04ec 5F010000 		.4byte	0x15f
 2602 04f0 02       		.byte	0x2
 2603 04f1 23       		.byte	0x23
 2604 04f2 5C       		.uleb128 0x5c
 2605 04f3 10       		.uleb128 0x10
ARM GAS  /var/folders/65/xyhbx3_n6nd_hs7j3p9nfwv80000gn/T//cc2oMwwL.s 			page 54


 2606 04f4 1F450000 		.4byte	.LASF1300
 2607 04f8 05       		.byte	0x5
 2608 04f9 E5       		.byte	0xe5
 2609 04fa 09       		.byte	0x9
 2610 04fb 65000000 		.4byte	0x65
 2611 04ff 02       		.byte	0x2
 2612 0500 23       		.byte	0x23
 2613 0501 64       		.uleb128 0x64
 2614 0502 00       		.byte	0
 2615 0503 16       		.uleb128 0x16
 2616 0504 01       		.byte	0x1
 2617 0505 65000000 		.4byte	0x65
 2618 0509 22050000 		.4byte	0x522
 2619 050d 17       		.uleb128 0x17
 2620 050e 22050000 		.4byte	0x522
 2621 0512 17       		.uleb128 0x17
 2622 0513 77010000 		.4byte	0x177
 2623 0517 17       		.uleb128 0x17
 2624 0518 A2060000 		.4byte	0x6a2
 2625 051c 17       		.uleb128 0x17
 2626 051d 65000000 		.4byte	0x65
 2627 0521 00       		.byte	0
 2628 0522 05       		.uleb128 0x5
 2629 0523 04       		.byte	0x4
 2630 0524 2D050000 		.4byte	0x52d
 2631 0528 09       		.uleb128 0x9
 2632 0529 22050000 		.4byte	0x522
 2633 052d 18       		.uleb128 0x18
 2634 052e 3F290000 		.4byte	.LASF1301
 2635 0532 2804     		.2byte	0x428
 2636 0534 05       		.byte	0x5
 2637 0535 6002     		.2byte	0x260
 2638 0537 08       		.byte	0x8
 2639 0538 A2060000 		.4byte	0x6a2
 2640 053c 19       		.uleb128 0x19
 2641 053d 53470000 		.4byte	.LASF1302
 2642 0541 05       		.byte	0x5
 2643 0542 6202     		.2byte	0x262
 2644 0544 07       		.byte	0x7
 2645 0545 65000000 		.4byte	0x65
 2646 0549 02       		.byte	0x2
 2647 054a 23       		.byte	0x23
 2648 054b 00       		.uleb128 0
 2649 054c 19       		.uleb128 0x19
 2650 054d 23310000 		.4byte	.LASF1303
 2651 0551 05       		.byte	0x5
 2652 0552 6702     		.2byte	0x267
 2653 0554 0B       		.byte	0xb
 2654 0555 8B070000 		.4byte	0x78b
 2655 0559 02       		.byte	0x2
 2656 055a 23       		.byte	0x23
 2657 055b 04       		.uleb128 0x4
 2658 055c 19       		.uleb128 0x19
 2659 055d 086A0000 		.4byte	.LASF1304
 2660 0561 05       		.byte	0x5
 2661 0562 6702     		.2byte	0x267
 2662 0564 14       		.byte	0x14
ARM GAS  /var/folders/65/xyhbx3_n6nd_hs7j3p9nfwv80000gn/T//cc2oMwwL.s 			page 55


 2663 0565 8B070000 		.4byte	0x78b
 2664 0569 02       		.byte	0x2
 2665 056a 23       		.byte	0x23
 2666 056b 08       		.uleb128 0x8
 2667 056c 19       		.uleb128 0x19
 2668 056d 6D5A0000 		.4byte	.LASF1305
 2669 0571 05       		.byte	0x5
 2670 0572 6702     		.2byte	0x267
 2671 0574 1E       		.byte	0x1e
 2672 0575 8B070000 		.4byte	0x78b
 2673 0579 02       		.byte	0x2
 2674 057a 23       		.byte	0x23
 2675 057b 0C       		.uleb128 0xc
 2676 057c 19       		.uleb128 0x19
 2677 057d 09830000 		.4byte	.LASF1306
 2678 0581 05       		.byte	0x5
 2679 0582 6902     		.2byte	0x269
 2680 0584 08       		.byte	0x8
 2681 0585 65000000 		.4byte	0x65
 2682 0589 02       		.byte	0x2
 2683 058a 23       		.byte	0x23
 2684 058b 10       		.uleb128 0x10
 2685 058c 19       		.uleb128 0x19
 2686 058d 754E0000 		.4byte	.LASF1307
 2687 0591 05       		.byte	0x5
 2688 0592 6A02     		.2byte	0x26a
 2689 0594 08       		.byte	0x8
 2690 0595 C4090000 		.4byte	0x9c4
 2691 0599 02       		.byte	0x2
 2692 059a 23       		.byte	0x23
 2693 059b 14       		.uleb128 0x14
 2694 059c 19       		.uleb128 0x19
 2695 059d 89280000 		.4byte	.LASF1308
 2696 05a1 05       		.byte	0x5
 2697 05a2 6D02     		.2byte	0x26d
 2698 05a4 07       		.byte	0x7
 2699 05a5 65000000 		.4byte	0x65
 2700 05a9 02       		.byte	0x2
 2701 05aa 23       		.byte	0x23
 2702 05ab 30       		.uleb128 0x30
 2703 05ac 19       		.uleb128 0x19
 2704 05ad DA860000 		.4byte	.LASF1309
 2705 05b1 05       		.byte	0x5
 2706 05b2 6E02     		.2byte	0x26e
 2707 05b4 16       		.byte	0x16
 2708 05b5 92000000 		.4byte	0x92
 2709 05b9 02       		.byte	0x2
 2710 05ba 23       		.byte	0x23
 2711 05bb 34       		.uleb128 0x34
 2712 05bc 19       		.uleb128 0x19
 2713 05bd 14450000 		.4byte	.LASF1310
 2714 05c1 05       		.byte	0x5
 2715 05c2 7002     		.2byte	0x270
 2716 05c4 07       		.byte	0x7
 2717 05c5 65000000 		.4byte	0x65
 2718 05c9 02       		.byte	0x2
 2719 05ca 23       		.byte	0x23
ARM GAS  /var/folders/65/xyhbx3_n6nd_hs7j3p9nfwv80000gn/T//cc2oMwwL.s 			page 56


 2720 05cb 38       		.uleb128 0x38
 2721 05cc 19       		.uleb128 0x19
 2722 05cd 464B0000 		.4byte	.LASF1311
 2723 05d1 05       		.byte	0x5
 2724 05d2 7202     		.2byte	0x272
 2725 05d4 0A       		.byte	0xa
 2726 05d5 E0090000 		.4byte	0x9e0
 2727 05d9 02       		.byte	0x2
 2728 05da 23       		.byte	0x23
 2729 05db 3C       		.uleb128 0x3c
 2730 05dc 19       		.uleb128 0x19
 2731 05dd F4870000 		.4byte	.LASF1312
 2732 05e1 05       		.byte	0x5
 2733 05e2 7502     		.2byte	0x275
 2734 05e4 13       		.byte	0x13
 2735 05e5 EB010000 		.4byte	0x1eb
 2736 05e9 02       		.byte	0x2
 2737 05ea 23       		.byte	0x23
 2738 05eb 40       		.uleb128 0x40
 2739 05ec 19       		.uleb128 0x19
 2740 05ed BD190000 		.4byte	.LASF1313
 2741 05f1 05       		.byte	0x5
 2742 05f2 7602     		.2byte	0x276
 2743 05f4 07       		.byte	0x7
 2744 05f5 65000000 		.4byte	0x65
 2745 05f9 02       		.byte	0x2
 2746 05fa 23       		.byte	0x23
 2747 05fb 44       		.uleb128 0x44
 2748 05fc 19       		.uleb128 0x19
 2749 05fd 2B440000 		.4byte	.LASF1314
 2750 0601 05       		.byte	0x5
 2751 0602 7702     		.2byte	0x277
 2752 0604 13       		.byte	0x13
 2753 0605 EB010000 		.4byte	0x1eb
 2754 0609 02       		.byte	0x2
 2755 060a 23       		.byte	0x23
 2756 060b 48       		.uleb128 0x48
 2757 060c 19       		.uleb128 0x19
 2758 060d 21530000 		.4byte	.LASF1315
 2759 0611 05       		.byte	0x5
 2760 0612 7802     		.2byte	0x278
 2761 0614 14       		.byte	0x14
 2762 0615 E6090000 		.4byte	0x9e6
 2763 0619 02       		.byte	0x2
 2764 061a 23       		.byte	0x23
 2765 061b 4C       		.uleb128 0x4c
 2766 061c 19       		.uleb128 0x19
 2767 061d 57050000 		.4byte	.LASF1316
 2768 0621 05       		.byte	0x5
 2769 0622 7B02     		.2byte	0x27b
 2770 0624 07       		.byte	0x7
 2771 0625 65000000 		.4byte	0x65
 2772 0629 02       		.byte	0x2
 2773 062a 23       		.byte	0x23
 2774 062b 50       		.uleb128 0x50
 2775 062c 19       		.uleb128 0x19
 2776 062d 743E0000 		.4byte	.LASF1317
ARM GAS  /var/folders/65/xyhbx3_n6nd_hs7j3p9nfwv80000gn/T//cc2oMwwL.s 			page 57


 2777 0631 05       		.byte	0x5
 2778 0632 7C02     		.2byte	0x27c
 2779 0634 09       		.byte	0x9
 2780 0635 A2060000 		.4byte	0x6a2
 2781 0639 02       		.byte	0x2
 2782 063a 23       		.byte	0x23
 2783 063b 54       		.uleb128 0x54
 2784 063c 19       		.uleb128 0x19
 2785 063d E9590000 		.4byte	.LASF1318
 2786 0641 05       		.byte	0x5
 2787 0642 9F02     		.2byte	0x29f
 2788 0644 07       		.byte	0x7
 2789 0645 9F090000 		.4byte	0x99f
 2790 0649 02       		.byte	0x2
 2791 064a 23       		.byte	0x23
 2792 064b 58       		.uleb128 0x58
 2793 064c 19       		.uleb128 0x19
 2794 064d DD5C0000 		.4byte	.LASF1278
 2795 0651 05       		.byte	0x5
 2796 0652 A302     		.2byte	0x2a3
 2797 0654 13       		.byte	0x13
 2798 0655 40030000 		.4byte	0x340
 2799 0659 03       		.byte	0x3
 2800 065a 23       		.byte	0x23
 2801 065b C802     		.uleb128 0x148
 2802 065d 19       		.uleb128 0x19
 2803 065e 804B0000 		.4byte	.LASF1319
 2804 0662 05       		.byte	0x5
 2805 0663 A402     		.2byte	0x2a4
 2806 0665 12       		.byte	0x12
 2807 0666 F4020000 		.4byte	0x2f4
 2808 066a 03       		.byte	0x3
 2809 066b 23       		.byte	0x23
 2810 066c CC02     		.uleb128 0x14c
 2811 066e 19       		.uleb128 0x19
 2812 066f F33C0000 		.4byte	.LASF1320
 2813 0673 05       		.byte	0x5
 2814 0674 A802     		.2byte	0x2a8
 2815 0676 0C       		.byte	0xc
 2816 0677 F8090000 		.4byte	0x9f8
 2817 067b 03       		.byte	0x3
 2818 067c 23       		.byte	0x23
 2819 067d DC05     		.uleb128 0x2dc
 2820 067f 19       		.uleb128 0x19
 2821 0680 96500000 		.4byte	.LASF1321
 2822 0684 05       		.byte	0x5
 2823 0685 AD02     		.2byte	0x2ad
 2824 0687 10       		.byte	0x10
 2825 0688 46070000 		.4byte	0x746
 2826 068c 03       		.byte	0x3
 2827 068d 23       		.byte	0x23
 2828 068e E005     		.uleb128 0x2e0
 2829 0690 19       		.uleb128 0x19
 2830 0691 78020000 		.4byte	.LASF1322
 2831 0695 05       		.byte	0x5
 2832 0696 AF02     		.2byte	0x2af
 2833 0698 0A       		.byte	0xa
ARM GAS  /var/folders/65/xyhbx3_n6nd_hs7j3p9nfwv80000gn/T//cc2oMwwL.s 			page 58


 2834 0699 040A0000 		.4byte	0xa04
 2835 069d 03       		.byte	0x3
 2836 069e 23       		.byte	0x23
 2837 069f EC05     		.uleb128 0x2ec
 2838 06a1 00       		.byte	0
 2839 06a2 05       		.uleb128 0x5
 2840 06a3 04       		.byte	0x4
 2841 06a4 AE000000 		.4byte	0xae
 2842 06a8 05       		.uleb128 0x5
 2843 06a9 04       		.byte	0x4
 2844 06aa 03050000 		.4byte	0x503
 2845 06ae 16       		.uleb128 0x16
 2846 06af 01       		.byte	0x1
 2847 06b0 65000000 		.4byte	0x65
 2848 06b4 CD060000 		.4byte	0x6cd
 2849 06b8 17       		.uleb128 0x17
 2850 06b9 22050000 		.4byte	0x522
 2851 06bd 17       		.uleb128 0x17
 2852 06be 77010000 		.4byte	0x177
 2853 06c2 17       		.uleb128 0x17
 2854 06c3 CD060000 		.4byte	0x6cd
 2855 06c7 17       		.uleb128 0x17
 2856 06c8 65000000 		.4byte	0x65
 2857 06cc 00       		.byte	0
 2858 06cd 05       		.uleb128 0x5
 2859 06ce 04       		.byte	0x4
 2860 06cf B5000000 		.4byte	0xb5
 2861 06d3 05       		.uleb128 0x5
 2862 06d4 04       		.byte	0x4
 2863 06d5 AE060000 		.4byte	0x6ae
 2864 06d9 16       		.uleb128 0x16
 2865 06da 01       		.byte	0x1
 2866 06db EC000000 		.4byte	0xec
 2867 06df F8060000 		.4byte	0x6f8
 2868 06e3 17       		.uleb128 0x17
 2869 06e4 22050000 		.4byte	0x522
 2870 06e8 17       		.uleb128 0x17
 2871 06e9 77010000 		.4byte	0x177
 2872 06ed 17       		.uleb128 0x17
 2873 06ee EC000000 		.4byte	0xec
 2874 06f2 17       		.uleb128 0x17
 2875 06f3 65000000 		.4byte	0x65
 2876 06f7 00       		.byte	0
 2877 06f8 05       		.uleb128 0x5
 2878 06f9 04       		.byte	0x4
 2879 06fa D9060000 		.4byte	0x6d9
 2880 06fe 16       		.uleb128 0x16
 2881 06ff 01       		.byte	0x1
 2882 0700 65000000 		.4byte	0x65
 2883 0704 13070000 		.4byte	0x713
 2884 0708 17       		.uleb128 0x17
 2885 0709 22050000 		.4byte	0x522
 2886 070d 17       		.uleb128 0x17
 2887 070e 77010000 		.4byte	0x177
 2888 0712 00       		.byte	0
 2889 0713 05       		.uleb128 0x5
 2890 0714 04       		.byte	0x4
ARM GAS  /var/folders/65/xyhbx3_n6nd_hs7j3p9nfwv80000gn/T//cc2oMwwL.s 			page 59


 2891 0715 FE060000 		.4byte	0x6fe
 2892 0719 07       		.uleb128 0x7
 2893 071a 34000000 		.4byte	0x34
 2894 071e 29070000 		.4byte	0x729
 2895 0722 0E       		.uleb128 0xe
 2896 0723 6C000000 		.4byte	0x6c
 2897 0727 02       		.byte	0x2
 2898 0728 00       		.byte	0
 2899 0729 07       		.uleb128 0x7
 2900 072a 34000000 		.4byte	0x34
 2901 072e 39070000 		.4byte	0x739
 2902 0732 0E       		.uleb128 0xe
 2903 0733 6C000000 		.4byte	0x6c
 2904 0737 00       		.byte	0
 2905 0738 00       		.byte	0
 2906 0739 0B       		.uleb128 0xb
 2907 073a E26F0000 		.4byte	.LASF1323
 2908 073e 05       		.byte	0x5
 2909 073f 1F01     		.2byte	0x11f
 2910 0741 1A       		.byte	0x1a
 2911 0742 90030000 		.4byte	0x390
 2912 0746 1A       		.uleb128 0x1a
 2913 0747 68530000 		.4byte	.LASF1324
 2914 074b 0C       		.byte	0xc
 2915 074c 05       		.byte	0x5
 2916 074d 2301     		.2byte	0x123
 2917 074f 08       		.byte	0x8
 2918 0750 85070000 		.4byte	0x785
 2919 0754 19       		.uleb128 0x19
 2920 0755 9A720000 		.4byte	.LASF1258
 2921 0759 05       		.byte	0x5
 2922 075a 2501     		.2byte	0x125
 2923 075c 11       		.byte	0x11
 2924 075d 85070000 		.4byte	0x785
 2925 0761 02       		.byte	0x2
 2926 0762 23       		.byte	0x23
 2927 0763 00       		.uleb128 0
 2928 0764 19       		.uleb128 0x19
 2929 0765 12500000 		.4byte	.LASF1325
 2930 0769 05       		.byte	0x5
 2931 076a 2601     		.2byte	0x126
 2932 076c 07       		.byte	0x7
 2933 076d 65000000 		.4byte	0x65
 2934 0771 02       		.byte	0x2
 2935 0772 23       		.byte	0x23
 2936 0773 04       		.uleb128 0x4
 2937 0774 19       		.uleb128 0x19
 2938 0775 47530000 		.4byte	.LASF1326
 2939 0779 05       		.byte	0x5
 2940 077a 2701     		.2byte	0x127
 2941 077c 0B       		.byte	0xb
 2942 077d 8B070000 		.4byte	0x78b
 2943 0781 02       		.byte	0x2
 2944 0782 23       		.byte	0x23
 2945 0783 08       		.uleb128 0x8
 2946 0784 00       		.byte	0
 2947 0785 05       		.uleb128 0x5
ARM GAS  /var/folders/65/xyhbx3_n6nd_hs7j3p9nfwv80000gn/T//cc2oMwwL.s 			page 60


 2948 0786 04       		.byte	0x4
 2949 0787 46070000 		.4byte	0x746
 2950 078b 05       		.uleb128 0x5
 2951 078c 04       		.byte	0x4
 2952 078d 39070000 		.4byte	0x739
 2953 0791 1A       		.uleb128 0x1a
 2954 0792 8D690000 		.4byte	.LASF1327
 2955 0796 0E       		.byte	0xe
 2956 0797 05       		.byte	0x5
 2957 0798 3F01     		.2byte	0x13f
 2958 079a 08       		.byte	0x8
 2959 079b D0070000 		.4byte	0x7d0
 2960 079f 19       		.uleb128 0x19
 2961 07a0 B3620000 		.4byte	.LASF1328
 2962 07a4 05       		.byte	0x5
 2963 07a5 4001     		.2byte	0x140
 2964 07a7 12       		.byte	0x12
 2965 07a8 D0070000 		.4byte	0x7d0
 2966 07ac 02       		.byte	0x2
 2967 07ad 23       		.byte	0x23
 2968 07ae 00       		.uleb128 0
 2969 07af 19       		.uleb128 0x19
 2970 07b0 C40E0000 		.4byte	.LASF1329
 2971 07b4 05       		.byte	0x5
 2972 07b5 4101     		.2byte	0x141
 2973 07b7 12       		.byte	0x12
 2974 07b8 D0070000 		.4byte	0x7d0
 2975 07bc 02       		.byte	0x2
 2976 07bd 23       		.byte	0x23
 2977 07be 06       		.uleb128 0x6
 2978 07bf 19       		.uleb128 0x19
 2979 07c0 358A0000 		.4byte	.LASF1330
 2980 07c4 05       		.byte	0x5
 2981 07c5 4201     		.2byte	0x142
 2982 07c7 12       		.byte	0x12
 2983 07c8 42000000 		.4byte	0x42
 2984 07cc 02       		.byte	0x2
 2985 07cd 23       		.byte	0x23
 2986 07ce 0C       		.uleb128 0xc
 2987 07cf 00       		.byte	0
 2988 07d0 07       		.uleb128 0x7
 2989 07d1 42000000 		.4byte	0x42
 2990 07d5 E0070000 		.4byte	0x7e0
 2991 07d9 0E       		.uleb128 0xe
 2992 07da 6C000000 		.4byte	0x6c
 2993 07de 02       		.byte	0x2
 2994 07df 00       		.byte	0
 2995 07e0 1B       		.uleb128 0x1b
 2996 07e1 D0       		.byte	0xd0
 2997 07e2 05       		.byte	0x5
 2998 07e3 8002     		.2byte	0x280
 2999 07e5 07       		.byte	0x7
 3000 07e6 24090000 		.4byte	0x924
 3001 07ea 19       		.uleb128 0x19
 3002 07eb 8A210000 		.4byte	.LASF1331
 3003 07ef 05       		.byte	0x5
 3004 07f0 8202     		.2byte	0x282
ARM GAS  /var/folders/65/xyhbx3_n6nd_hs7j3p9nfwv80000gn/T//cc2oMwwL.s 			page 61


 3005 07f2 18       		.byte	0x18
 3006 07f3 6C000000 		.4byte	0x6c
 3007 07f7 02       		.byte	0x2
 3008 07f8 23       		.byte	0x23
 3009 07f9 00       		.uleb128 0
 3010 07fa 19       		.uleb128 0x19
 3011 07fb C06D0000 		.4byte	.LASF1332
 3012 07ff 05       		.byte	0x5
 3013 0800 8302     		.2byte	0x283
 3014 0802 12       		.byte	0x12
 3015 0803 A2060000 		.4byte	0x6a2
 3016 0807 02       		.byte	0x2
 3017 0808 23       		.byte	0x23
 3018 0809 04       		.uleb128 0x4
 3019 080a 19       		.uleb128 0x19
 3020 080b 33050000 		.4byte	.LASF1333
 3021 080f 05       		.byte	0x5
 3022 0810 8402     		.2byte	0x284
 3023 0812 10       		.byte	0x10
 3024 0813 24090000 		.4byte	0x924
 3025 0817 02       		.byte	0x2
 3026 0818 23       		.byte	0x23
 3027 0819 08       		.uleb128 0x8
 3028 081a 19       		.uleb128 0x19
 3029 081b 161B0000 		.4byte	.LASF1334
 3030 081f 05       		.byte	0x5
 3031 0820 8502     		.2byte	0x285
 3032 0822 17       		.byte	0x17
 3033 0823 01020000 		.4byte	0x201
 3034 0827 02       		.byte	0x2
 3035 0828 23       		.byte	0x23
 3036 0829 24       		.uleb128 0x24
 3037 082a 19       		.uleb128 0x19
 3038 082b 90510000 		.4byte	.LASF1335
 3039 082f 05       		.byte	0x5
 3040 0830 8602     		.2byte	0x286
 3041 0832 0F       		.byte	0xf
 3042 0833 65000000 		.4byte	0x65
 3043 0837 02       		.byte	0x2
 3044 0838 23       		.byte	0x23
 3045 0839 48       		.uleb128 0x48
 3046 083a 19       		.uleb128 0x19
 3047 083b A85B0000 		.4byte	.LASF1336
 3048 083f 05       		.byte	0x5
 3049 0840 8702     		.2byte	0x287
 3050 0842 2C       		.byte	0x2c
 3051 0843 5E000000 		.4byte	0x5e
 3052 0847 02       		.byte	0x2
 3053 0848 23       		.byte	0x23
 3054 0849 50       		.uleb128 0x50
 3055 084a 19       		.uleb128 0x19
 3056 084b D7710000 		.4byte	.LASF1337
 3057 084f 05       		.byte	0x5
 3058 0850 8802     		.2byte	0x288
 3059 0852 1A       		.byte	0x1a
 3060 0853 91070000 		.4byte	0x791
 3061 0857 02       		.byte	0x2
ARM GAS  /var/folders/65/xyhbx3_n6nd_hs7j3p9nfwv80000gn/T//cc2oMwwL.s 			page 62


 3062 0858 23       		.byte	0x23
 3063 0859 58       		.uleb128 0x58
 3064 085a 19       		.uleb128 0x19
 3065 085b 007B0000 		.4byte	.LASF1338
 3066 085f 05       		.byte	0x5
 3067 0860 8902     		.2byte	0x289
 3068 0862 16       		.byte	0x16
 3069 0863 5F010000 		.4byte	0x15f
 3070 0867 02       		.byte	0x2
 3071 0868 23       		.byte	0x23
 3072 0869 68       		.uleb128 0x68
 3073 086a 19       		.uleb128 0x19
 3074 086b BC650000 		.4byte	.LASF1339
 3075 086f 05       		.byte	0x5
 3076 0870 8A02     		.2byte	0x28a
 3077 0872 16       		.byte	0x16
 3078 0873 5F010000 		.4byte	0x15f
 3079 0877 02       		.byte	0x2
 3080 0878 23       		.byte	0x23
 3081 0879 70       		.uleb128 0x70
 3082 087a 19       		.uleb128 0x19
 3083 087b D45A0000 		.4byte	.LASF1340
 3084 087f 05       		.byte	0x5
 3085 0880 8B02     		.2byte	0x28b
 3086 0882 16       		.byte	0x16
 3087 0883 5F010000 		.4byte	0x15f
 3088 0887 02       		.byte	0x2
 3089 0888 23       		.byte	0x23
 3090 0889 78       		.uleb128 0x78
 3091 088a 19       		.uleb128 0x19
 3092 088b 47090000 		.4byte	.LASF1341
 3093 088f 05       		.byte	0x5
 3094 0890 8C02     		.2byte	0x28c
 3095 0892 10       		.byte	0x10
 3096 0893 34090000 		.4byte	0x934
 3097 0897 03       		.byte	0x3
 3098 0898 23       		.byte	0x23
 3099 0899 8001     		.uleb128 0x80
 3100 089b 19       		.uleb128 0x19
 3101 089c 94480000 		.4byte	.LASF1342
 3102 08a0 05       		.byte	0x5
 3103 08a1 8D02     		.2byte	0x28d
 3104 08a3 10       		.byte	0x10
 3105 08a4 44090000 		.4byte	0x944
 3106 08a8 03       		.byte	0x3
 3107 08a9 23       		.byte	0x23
 3108 08aa 8801     		.uleb128 0x88
 3109 08ac 19       		.uleb128 0x19
 3110 08ad 97920000 		.4byte	.LASF1343
 3111 08b1 05       		.byte	0x5
 3112 08b2 8E02     		.2byte	0x28e
 3113 08b4 0F       		.byte	0xf
 3114 08b5 65000000 		.4byte	0x65
 3115 08b9 03       		.byte	0x3
 3116 08ba 23       		.byte	0x23
 3117 08bb A001     		.uleb128 0xa0
 3118 08bd 19       		.uleb128 0x19
ARM GAS  /var/folders/65/xyhbx3_n6nd_hs7j3p9nfwv80000gn/T//cc2oMwwL.s 			page 63


 3119 08be DB180000 		.4byte	.LASF1344
 3120 08c2 05       		.byte	0x5
 3121 08c3 8F02     		.2byte	0x28f
 3122 08c5 16       		.byte	0x16
 3123 08c6 5F010000 		.4byte	0x15f
 3124 08ca 03       		.byte	0x3
 3125 08cb 23       		.byte	0x23
 3126 08cc A401     		.uleb128 0xa4
 3127 08ce 19       		.uleb128 0x19
 3128 08cf 956E0000 		.4byte	.LASF1345
 3129 08d3 05       		.byte	0x5
 3130 08d4 9002     		.2byte	0x290
 3131 08d6 16       		.byte	0x16
 3132 08d7 5F010000 		.4byte	0x15f
 3133 08db 03       		.byte	0x3
 3134 08dc 23       		.byte	0x23
 3135 08dd AC01     		.uleb128 0xac
 3136 08df 19       		.uleb128 0x19
 3137 08e0 1B8D0000 		.4byte	.LASF1346
 3138 08e4 05       		.byte	0x5
 3139 08e5 9102     		.2byte	0x291
 3140 08e7 16       		.byte	0x16
 3141 08e8 5F010000 		.4byte	0x15f
 3142 08ec 03       		.byte	0x3
 3143 08ed 23       		.byte	0x23
 3144 08ee B401     		.uleb128 0xb4
 3145 08f0 19       		.uleb128 0x19
 3146 08f1 D6580000 		.4byte	.LASF1347
 3147 08f5 05       		.byte	0x5
 3148 08f6 9202     		.2byte	0x292
 3149 08f8 16       		.byte	0x16
 3150 08f9 5F010000 		.4byte	0x15f
 3151 08fd 03       		.byte	0x3
 3152 08fe 23       		.byte	0x23
 3153 08ff BC01     		.uleb128 0xbc
 3154 0901 19       		.uleb128 0x19
 3155 0902 C9080000 		.4byte	.LASF1348
 3156 0906 05       		.byte	0x5
 3157 0907 9302     		.2byte	0x293
 3158 0909 16       		.byte	0x16
 3159 090a 5F010000 		.4byte	0x15f
 3160 090e 03       		.byte	0x3
 3161 090f 23       		.byte	0x23
 3162 0910 C401     		.uleb128 0xc4
 3163 0912 19       		.uleb128 0x19
 3164 0913 7D570000 		.4byte	.LASF1349
 3165 0917 05       		.byte	0x5
 3166 0918 9402     		.2byte	0x294
 3167 091a 08       		.byte	0x8
 3168 091b 65000000 		.4byte	0x65
 3169 091f 03       		.byte	0x3
 3170 0920 23       		.byte	0x23
 3171 0921 CC01     		.uleb128 0xcc
 3172 0923 00       		.byte	0
 3173 0924 07       		.uleb128 0x7
 3174 0925 AE000000 		.4byte	0xae
 3175 0929 34090000 		.4byte	0x934
ARM GAS  /var/folders/65/xyhbx3_n6nd_hs7j3p9nfwv80000gn/T//cc2oMwwL.s 			page 64


 3176 092d 0E       		.uleb128 0xe
 3177 092e 6C000000 		.4byte	0x6c
 3178 0932 19       		.byte	0x19
 3179 0933 00       		.byte	0
 3180 0934 07       		.uleb128 0x7
 3181 0935 AE000000 		.4byte	0xae
 3182 0939 44090000 		.4byte	0x944
 3183 093d 0E       		.uleb128 0xe
 3184 093e 6C000000 		.4byte	0x6c
 3185 0942 07       		.byte	0x7
 3186 0943 00       		.byte	0
 3187 0944 07       		.uleb128 0x7
 3188 0945 AE000000 		.4byte	0xae
 3189 0949 54090000 		.4byte	0x954
 3190 094d 0E       		.uleb128 0xe
 3191 094e 6C000000 		.4byte	0x6c
 3192 0952 17       		.byte	0x17
 3193 0953 00       		.byte	0
 3194 0954 1B       		.uleb128 0x1b
 3195 0955 F0       		.byte	0xf0
 3196 0956 05       		.byte	0x5
 3197 0957 9902     		.2byte	0x299
 3198 0959 07       		.byte	0x7
 3199 095a 7F090000 		.4byte	0x97f
 3200 095e 19       		.uleb128 0x19
 3201 095f 8A850000 		.4byte	.LASF1350
 3202 0963 05       		.byte	0x5
 3203 0964 9C02     		.2byte	0x29c
 3204 0966 1B       		.byte	0x1b
 3205 0967 7F090000 		.4byte	0x97f
 3206 096b 02       		.byte	0x2
 3207 096c 23       		.byte	0x23
 3208 096d 00       		.uleb128 0
 3209 096e 19       		.uleb128 0x19
 3210 096f AD500000 		.4byte	.LASF1351
 3211 0973 05       		.byte	0x5
 3212 0974 9D02     		.2byte	0x29d
 3213 0976 18       		.byte	0x18
 3214 0977 8F090000 		.4byte	0x98f
 3215 097b 02       		.byte	0x2
 3216 097c 23       		.byte	0x23
 3217 097d 78       		.uleb128 0x78
 3218 097e 00       		.byte	0
 3219 097f 07       		.uleb128 0x7
 3220 0980 8A030000 		.4byte	0x38a
 3221 0984 8F090000 		.4byte	0x98f
 3222 0988 0E       		.uleb128 0xe
 3223 0989 6C000000 		.4byte	0x6c
 3224 098d 1D       		.byte	0x1d
 3225 098e 00       		.byte	0
 3226 098f 07       		.uleb128 0x7
 3227 0990 6C000000 		.4byte	0x6c
 3228 0994 9F090000 		.4byte	0x99f
 3229 0998 0E       		.uleb128 0xe
 3230 0999 6C000000 		.4byte	0x6c
 3231 099d 1D       		.byte	0x1d
 3232 099e 00       		.byte	0
ARM GAS  /var/folders/65/xyhbx3_n6nd_hs7j3p9nfwv80000gn/T//cc2oMwwL.s 			page 65


 3233 099f 1C       		.uleb128 0x1c
 3234 09a0 F0       		.byte	0xf0
 3235 09a1 05       		.byte	0x5
 3236 09a2 7E02     		.2byte	0x27e
 3237 09a4 03       		.byte	0x3
 3238 09a5 C4090000 		.4byte	0x9c4
 3239 09a9 1D       		.uleb128 0x1d
 3240 09aa 3F290000 		.4byte	.LASF1301
 3241 09ae 05       		.byte	0x5
 3242 09af 9502     		.2byte	0x295
 3243 09b1 0B       		.byte	0xb
 3244 09b2 E0070000 		.4byte	0x7e0
 3245 09b6 1D       		.uleb128 0x1d
 3246 09b7 B1080000 		.4byte	.LASF1352
 3247 09bb 05       		.byte	0x5
 3248 09bc 9E02     		.2byte	0x29e
 3249 09be 0B       		.byte	0xb
 3250 09bf 54090000 		.4byte	0x954
 3251 09c3 00       		.byte	0
 3252 09c4 07       		.uleb128 0x7
 3253 09c5 AE000000 		.4byte	0xae
 3254 09c9 D4090000 		.4byte	0x9d4
 3255 09cd 0E       		.uleb128 0xe
 3256 09ce 6C000000 		.4byte	0x6c
 3257 09d2 18       		.byte	0x18
 3258 09d3 00       		.byte	0
 3259 09d4 1E       		.uleb128 0x1e
 3260 09d5 01       		.byte	0x1
 3261 09d6 E0090000 		.4byte	0x9e0
 3262 09da 17       		.uleb128 0x17
 3263 09db 22050000 		.4byte	0x522
 3264 09df 00       		.byte	0
 3265 09e0 05       		.uleb128 0x5
 3266 09e1 04       		.byte	0x4
 3267 09e2 D4090000 		.4byte	0x9d4
 3268 09e6 05       		.uleb128 0x5
 3269 09e7 04       		.byte	0x4
 3270 09e8 EB010000 		.4byte	0x1eb
 3271 09ec 1E       		.uleb128 0x1e
 3272 09ed 01       		.byte	0x1
 3273 09ee F8090000 		.4byte	0x9f8
 3274 09f2 17       		.uleb128 0x17
 3275 09f3 65000000 		.4byte	0x65
 3276 09f7 00       		.byte	0
 3277 09f8 05       		.uleb128 0x5
 3278 09f9 04       		.byte	0x4
 3279 09fa FE090000 		.4byte	0x9fe
 3280 09fe 05       		.uleb128 0x5
 3281 09ff 04       		.byte	0x4
 3282 0a00 EC090000 		.4byte	0x9ec
 3283 0a04 07       		.uleb128 0x7
 3284 0a05 39070000 		.4byte	0x739
 3285 0a09 140A0000 		.4byte	0xa14
 3286 0a0d 0E       		.uleb128 0xe
 3287 0a0e 6C000000 		.4byte	0x6c
 3288 0a12 02       		.byte	0x2
 3289 0a13 00       		.byte	0
ARM GAS  /var/folders/65/xyhbx3_n6nd_hs7j3p9nfwv80000gn/T//cc2oMwwL.s 			page 66


 3290 0a14 1F       		.uleb128 0x1f
 3291 0a15 53190000 		.4byte	.LASF1354
 3292 0a19 05       		.byte	0x5
 3293 0a1a 2E03     		.2byte	0x32e
 3294 0a1c 17       		.byte	0x17
 3295 0a1d 22050000 		.4byte	0x522
 3296 0a21 01       		.byte	0x1
 3297 0a22 01       		.byte	0x1
 3298 0a23 1F       		.uleb128 0x1f
 3299 0a24 B3290000 		.4byte	.LASF1355
 3300 0a28 05       		.byte	0x5
 3301 0a29 2F03     		.2byte	0x32f
 3302 0a2b 1D       		.byte	0x1d
 3303 0a2c 28050000 		.4byte	0x528
 3304 0a30 01       		.byte	0x1
 3305 0a31 01       		.byte	0x1
 3306 0a32 0A       		.uleb128 0xa
 3307 0a33 4A7E0000 		.4byte	.LASF1356
 3308 0a37 07       		.byte	0x7
 3309 0a38 64       		.byte	0x64
 3310 0a39 0E       		.byte	0xe
 3311 0a3a A2060000 		.4byte	0x6a2
 3312 0a3e 01       		.byte	0x1
 3313 0a3f 01       		.byte	0x1
 3314 0a40 02       		.uleb128 0x2
 3315 0a41 04       		.byte	0x4
 3316 0a42 04       		.byte	0x4
 3317 0a43 7C540000 		.4byte	.LASF1357
 3318 0a47 02       		.uleb128 0x2
 3319 0a48 01       		.byte	0x1
 3320 0a49 02       		.byte	0x2
 3321 0a4a 062B0000 		.4byte	.LASF1358
 3322 0a4e 02       		.uleb128 0x2
 3323 0a4f 08       		.byte	0x8
 3324 0a50 04       		.byte	0x4
 3325 0a51 18510000 		.4byte	.LASF1359
 3326 0a55 20       		.uleb128 0x20
 3327 0a56 C36A0000 		.4byte	.LASF1397
 3328 0a5a 05       		.byte	0x5
 3329 0a5b 01       		.byte	0x1
 3330 0a5c 2D000000 		.4byte	0x2d
 3331 0a60 08       		.byte	0x8
 3332 0a61 8202     		.2byte	0x282
 3333 0a63 06       		.byte	0x6
 3334 0a64 810A0000 		.4byte	0xa81
 3335 0a68 21       		.uleb128 0x21
 3336 0a69 E8840000 		.4byte	.LASF1360
 3337 0a6d 7F       		.sleb128 -1
 3338 0a6e 22       		.uleb128 0x22
 3339 0a6f EF4D0000 		.4byte	.LASF1361
 3340 0a73 00       		.byte	0
 3341 0a74 22       		.uleb128 0x22
 3342 0a75 957C0000 		.4byte	.LASF1362
 3343 0a79 01       		.byte	0x1
 3344 0a7a 22       		.uleb128 0x22
 3345 0a7b 26790000 		.4byte	.LASF1363
 3346 0a7f 02       		.byte	0x2
ARM GAS  /var/folders/65/xyhbx3_n6nd_hs7j3p9nfwv80000gn/T//cc2oMwwL.s 			page 67


 3347 0a80 00       		.byte	0
 3348 0a81 1F       		.uleb128 0x1f
 3349 0a82 F7420000 		.4byte	.LASF1364
 3350 0a86 08       		.byte	0x8
 3351 0a87 8D02     		.2byte	0x28d
 3352 0a89 23       		.byte	0x23
 3353 0a8a 550A0000 		.4byte	0xa55
 3354 0a8e 01       		.byte	0x1
 3355 0a8f 01       		.byte	0x1
 3356 0a90 23       		.uleb128 0x23
 3357 0a91 01       		.byte	0x1
 3358 0a92 6C4B0000 		.4byte	.LASF1370
 3359 0a96 01       		.byte	0x1
 3360 0a97 DE       		.byte	0xde
 3361 0a98 07       		.byte	0x7
 3362 0a99 01       		.byte	0x1
 3363 0a9a A2060000 		.4byte	0x6a2
 3364 0a9e 00000000 		.4byte	.LFB26
 3365 0aa2 D0000000 		.4byte	.LFE26
 3366 0aa6 00000000 		.4byte	.LLST63
 3367 0aaa 01       		.byte	0x1
 3368 0aab 7E0C0000 		.4byte	0xc7e
 3369 0aaf 24       		.uleb128 0x24
 3370 0ab0 7300     		.ascii	"s\000"
 3371 0ab2 01       		.byte	0x1
 3372 0ab3 DE       		.byte	0xde
 3373 0ab4 27       		.byte	0x27
 3374 0ab5 CD060000 		.4byte	0x6cd
 3375 0ab9 74000000 		.4byte	.LLST64
 3376 0abd 68000000 		.4byte	.LVUS64
 3377 0ac1 24       		.uleb128 0x24
 3378 0ac2 70617400 		.ascii	"pat\000"
 3379 0ac6 01       		.byte	0x1
 3380 0ac7 DE       		.byte	0xde
 3381 0ac8 36       		.byte	0x36
 3382 0ac9 CD060000 		.4byte	0x6cd
 3383 0acd CE000000 		.4byte	.LLST65
 3384 0ad1 C4000000 		.4byte	.LVUS65
 3385 0ad5 24       		.uleb128 0x24
 3386 0ad6 72657000 		.ascii	"rep\000"
 3387 0ada 01       		.byte	0x1
 3388 0adb DE       		.byte	0xde
 3389 0adc 47       		.byte	0x47
 3390 0add CD060000 		.4byte	0x6cd
 3391 0ae1 1A010000 		.4byte	.LLST66
 3392 0ae5 10010000 		.4byte	.LVUS66
 3393 0ae9 25       		.uleb128 0x25
 3394 0aea B7210000 		.4byte	.LASF1365
 3395 0aee 01       		.byte	0x1
 3396 0aef E8       		.byte	0xe8
 3397 0af0 0C       		.byte	0xc
 3398 0af1 7F000000 		.4byte	0x7f
 3399 0af5 5E010000 		.4byte	.LLST67
 3400 0af9 5C010000 		.4byte	.LVUS67
 3401 0afd 26       		.uleb128 0x26
 3402 0afe 5B140000 		.4byte	.LASF1367
 3403 0b02 01       		.byte	0x1
ARM GAS  /var/folders/65/xyhbx3_n6nd_hs7j3p9nfwv80000gn/T//cc2oMwwL.s 			page 68


 3404 0b03 E9       		.byte	0xe9
 3405 0b04 0C       		.byte	0xc
 3406 0b05 7F000000 		.4byte	0x7f
 3407 0b09 25       		.uleb128 0x25
 3408 0b0a 16550000 		.4byte	.LASF1366
 3409 0b0e 01       		.byte	0x1
 3410 0b0f EC       		.byte	0xec
 3411 0b10 0C       		.byte	0xc
 3412 0b11 7F000000 		.4byte	0x7f
 3413 0b15 75010000 		.4byte	.LLST68
 3414 0b19 71010000 		.4byte	.LVUS68
 3415 0b1d 27       		.uleb128 0x27
 3416 0b1e 7000     		.ascii	"p\000"
 3417 0b20 01       		.byte	0x1
 3418 0b21 ED       		.byte	0xed
 3419 0b22 11       		.byte	0x11
 3420 0b23 CD060000 		.4byte	0x6cd
 3421 0b27 9E010000 		.4byte	.LLST69
 3422 0b2b 94010000 		.4byte	.LVUS69
 3423 0b2f 27       		.uleb128 0x27
 3424 0b30 736C00   		.ascii	"sl\000"
 3425 0b33 01       		.byte	0x1
 3426 0b34 F4       		.byte	0xf4
 3427 0b35 0C       		.byte	0xc
 3428 0b36 7F000000 		.4byte	0x7f
 3429 0b3a E1010000 		.4byte	.LLST70
 3430 0b3e DD010000 		.4byte	.LVUS70
 3431 0b42 26       		.uleb128 0x26
 3432 0b43 FD4D0000 		.4byte	.LASF1368
 3433 0b47 01       		.byte	0x1
 3434 0b48 F5       		.byte	0xf5
 3435 0b49 0C       		.byte	0xc
 3436 0b4a 7F000000 		.4byte	0x7f
 3437 0b4e 27       		.uleb128 0x27
 3438 0b4f 6F757400 		.ascii	"out\000"
 3439 0b53 01       		.byte	0x1
 3440 0b54 F6       		.byte	0xf6
 3441 0b55 0B       		.byte	0xb
 3442 0b56 A2060000 		.4byte	0x6a2
 3443 0b5a 05020000 		.4byte	.LLST71
 3444 0b5e 01020000 		.4byte	.LVUS71
 3445 0b62 27       		.uleb128 0x27
 3446 0b63 6F00     		.ascii	"o\000"
 3447 0b65 01       		.byte	0x1
 3448 0b66 FB       		.byte	0xfb
 3449 0b67 0B       		.byte	0xb
 3450 0b68 A2060000 		.4byte	0x6a2
 3451 0b6c 2B020000 		.4byte	.LLST72
 3452 0b70 23020000 		.4byte	.LVUS72
 3453 0b74 27       		.uleb128 0x27
 3454 0b75 68697400 		.ascii	"hit\000"
 3455 0b79 01       		.byte	0x1
 3456 0b7a FD       		.byte	0xfd
 3457 0b7b 11       		.byte	0x11
 3458 0b7c CD060000 		.4byte	0x6cd
 3459 0b80 65020000 		.4byte	.LLST73
 3460 0b84 5F020000 		.4byte	.LVUS73
ARM GAS  /var/folders/65/xyhbx3_n6nd_hs7j3p9nfwv80000gn/T//cc2oMwwL.s 			page 69


 3461 0b88 28       		.uleb128 0x28
 3462 0b89 D8000000 		.4byte	.Ldebug_ranges0+0xd8
 3463 0b8d CC0B0000 		.4byte	0xbcc
 3464 0b91 29       		.uleb128 0x29
 3465 0b92 C1000000 		.4byte	.LASF1369
 3466 0b96 01       		.byte	0x1
 3467 0b97 0001     		.2byte	0x100
 3468 0b99 10       		.byte	0x10
 3469 0b9a 7F000000 		.4byte	0x7f
 3470 0b9e 90020000 		.4byte	.LLST74
 3471 0ba2 8E020000 		.4byte	.LVUS74
 3472 0ba6 2A       		.uleb128 0x2a
 3473 0ba7 82000000 		.4byte	.LVL174
 3474 0bab A9140000 		.4byte	0x14a9
 3475 0baf 2B       		.uleb128 0x2b
 3476 0bb0 90000000 		.4byte	.LVL175
 3477 0bb4 A9140000 		.4byte	0x14a9
 3478 0bb8 2C       		.uleb128 0x2c
 3479 0bb9 01       		.byte	0x1
 3480 0bba 50       		.byte	0x50
 3481 0bbb 02       		.byte	0x2
 3482 0bbc 7B       		.byte	0x7b
 3483 0bbd 00       		.sleb128 0
 3484 0bbe 2C       		.uleb128 0x2c
 3485 0bbf 01       		.byte	0x1
 3486 0bc0 51       		.byte	0x51
 3487 0bc1 02       		.byte	0x2
 3488 0bc2 79       		.byte	0x79
 3489 0bc3 00       		.sleb128 0
 3490 0bc4 2C       		.uleb128 0x2c
 3491 0bc5 01       		.byte	0x1
 3492 0bc6 52       		.byte	0x52
 3493 0bc7 02       		.byte	0x2
 3494 0bc8 78       		.byte	0x78
 3495 0bc9 00       		.sleb128 0
 3496 0bca 00       		.byte	0
 3497 0bcb 00       		.byte	0
 3498 0bcc 2D       		.uleb128 0x2d
 3499 0bcd 24000000 		.4byte	.LVL157
 3500 0bd1 B6140000 		.4byte	0x14b6
 3501 0bd5 E00B0000 		.4byte	0xbe0
 3502 0bd9 2C       		.uleb128 0x2c
 3503 0bda 01       		.byte	0x1
 3504 0bdb 50       		.byte	0x50
 3505 0bdc 02       		.byte	0x2
 3506 0bdd 79       		.byte	0x79
 3507 0bde 00       		.sleb128 0
 3508 0bdf 00       		.byte	0
 3509 0be0 2D       		.uleb128 0x2d
 3510 0be1 30000000 		.4byte	.LVL159
 3511 0be5 B6140000 		.4byte	0x14b6
 3512 0be9 F40B0000 		.4byte	0xbf4
 3513 0bed 2C       		.uleb128 0x2c
 3514 0bee 01       		.byte	0x1
 3515 0bef 50       		.byte	0x50
 3516 0bf0 02       		.byte	0x2
 3517 0bf1 76       		.byte	0x76
ARM GAS  /var/folders/65/xyhbx3_n6nd_hs7j3p9nfwv80000gn/T//cc2oMwwL.s 			page 70


 3518 0bf2 00       		.sleb128 0
 3519 0bf3 00       		.byte	0
 3520 0bf4 2D       		.uleb128 0x2d
 3521 0bf5 42000000 		.4byte	.LVL164
 3522 0bf9 C4140000 		.4byte	0x14c4
 3523 0bfd 080C0000 		.4byte	0xc08
 3524 0c01 2C       		.uleb128 0x2c
 3525 0c02 01       		.byte	0x1
 3526 0c03 51       		.byte	0x51
 3527 0c04 02       		.byte	0x2
 3528 0c05 76       		.byte	0x76
 3529 0c06 00       		.sleb128 0
 3530 0c07 00       		.byte	0
 3531 0c08 2D       		.uleb128 0x2d
 3532 0c09 54000000 		.4byte	.LVL166
 3533 0c0d B6140000 		.4byte	0x14b6
 3534 0c11 1C0C0000 		.4byte	0xc1c
 3535 0c15 2C       		.uleb128 0x2c
 3536 0c16 01       		.byte	0x1
 3537 0c17 50       		.byte	0x50
 3538 0c18 02       		.byte	0x2
 3539 0c19 75       		.byte	0x75
 3540 0c1a 00       		.sleb128 0
 3541 0c1b 00       		.byte	0
 3542 0c1c 2A       		.uleb128 0x2a
 3543 0c1d 5E000000 		.4byte	.LVL169
 3544 0c21 D2140000 		.4byte	0x14d2
 3545 0c25 2E       		.uleb128 0x2e
 3546 0c26 6E000000 		.4byte	.LVL170
 3547 0c2a 3F0C0000 		.4byte	0xc3f
 3548 0c2e 2C       		.uleb128 0x2c
 3549 0c2f 01       		.byte	0x1
 3550 0c30 50       		.byte	0x50
 3551 0c31 02       		.byte	0x2
 3552 0c32 74       		.byte	0x74
 3553 0c33 00       		.sleb128 0
 3554 0c34 2C       		.uleb128 0x2c
 3555 0c35 01       		.byte	0x1
 3556 0c36 51       		.byte	0x51
 3557 0c37 06       		.byte	0x6
 3558 0c38 7B       		.byte	0x7b
 3559 0c39 00       		.sleb128 0
 3560 0c3a 91       		.byte	0x91
 3561 0c3b 54       		.sleb128 -44
 3562 0c3c 06       		.byte	0x6
 3563 0c3d 1C       		.byte	0x1c
 3564 0c3e 00       		.byte	0
 3565 0c3f 2D       		.uleb128 0x2d
 3566 0c40 98000000 		.4byte	.LVL176
 3567 0c44 C4140000 		.4byte	0x14c4
 3568 0c48 590C0000 		.4byte	0xc59
 3569 0c4c 2C       		.uleb128 0x2c
 3570 0c4d 01       		.byte	0x1
 3571 0c4e 50       		.byte	0x50
 3572 0c4f 02       		.byte	0x2
 3573 0c50 75       		.byte	0x75
 3574 0c51 00       		.sleb128 0
ARM GAS  /var/folders/65/xyhbx3_n6nd_hs7j3p9nfwv80000gn/T//cc2oMwwL.s 			page 71


 3575 0c52 2C       		.uleb128 0x2c
 3576 0c53 01       		.byte	0x1
 3577 0c54 51       		.byte	0x51
 3578 0c55 02       		.byte	0x2
 3579 0c56 76       		.byte	0x76
 3580 0c57 00       		.sleb128 0
 3581 0c58 00       		.byte	0
 3582 0c59 2D       		.uleb128 0x2d
 3583 0c5a A6000000 		.4byte	.LVL179
 3584 0c5e E0140000 		.4byte	0x14e0
 3585 0c62 730C0000 		.4byte	0xc73
 3586 0c66 2C       		.uleb128 0x2c
 3587 0c67 01       		.byte	0x1
 3588 0c68 50       		.byte	0x50
 3589 0c69 02       		.byte	0x2
 3590 0c6a 7A       		.byte	0x7a
 3591 0c6b 00       		.sleb128 0
 3592 0c6c 2C       		.uleb128 0x2c
 3593 0c6d 01       		.byte	0x1
 3594 0c6e 51       		.byte	0x51
 3595 0c6f 02       		.byte	0x2
 3596 0c70 75       		.byte	0x75
 3597 0c71 00       		.sleb128 0
 3598 0c72 00       		.byte	0
 3599 0c73 2F       		.uleb128 0x2f
 3600 0c74 C2000000 		.4byte	.LVL182
 3601 0c78 01       		.byte	0x1
 3602 0c79 F4120000 		.4byte	0x12f4
 3603 0c7d 00       		.byte	0
 3604 0c7e 23       		.uleb128 0x23
 3605 0c7f 01       		.byte	0x1
 3606 0c80 2E4B0000 		.4byte	.LASF1371
 3607 0c84 01       		.byte	0x1
 3608 0c85 BB       		.byte	0xbb
 3609 0c86 07       		.byte	0x7
 3610 0c87 01       		.byte	0x1
 3611 0c88 A2060000 		.4byte	0x6a2
 3612 0c8c 00000000 		.4byte	.LFB25
 3613 0c90 7E000000 		.4byte	.LFE25
 3614 0c94 A3020000 		.4byte	.LLST55
 3615 0c98 01       		.byte	0x1
 3616 0c99 7C0D0000 		.4byte	0xd7c
 3617 0c9d 24       		.uleb128 0x24
 3618 0c9e 7300     		.ascii	"s\000"
 3619 0ca0 01       		.byte	0x1
 3620 0ca1 BB       		.byte	0xbb
 3621 0ca2 2B       		.byte	0x2b
 3622 0ca3 CD060000 		.4byte	0x6cd
 3623 0ca7 CB020000 		.4byte	.LLST56
 3624 0cab C3020000 		.4byte	.LVUS56
 3625 0caf 27       		.uleb128 0x27
 3626 0cb0 6E00     		.ascii	"n\000"
 3627 0cb2 01       		.byte	0x1
 3628 0cb3 C1       		.byte	0xc1
 3629 0cb4 0C       		.byte	0xc
 3630 0cb5 7F000000 		.4byte	0x7f
 3631 0cb9 0D030000 		.4byte	.LLST57
ARM GAS  /var/folders/65/xyhbx3_n6nd_hs7j3p9nfwv80000gn/T//cc2oMwwL.s 			page 72


 3632 0cbd 07030000 		.4byte	.LVUS57
 3633 0cc1 27       		.uleb128 0x27
 3634 0cc2 6F757400 		.ascii	"out\000"
 3635 0cc6 01       		.byte	0x1
 3636 0cc7 C2       		.byte	0xc2
 3637 0cc8 0B       		.byte	0xb
 3638 0cc9 A2060000 		.4byte	0x6a2
 3639 0ccd 3D030000 		.4byte	.LLST58
 3640 0cd1 37030000 		.4byte	.LVUS58
 3641 0cd5 27       		.uleb128 0x27
 3642 0cd6 6F00     		.ascii	"o\000"
 3643 0cd8 01       		.byte	0x1
 3644 0cd9 C7       		.byte	0xc7
 3645 0cda 0C       		.byte	0xc
 3646 0cdb 7F000000 		.4byte	0x7f
 3647 0cdf 72030000 		.4byte	.LLST59
 3648 0ce3 66030000 		.4byte	.LVUS59
 3649 0ce7 25       		.uleb128 0x25
 3650 0ce8 6E2F0000 		.4byte	.LASF1372
 3651 0cec 01       		.byte	0x1
 3652 0ced C8       		.byte	0xc8
 3653 0cee 09       		.byte	0x9
 3654 0cef 65000000 		.4byte	0x65
 3655 0cf3 CD030000 		.4byte	.LLST60
 3656 0cf7 C1030000 		.4byte	.LVUS60
 3657 0cfb 28       		.uleb128 0x28
 3658 0cfc 88000000 		.4byte	.Ldebug_ranges0+0x88
 3659 0d00 2F0D0000 		.4byte	0xd2f
 3660 0d04 27       		.uleb128 0x27
 3661 0d05 6900     		.ascii	"i\000"
 3662 0d07 01       		.byte	0x1
 3663 0d08 C9       		.byte	0xc9
 3664 0d09 11       		.byte	0x11
 3665 0d0a 7F000000 		.4byte	0x7f
 3666 0d0e 24040000 		.4byte	.LLST61
 3667 0d12 1A040000 		.4byte	.LVUS61
 3668 0d16 30       		.uleb128 0x30
 3669 0d17 B0000000 		.4byte	.Ldebug_ranges0+0xb0
 3670 0d1b 27       		.uleb128 0x27
 3671 0d1c 6300     		.ascii	"c\000"
 3672 0d1e 01       		.byte	0x1
 3673 0d1f CB       		.byte	0xcb
 3674 0d20 0E       		.byte	0xe
 3675 0d21 AE000000 		.4byte	0xae
 3676 0d25 84040000 		.4byte	.LLST62
 3677 0d29 80040000 		.4byte	.LVUS62
 3678 0d2d 00       		.byte	0
 3679 0d2e 00       		.byte	0
 3680 0d2f 2D       		.uleb128 0x2d
 3681 0d30 0A000000 		.4byte	.LVL132
 3682 0d34 B6140000 		.4byte	0x14b6
 3683 0d38 430D0000 		.4byte	0xd43
 3684 0d3c 2C       		.uleb128 0x2c
 3685 0d3d 01       		.byte	0x1
 3686 0d3e 50       		.byte	0x50
 3687 0d3f 02       		.byte	0x2
 3688 0d40 74       		.byte	0x74
ARM GAS  /var/folders/65/xyhbx3_n6nd_hs7j3p9nfwv80000gn/T//cc2oMwwL.s 			page 73


 3689 0d41 00       		.sleb128 0
 3690 0d42 00       		.byte	0
 3691 0d43 2A       		.uleb128 0x2a
 3692 0d44 10000000 		.4byte	.LVL134
 3693 0d48 D2140000 		.4byte	0x14d2
 3694 0d4c 2E       		.uleb128 0x2e
 3695 0d4d 1C000000 		.4byte	.LVL135
 3696 0d51 610D0000 		.4byte	0xd61
 3697 0d55 2C       		.uleb128 0x2c
 3698 0d56 01       		.byte	0x1
 3699 0d57 50       		.byte	0x50
 3700 0d58 01       		.byte	0x1
 3701 0d59 30       		.byte	0x30
 3702 0d5a 2C       		.uleb128 0x2c
 3703 0d5b 01       		.byte	0x1
 3704 0d5c 51       		.byte	0x51
 3705 0d5d 02       		.byte	0x2
 3706 0d5e 75       		.byte	0x75
 3707 0d5f 01       		.sleb128 1
 3708 0d60 00       		.byte	0
 3709 0d61 2A       		.uleb128 0x2a
 3710 0d62 68000000 		.4byte	.LVL150
 3711 0d66 D2140000 		.4byte	0x14d2
 3712 0d6a 31       		.uleb128 0x31
 3713 0d6b 74000000 		.4byte	.LVL151
 3714 0d6f 2C       		.uleb128 0x2c
 3715 0d70 01       		.byte	0x1
 3716 0d71 50       		.byte	0x50
 3717 0d72 02       		.byte	0x2
 3718 0d73 74       		.byte	0x74
 3719 0d74 00       		.sleb128 0
 3720 0d75 2C       		.uleb128 0x2c
 3721 0d76 01       		.byte	0x1
 3722 0d77 51       		.byte	0x51
 3723 0d78 01       		.byte	0x1
 3724 0d79 31       		.byte	0x31
 3725 0d7a 00       		.byte	0
 3726 0d7b 00       		.byte	0
 3727 0d7c 23       		.uleb128 0x23
 3728 0d7d 01       		.byte	0x1
 3729 0d7e 4C370000 		.4byte	.LASF1373
 3730 0d82 01       		.byte	0x1
 3731 0d83 AA       		.byte	0xaa
 3732 0d84 0B       		.byte	0xb
 3733 0d85 01       		.byte	0x1
 3734 0d86 73000000 		.4byte	0x73
 3735 0d8a 00000000 		.4byte	.LFB24
 3736 0d8e 4E000000 		.4byte	.LFE24
 3737 0d92 A2040000 		.4byte	.LLST49
 3738 0d96 01       		.byte	0x1
 3739 0d97 280E0000 		.4byte	0xe28
 3740 0d9b 24       		.uleb128 0x24
 3741 0d9c 7300     		.ascii	"s\000"
 3742 0d9e 01       		.byte	0x1
 3743 0d9f AA       		.byte	0xaa
 3744 0da0 2C       		.byte	0x2c
 3745 0da1 CD060000 		.4byte	0x6cd
ARM GAS  /var/folders/65/xyhbx3_n6nd_hs7j3p9nfwv80000gn/T//cc2oMwwL.s 			page 74


 3746 0da5 DA040000 		.4byte	.LLST50
 3747 0da9 CE040000 		.4byte	.LVUS50
 3748 0dad 24       		.uleb128 0x24
 3749 0dae 73657400 		.ascii	"set\000"
 3750 0db2 01       		.byte	0x1
 3751 0db3 AA       		.byte	0xaa
 3752 0db4 3B       		.byte	0x3b
 3753 0db5 CD060000 		.4byte	0x6cd
 3754 0db9 32050000 		.4byte	.LLST51
 3755 0dbd 2C050000 		.4byte	.LVUS51
 3756 0dc1 32       		.uleb128 0x32
 3757 0dc2 0C2B0000 		.4byte	.LASF1374
 3758 0dc6 01       		.byte	0x1
 3759 0dc7 AA       		.byte	0xaa
 3760 0dc8 47       		.byte	0x47
 3761 0dc9 7F000000 		.4byte	0x7f
 3762 0dcd 65050000 		.4byte	.LLST52
 3763 0dd1 5B050000 		.4byte	.LVUS52
 3764 0dd5 27       		.uleb128 0x27
 3765 0dd6 6E00     		.ascii	"n\000"
 3766 0dd8 01       		.byte	0x1
 3767 0dd9 B0       		.byte	0xb0
 3768 0dda 0C       		.byte	0xc
 3769 0ddb 7F000000 		.4byte	0x7f
 3770 0ddf AB050000 		.4byte	.LLST53
 3771 0de3 A9050000 		.4byte	.LVUS53
 3772 0de7 33       		.uleb128 0x33
 3773 0de8 10000000 		.4byte	.LBB25
 3774 0dec 3C000000 		.4byte	.LBE25
 3775 0df0 170E0000 		.4byte	0xe17
 3776 0df4 27       		.uleb128 0x27
 3777 0df5 6900     		.ascii	"i\000"
 3778 0df7 01       		.byte	0x1
 3779 0df8 B1       		.byte	0xb1
 3780 0df9 11       		.byte	0x11
 3781 0dfa 7F000000 		.4byte	0x7f
 3782 0dfe C8050000 		.4byte	.LLST54
 3783 0e02 BE050000 		.4byte	.LVUS54
 3784 0e06 2B       		.uleb128 0x2b
 3785 0e07 36000000 		.4byte	.LVL126
 3786 0e0b EE140000 		.4byte	0x14ee
 3787 0e0f 2C       		.uleb128 0x2c
 3788 0e10 01       		.byte	0x1
 3789 0e11 50       		.byte	0x50
 3790 0e12 02       		.byte	0x2
 3791 0e13 76       		.byte	0x76
 3792 0e14 00       		.sleb128 0
 3793 0e15 00       		.byte	0
 3794 0e16 00       		.byte	0
 3795 0e17 2B       		.uleb128 0x2b
 3796 0e18 10000000 		.4byte	.LVL120
 3797 0e1c B6140000 		.4byte	0x14b6
 3798 0e20 2C       		.uleb128 0x2c
 3799 0e21 01       		.byte	0x1
 3800 0e22 50       		.byte	0x50
 3801 0e23 02       		.byte	0x2
 3802 0e24 74       		.byte	0x74
ARM GAS  /var/folders/65/xyhbx3_n6nd_hs7j3p9nfwv80000gn/T//cc2oMwwL.s 			page 75


 3803 0e25 00       		.sleb128 0
 3804 0e26 00       		.byte	0
 3805 0e27 00       		.byte	0
 3806 0e28 23       		.uleb128 0x23
 3807 0e29 01       		.byte	0x1
 3808 0e2a 325E0000 		.4byte	.LASF1375
 3809 0e2e 01       		.byte	0x1
 3810 0e2f 99       		.byte	0x99
 3811 0e30 0B       		.byte	0xb
 3812 0e31 01       		.byte	0x1
 3813 0e32 73000000 		.4byte	0x73
 3814 0e36 00000000 		.4byte	.LFB23
 3815 0e3a 4E000000 		.4byte	.LFE23
 3816 0e3e 19060000 		.4byte	.LLST43
 3817 0e42 01       		.byte	0x1
 3818 0e43 D40E0000 		.4byte	0xed4
 3819 0e47 24       		.uleb128 0x24
 3820 0e48 7300     		.ascii	"s\000"
 3821 0e4a 01       		.byte	0x1
 3822 0e4b 99       		.byte	0x99
 3823 0e4c 28       		.byte	0x28
 3824 0e4d CD060000 		.4byte	0x6cd
 3825 0e51 51060000 		.4byte	.LLST44
 3826 0e55 45060000 		.4byte	.LVUS44
 3827 0e59 24       		.uleb128 0x24
 3828 0e5a 73657400 		.ascii	"set\000"
 3829 0e5e 01       		.byte	0x1
 3830 0e5f 99       		.byte	0x99
 3831 0e60 37       		.byte	0x37
 3832 0e61 CD060000 		.4byte	0x6cd
 3833 0e65 A9060000 		.4byte	.LLST45
 3834 0e69 A3060000 		.4byte	.LVUS45
 3835 0e6d 32       		.uleb128 0x32
 3836 0e6e 0C2B0000 		.4byte	.LASF1374
 3837 0e72 01       		.byte	0x1
 3838 0e73 99       		.byte	0x99
 3839 0e74 43       		.byte	0x43
 3840 0e75 7F000000 		.4byte	0x7f
 3841 0e79 DC060000 		.4byte	.LLST46
 3842 0e7d D2060000 		.4byte	.LVUS46
 3843 0e81 27       		.uleb128 0x27
 3844 0e82 6E00     		.ascii	"n\000"
 3845 0e84 01       		.byte	0x1
 3846 0e85 9F       		.byte	0x9f
 3847 0e86 0C       		.byte	0xc
 3848 0e87 7F000000 		.4byte	0x7f
 3849 0e8b 22070000 		.4byte	.LLST47
 3850 0e8f 20070000 		.4byte	.LVUS47
 3851 0e93 33       		.uleb128 0x33
 3852 0e94 12000000 		.4byte	.LBB24
 3853 0e98 3C000000 		.4byte	.LBE24
 3854 0e9c C30E0000 		.4byte	0xec3
 3855 0ea0 27       		.uleb128 0x27
 3856 0ea1 6900     		.ascii	"i\000"
 3857 0ea3 01       		.byte	0x1
 3858 0ea4 A0       		.byte	0xa0
 3859 0ea5 11       		.byte	0x11
ARM GAS  /var/folders/65/xyhbx3_n6nd_hs7j3p9nfwv80000gn/T//cc2oMwwL.s 			page 76


 3860 0ea6 7F000000 		.4byte	0x7f
 3861 0eaa 3F070000 		.4byte	.LLST48
 3862 0eae 35070000 		.4byte	.LVUS48
 3863 0eb2 2B       		.uleb128 0x2b
 3864 0eb3 36000000 		.4byte	.LVL115
 3865 0eb7 EE140000 		.4byte	0x14ee
 3866 0ebb 2C       		.uleb128 0x2c
 3867 0ebc 01       		.byte	0x1
 3868 0ebd 50       		.byte	0x50
 3869 0ebe 02       		.byte	0x2
 3870 0ebf 75       		.byte	0x75
 3871 0ec0 00       		.sleb128 0
 3872 0ec1 00       		.byte	0
 3873 0ec2 00       		.byte	0
 3874 0ec3 2B       		.uleb128 0x2b
 3875 0ec4 12000000 		.4byte	.LVL109
 3876 0ec8 B6140000 		.4byte	0x14b6
 3877 0ecc 2C       		.uleb128 0x2c
 3878 0ecd 01       		.byte	0x1
 3879 0ece 50       		.byte	0x50
 3880 0ecf 02       		.byte	0x2
 3881 0ed0 74       		.byte	0x74
 3882 0ed1 00       		.sleb128 0
 3883 0ed2 00       		.byte	0
 3884 0ed3 00       		.byte	0
 3885 0ed4 23       		.uleb128 0x23
 3886 0ed5 01       		.byte	0x1
 3887 0ed6 3B7A0000 		.4byte	.LASF1376
 3888 0eda 01       		.byte	0x1
 3889 0edb 86       		.byte	0x86
 3890 0edc 0B       		.byte	0xb
 3891 0edd 01       		.byte	0x1
 3892 0ede 73000000 		.4byte	0x73
 3893 0ee2 00000000 		.4byte	.LFB22
 3894 0ee6 2E000000 		.4byte	.LFE22
 3895 0eea 90070000 		.4byte	.LLST37
 3896 0eee 01       		.byte	0x1
 3897 0eef 810F0000 		.4byte	0xf81
 3898 0ef3 24       		.uleb128 0x24
 3899 0ef4 7300     		.ascii	"s\000"
 3900 0ef6 01       		.byte	0x1
 3901 0ef7 86       		.byte	0x86
 3902 0ef8 24       		.byte	0x24
 3903 0ef9 CD060000 		.4byte	0x6cd
 3904 0efd C6070000 		.4byte	.LLST38
 3905 0f01 BC070000 		.4byte	.LVUS38
 3906 0f05 32       		.uleb128 0x32
 3907 0f06 FF500000 		.4byte	.LASF1377
 3908 0f0a 01       		.byte	0x1
 3909 0f0b 86       		.byte	0x86
 3910 0f0c 33       		.byte	0x33
 3911 0f0d CD060000 		.4byte	0x6cd
 3912 0f11 11080000 		.4byte	.LLST39
 3913 0f15 0B080000 		.4byte	.LVUS39
 3914 0f19 32       		.uleb128 0x32
 3915 0f1a 0C2B0000 		.4byte	.LASF1374
 3916 0f1e 01       		.byte	0x1
ARM GAS  /var/folders/65/xyhbx3_n6nd_hs7j3p9nfwv80000gn/T//cc2oMwwL.s 			page 77


 3917 0f1f 86       		.byte	0x86
 3918 0f20 42       		.byte	0x42
 3919 0f21 7F000000 		.4byte	0x7f
 3920 0f25 42080000 		.4byte	.LLST40
 3921 0f29 3A080000 		.4byte	.LVUS40
 3922 0f2d 27       		.uleb128 0x27
 3923 0f2e 6E00     		.ascii	"n\000"
 3924 0f30 01       		.byte	0x1
 3925 0f31 8C       		.byte	0x8c
 3926 0f32 0C       		.byte	0xc
 3927 0f33 7F000000 		.4byte	0x7f
 3928 0f37 7B080000 		.4byte	.LLST41
 3929 0f3b 79080000 		.4byte	.LVUS41
 3930 0f3f 27       		.uleb128 0x27
 3931 0f40 68697400 		.ascii	"hit\000"
 3932 0f44 01       		.byte	0x1
 3933 0f45 91       		.byte	0x91
 3934 0f46 11       		.byte	0x11
 3935 0f47 CD060000 		.4byte	0x6cd
 3936 0f4b 90080000 		.4byte	.LLST42
 3937 0f4f 8E080000 		.4byte	.LVUS42
 3938 0f53 2D       		.uleb128 0x2d
 3939 0f54 10000000 		.4byte	.LVL101
 3940 0f58 B6140000 		.4byte	0x14b6
 3941 0f5c 670F0000 		.4byte	0xf67
 3942 0f60 2C       		.uleb128 0x2c
 3943 0f61 01       		.byte	0x1
 3944 0f62 50       		.byte	0x50
 3945 0f63 02       		.byte	0x2
 3946 0f64 74       		.byte	0x74
 3947 0f65 00       		.sleb128 0
 3948 0f66 00       		.byte	0
 3949 0f67 2B       		.uleb128 0x2b
 3950 0f68 1C000000 		.4byte	.LVL103
 3951 0f6c C4140000 		.4byte	0x14c4
 3952 0f70 2C       		.uleb128 0x2c
 3953 0f71 01       		.byte	0x1
 3954 0f72 50       		.byte	0x50
 3955 0f73 05       		.byte	0x5
 3956 0f74 74       		.byte	0x74
 3957 0f75 00       		.sleb128 0
 3958 0f76 76       		.byte	0x76
 3959 0f77 00       		.sleb128 0
 3960 0f78 22       		.byte	0x22
 3961 0f79 2C       		.uleb128 0x2c
 3962 0f7a 01       		.byte	0x1
 3963 0f7b 51       		.byte	0x51
 3964 0f7c 02       		.byte	0x2
 3965 0f7d 75       		.byte	0x75
 3966 0f7e 00       		.sleb128 0
 3967 0f7f 00       		.byte	0
 3968 0f80 00       		.byte	0
 3969 0f81 23       		.uleb128 0x23
 3970 0f82 01       		.byte	0x1
 3971 0f83 94250000 		.4byte	.LASF1378
 3972 0f87 01       		.byte	0x1
 3973 0f88 77       		.byte	0x77
ARM GAS  /var/folders/65/xyhbx3_n6nd_hs7j3p9nfwv80000gn/T//cc2oMwwL.s 			page 78


 3974 0f89 05       		.byte	0x5
 3975 0f8a 01       		.byte	0x1
 3976 0f8b 65000000 		.4byte	0x65
 3977 0f8f 00000000 		.4byte	.LFB21
 3978 0f93 3E000000 		.4byte	.LFE21
 3979 0f97 A3080000 		.4byte	.LLST32
 3980 0f9b 01       		.byte	0x1
 3981 0f9c 25100000 		.4byte	0x1025
 3982 0fa0 24       		.uleb128 0x24
 3983 0fa1 7300     		.ascii	"s\000"
 3984 0fa3 01       		.byte	0x1
 3985 0fa4 77       		.byte	0x77
 3986 0fa5 23       		.byte	0x23
 3987 0fa6 CD060000 		.4byte	0x6cd
 3988 0faa DB080000 		.4byte	.LLST33
 3989 0fae CF080000 		.4byte	.LVUS33
 3990 0fb2 32       		.uleb128 0x32
 3991 0fb3 A0580000 		.4byte	.LASF1379
 3992 0fb7 01       		.byte	0x1
 3993 0fb8 77       		.byte	0x77
 3994 0fb9 32       		.byte	0x32
 3995 0fba CD060000 		.4byte	0x6cd
 3996 0fbe 31090000 		.4byte	.LLST34
 3997 0fc2 2B090000 		.4byte	.LVUS34
 3998 0fc6 27       		.uleb128 0x27
 3999 0fc7 736C00   		.ascii	"sl\000"
 4000 0fca 01       		.byte	0x1
 4001 0fcb 7D       		.byte	0x7d
 4002 0fcc 0C       		.byte	0xc
 4003 0fcd 7F000000 		.4byte	0x7f
 4004 0fd1 5C090000 		.4byte	.LLST35
 4005 0fd5 5A090000 		.4byte	.LVUS35
 4006 0fd9 27       		.uleb128 0x27
 4007 0fda 666C00   		.ascii	"fl\000"
 4008 0fdd 01       		.byte	0x1
 4009 0fde 7E       		.byte	0x7e
 4010 0fdf 0C       		.byte	0xc
 4011 0fe0 7F000000 		.4byte	0x7f
 4012 0fe4 73090000 		.4byte	.LLST36
 4013 0fe8 6F090000 		.4byte	.LVUS36
 4014 0fec 2D       		.uleb128 0x2d
 4015 0fed 14000000 		.4byte	.LVL89
 4016 0ff1 B6140000 		.4byte	0x14b6
 4017 0ff5 00100000 		.4byte	0x1000
 4018 0ff9 2C       		.uleb128 0x2c
 4019 0ffa 01       		.byte	0x1
 4020 0ffb 50       		.byte	0x50
 4021 0ffc 02       		.byte	0x2
 4022 0ffd 76       		.byte	0x76
 4023 0ffe 00       		.sleb128 0
 4024 0fff 00       		.byte	0
 4025 1000 2D       		.uleb128 0x2d
 4026 1001 1C000000 		.4byte	.LVL91
 4027 1005 B6140000 		.4byte	0x14b6
 4028 1009 14100000 		.4byte	0x1014
 4029 100d 2C       		.uleb128 0x2c
 4030 100e 01       		.byte	0x1
ARM GAS  /var/folders/65/xyhbx3_n6nd_hs7j3p9nfwv80000gn/T//cc2oMwwL.s 			page 79


 4031 100f 50       		.byte	0x50
 4032 1010 02       		.byte	0x2
 4033 1011 75       		.byte	0x75
 4034 1012 00       		.sleb128 0
 4035 1013 00       		.byte	0
 4036 1014 2B       		.uleb128 0x2b
 4037 1015 2A000000 		.4byte	.LVL93
 4038 1019 FC140000 		.4byte	0x14fc
 4039 101d 2C       		.uleb128 0x2c
 4040 101e 01       		.byte	0x1
 4041 101f 51       		.byte	0x51
 4042 1020 02       		.byte	0x2
 4043 1021 75       		.byte	0x75
 4044 1022 00       		.sleb128 0
 4045 1023 00       		.byte	0
 4046 1024 00       		.byte	0
 4047 1025 23       		.uleb128 0x23
 4048 1026 01       		.byte	0x1
 4049 1027 D9610000 		.4byte	.LASF1380
 4050 102b 01       		.byte	0x1
 4051 102c 65       		.byte	0x65
 4052 102d 05       		.byte	0x5
 4053 102e 01       		.byte	0x1
 4054 102f 65000000 		.4byte	0x65
 4055 1033 00000000 		.4byte	.LFB20
 4056 1037 58000000 		.4byte	.LFE20
 4057 103b 91090000 		.4byte	.LLST26
 4058 103f 01       		.byte	0x1
 4059 1040 B5100000 		.4byte	0x10b5
 4060 1044 24       		.uleb128 0x24
 4061 1045 7300     		.ascii	"s\000"
 4062 1047 01       		.byte	0x1
 4063 1048 65       		.byte	0x65
 4064 1049 26       		.byte	0x26
 4065 104a CD060000 		.4byte	0x6cd
 4066 104e E1090000 		.4byte	.LLST27
 4067 1052 D5090000 		.4byte	.LVUS27
 4068 1056 32       		.uleb128 0x32
 4069 1057 333C0000 		.4byte	.LASF1381
 4070 105b 01       		.byte	0x1
 4071 105c 65       		.byte	0x65
 4072 105d 35       		.byte	0x35
 4073 105e CD060000 		.4byte	0x6cd
 4074 1062 3E0A0000 		.4byte	.LLST28
 4075 1066 340A0000 		.4byte	.LVUS28
 4076 106a 27       		.uleb128 0x27
 4077 106b 6900     		.ascii	"i\000"
 4078 106d 01       		.byte	0x1
 4079 106e 6B       		.byte	0x6b
 4080 106f 0C       		.byte	0xc
 4081 1070 7F000000 		.4byte	0x7f
 4082 1074 8F0A0000 		.4byte	.LLST29
 4083 1078 830A0000 		.4byte	.LVUS29
 4084 107c 28       		.uleb128 0x28
 4085 107d 48000000 		.4byte	.Ldebug_ranges0+0x48
 4086 1081 9A100000 		.4byte	0x109a
 4087 1085 27       		.uleb128 0x27
ARM GAS  /var/folders/65/xyhbx3_n6nd_hs7j3p9nfwv80000gn/T//cc2oMwwL.s 			page 80


 4088 1086 5F5F7800 		.ascii	"__x\000"
 4089 108a 01       		.byte	0x1
 4090 108b 6E       		.byte	0x6e
 4091 108c 0D       		.byte	0xd
 4092 108d 34000000 		.4byte	0x34
 4093 1091 010B0000 		.4byte	.LLST30
 4094 1095 F90A0000 		.4byte	.LVUS30
 4095 1099 00       		.byte	0
 4096 109a 30       		.uleb128 0x30
 4097 109b 68000000 		.4byte	.Ldebug_ranges0+0x68
 4098 109f 27       		.uleb128 0x27
 4099 10a0 5F5F7800 		.ascii	"__x\000"
 4100 10a4 01       		.byte	0x1
 4101 10a5 6E       		.byte	0x6e
 4102 10a6 2D       		.byte	0x2d
 4103 10a7 34000000 		.4byte	0x34
 4104 10ab 3C0B0000 		.4byte	.LLST31
 4105 10af 380B0000 		.4byte	.LVUS31
 4106 10b3 00       		.byte	0
 4107 10b4 00       		.byte	0
 4108 10b5 23       		.uleb128 0x23
 4109 10b6 01       		.byte	0x1
 4110 10b7 51020000 		.4byte	.LASF1382
 4111 10bb 01       		.byte	0x1
 4112 10bc 5B       		.byte	0x5b
 4113 10bd 05       		.byte	0x5
 4114 10be 01       		.byte	0x1
 4115 10bf 65000000 		.4byte	0x65
 4116 10c3 00000000 		.4byte	.LFB19
 4117 10c7 2A000000 		.4byte	.LFE19
 4118 10cb 5A0B0000 		.4byte	.LLST22
 4119 10cf 01       		.byte	0x1
 4120 10d0 38110000 		.4byte	0x1138
 4121 10d4 24       		.uleb128 0x24
 4122 10d5 7300     		.ascii	"s\000"
 4123 10d7 01       		.byte	0x1
 4124 10d8 5B       		.byte	0x5b
 4125 10d9 25       		.byte	0x25
 4126 10da CD060000 		.4byte	0x6cd
 4127 10de 920B0000 		.4byte	.LLST23
 4128 10e2 860B0000 		.4byte	.LVUS23
 4129 10e6 32       		.uleb128 0x32
 4130 10e7 333C0000 		.4byte	.LASF1381
 4131 10eb 01       		.byte	0x1
 4132 10ec 5B       		.byte	0x5b
 4133 10ed 34       		.byte	0x34
 4134 10ee CD060000 		.4byte	0x6cd
 4135 10f2 E80B0000 		.4byte	.LLST24
 4136 10f6 E20B0000 		.4byte	.LVUS24
 4137 10fa 27       		.uleb128 0x27
 4138 10fb 706C00   		.ascii	"pl\000"
 4139 10fe 01       		.byte	0x1
 4140 10ff 61       		.byte	0x61
 4141 1100 0C       		.byte	0xc
 4142 1101 7F000000 		.4byte	0x7f
 4143 1105 150C0000 		.4byte	.LLST25
 4144 1109 110C0000 		.4byte	.LVUS25
ARM GAS  /var/folders/65/xyhbx3_n6nd_hs7j3p9nfwv80000gn/T//cc2oMwwL.s 			page 81


 4145 110d 2D       		.uleb128 0x2d
 4146 110e 10000000 		.4byte	.LVL65
 4147 1112 B6140000 		.4byte	0x14b6
 4148 1116 21110000 		.4byte	0x1121
 4149 111a 2C       		.uleb128 0x2c
 4150 111b 01       		.byte	0x1
 4151 111c 50       		.byte	0x50
 4152 111d 02       		.byte	0x2
 4153 111e 74       		.byte	0x74
 4154 111f 00       		.sleb128 0
 4155 1120 00       		.byte	0
 4156 1121 2B       		.uleb128 0x2b
 4157 1122 1A000000 		.4byte	.LVL68
 4158 1126 0A150000 		.4byte	0x150a
 4159 112a 2C       		.uleb128 0x2c
 4160 112b 01       		.byte	0x1
 4161 112c 50       		.byte	0x50
 4162 112d 02       		.byte	0x2
 4163 112e 75       		.byte	0x75
 4164 112f 00       		.sleb128 0
 4165 1130 2C       		.uleb128 0x2c
 4166 1131 01       		.byte	0x1
 4167 1132 51       		.byte	0x51
 4168 1133 02       		.byte	0x2
 4169 1134 74       		.byte	0x74
 4170 1135 00       		.sleb128 0
 4171 1136 00       		.byte	0
 4172 1137 00       		.byte	0
 4173 1138 23       		.uleb128 0x23
 4174 1139 01       		.byte	0x1
 4175 113a CA650000 		.4byte	.LASF1383
 4176 113e 01       		.byte	0x1
 4177 113f 47       		.byte	0x47
 4178 1140 07       		.byte	0x7
 4179 1141 01       		.byte	0x1
 4180 1142 A2060000 		.4byte	0x6a2
 4181 1146 00000000 		.4byte	.LFB18
 4182 114a 68000000 		.4byte	.LFE18
 4183 114e 330C0000 		.4byte	.LLST16
 4184 1152 01       		.byte	0x1
 4185 1153 16120000 		.4byte	0x1216
 4186 1157 24       		.uleb128 0x24
 4187 1158 7300     		.ascii	"s\000"
 4188 115a 01       		.byte	0x1
 4189 115b 47       		.byte	0x47
 4190 115c 25       		.byte	0x25
 4191 115d CD060000 		.4byte	0x6cd
 4192 1161 5D0C0000 		.4byte	.LLST17
 4193 1165 530C0000 		.4byte	.LVUS17
 4194 1169 27       		.uleb128 0x27
 4195 116a 6E00     		.ascii	"n\000"
 4196 116c 01       		.byte	0x1
 4197 116d 4D       		.byte	0x4d
 4198 116e 0C       		.byte	0xc
 4199 116f 7F000000 		.4byte	0x7f
 4200 1173 AC0C0000 		.4byte	.LLST18
 4201 1177 A60C0000 		.4byte	.LVUS18
ARM GAS  /var/folders/65/xyhbx3_n6nd_hs7j3p9nfwv80000gn/T//cc2oMwwL.s 			page 82


 4202 117b 27       		.uleb128 0x27
 4203 117c 6F757400 		.ascii	"out\000"
 4204 1180 01       		.byte	0x1
 4205 1181 4E       		.byte	0x4e
 4206 1182 0B       		.byte	0xb
 4207 1183 A2060000 		.4byte	0x6a2
 4208 1187 DC0C0000 		.4byte	.LLST19
 4209 118b D60C0000 		.4byte	.LVUS19
 4210 118f 28       		.uleb128 0x28
 4211 1190 30000000 		.4byte	.Ldebug_ranges0+0x30
 4212 1194 C9110000 		.4byte	0x11c9
 4213 1198 27       		.uleb128 0x27
 4214 1199 6900     		.ascii	"i\000"
 4215 119b 01       		.byte	0x1
 4216 119c 53       		.byte	0x53
 4217 119d 11       		.byte	0x11
 4218 119e 7F000000 		.4byte	0x7f
 4219 11a2 0D0D0000 		.4byte	.LLST20
 4220 11a6 050D0000 		.4byte	.LVUS20
 4221 11aa 34       		.uleb128 0x34
 4222 11ab 28000000 		.4byte	.LBB16
 4223 11af 3A000000 		.4byte	.LBE16
 4224 11b3 27       		.uleb128 0x27
 4225 11b4 5F5F7800 		.ascii	"__x\000"
 4226 11b8 01       		.byte	0x1
 4227 11b9 55       		.byte	0x55
 4228 11ba 18       		.byte	0x18
 4229 11bb 34000000 		.4byte	0x34
 4230 11bf 5E0D0000 		.4byte	.LLST21
 4231 11c3 580D0000 		.4byte	.LVUS21
 4232 11c7 00       		.byte	0
 4233 11c8 00       		.byte	0
 4234 11c9 2D       		.uleb128 0x2d
 4235 11ca 0A000000 		.4byte	.LVL45
 4236 11ce B6140000 		.4byte	0x14b6
 4237 11d2 DD110000 		.4byte	0x11dd
 4238 11d6 2C       		.uleb128 0x2c
 4239 11d7 01       		.byte	0x1
 4240 11d8 50       		.byte	0x50
 4241 11d9 02       		.byte	0x2
 4242 11da 74       		.byte	0x74
 4243 11db 00       		.sleb128 0
 4244 11dc 00       		.byte	0
 4245 11dd 2A       		.uleb128 0x2a
 4246 11de 10000000 		.4byte	.LVL47
 4247 11e2 D2140000 		.4byte	0x14d2
 4248 11e6 2E       		.uleb128 0x2e
 4249 11e7 1C000000 		.4byte	.LVL48
 4250 11eb FB110000 		.4byte	0x11fb
 4251 11ef 2C       		.uleb128 0x2c
 4252 11f0 01       		.byte	0x1
 4253 11f1 50       		.byte	0x50
 4254 11f2 01       		.byte	0x1
 4255 11f3 30       		.byte	0x30
 4256 11f4 2C       		.uleb128 0x2c
 4257 11f5 01       		.byte	0x1
 4258 11f6 51       		.byte	0x51
ARM GAS  /var/folders/65/xyhbx3_n6nd_hs7j3p9nfwv80000gn/T//cc2oMwwL.s 			page 83


 4259 11f7 02       		.byte	0x2
 4260 11f8 77       		.byte	0x77
 4261 11f9 01       		.sleb128 1
 4262 11fa 00       		.byte	0
 4263 11fb 2A       		.uleb128 0x2a
 4264 11fc 4E000000 		.4byte	.LVL58
 4265 1200 D2140000 		.4byte	0x14d2
 4266 1204 31       		.uleb128 0x31
 4267 1205 5A000000 		.4byte	.LVL59
 4268 1209 2C       		.uleb128 0x2c
 4269 120a 01       		.byte	0x1
 4270 120b 50       		.byte	0x50
 4271 120c 02       		.byte	0x2
 4272 120d 74       		.byte	0x74
 4273 120e 00       		.sleb128 0
 4274 120f 2C       		.uleb128 0x2c
 4275 1210 01       		.byte	0x1
 4276 1211 51       		.byte	0x51
 4277 1212 01       		.byte	0x1
 4278 1213 31       		.byte	0x31
 4279 1214 00       		.byte	0
 4280 1215 00       		.byte	0
 4281 1216 23       		.uleb128 0x23
 4282 1217 01       		.byte	0x1
 4283 1218 742F0000 		.4byte	.LASF1384
 4284 121c 01       		.byte	0x1
 4285 121d 33       		.byte	0x33
 4286 121e 07       		.byte	0x7
 4287 121f 01       		.byte	0x1
 4288 1220 A2060000 		.4byte	0x6a2
 4289 1224 00000000 		.4byte	.LFB17
 4290 1228 68000000 		.4byte	.LFE17
 4291 122c 8A0D0000 		.4byte	.LLST10
 4292 1230 01       		.byte	0x1
 4293 1231 F4120000 		.4byte	0x12f4
 4294 1235 24       		.uleb128 0x24
 4295 1236 7300     		.ascii	"s\000"
 4296 1238 01       		.byte	0x1
 4297 1239 33       		.byte	0x33
 4298 123a 25       		.byte	0x25
 4299 123b CD060000 		.4byte	0x6cd
 4300 123f B40D0000 		.4byte	.LLST11
 4301 1243 AA0D0000 		.4byte	.LVUS11
 4302 1247 27       		.uleb128 0x27
 4303 1248 6E00     		.ascii	"n\000"
 4304 124a 01       		.byte	0x1
 4305 124b 39       		.byte	0x39
 4306 124c 0C       		.byte	0xc
 4307 124d 7F000000 		.4byte	0x7f
 4308 1251 030E0000 		.4byte	.LLST12
 4309 1255 FD0D0000 		.4byte	.LVUS12
 4310 1259 27       		.uleb128 0x27
 4311 125a 6F757400 		.ascii	"out\000"
 4312 125e 01       		.byte	0x1
 4313 125f 3A       		.byte	0x3a
 4314 1260 0B       		.byte	0xb
 4315 1261 A2060000 		.4byte	0x6a2
ARM GAS  /var/folders/65/xyhbx3_n6nd_hs7j3p9nfwv80000gn/T//cc2oMwwL.s 			page 84


 4316 1265 330E0000 		.4byte	.LLST13
 4317 1269 2D0E0000 		.4byte	.LVUS13
 4318 126d 28       		.uleb128 0x28
 4319 126e 18000000 		.4byte	.Ldebug_ranges0+0x18
 4320 1272 A7120000 		.4byte	0x12a7
 4321 1276 27       		.uleb128 0x27
 4322 1277 6900     		.ascii	"i\000"
 4323 1279 01       		.byte	0x1
 4324 127a 3F       		.byte	0x3f
 4325 127b 11       		.byte	0x11
 4326 127c 7F000000 		.4byte	0x7f
 4327 1280 640E0000 		.4byte	.LLST14
 4328 1284 5C0E0000 		.4byte	.LVUS14
 4329 1288 34       		.uleb128 0x34
 4330 1289 28000000 		.4byte	.LBB13
 4331 128d 3A000000 		.4byte	.LBE13
 4332 1291 27       		.uleb128 0x27
 4333 1292 5F5F7800 		.ascii	"__x\000"
 4334 1296 01       		.byte	0x1
 4335 1297 41       		.byte	0x41
 4336 1298 18       		.byte	0x18
 4337 1299 34000000 		.4byte	0x34
 4338 129d B50E0000 		.4byte	.LLST15
 4339 12a1 AF0E0000 		.4byte	.LVUS15
 4340 12a5 00       		.byte	0
 4341 12a6 00       		.byte	0
 4342 12a7 2D       		.uleb128 0x2d
 4343 12a8 0A000000 		.4byte	.LVL26
 4344 12ac B6140000 		.4byte	0x14b6
 4345 12b0 BB120000 		.4byte	0x12bb
 4346 12b4 2C       		.uleb128 0x2c
 4347 12b5 01       		.byte	0x1
 4348 12b6 50       		.byte	0x50
 4349 12b7 02       		.byte	0x2
 4350 12b8 74       		.byte	0x74
 4351 12b9 00       		.sleb128 0
 4352 12ba 00       		.byte	0
 4353 12bb 2A       		.uleb128 0x2a
 4354 12bc 10000000 		.4byte	.LVL28
 4355 12c0 D2140000 		.4byte	0x14d2
 4356 12c4 2E       		.uleb128 0x2e
 4357 12c5 1C000000 		.4byte	.LVL29
 4358 12c9 D9120000 		.4byte	0x12d9
 4359 12cd 2C       		.uleb128 0x2c
 4360 12ce 01       		.byte	0x1
 4361 12cf 50       		.byte	0x50
 4362 12d0 01       		.byte	0x1
 4363 12d1 30       		.byte	0x30
 4364 12d2 2C       		.uleb128 0x2c
 4365 12d3 01       		.byte	0x1
 4366 12d4 51       		.byte	0x51
 4367 12d5 02       		.byte	0x2
 4368 12d6 77       		.byte	0x77
 4369 12d7 01       		.sleb128 1
 4370 12d8 00       		.byte	0
 4371 12d9 2A       		.uleb128 0x2a
 4372 12da 4E000000 		.4byte	.LVL39
ARM GAS  /var/folders/65/xyhbx3_n6nd_hs7j3p9nfwv80000gn/T//cc2oMwwL.s 			page 85


 4373 12de D2140000 		.4byte	0x14d2
 4374 12e2 31       		.uleb128 0x31
 4375 12e3 5A000000 		.4byte	.LVL40
 4376 12e7 2C       		.uleb128 0x2c
 4377 12e8 01       		.byte	0x1
 4378 12e9 50       		.byte	0x50
 4379 12ea 02       		.byte	0x2
 4380 12eb 74       		.byte	0x74
 4381 12ec 00       		.sleb128 0
 4382 12ed 2C       		.uleb128 0x2c
 4383 12ee 01       		.byte	0x1
 4384 12ef 51       		.byte	0x51
 4385 12f0 01       		.byte	0x1
 4386 12f1 31       		.byte	0x31
 4387 12f2 00       		.byte	0
 4388 12f3 00       		.byte	0
 4389 12f4 23       		.uleb128 0x23
 4390 12f5 01       		.byte	0x1
 4391 12f6 3F010000 		.4byte	.LASF1385
 4392 12fa 01       		.byte	0x1
 4393 12fb 17       		.byte	0x17
 4394 12fc 07       		.byte	0x7
 4395 12fd 01       		.byte	0x1
 4396 12fe A2060000 		.4byte	0x6a2
 4397 1302 00000000 		.4byte	.LFB16
 4398 1306 A0000000 		.4byte	.LFE16
 4399 130a E10E0000 		.4byte	.LLST2
 4400 130e 01       		.byte	0x1
 4401 130f 3B140000 		.4byte	0x143b
 4402 1313 24       		.uleb128 0x24
 4403 1314 7300     		.ascii	"s\000"
 4404 1316 01       		.byte	0x1
 4405 1317 17       		.byte	0x17
 4406 1318 24       		.byte	0x24
 4407 1319 CD060000 		.4byte	0x6cd
 4408 131d 0B0F0000 		.4byte	.LLST3
 4409 1321 010F0000 		.4byte	.LVUS3
 4410 1325 27       		.uleb128 0x27
 4411 1326 6E00     		.ascii	"n\000"
 4412 1328 01       		.byte	0x1
 4413 1329 1D       		.byte	0x1d
 4414 132a 0C       		.byte	0xc
 4415 132b 7F000000 		.4byte	0x7f
 4416 132f 520F0000 		.4byte	.LLST4
 4417 1333 4A0F0000 		.4byte	.LVUS4
 4418 1337 25       		.uleb128 0x25
 4419 1338 447E0000 		.4byte	.LASF1386
 4420 133c 01       		.byte	0x1
 4421 133d 1E       		.byte	0x1e
 4422 133e 0C       		.byte	0xc
 4423 133f 7F000000 		.4byte	0x7f
 4424 1343 900F0000 		.4byte	.LLST5
 4425 1347 860F0000 		.4byte	.LVUS5
 4426 134b 27       		.uleb128 0x27
 4427 134c 656E6400 		.ascii	"end\000"
 4428 1350 01       		.byte	0x1
 4429 1351 23       		.byte	0x23
ARM GAS  /var/folders/65/xyhbx3_n6nd_hs7j3p9nfwv80000gn/T//cc2oMwwL.s 			page 86


 4430 1352 0C       		.byte	0xc
 4431 1353 7F000000 		.4byte	0x7f
 4432 1357 D70F0000 		.4byte	.LLST6
 4433 135b D10F0000 		.4byte	.LVUS6
 4434 135f 35       		.uleb128 0x35
 4435 1360 6C656E00 		.ascii	"len\000"
 4436 1364 01       		.byte	0x1
 4437 1365 28       		.byte	0x28
 4438 1366 0C       		.byte	0xc
 4439 1367 7F000000 		.4byte	0x7f
 4440 136b 27       		.uleb128 0x27
 4441 136c 6F757400 		.ascii	"out\000"
 4442 1370 01       		.byte	0x1
 4443 1371 29       		.byte	0x29
 4444 1372 0B       		.byte	0xb
 4445 1373 A2060000 		.4byte	0x6a2
 4446 1377 04100000 		.4byte	.LLST7
 4447 137b 00100000 		.4byte	.LVUS7
 4448 137f 36       		.uleb128 0x36
 4449 1380 3B140000 		.4byte	0x143b
 4450 1384 1A000000 		.4byte	.LBI6
 4451 1388 00       		.byte	.LVU19
 4452 1389 1A000000 		.4byte	.LBB6
 4453 138d 28000000 		.4byte	.LBE6
 4454 1391 01       		.byte	0x1
 4455 1392 1F       		.byte	0x1f
 4456 1393 19       		.byte	0x19
 4457 1394 B6130000 		.4byte	0x13b6
 4458 1398 37       		.uleb128 0x37
 4459 1399 4E140000 		.4byte	0x144e
 4460 139d 24100000 		.4byte	.LLST8
 4461 13a1 22100000 		.4byte	.LVUS8
 4462 13a5 2B       		.uleb128 0x2b
 4463 13a6 28000000 		.4byte	.LVL9
 4464 13aa 59140000 		.4byte	0x1459
 4465 13ae 2C       		.uleb128 0x2c
 4466 13af 01       		.byte	0x1
 4467 13b0 50       		.byte	0x50
 4468 13b1 02       		.byte	0x2
 4469 13b2 73       		.byte	0x73
 4470 13b3 00       		.sleb128 0
 4471 13b4 00       		.byte	0
 4472 13b5 00       		.byte	0
 4473 13b6 38       		.uleb128 0x38
 4474 13b7 3B140000 		.4byte	0x143b
 4475 13bb 68000000 		.4byte	.LBI8
 4476 13bf 00       		.byte	.LVU41
 4477 13c0 00000000 		.4byte	.Ldebug_ranges0+0
 4478 13c4 01       		.byte	0x1
 4479 13c5 24       		.byte	0x24
 4480 13c6 1B       		.byte	0x1b
 4481 13c7 E9130000 		.4byte	0x13e9
 4482 13cb 37       		.uleb128 0x37
 4483 13cc 4E140000 		.4byte	0x144e
 4484 13d0 39100000 		.4byte	.LLST9
 4485 13d4 37100000 		.4byte	.LVUS9
 4486 13d8 2B       		.uleb128 0x2b
ARM GAS  /var/folders/65/xyhbx3_n6nd_hs7j3p9nfwv80000gn/T//cc2oMwwL.s 			page 87


 4487 13d9 7A000000 		.4byte	.LVL20
 4488 13dd 59140000 		.4byte	0x1459
 4489 13e1 2C       		.uleb128 0x2c
 4490 13e2 01       		.byte	0x1
 4491 13e3 50       		.byte	0x50
 4492 13e4 02       		.byte	0x2
 4493 13e5 73       		.byte	0x73
 4494 13e6 00       		.sleb128 0
 4495 13e7 00       		.byte	0
 4496 13e8 00       		.byte	0
 4497 13e9 2D       		.uleb128 0x2d
 4498 13ea 0C000000 		.4byte	.LVL6
 4499 13ee B6140000 		.4byte	0x14b6
 4500 13f2 FD130000 		.4byte	0x13fd
 4501 13f6 2C       		.uleb128 0x2c
 4502 13f7 01       		.byte	0x1
 4503 13f8 50       		.byte	0x50
 4504 13f9 02       		.byte	0x2
 4505 13fa 76       		.byte	0x76
 4506 13fb 00       		.sleb128 0
 4507 13fc 00       		.byte	0
 4508 13fd 2A       		.uleb128 0x2a
 4509 13fe 38000000 		.4byte	.LVL13
 4510 1402 D2140000 		.4byte	0x14d2
 4511 1406 2E       		.uleb128 0x2e
 4512 1407 44000000 		.4byte	.LVL14
 4513 140b 1B140000 		.4byte	0x141b
 4514 140f 2C       		.uleb128 0x2c
 4515 1410 01       		.byte	0x1
 4516 1411 50       		.byte	0x50
 4517 1412 01       		.byte	0x1
 4518 1413 30       		.byte	0x30
 4519 1414 2C       		.uleb128 0x2c
 4520 1415 01       		.byte	0x1
 4521 1416 51       		.byte	0x51
 4522 1417 02       		.byte	0x2
 4523 1418 77       		.byte	0x77
 4524 1419 00       		.sleb128 0
 4525 141a 00       		.byte	0
 4526 141b 2B       		.uleb128 0x2b
 4527 141c 50000000 		.4byte	.LVL15
 4528 1420 A9140000 		.4byte	0x14a9
 4529 1424 2C       		.uleb128 0x2c
 4530 1425 01       		.byte	0x1
 4531 1426 50       		.byte	0x50
 4532 1427 02       		.byte	0x2
 4533 1428 77       		.byte	0x77
 4534 1429 00       		.sleb128 0
 4535 142a 2C       		.uleb128 0x2c
 4536 142b 01       		.byte	0x1
 4537 142c 51       		.byte	0x51
 4538 142d 05       		.byte	0x5
 4539 142e 76       		.byte	0x76
 4540 142f 00       		.sleb128 0
 4541 1430 75       		.byte	0x75
 4542 1431 00       		.sleb128 0
 4543 1432 22       		.byte	0x22
ARM GAS  /var/folders/65/xyhbx3_n6nd_hs7j3p9nfwv80000gn/T//cc2oMwwL.s 			page 88


 4544 1433 2C       		.uleb128 0x2c
 4545 1434 01       		.byte	0x1
 4546 1435 52       		.byte	0x52
 4547 1436 02       		.byte	0x2
 4548 1437 74       		.byte	0x74
 4549 1438 00       		.sleb128 0
 4550 1439 00       		.byte	0
 4551 143a 00       		.byte	0
 4552 143b 39       		.uleb128 0x39
 4553 143c 01       		.byte	0x1
 4554 143d 596A0000 		.4byte	.LASF1398
 4555 1441 01       		.byte	0x1
 4556 1442 12       		.byte	0x12
 4557 1443 05       		.byte	0x5
 4558 1444 01       		.byte	0x1
 4559 1445 65000000 		.4byte	0x65
 4560 1449 01       		.byte	0x1
 4561 144a 59140000 		.4byte	0x1459
 4562 144e 3A       		.uleb128 0x3a
 4563 144f 6300     		.ascii	"c\000"
 4564 1451 01       		.byte	0x1
 4565 1452 12       		.byte	0x12
 4566 1453 1B       		.byte	0x1b
 4567 1454 AE000000 		.4byte	0xae
 4568 1458 00       		.byte	0
 4569 1459 3B       		.uleb128 0x3b
 4570 145a 3B140000 		.4byte	0x143b
 4571 145e 00000000 		.4byte	.LFB27
 4572 1462 0C000000 		.4byte	.LFE27
 4573 1466 02       		.byte	0x2
 4574 1467 7D       		.byte	0x7d
 4575 1468 00       		.sleb128 0
 4576 1469 01       		.byte	0x1
 4577 146a 7C140000 		.4byte	0x147c
 4578 146e 37       		.uleb128 0x37
 4579 146f 4E140000 		.4byte	0x144e
 4580 1473 50100000 		.4byte	.LLST0
 4581 1477 4C100000 		.4byte	.LVUS0
 4582 147b 00       		.byte	0
 4583 147c 3B       		.uleb128 0x3b
 4584 147d 3B140000 		.4byte	0x143b
 4585 1481 00000000 		.4byte	.LFB15
 4586 1485 10000000 		.4byte	.LFE15
 4587 1489 02       		.byte	0x2
 4588 148a 7D       		.byte	0x7d
 4589 148b 00       		.sleb128 0
 4590 148c 01       		.byte	0x1
 4591 148d A9140000 		.4byte	0x14a9
 4592 1491 37       		.uleb128 0x37
 4593 1492 4E140000 		.4byte	0x144e
 4594 1496 79100000 		.4byte	.LLST1
 4595 149a 71100000 		.4byte	.LVUS1
 4596 149e 2F       		.uleb128 0x2f
 4597 149f 0C000000 		.4byte	.LVL3
 4598 14a3 01       		.byte	0x1
 4599 14a4 59140000 		.4byte	0x1459
 4600 14a8 00       		.byte	0
ARM GAS  /var/folders/65/xyhbx3_n6nd_hs7j3p9nfwv80000gn/T//cc2oMwwL.s 			page 89


 4601 14a9 3C       		.uleb128 0x3c
 4602 14aa 01       		.byte	0x1
 4603 14ab 01       		.byte	0x1
 4604 14ac 15850000 		.4byte	.LASF1399
 4605 14b0 F2130000 		.4byte	.LASF1400
 4606 14b4 0A       		.byte	0xa
 4607 14b5 00       		.byte	0
 4608 14b6 3D       		.uleb128 0x3d
 4609 14b7 01       		.byte	0x1
 4610 14b8 01       		.byte	0x1
 4611 14b9 27830000 		.4byte	.LASF1387
 4612 14bd 27830000 		.4byte	.LASF1387
 4613 14c1 09       		.byte	0x9
 4614 14c2 29       		.byte	0x29
 4615 14c3 09       		.byte	0x9
 4616 14c4 3D       		.uleb128 0x3d
 4617 14c5 01       		.byte	0x1
 4618 14c6 01       		.byte	0x1
 4619 14c7 5A740000 		.4byte	.LASF1388
 4620 14cb 5A740000 		.4byte	.LASF1388
 4621 14cf 09       		.byte	0x9
 4622 14d0 30       		.byte	0x30
 4623 14d1 08       		.byte	0x8
 4624 14d2 3D       		.uleb128 0x3d
 4625 14d3 01       		.byte	0x1
 4626 14d4 01       		.byte	0x1
 4627 14d5 9D460000 		.4byte	.LASF1389
 4628 14d9 9D460000 		.4byte	.LASF1389
 4629 14dd 01       		.byte	0x1
 4630 14de 0D       		.byte	0xd
 4631 14df 15       		.byte	0x15
 4632 14e0 3D       		.uleb128 0x3d
 4633 14e1 01       		.byte	0x1
 4634 14e2 01       		.byte	0x1
 4635 14e3 05450000 		.4byte	.LASF1390
 4636 14e7 05450000 		.4byte	.LASF1390
 4637 14eb 09       		.byte	0x9
 4638 14ec 26       		.byte	0x26
 4639 14ed 08       		.byte	0x8
 4640 14ee 3D       		.uleb128 0x3d
 4641 14ef 01       		.byte	0x1
 4642 14f0 01       		.byte	0x1
 4643 14f1 57750000 		.4byte	.LASF1391
 4644 14f5 57750000 		.4byte	.LASF1391
 4645 14f9 09       		.byte	0x9
 4646 14fa 23       		.byte	0x23
 4647 14fb 08       		.byte	0x8
 4648 14fc 3D       		.uleb128 0x3d
 4649 14fd 01       		.byte	0x1
 4650 14fe 01       		.byte	0x1
 4651 14ff 92350000 		.4byte	.LASF1392
 4652 1503 92350000 		.4byte	.LASF1392
 4653 1507 09       		.byte	0x9
 4654 1508 24       		.byte	0x24
 4655 1509 06       		.byte	0x6
 4656 150a 3D       		.uleb128 0x3d
 4657 150b 01       		.byte	0x1
ARM GAS  /var/folders/65/xyhbx3_n6nd_hs7j3p9nfwv80000gn/T//cc2oMwwL.s 			page 90


 4658 150c 01       		.byte	0x1
 4659 150d DB600000 		.4byte	.LASF1393
 4660 1511 DB600000 		.4byte	.LASF1393
 4661 1515 09       		.byte	0x9
 4662 1516 2B       		.byte	0x2b
 4663 1517 06       		.byte	0x6
 4664 1518 00       		.byte	0
 4665              		.section	.debug_abbrev,"",%progbits
 4666              	.Ldebug_abbrev0:
 4667 0000 01       		.uleb128 0x1
 4668 0001 11       		.uleb128 0x11
 4669 0002 01       		.byte	0x1
 4670 0003 25       		.uleb128 0x25
 4671 0004 0E       		.uleb128 0xe
 4672 0005 13       		.uleb128 0x13
 4673 0006 0B       		.uleb128 0xb
 4674 0007 03       		.uleb128 0x3
 4675 0008 0E       		.uleb128 0xe
 4676 0009 1B       		.uleb128 0x1b
 4677 000a 0E       		.uleb128 0xe
 4678 000b 55       		.uleb128 0x55
 4679 000c 06       		.uleb128 0x6
 4680 000d 11       		.uleb128 0x11
 4681 000e 01       		.uleb128 0x1
 4682 000f 52       		.uleb128 0x52
 4683 0010 01       		.uleb128 0x1
 4684 0011 10       		.uleb128 0x10
 4685 0012 06       		.uleb128 0x6
 4686 0013 9942     		.uleb128 0x2119
 4687 0015 06       		.uleb128 0x6
 4688 0016 00       		.byte	0
 4689 0017 00       		.byte	0
 4690 0018 02       		.uleb128 0x2
 4691 0019 24       		.uleb128 0x24
 4692 001a 00       		.byte	0
 4693 001b 0B       		.uleb128 0xb
 4694 001c 0B       		.uleb128 0xb
 4695 001d 3E       		.uleb128 0x3e
 4696 001e 0B       		.uleb128 0xb
 4697 001f 03       		.uleb128 0x3
 4698 0020 0E       		.uleb128 0xe
 4699 0021 00       		.byte	0
 4700 0022 00       		.byte	0
 4701 0023 03       		.uleb128 0x3
 4702 0024 24       		.uleb128 0x24
 4703 0025 00       		.byte	0
 4704 0026 0B       		.uleb128 0xb
 4705 0027 0B       		.uleb128 0xb
 4706 0028 3E       		.uleb128 0x3e
 4707 0029 0B       		.uleb128 0xb
 4708 002a 03       		.uleb128 0x3
 4709 002b 08       		.uleb128 0x8
 4710 002c 00       		.byte	0
 4711 002d 00       		.byte	0
 4712 002e 04       		.uleb128 0x4
 4713 002f 16       		.uleb128 0x16
 4714 0030 00       		.byte	0
ARM GAS  /var/folders/65/xyhbx3_n6nd_hs7j3p9nfwv80000gn/T//cc2oMwwL.s 			page 91


 4715 0031 03       		.uleb128 0x3
 4716 0032 0E       		.uleb128 0xe
 4717 0033 3A       		.uleb128 0x3a
 4718 0034 0B       		.uleb128 0xb
 4719 0035 3B       		.uleb128 0x3b
 4720 0036 0B       		.uleb128 0xb
 4721 0037 39       		.uleb128 0x39
 4722 0038 0B       		.uleb128 0xb
 4723 0039 49       		.uleb128 0x49
 4724 003a 13       		.uleb128 0x13
 4725 003b 00       		.byte	0
 4726 003c 00       		.byte	0
 4727 003d 05       		.uleb128 0x5
 4728 003e 0F       		.uleb128 0xf
 4729 003f 00       		.byte	0
 4730 0040 0B       		.uleb128 0xb
 4731 0041 0B       		.uleb128 0xb
 4732 0042 49       		.uleb128 0x49
 4733 0043 13       		.uleb128 0x13
 4734 0044 00       		.byte	0
 4735 0045 00       		.byte	0
 4736 0046 06       		.uleb128 0x6
 4737 0047 13       		.uleb128 0x13
 4738 0048 00       		.byte	0
 4739 0049 03       		.uleb128 0x3
 4740 004a 0E       		.uleb128 0xe
 4741 004b 3C       		.uleb128 0x3c
 4742 004c 0C       		.uleb128 0xc
 4743 004d 00       		.byte	0
 4744 004e 00       		.byte	0
 4745 004f 07       		.uleb128 0x7
 4746 0050 01       		.uleb128 0x1
 4747 0051 01       		.byte	0x1
 4748 0052 49       		.uleb128 0x49
 4749 0053 13       		.uleb128 0x13
 4750 0054 01       		.uleb128 0x1
 4751 0055 13       		.uleb128 0x13
 4752 0056 00       		.byte	0
 4753 0057 00       		.byte	0
 4754 0058 08       		.uleb128 0x8
 4755 0059 21       		.uleb128 0x21
 4756 005a 00       		.byte	0
 4757 005b 00       		.byte	0
 4758 005c 00       		.byte	0
 4759 005d 09       		.uleb128 0x9
 4760 005e 26       		.uleb128 0x26
 4761 005f 00       		.byte	0
 4762 0060 49       		.uleb128 0x49
 4763 0061 13       		.uleb128 0x13
 4764 0062 00       		.byte	0
 4765 0063 00       		.byte	0
 4766 0064 0A       		.uleb128 0xa
 4767 0065 34       		.uleb128 0x34
 4768 0066 00       		.byte	0
 4769 0067 03       		.uleb128 0x3
 4770 0068 0E       		.uleb128 0xe
 4771 0069 3A       		.uleb128 0x3a
ARM GAS  /var/folders/65/xyhbx3_n6nd_hs7j3p9nfwv80000gn/T//cc2oMwwL.s 			page 92


 4772 006a 0B       		.uleb128 0xb
 4773 006b 3B       		.uleb128 0x3b
 4774 006c 0B       		.uleb128 0xb
 4775 006d 39       		.uleb128 0x39
 4776 006e 0B       		.uleb128 0xb
 4777 006f 49       		.uleb128 0x49
 4778 0070 13       		.uleb128 0x13
 4779 0071 3F       		.uleb128 0x3f
 4780 0072 0C       		.uleb128 0xc
 4781 0073 3C       		.uleb128 0x3c
 4782 0074 0C       		.uleb128 0xc
 4783 0075 00       		.byte	0
 4784 0076 00       		.byte	0
 4785 0077 0B       		.uleb128 0xb
 4786 0078 16       		.uleb128 0x16
 4787 0079 00       		.byte	0
 4788 007a 03       		.uleb128 0x3
 4789 007b 0E       		.uleb128 0xe
 4790 007c 3A       		.uleb128 0x3a
 4791 007d 0B       		.uleb128 0xb
 4792 007e 3B       		.uleb128 0x3b
 4793 007f 05       		.uleb128 0x5
 4794 0080 39       		.uleb128 0x39
 4795 0081 0B       		.uleb128 0xb
 4796 0082 49       		.uleb128 0x49
 4797 0083 13       		.uleb128 0x13
 4798 0084 00       		.byte	0
 4799 0085 00       		.byte	0
 4800 0086 0C       		.uleb128 0xc
 4801 0087 17       		.uleb128 0x17
 4802 0088 01       		.byte	0x1
 4803 0089 0B       		.uleb128 0xb
 4804 008a 0B       		.uleb128 0xb
 4805 008b 3A       		.uleb128 0x3a
 4806 008c 0B       		.uleb128 0xb
 4807 008d 3B       		.uleb128 0x3b
 4808 008e 0B       		.uleb128 0xb
 4809 008f 39       		.uleb128 0x39
 4810 0090 0B       		.uleb128 0xb
 4811 0091 01       		.uleb128 0x1
 4812 0092 13       		.uleb128 0x13
 4813 0093 00       		.byte	0
 4814 0094 00       		.byte	0
 4815 0095 0D       		.uleb128 0xd
 4816 0096 0D       		.uleb128 0xd
 4817 0097 00       		.byte	0
 4818 0098 03       		.uleb128 0x3
 4819 0099 0E       		.uleb128 0xe
 4820 009a 3A       		.uleb128 0x3a
 4821 009b 0B       		.uleb128 0xb
 4822 009c 3B       		.uleb128 0x3b
 4823 009d 0B       		.uleb128 0xb
 4824 009e 39       		.uleb128 0x39
 4825 009f 0B       		.uleb128 0xb
 4826 00a0 49       		.uleb128 0x49
 4827 00a1 13       		.uleb128 0x13
 4828 00a2 00       		.byte	0
ARM GAS  /var/folders/65/xyhbx3_n6nd_hs7j3p9nfwv80000gn/T//cc2oMwwL.s 			page 93


 4829 00a3 00       		.byte	0
 4830 00a4 0E       		.uleb128 0xe
 4831 00a5 21       		.uleb128 0x21
 4832 00a6 00       		.byte	0
 4833 00a7 49       		.uleb128 0x49
 4834 00a8 13       		.uleb128 0x13
 4835 00a9 2F       		.uleb128 0x2f
 4836 00aa 0B       		.uleb128 0xb
 4837 00ab 00       		.byte	0
 4838 00ac 00       		.byte	0
 4839 00ad 0F       		.uleb128 0xf
 4840 00ae 13       		.uleb128 0x13
 4841 00af 01       		.byte	0x1
 4842 00b0 0B       		.uleb128 0xb
 4843 00b1 0B       		.uleb128 0xb
 4844 00b2 3A       		.uleb128 0x3a
 4845 00b3 0B       		.uleb128 0xb
 4846 00b4 3B       		.uleb128 0x3b
 4847 00b5 0B       		.uleb128 0xb
 4848 00b6 39       		.uleb128 0x39
 4849 00b7 0B       		.uleb128 0xb
 4850 00b8 01       		.uleb128 0x1
 4851 00b9 13       		.uleb128 0x13
 4852 00ba 00       		.byte	0
 4853 00bb 00       		.byte	0
 4854 00bc 10       		.uleb128 0x10
 4855 00bd 0D       		.uleb128 0xd
 4856 00be 00       		.byte	0
 4857 00bf 03       		.uleb128 0x3
 4858 00c0 0E       		.uleb128 0xe
 4859 00c1 3A       		.uleb128 0x3a
 4860 00c2 0B       		.uleb128 0xb
 4861 00c3 3B       		.uleb128 0x3b
 4862 00c4 0B       		.uleb128 0xb
 4863 00c5 39       		.uleb128 0x39
 4864 00c6 0B       		.uleb128 0xb
 4865 00c7 49       		.uleb128 0x49
 4866 00c8 13       		.uleb128 0x13
 4867 00c9 38       		.uleb128 0x38
 4868 00ca 0A       		.uleb128 0xa
 4869 00cb 00       		.byte	0
 4870 00cc 00       		.byte	0
 4871 00cd 11       		.uleb128 0x11
 4872 00ce 0F       		.uleb128 0xf
 4873 00cf 00       		.byte	0
 4874 00d0 0B       		.uleb128 0xb
 4875 00d1 0B       		.uleb128 0xb
 4876 00d2 00       		.byte	0
 4877 00d3 00       		.byte	0
 4878 00d4 12       		.uleb128 0x12
 4879 00d5 13       		.uleb128 0x13
 4880 00d6 01       		.byte	0x1
 4881 00d7 03       		.uleb128 0x3
 4882 00d8 0E       		.uleb128 0xe
 4883 00d9 0B       		.uleb128 0xb
 4884 00da 0B       		.uleb128 0xb
 4885 00db 3A       		.uleb128 0x3a
ARM GAS  /var/folders/65/xyhbx3_n6nd_hs7j3p9nfwv80000gn/T//cc2oMwwL.s 			page 94


 4886 00dc 0B       		.uleb128 0xb
 4887 00dd 3B       		.uleb128 0x3b
 4888 00de 0B       		.uleb128 0xb
 4889 00df 39       		.uleb128 0x39
 4890 00e0 0B       		.uleb128 0xb
 4891 00e1 01       		.uleb128 0x1
 4892 00e2 13       		.uleb128 0x13
 4893 00e3 00       		.byte	0
 4894 00e4 00       		.byte	0
 4895 00e5 13       		.uleb128 0x13
 4896 00e6 0D       		.uleb128 0xd
 4897 00e7 00       		.byte	0
 4898 00e8 03       		.uleb128 0x3
 4899 00e9 08       		.uleb128 0x8
 4900 00ea 3A       		.uleb128 0x3a
 4901 00eb 0B       		.uleb128 0xb
 4902 00ec 3B       		.uleb128 0x3b
 4903 00ed 0B       		.uleb128 0xb
 4904 00ee 39       		.uleb128 0x39
 4905 00ef 0B       		.uleb128 0xb
 4906 00f0 49       		.uleb128 0x49
 4907 00f1 13       		.uleb128 0x13
 4908 00f2 38       		.uleb128 0x38
 4909 00f3 0A       		.uleb128 0xa
 4910 00f4 00       		.byte	0
 4911 00f5 00       		.byte	0
 4912 00f6 14       		.uleb128 0x14
 4913 00f7 13       		.uleb128 0x13
 4914 00f8 01       		.byte	0x1
 4915 00f9 03       		.uleb128 0x3
 4916 00fa 0E       		.uleb128 0xe
 4917 00fb 0B       		.uleb128 0xb
 4918 00fc 05       		.uleb128 0x5
 4919 00fd 3A       		.uleb128 0x3a
 4920 00fe 0B       		.uleb128 0xb
 4921 00ff 3B       		.uleb128 0x3b
 4922 0100 0B       		.uleb128 0xb
 4923 0101 39       		.uleb128 0x39
 4924 0102 0B       		.uleb128 0xb
 4925 0103 01       		.uleb128 0x1
 4926 0104 13       		.uleb128 0x13
 4927 0105 00       		.byte	0
 4928 0106 00       		.byte	0
 4929 0107 15       		.uleb128 0x15
 4930 0108 15       		.uleb128 0x15
 4931 0109 00       		.byte	0
 4932 010a 27       		.uleb128 0x27
 4933 010b 0C       		.uleb128 0xc
 4934 010c 00       		.byte	0
 4935 010d 00       		.byte	0
 4936 010e 16       		.uleb128 0x16
 4937 010f 15       		.uleb128 0x15
 4938 0110 01       		.byte	0x1
 4939 0111 27       		.uleb128 0x27
 4940 0112 0C       		.uleb128 0xc
 4941 0113 49       		.uleb128 0x49
 4942 0114 13       		.uleb128 0x13
ARM GAS  /var/folders/65/xyhbx3_n6nd_hs7j3p9nfwv80000gn/T//cc2oMwwL.s 			page 95


 4943 0115 01       		.uleb128 0x1
 4944 0116 13       		.uleb128 0x13
 4945 0117 00       		.byte	0
 4946 0118 00       		.byte	0
 4947 0119 17       		.uleb128 0x17
 4948 011a 05       		.uleb128 0x5
 4949 011b 00       		.byte	0
 4950 011c 49       		.uleb128 0x49
 4951 011d 13       		.uleb128 0x13
 4952 011e 00       		.byte	0
 4953 011f 00       		.byte	0
 4954 0120 18       		.uleb128 0x18
 4955 0121 13       		.uleb128 0x13
 4956 0122 01       		.byte	0x1
 4957 0123 03       		.uleb128 0x3
 4958 0124 0E       		.uleb128 0xe
 4959 0125 0B       		.uleb128 0xb
 4960 0126 05       		.uleb128 0x5
 4961 0127 3A       		.uleb128 0x3a
 4962 0128 0B       		.uleb128 0xb
 4963 0129 3B       		.uleb128 0x3b
 4964 012a 05       		.uleb128 0x5
 4965 012b 39       		.uleb128 0x39
 4966 012c 0B       		.uleb128 0xb
 4967 012d 01       		.uleb128 0x1
 4968 012e 13       		.uleb128 0x13
 4969 012f 00       		.byte	0
 4970 0130 00       		.byte	0
 4971 0131 19       		.uleb128 0x19
 4972 0132 0D       		.uleb128 0xd
 4973 0133 00       		.byte	0
 4974 0134 03       		.uleb128 0x3
 4975 0135 0E       		.uleb128 0xe
 4976 0136 3A       		.uleb128 0x3a
 4977 0137 0B       		.uleb128 0xb
 4978 0138 3B       		.uleb128 0x3b
 4979 0139 05       		.uleb128 0x5
 4980 013a 39       		.uleb128 0x39
 4981 013b 0B       		.uleb128 0xb
 4982 013c 49       		.uleb128 0x49
 4983 013d 13       		.uleb128 0x13
 4984 013e 38       		.uleb128 0x38
 4985 013f 0A       		.uleb128 0xa
 4986 0140 00       		.byte	0
 4987 0141 00       		.byte	0
 4988 0142 1A       		.uleb128 0x1a
 4989 0143 13       		.uleb128 0x13
 4990 0144 01       		.byte	0x1
 4991 0145 03       		.uleb128 0x3
 4992 0146 0E       		.uleb128 0xe
 4993 0147 0B       		.uleb128 0xb
 4994 0148 0B       		.uleb128 0xb
 4995 0149 3A       		.uleb128 0x3a
 4996 014a 0B       		.uleb128 0xb
 4997 014b 3B       		.uleb128 0x3b
 4998 014c 05       		.uleb128 0x5
 4999 014d 39       		.uleb128 0x39
ARM GAS  /var/folders/65/xyhbx3_n6nd_hs7j3p9nfwv80000gn/T//cc2oMwwL.s 			page 96


 5000 014e 0B       		.uleb128 0xb
 5001 014f 01       		.uleb128 0x1
 5002 0150 13       		.uleb128 0x13
 5003 0151 00       		.byte	0
 5004 0152 00       		.byte	0
 5005 0153 1B       		.uleb128 0x1b
 5006 0154 13       		.uleb128 0x13
 5007 0155 01       		.byte	0x1
 5008 0156 0B       		.uleb128 0xb
 5009 0157 0B       		.uleb128 0xb
 5010 0158 3A       		.uleb128 0x3a
 5011 0159 0B       		.uleb128 0xb
 5012 015a 3B       		.uleb128 0x3b
 5013 015b 05       		.uleb128 0x5
 5014 015c 39       		.uleb128 0x39
 5015 015d 0B       		.uleb128 0xb
 5016 015e 01       		.uleb128 0x1
 5017 015f 13       		.uleb128 0x13
 5018 0160 00       		.byte	0
 5019 0161 00       		.byte	0
 5020 0162 1C       		.uleb128 0x1c
 5021 0163 17       		.uleb128 0x17
 5022 0164 01       		.byte	0x1
 5023 0165 0B       		.uleb128 0xb
 5024 0166 0B       		.uleb128 0xb
 5025 0167 3A       		.uleb128 0x3a
 5026 0168 0B       		.uleb128 0xb
 5027 0169 3B       		.uleb128 0x3b
 5028 016a 05       		.uleb128 0x5
 5029 016b 39       		.uleb128 0x39
 5030 016c 0B       		.uleb128 0xb
 5031 016d 01       		.uleb128 0x1
 5032 016e 13       		.uleb128 0x13
 5033 016f 00       		.byte	0
 5034 0170 00       		.byte	0
 5035 0171 1D       		.uleb128 0x1d
 5036 0172 0D       		.uleb128 0xd
 5037 0173 00       		.byte	0
 5038 0174 03       		.uleb128 0x3
 5039 0175 0E       		.uleb128 0xe
 5040 0176 3A       		.uleb128 0x3a
 5041 0177 0B       		.uleb128 0xb
 5042 0178 3B       		.uleb128 0x3b
 5043 0179 05       		.uleb128 0x5
 5044 017a 39       		.uleb128 0x39
 5045 017b 0B       		.uleb128 0xb
 5046 017c 49       		.uleb128 0x49
 5047 017d 13       		.uleb128 0x13
 5048 017e 00       		.byte	0
 5049 017f 00       		.byte	0
 5050 0180 1E       		.uleb128 0x1e
 5051 0181 15       		.uleb128 0x15
 5052 0182 01       		.byte	0x1
 5053 0183 27       		.uleb128 0x27
 5054 0184 0C       		.uleb128 0xc
 5055 0185 01       		.uleb128 0x1
 5056 0186 13       		.uleb128 0x13
ARM GAS  /var/folders/65/xyhbx3_n6nd_hs7j3p9nfwv80000gn/T//cc2oMwwL.s 			page 97


 5057 0187 00       		.byte	0
 5058 0188 00       		.byte	0
 5059 0189 1F       		.uleb128 0x1f
 5060 018a 34       		.uleb128 0x34
 5061 018b 00       		.byte	0
 5062 018c 03       		.uleb128 0x3
 5063 018d 0E       		.uleb128 0xe
 5064 018e 3A       		.uleb128 0x3a
 5065 018f 0B       		.uleb128 0xb
 5066 0190 3B       		.uleb128 0x3b
 5067 0191 05       		.uleb128 0x5
 5068 0192 39       		.uleb128 0x39
 5069 0193 0B       		.uleb128 0xb
 5070 0194 49       		.uleb128 0x49
 5071 0195 13       		.uleb128 0x13
 5072 0196 3F       		.uleb128 0x3f
 5073 0197 0C       		.uleb128 0xc
 5074 0198 3C       		.uleb128 0x3c
 5075 0199 0C       		.uleb128 0xc
 5076 019a 00       		.byte	0
 5077 019b 00       		.byte	0
 5078 019c 20       		.uleb128 0x20
 5079 019d 04       		.uleb128 0x4
 5080 019e 01       		.byte	0x1
 5081 019f 03       		.uleb128 0x3
 5082 01a0 0E       		.uleb128 0xe
 5083 01a1 3E       		.uleb128 0x3e
 5084 01a2 0B       		.uleb128 0xb
 5085 01a3 0B       		.uleb128 0xb
 5086 01a4 0B       		.uleb128 0xb
 5087 01a5 49       		.uleb128 0x49
 5088 01a6 13       		.uleb128 0x13
 5089 01a7 3A       		.uleb128 0x3a
 5090 01a8 0B       		.uleb128 0xb
 5091 01a9 3B       		.uleb128 0x3b
 5092 01aa 05       		.uleb128 0x5
 5093 01ab 39       		.uleb128 0x39
 5094 01ac 0B       		.uleb128 0xb
 5095 01ad 01       		.uleb128 0x1
 5096 01ae 13       		.uleb128 0x13
 5097 01af 00       		.byte	0
 5098 01b0 00       		.byte	0
 5099 01b1 21       		.uleb128 0x21
 5100 01b2 28       		.uleb128 0x28
 5101 01b3 00       		.byte	0
 5102 01b4 03       		.uleb128 0x3
 5103 01b5 0E       		.uleb128 0xe
 5104 01b6 1C       		.uleb128 0x1c
 5105 01b7 0D       		.uleb128 0xd
 5106 01b8 00       		.byte	0
 5107 01b9 00       		.byte	0
 5108 01ba 22       		.uleb128 0x22
 5109 01bb 28       		.uleb128 0x28
 5110 01bc 00       		.byte	0
 5111 01bd 03       		.uleb128 0x3
 5112 01be 0E       		.uleb128 0xe
 5113 01bf 1C       		.uleb128 0x1c
ARM GAS  /var/folders/65/xyhbx3_n6nd_hs7j3p9nfwv80000gn/T//cc2oMwwL.s 			page 98


 5114 01c0 0B       		.uleb128 0xb
 5115 01c1 00       		.byte	0
 5116 01c2 00       		.byte	0
 5117 01c3 23       		.uleb128 0x23
 5118 01c4 2E       		.uleb128 0x2e
 5119 01c5 01       		.byte	0x1
 5120 01c6 3F       		.uleb128 0x3f
 5121 01c7 0C       		.uleb128 0xc
 5122 01c8 03       		.uleb128 0x3
 5123 01c9 0E       		.uleb128 0xe
 5124 01ca 3A       		.uleb128 0x3a
 5125 01cb 0B       		.uleb128 0xb
 5126 01cc 3B       		.uleb128 0x3b
 5127 01cd 0B       		.uleb128 0xb
 5128 01ce 39       		.uleb128 0x39
 5129 01cf 0B       		.uleb128 0xb
 5130 01d0 27       		.uleb128 0x27
 5131 01d1 0C       		.uleb128 0xc
 5132 01d2 49       		.uleb128 0x49
 5133 01d3 13       		.uleb128 0x13
 5134 01d4 11       		.uleb128 0x11
 5135 01d5 01       		.uleb128 0x1
 5136 01d6 12       		.uleb128 0x12
 5137 01d7 01       		.uleb128 0x1
 5138 01d8 40       		.uleb128 0x40
 5139 01d9 06       		.uleb128 0x6
 5140 01da 9742     		.uleb128 0x2117
 5141 01dc 0C       		.uleb128 0xc
 5142 01dd 01       		.uleb128 0x1
 5143 01de 13       		.uleb128 0x13
 5144 01df 00       		.byte	0
 5145 01e0 00       		.byte	0
 5146 01e1 24       		.uleb128 0x24
 5147 01e2 05       		.uleb128 0x5
 5148 01e3 00       		.byte	0
 5149 01e4 03       		.uleb128 0x3
 5150 01e5 08       		.uleb128 0x8
 5151 01e6 3A       		.uleb128 0x3a
 5152 01e7 0B       		.uleb128 0xb
 5153 01e8 3B       		.uleb128 0x3b
 5154 01e9 0B       		.uleb128 0xb
 5155 01ea 39       		.uleb128 0x39
 5156 01eb 0B       		.uleb128 0xb
 5157 01ec 49       		.uleb128 0x49
 5158 01ed 13       		.uleb128 0x13
 5159 01ee 02       		.uleb128 0x2
 5160 01ef 06       		.uleb128 0x6
 5161 01f0 B742     		.uleb128 0x2137
 5162 01f2 06       		.uleb128 0x6
 5163 01f3 00       		.byte	0
 5164 01f4 00       		.byte	0
 5165 01f5 25       		.uleb128 0x25
 5166 01f6 34       		.uleb128 0x34
 5167 01f7 00       		.byte	0
 5168 01f8 03       		.uleb128 0x3
 5169 01f9 0E       		.uleb128 0xe
 5170 01fa 3A       		.uleb128 0x3a
ARM GAS  /var/folders/65/xyhbx3_n6nd_hs7j3p9nfwv80000gn/T//cc2oMwwL.s 			page 99


 5171 01fb 0B       		.uleb128 0xb
 5172 01fc 3B       		.uleb128 0x3b
 5173 01fd 0B       		.uleb128 0xb
 5174 01fe 39       		.uleb128 0x39
 5175 01ff 0B       		.uleb128 0xb
 5176 0200 49       		.uleb128 0x49
 5177 0201 13       		.uleb128 0x13
 5178 0202 02       		.uleb128 0x2
 5179 0203 06       		.uleb128 0x6
 5180 0204 B742     		.uleb128 0x2137
 5181 0206 06       		.uleb128 0x6
 5182 0207 00       		.byte	0
 5183 0208 00       		.byte	0
 5184 0209 26       		.uleb128 0x26
 5185 020a 34       		.uleb128 0x34
 5186 020b 00       		.byte	0
 5187 020c 03       		.uleb128 0x3
 5188 020d 0E       		.uleb128 0xe
 5189 020e 3A       		.uleb128 0x3a
 5190 020f 0B       		.uleb128 0xb
 5191 0210 3B       		.uleb128 0x3b
 5192 0211 0B       		.uleb128 0xb
 5193 0212 39       		.uleb128 0x39
 5194 0213 0B       		.uleb128 0xb
 5195 0214 49       		.uleb128 0x49
 5196 0215 13       		.uleb128 0x13
 5197 0216 00       		.byte	0
 5198 0217 00       		.byte	0
 5199 0218 27       		.uleb128 0x27
 5200 0219 34       		.uleb128 0x34
 5201 021a 00       		.byte	0
 5202 021b 03       		.uleb128 0x3
 5203 021c 08       		.uleb128 0x8
 5204 021d 3A       		.uleb128 0x3a
 5205 021e 0B       		.uleb128 0xb
 5206 021f 3B       		.uleb128 0x3b
 5207 0220 0B       		.uleb128 0xb
 5208 0221 39       		.uleb128 0x39
 5209 0222 0B       		.uleb128 0xb
 5210 0223 49       		.uleb128 0x49
 5211 0224 13       		.uleb128 0x13
 5212 0225 02       		.uleb128 0x2
 5213 0226 06       		.uleb128 0x6
 5214 0227 B742     		.uleb128 0x2137
 5215 0229 06       		.uleb128 0x6
 5216 022a 00       		.byte	0
 5217 022b 00       		.byte	0
 5218 022c 28       		.uleb128 0x28
 5219 022d 0B       		.uleb128 0xb
 5220 022e 01       		.byte	0x1
 5221 022f 55       		.uleb128 0x55
 5222 0230 06       		.uleb128 0x6
 5223 0231 01       		.uleb128 0x1
 5224 0232 13       		.uleb128 0x13
 5225 0233 00       		.byte	0
 5226 0234 00       		.byte	0
 5227 0235 29       		.uleb128 0x29
ARM GAS  /var/folders/65/xyhbx3_n6nd_hs7j3p9nfwv80000gn/T//cc2oMwwL.s 			page 100


 5228 0236 34       		.uleb128 0x34
 5229 0237 00       		.byte	0
 5230 0238 03       		.uleb128 0x3
 5231 0239 0E       		.uleb128 0xe
 5232 023a 3A       		.uleb128 0x3a
 5233 023b 0B       		.uleb128 0xb
 5234 023c 3B       		.uleb128 0x3b
 5235 023d 05       		.uleb128 0x5
 5236 023e 39       		.uleb128 0x39
 5237 023f 0B       		.uleb128 0xb
 5238 0240 49       		.uleb128 0x49
 5239 0241 13       		.uleb128 0x13
 5240 0242 02       		.uleb128 0x2
 5241 0243 06       		.uleb128 0x6
 5242 0244 B742     		.uleb128 0x2137
 5243 0246 06       		.uleb128 0x6
 5244 0247 00       		.byte	0
 5245 0248 00       		.byte	0
 5246 0249 2A       		.uleb128 0x2a
 5247 024a 898201   		.uleb128 0x4109
 5248 024d 00       		.byte	0
 5249 024e 11       		.uleb128 0x11
 5250 024f 01       		.uleb128 0x1
 5251 0250 31       		.uleb128 0x31
 5252 0251 13       		.uleb128 0x13
 5253 0252 00       		.byte	0
 5254 0253 00       		.byte	0
 5255 0254 2B       		.uleb128 0x2b
 5256 0255 898201   		.uleb128 0x4109
 5257 0258 01       		.byte	0x1
 5258 0259 11       		.uleb128 0x11
 5259 025a 01       		.uleb128 0x1
 5260 025b 31       		.uleb128 0x31
 5261 025c 13       		.uleb128 0x13
 5262 025d 00       		.byte	0
 5263 025e 00       		.byte	0
 5264 025f 2C       		.uleb128 0x2c
 5265 0260 8A8201   		.uleb128 0x410a
 5266 0263 00       		.byte	0
 5267 0264 02       		.uleb128 0x2
 5268 0265 0A       		.uleb128 0xa
 5269 0266 9142     		.uleb128 0x2111
 5270 0268 0A       		.uleb128 0xa
 5271 0269 00       		.byte	0
 5272 026a 00       		.byte	0
 5273 026b 2D       		.uleb128 0x2d
 5274 026c 898201   		.uleb128 0x4109
 5275 026f 01       		.byte	0x1
 5276 0270 11       		.uleb128 0x11
 5277 0271 01       		.uleb128 0x1
 5278 0272 31       		.uleb128 0x31
 5279 0273 13       		.uleb128 0x13
 5280 0274 01       		.uleb128 0x1
 5281 0275 13       		.uleb128 0x13
 5282 0276 00       		.byte	0
 5283 0277 00       		.byte	0
 5284 0278 2E       		.uleb128 0x2e
ARM GAS  /var/folders/65/xyhbx3_n6nd_hs7j3p9nfwv80000gn/T//cc2oMwwL.s 			page 101


 5285 0279 898201   		.uleb128 0x4109
 5286 027c 01       		.byte	0x1
 5287 027d 11       		.uleb128 0x11
 5288 027e 01       		.uleb128 0x1
 5289 027f 01       		.uleb128 0x1
 5290 0280 13       		.uleb128 0x13
 5291 0281 00       		.byte	0
 5292 0282 00       		.byte	0
 5293 0283 2F       		.uleb128 0x2f
 5294 0284 898201   		.uleb128 0x4109
 5295 0287 00       		.byte	0
 5296 0288 11       		.uleb128 0x11
 5297 0289 01       		.uleb128 0x1
 5298 028a 9542     		.uleb128 0x2115
 5299 028c 0C       		.uleb128 0xc
 5300 028d 31       		.uleb128 0x31
 5301 028e 13       		.uleb128 0x13
 5302 028f 00       		.byte	0
 5303 0290 00       		.byte	0
 5304 0291 30       		.uleb128 0x30
 5305 0292 0B       		.uleb128 0xb
 5306 0293 01       		.byte	0x1
 5307 0294 55       		.uleb128 0x55
 5308 0295 06       		.uleb128 0x6
 5309 0296 00       		.byte	0
 5310 0297 00       		.byte	0
 5311 0298 31       		.uleb128 0x31
 5312 0299 898201   		.uleb128 0x4109
 5313 029c 01       		.byte	0x1
 5314 029d 11       		.uleb128 0x11
 5315 029e 01       		.uleb128 0x1
 5316 029f 00       		.byte	0
 5317 02a0 00       		.byte	0
 5318 02a1 32       		.uleb128 0x32
 5319 02a2 05       		.uleb128 0x5
 5320 02a3 00       		.byte	0
 5321 02a4 03       		.uleb128 0x3
 5322 02a5 0E       		.uleb128 0xe
 5323 02a6 3A       		.uleb128 0x3a
 5324 02a7 0B       		.uleb128 0xb
 5325 02a8 3B       		.uleb128 0x3b
 5326 02a9 0B       		.uleb128 0xb
 5327 02aa 39       		.uleb128 0x39
 5328 02ab 0B       		.uleb128 0xb
 5329 02ac 49       		.uleb128 0x49
 5330 02ad 13       		.uleb128 0x13
 5331 02ae 02       		.uleb128 0x2
 5332 02af 06       		.uleb128 0x6
 5333 02b0 B742     		.uleb128 0x2137
 5334 02b2 06       		.uleb128 0x6
 5335 02b3 00       		.byte	0
 5336 02b4 00       		.byte	0
 5337 02b5 33       		.uleb128 0x33
 5338 02b6 0B       		.uleb128 0xb
 5339 02b7 01       		.byte	0x1
 5340 02b8 11       		.uleb128 0x11
 5341 02b9 01       		.uleb128 0x1
ARM GAS  /var/folders/65/xyhbx3_n6nd_hs7j3p9nfwv80000gn/T//cc2oMwwL.s 			page 102


 5342 02ba 12       		.uleb128 0x12
 5343 02bb 01       		.uleb128 0x1
 5344 02bc 01       		.uleb128 0x1
 5345 02bd 13       		.uleb128 0x13
 5346 02be 00       		.byte	0
 5347 02bf 00       		.byte	0
 5348 02c0 34       		.uleb128 0x34
 5349 02c1 0B       		.uleb128 0xb
 5350 02c2 01       		.byte	0x1
 5351 02c3 11       		.uleb128 0x11
 5352 02c4 01       		.uleb128 0x1
 5353 02c5 12       		.uleb128 0x12
 5354 02c6 01       		.uleb128 0x1
 5355 02c7 00       		.byte	0
 5356 02c8 00       		.byte	0
 5357 02c9 35       		.uleb128 0x35
 5358 02ca 34       		.uleb128 0x34
 5359 02cb 00       		.byte	0
 5360 02cc 03       		.uleb128 0x3
 5361 02cd 08       		.uleb128 0x8
 5362 02ce 3A       		.uleb128 0x3a
 5363 02cf 0B       		.uleb128 0xb
 5364 02d0 3B       		.uleb128 0x3b
 5365 02d1 0B       		.uleb128 0xb
 5366 02d2 39       		.uleb128 0x39
 5367 02d3 0B       		.uleb128 0xb
 5368 02d4 49       		.uleb128 0x49
 5369 02d5 13       		.uleb128 0x13
 5370 02d6 00       		.byte	0
 5371 02d7 00       		.byte	0
 5372 02d8 36       		.uleb128 0x36
 5373 02d9 1D       		.uleb128 0x1d
 5374 02da 01       		.byte	0x1
 5375 02db 31       		.uleb128 0x31
 5376 02dc 13       		.uleb128 0x13
 5377 02dd 52       		.uleb128 0x52
 5378 02de 01       		.uleb128 0x1
 5379 02df B842     		.uleb128 0x2138
 5380 02e1 0B       		.uleb128 0xb
 5381 02e2 11       		.uleb128 0x11
 5382 02e3 01       		.uleb128 0x1
 5383 02e4 12       		.uleb128 0x12
 5384 02e5 01       		.uleb128 0x1
 5385 02e6 58       		.uleb128 0x58
 5386 02e7 0B       		.uleb128 0xb
 5387 02e8 59       		.uleb128 0x59
 5388 02e9 0B       		.uleb128 0xb
 5389 02ea 57       		.uleb128 0x57
 5390 02eb 0B       		.uleb128 0xb
 5391 02ec 01       		.uleb128 0x1
 5392 02ed 13       		.uleb128 0x13
 5393 02ee 00       		.byte	0
 5394 02ef 00       		.byte	0
 5395 02f0 37       		.uleb128 0x37
 5396 02f1 05       		.uleb128 0x5
 5397 02f2 00       		.byte	0
 5398 02f3 31       		.uleb128 0x31
ARM GAS  /var/folders/65/xyhbx3_n6nd_hs7j3p9nfwv80000gn/T//cc2oMwwL.s 			page 103


 5399 02f4 13       		.uleb128 0x13
 5400 02f5 02       		.uleb128 0x2
 5401 02f6 06       		.uleb128 0x6
 5402 02f7 B742     		.uleb128 0x2137
 5403 02f9 06       		.uleb128 0x6
 5404 02fa 00       		.byte	0
 5405 02fb 00       		.byte	0
 5406 02fc 38       		.uleb128 0x38
 5407 02fd 1D       		.uleb128 0x1d
 5408 02fe 01       		.byte	0x1
 5409 02ff 31       		.uleb128 0x31
 5410 0300 13       		.uleb128 0x13
 5411 0301 52       		.uleb128 0x52
 5412 0302 01       		.uleb128 0x1
 5413 0303 B842     		.uleb128 0x2138
 5414 0305 0B       		.uleb128 0xb
 5415 0306 55       		.uleb128 0x55
 5416 0307 06       		.uleb128 0x6
 5417 0308 58       		.uleb128 0x58
 5418 0309 0B       		.uleb128 0xb
 5419 030a 59       		.uleb128 0x59
 5420 030b 0B       		.uleb128 0xb
 5421 030c 57       		.uleb128 0x57
 5422 030d 0B       		.uleb128 0xb
 5423 030e 01       		.uleb128 0x1
 5424 030f 13       		.uleb128 0x13
 5425 0310 00       		.byte	0
 5426 0311 00       		.byte	0
 5427 0312 39       		.uleb128 0x39
 5428 0313 2E       		.uleb128 0x2e
 5429 0314 01       		.byte	0x1
 5430 0315 3F       		.uleb128 0x3f
 5431 0316 0C       		.uleb128 0xc
 5432 0317 03       		.uleb128 0x3
 5433 0318 0E       		.uleb128 0xe
 5434 0319 3A       		.uleb128 0x3a
 5435 031a 0B       		.uleb128 0xb
 5436 031b 3B       		.uleb128 0x3b
 5437 031c 0B       		.uleb128 0xb
 5438 031d 39       		.uleb128 0x39
 5439 031e 0B       		.uleb128 0xb
 5440 031f 27       		.uleb128 0x27
 5441 0320 0C       		.uleb128 0xc
 5442 0321 49       		.uleb128 0x49
 5443 0322 13       		.uleb128 0x13
 5444 0323 20       		.uleb128 0x20
 5445 0324 0B       		.uleb128 0xb
 5446 0325 01       		.uleb128 0x1
 5447 0326 13       		.uleb128 0x13
 5448 0327 00       		.byte	0
 5449 0328 00       		.byte	0
 5450 0329 3A       		.uleb128 0x3a
 5451 032a 05       		.uleb128 0x5
 5452 032b 00       		.byte	0
 5453 032c 03       		.uleb128 0x3
 5454 032d 08       		.uleb128 0x8
 5455 032e 3A       		.uleb128 0x3a
ARM GAS  /var/folders/65/xyhbx3_n6nd_hs7j3p9nfwv80000gn/T//cc2oMwwL.s 			page 104


 5456 032f 0B       		.uleb128 0xb
 5457 0330 3B       		.uleb128 0x3b
 5458 0331 0B       		.uleb128 0xb
 5459 0332 39       		.uleb128 0x39
 5460 0333 0B       		.uleb128 0xb
 5461 0334 49       		.uleb128 0x49
 5462 0335 13       		.uleb128 0x13
 5463 0336 00       		.byte	0
 5464 0337 00       		.byte	0
 5465 0338 3B       		.uleb128 0x3b
 5466 0339 2E       		.uleb128 0x2e
 5467 033a 01       		.byte	0x1
 5468 033b 31       		.uleb128 0x31
 5469 033c 13       		.uleb128 0x13
 5470 033d 11       		.uleb128 0x11
 5471 033e 01       		.uleb128 0x1
 5472 033f 12       		.uleb128 0x12
 5473 0340 01       		.uleb128 0x1
 5474 0341 40       		.uleb128 0x40
 5475 0342 0A       		.uleb128 0xa
 5476 0343 9742     		.uleb128 0x2117
 5477 0345 0C       		.uleb128 0xc
 5478 0346 01       		.uleb128 0x1
 5479 0347 13       		.uleb128 0x13
 5480 0348 00       		.byte	0
 5481 0349 00       		.byte	0
 5482 034a 3C       		.uleb128 0x3c
 5483 034b 2E       		.uleb128 0x2e
 5484 034c 00       		.byte	0
 5485 034d 3F       		.uleb128 0x3f
 5486 034e 0C       		.uleb128 0xc
 5487 034f 3C       		.uleb128 0x3c
 5488 0350 0C       		.uleb128 0xc
 5489 0351 8740     		.uleb128 0x2007
 5490 0353 0E       		.uleb128 0xe
 5491 0354 03       		.uleb128 0x3
 5492 0355 0E       		.uleb128 0xe
 5493 0356 3A       		.uleb128 0x3a
 5494 0357 0B       		.uleb128 0xb
 5495 0358 3B       		.uleb128 0x3b
 5496 0359 0B       		.uleb128 0xb
 5497 035a 00       		.byte	0
 5498 035b 00       		.byte	0
 5499 035c 3D       		.uleb128 0x3d
 5500 035d 2E       		.uleb128 0x2e
 5501 035e 00       		.byte	0
 5502 035f 3F       		.uleb128 0x3f
 5503 0360 0C       		.uleb128 0xc
 5504 0361 3C       		.uleb128 0x3c
 5505 0362 0C       		.uleb128 0xc
 5506 0363 8740     		.uleb128 0x2007
 5507 0365 0E       		.uleb128 0xe
 5508 0366 03       		.uleb128 0x3
 5509 0367 0E       		.uleb128 0xe
 5510 0368 3A       		.uleb128 0x3a
 5511 0369 0B       		.uleb128 0xb
 5512 036a 3B       		.uleb128 0x3b
ARM GAS  /var/folders/65/xyhbx3_n6nd_hs7j3p9nfwv80000gn/T//cc2oMwwL.s 			page 105


 5513 036b 0B       		.uleb128 0xb
 5514 036c 39       		.uleb128 0x39
 5515 036d 0B       		.uleb128 0xb
 5516 036e 00       		.byte	0
 5517 036f 00       		.byte	0
 5518 0370 00       		.byte	0
 5519              		.section	.debug_loc,"",%progbits
 5520              	.Ldebug_loc0:
 5521              	.LLST63:
 5522 0000 00000000 		.4byte	.LFB26
 5523 0004 04000000 		.4byte	.LCFI18
 5524 0008 0200     		.2byte	0x2
 5525 000a 7D       		.byte	0x7d
 5526 000b 00       		.sleb128 0
 5527 000c 04000000 		.4byte	.LCFI18
 5528 0010 08000000 		.4byte	.LCFI19
 5529 0014 0200     		.2byte	0x2
 5530 0016 7D       		.byte	0x7d
 5531 0017 24       		.sleb128 36
 5532 0018 08000000 		.4byte	.LCFI19
 5533 001c AA000000 		.4byte	.LCFI20
 5534 0020 0200     		.2byte	0x2
 5535 0022 7D       		.byte	0x7d
 5536 0023 30       		.sleb128 48
 5537 0024 AA000000 		.4byte	.LCFI20
 5538 0028 AE000000 		.4byte	.LCFI21
 5539 002c 0200     		.2byte	0x2
 5540 002e 7D       		.byte	0x7d
 5541 002f 24       		.sleb128 36
 5542 0030 AE000000 		.4byte	.LCFI21
 5543 0034 BA000000 		.4byte	.LCFI22
 5544 0038 0200     		.2byte	0x2
 5545 003a 7D       		.byte	0x7d
 5546 003b 30       		.sleb128 48
 5547 003c BA000000 		.4byte	.LCFI22
 5548 0040 BE000000 		.4byte	.LCFI23
 5549 0044 0200     		.2byte	0x2
 5550 0046 7D       		.byte	0x7d
 5551 0047 24       		.sleb128 36
 5552 0048 BE000000 		.4byte	.LCFI23
 5553 004c C2000000 		.4byte	.LCFI24
 5554 0050 0200     		.2byte	0x2
 5555 0052 7D       		.byte	0x7d
 5556 0053 00       		.sleb128 0
 5557 0054 C2000000 		.4byte	.LCFI24
 5558 0058 D0000000 		.4byte	.LFE26
 5559 005c 0200     		.2byte	0x2
 5560 005e 7D       		.byte	0x7d
 5561 005f 30       		.sleb128 48
 5562 0060 00000000 		.4byte	0
 5563 0064 00000000 		.4byte	0
 5564              	.LVUS64:
 5565 0068 00       		.uleb128 0
 5566 0069 00       		.uleb128 .LVU348
 5567 006a 00       		.uleb128 .LVU348
 5568 006b 00       		.uleb128 .LVU380
 5569 006c 00       		.uleb128 .LVU380
ARM GAS  /var/folders/65/xyhbx3_n6nd_hs7j3p9nfwv80000gn/T//cc2oMwwL.s 			page 106


 5570 006d 00       		.uleb128 .LVU402
 5571 006e 00       		.uleb128 .LVU402
 5572 006f 00       		.uleb128 .LVU405
 5573 0070 00       		.uleb128 .LVU405
 5574 0071 00       		.uleb128 .LVU407
 5575 0072 00       		.uleb128 .LVU407
 5576 0073 00       		.uleb128 0
 5577              	.LLST64:
 5578 0074 00000000 		.4byte	.LVL155
 5579 0078 20000000 		.4byte	.LVL156
 5580 007c 0100     		.2byte	0x1
 5581 007e 50       		.byte	0x50
 5582 007f 20000000 		.4byte	.LVL156
 5583 0083 76000000 		.4byte	.LVL172
 5584 0087 0100     		.2byte	0x1
 5585 0089 55       		.byte	0x55
 5586 008a 76000000 		.4byte	.LVL172
 5587 008e AE000000 		.4byte	.LVL180
 5588 0092 0400     		.2byte	0x4
 5589 0094 F3       		.byte	0xf3
 5590 0095 01       		.uleb128 0x1
 5591 0096 50       		.byte	0x50
 5592 0097 9F       		.byte	0x9f
 5593 0098 AE000000 		.4byte	.LVL180
 5594 009c B8000000 		.4byte	.LVL181
 5595 00a0 0100     		.2byte	0x1
 5596 00a2 50       		.byte	0x50
 5597 00a3 B8000000 		.4byte	.LVL181
 5598 00a7 C2000000 		.4byte	.LVL182
 5599 00ab 0400     		.2byte	0x4
 5600 00ad F3       		.byte	0xf3
 5601 00ae 01       		.uleb128 0x1
 5602 00af 50       		.byte	0x50
 5603 00b0 9F       		.byte	0x9f
 5604 00b1 C2000000 		.4byte	.LVL182
 5605 00b5 D0000000 		.4byte	.LFE26
 5606 00b9 0100     		.2byte	0x1
 5607 00bb 50       		.byte	0x50
 5608 00bc 00000000 		.4byte	0
 5609 00c0 00000000 		.4byte	0
 5610              	.LVUS65:
 5611 00c4 00       		.uleb128 0
 5612 00c5 00       		.uleb128 .LVU349
 5613 00c6 00       		.uleb128 .LVU349
 5614 00c7 00       		.uleb128 .LVU402
 5615 00c8 00       		.uleb128 .LVU402
 5616 00c9 00       		.uleb128 .LVU407
 5617 00ca 00       		.uleb128 .LVU407
 5618 00cb 00       		.uleb128 .LVU407
 5619 00cc 00       		.uleb128 .LVU407
 5620 00cd 00       		.uleb128 0
 5621              	.LLST65:
 5622 00ce 00000000 		.4byte	.LVL155
 5623 00d2 23000000 		.4byte	.LVL157-1
 5624 00d6 0100     		.2byte	0x1
 5625 00d8 51       		.byte	0x51
 5626 00d9 23000000 		.4byte	.LVL157-1
ARM GAS  /var/folders/65/xyhbx3_n6nd_hs7j3p9nfwv80000gn/T//cc2oMwwL.s 			page 107


 5627 00dd AE000000 		.4byte	.LVL180
 5628 00e1 0100     		.2byte	0x1
 5629 00e3 56       		.byte	0x56
 5630 00e4 AE000000 		.4byte	.LVL180
 5631 00e8 C1000000 		.4byte	.LVL182-1
 5632 00ec 0100     		.2byte	0x1
 5633 00ee 51       		.byte	0x51
 5634 00ef C1000000 		.4byte	.LVL182-1
 5635 00f3 C2000000 		.4byte	.LVL182
 5636 00f7 0400     		.2byte	0x4
 5637 00f9 F3       		.byte	0xf3
 5638 00fa 01       		.uleb128 0x1
 5639 00fb 51       		.byte	0x51
 5640 00fc 9F       		.byte	0x9f
 5641 00fd C2000000 		.4byte	.LVL182
 5642 0101 D0000000 		.4byte	.LFE26
 5643 0105 0100     		.2byte	0x1
 5644 0107 51       		.byte	0x51
 5645 0108 00000000 		.4byte	0
 5646 010c 00000000 		.4byte	0
 5647              	.LVUS66:
 5648 0110 00       		.uleb128 0
 5649 0111 00       		.uleb128 .LVU349
 5650 0112 00       		.uleb128 .LVU349
 5651 0113 00       		.uleb128 .LVU402
 5652 0114 00       		.uleb128 .LVU402
 5653 0115 00       		.uleb128 .LVU407
 5654 0116 00       		.uleb128 .LVU407
 5655 0117 00       		.uleb128 .LVU407
 5656 0118 00       		.uleb128 .LVU407
 5657 0119 00       		.uleb128 0
 5658              	.LLST66:
 5659 011a 00000000 		.4byte	.LVL155
 5660 011e 23000000 		.4byte	.LVL157-1
 5661 0122 0100     		.2byte	0x1
 5662 0124 52       		.byte	0x52
 5663 0125 23000000 		.4byte	.LVL157-1
 5664 0129 AE000000 		.4byte	.LVL180
 5665 012d 0100     		.2byte	0x1
 5666 012f 59       		.byte	0x59
 5667 0130 AE000000 		.4byte	.LVL180
 5668 0134 C1000000 		.4byte	.LVL182-1
 5669 0138 0100     		.2byte	0x1
 5670 013a 52       		.byte	0x52
 5671 013b C1000000 		.4byte	.LVL182-1
 5672 013f C2000000 		.4byte	.LVL182
 5673 0143 0400     		.2byte	0x4
 5674 0145 F3       		.byte	0xf3
 5675 0146 01       		.uleb128 0x1
 5676 0147 52       		.byte	0x52
 5677 0148 9F       		.byte	0x9f
 5678 0149 C2000000 		.4byte	.LVL182
 5679 014d D0000000 		.4byte	.LFE26
 5680 0151 0100     		.2byte	0x1
 5681 0153 52       		.byte	0x52
 5682 0154 00000000 		.4byte	0
 5683 0158 00000000 		.4byte	0
ARM GAS  /var/folders/65/xyhbx3_n6nd_hs7j3p9nfwv80000gn/T//cc2oMwwL.s 			page 108


 5684              	.LVUS67:
 5685 015c 00       		.uleb128 .LVU355
 5686 015d 00       		.uleb128 .LVU402
 5687              	.LLST67:
 5688 015e 34000000 		.4byte	.LVL160
 5689 0162 AE000000 		.4byte	.LVL180
 5690 0166 0100     		.2byte	0x1
 5691 0168 57       		.byte	0x57
 5692 0169 00000000 		.4byte	0
 5693 016d 00000000 		.4byte	0
 5694              	.LVUS68:
 5695 0171 02       		.uleb128 .LVU357
 5696 0172 00       		.uleb128 .LVU360
 5697 0173 00       		.uleb128 .LVU360
 5698 0174 00       		.uleb128 .LVU374
 5699              	.LLST68:
 5700 0175 34000000 		.4byte	.LVL160
 5701 0179 36000000 		.4byte	.LVL161
 5702 017d 0200     		.2byte	0x2
 5703 017f 30       		.byte	0x30
 5704 0180 9F       		.byte	0x9f
 5705 0181 36000000 		.4byte	.LVL161
 5706 0185 5A000000 		.4byte	.LVL168
 5707 0189 0100     		.2byte	0x1
 5708 018b 5B       		.byte	0x5b
 5709 018c 00000000 		.4byte	0
 5710 0190 00000000 		.4byte	0
 5711              	.LVUS69:
 5712 0194 03       		.uleb128 .LVU358
 5713 0195 00       		.uleb128 .LVU365
 5714 0196 01       		.uleb128 .LVU366
 5715 0197 00       		.uleb128 .LVU370
 5716 0198 00       		.uleb128 .LVU370
 5717 0199 00       		.uleb128 .LVU379
 5718 019a 00       		.uleb128 .LVU380
 5719 019b 00       		.uleb128 .LVU385
 5720 019c 02       		.uleb128 .LVU391
 5721 019d 01       		.uleb128 .LVU401
 5722              	.LLST69:
 5723 019e 34000000 		.4byte	.LVL160
 5724 01a2 41000000 		.4byte	.LVL164-1
 5725 01a6 0100     		.2byte	0x1
 5726 01a8 50       		.byte	0x50
 5727 01a9 42000000 		.4byte	.LVL164
 5728 01ad 4E000000 		.4byte	.LVL165
 5729 01b1 0100     		.2byte	0x1
 5730 01b3 50       		.byte	0x50
 5731 01b4 4E000000 		.4byte	.LVL165
 5732 01b8 70000000 		.4byte	.LVL171
 5733 01bc 0100     		.2byte	0x1
 5734 01be 54       		.byte	0x54
 5735 01bf 76000000 		.4byte	.LVL172
 5736 01c3 81000000 		.4byte	.LVL174-1
 5737 01c7 0100     		.2byte	0x1
 5738 01c9 51       		.byte	0x51
 5739 01ca 90000000 		.4byte	.LVL175
 5740 01ce A6000000 		.4byte	.LVL179
ARM GAS  /var/folders/65/xyhbx3_n6nd_hs7j3p9nfwv80000gn/T//cc2oMwwL.s 			page 109


 5741 01d2 0100     		.2byte	0x1
 5742 01d4 55       		.byte	0x55
 5743 01d5 00000000 		.4byte	0
 5744 01d9 00000000 		.4byte	0
 5745              	.LVUS70:
 5746 01dd 00       		.uleb128 .LVU372
 5747 01de 00       		.uleb128 .LVU373
 5748 01df 00       		.uleb128 .LVU373
 5749 01e0 00       		.uleb128 .LVU376
 5750              	.LLST70:
 5751 01e1 54000000 		.4byte	.LVL166
 5752 01e5 56000000 		.4byte	.LVL167
 5753 01e9 0100     		.2byte	0x1
 5754 01eb 50       		.byte	0x50
 5755 01ec 56000000 		.4byte	.LVL167
 5756 01f0 5D000000 		.4byte	.LVL169-1
 5757 01f4 0300     		.2byte	0x3
 5758 01f6 70       		.byte	0x70
 5759 01f7 7F       		.sleb128 -1
 5760 01f8 9F       		.byte	0x9f
 5761 01f9 00000000 		.4byte	0
 5762 01fd 00000000 		.4byte	0
 5763              	.LVUS71:
 5764 0201 00       		.uleb128 .LVU377
 5765 0202 00       		.uleb128 .LVU380
 5766 0203 00       		.uleb128 .LVU380
 5767 0204 00       		.uleb128 .LVU402
 5768              	.LLST71:
 5769 0205 6E000000 		.4byte	.LVL170
 5770 0209 76000000 		.4byte	.LVL172
 5771 020d 0100     		.2byte	0x1
 5772 020f 50       		.byte	0x50
 5773 0210 76000000 		.4byte	.LVL172
 5774 0214 AE000000 		.4byte	.LVL180
 5775 0218 0100     		.2byte	0x1
 5776 021a 54       		.byte	0x54
 5777 021b 00000000 		.4byte	0
 5778 021f 00000000 		.4byte	0
 5779              	.LVUS72:
 5780 0223 00       		.uleb128 .LVU380
 5781 0224 00       		.uleb128 .LVU385
 5782 0225 00       		.uleb128 .LVU385
 5783 0226 01       		.uleb128 .LVU386
 5784 0227 01       		.uleb128 .LVU386
 5785 0228 01       		.uleb128 .LVU390
 5786 0229 01       		.uleb128 .LVU390
 5787 022a 01       		.uleb128 .LVU401
 5788              	.LLST72:
 5789 022b 76000000 		.4byte	.LVL172
 5790 022f 81000000 		.4byte	.LVL174-1
 5791 0233 0100     		.2byte	0x1
 5792 0235 50       		.byte	0x50
 5793 0236 81000000 		.4byte	.LVL174-1
 5794 023a 82000000 		.4byte	.LVL174
 5795 023e 0100     		.2byte	0x1
 5796 0240 5A       		.byte	0x5a
 5797 0241 82000000 		.4byte	.LVL174
ARM GAS  /var/folders/65/xyhbx3_n6nd_hs7j3p9nfwv80000gn/T//cc2oMwwL.s 			page 110


 5798 0245 90000000 		.4byte	.LVL175
 5799 0249 0100     		.2byte	0x1
 5800 024b 5B       		.byte	0x5b
 5801 024c 90000000 		.4byte	.LVL175
 5802 0250 A6000000 		.4byte	.LVL179
 5803 0254 0100     		.2byte	0x1
 5804 0256 5A       		.byte	0x5a
 5805 0257 00000000 		.4byte	0
 5806 025b 00000000 		.4byte	0
 5807              	.LVUS73:
 5808 025f 00       		.uleb128 .LVU380
 5809 0260 00       		.uleb128 .LVU385
 5810 0261 00       		.uleb128 .LVU396
 5811 0262 00       		.uleb128 .LVU397
 5812 0263 00       		.uleb128 .LVU397
 5813 0264 00       		.uleb128 .LVU400
 5814              	.LLST73:
 5815 0265 76000000 		.4byte	.LVL172
 5816 0269 81000000 		.4byte	.LVL174-1
 5817 026d 0100     		.2byte	0x1
 5818 026f 53       		.byte	0x53
 5819 0270 9A000000 		.4byte	.LVL177
 5820 0274 9E000000 		.4byte	.LVL178
 5821 0278 0100     		.2byte	0x1
 5822 027a 50       		.byte	0x50
 5823 027b 9E000000 		.4byte	.LVL178
 5824 027f A5000000 		.4byte	.LVL179-1
 5825 0283 0100     		.2byte	0x1
 5826 0285 53       		.byte	0x53
 5827 0286 00000000 		.4byte	0
 5828 028a 00000000 		.4byte	0
 5829              	.LVUS74:
 5830 028e 00       		.uleb128 .LVU381
 5831 028f 00       		.uleb128 .LVU385
 5832              	.LLST74:
 5833 0290 78000000 		.4byte	.LVL173
 5834 0294 81000000 		.4byte	.LVL174-1
 5835 0298 0100     		.2byte	0x1
 5836 029a 52       		.byte	0x52
 5837 029b 00000000 		.4byte	0
 5838 029f 00000000 		.4byte	0
 5839              	.LLST55:
 5840 02a3 00000000 		.4byte	.LFB25
 5841 02a7 02000000 		.4byte	.LCFI17
 5842 02ab 0200     		.2byte	0x2
 5843 02ad 7D       		.byte	0x7d
 5844 02ae 00       		.sleb128 0
 5845 02af 02000000 		.4byte	.LCFI17
 5846 02b3 7E000000 		.4byte	.LFE25
 5847 02b7 0200     		.2byte	0x2
 5848 02b9 7D       		.byte	0x7d
 5849 02ba 18       		.sleb128 24
 5850 02bb 00000000 		.4byte	0
 5851 02bf 00000000 		.4byte	0
 5852              	.LVUS56:
 5853 02c3 00       		.uleb128 0
 5854 02c4 00       		.uleb128 .LVU286
ARM GAS  /var/folders/65/xyhbx3_n6nd_hs7j3p9nfwv80000gn/T//cc2oMwwL.s 			page 111


 5855 02c5 00       		.uleb128 .LVU286
 5856 02c6 00       		.uleb128 .LVU298
 5857 02c7 00       		.uleb128 .LVU298
 5858 02c8 00       		.uleb128 .LVU326
 5859 02c9 00       		.uleb128 .LVU331
 5860 02ca 00       		.uleb128 .LVU336
 5861              	.LLST56:
 5862 02cb 00000000 		.4byte	.LVL131
 5863 02cf 09000000 		.4byte	.LVL132-1
 5864 02d3 0100     		.2byte	0x1
 5865 02d5 50       		.byte	0x50
 5866 02d6 09000000 		.4byte	.LVL132-1
 5867 02da 2C000000 		.4byte	.LVL138
 5868 02de 0100     		.2byte	0x1
 5869 02e0 54       		.byte	0x54
 5870 02e1 2C000000 		.4byte	.LVL138
 5871 02e5 5E000000 		.4byte	.LVL148
 5872 02e9 0400     		.2byte	0x4
 5873 02eb F3       		.byte	0xf3
 5874 02ec 01       		.uleb128 0x1
 5875 02ed 50       		.byte	0x50
 5876 02ee 9F       		.byte	0x9f
 5877 02ef 64000000 		.4byte	.LVL149
 5878 02f3 76000000 		.4byte	.LVL152
 5879 02f7 0600     		.2byte	0x6
 5880 02f9 03       		.byte	0x3
 5881 02fa 00000000 		.4byte	.LC0
 5882 02fe 9F       		.byte	0x9f
 5883 02ff 00000000 		.4byte	0
 5884 0303 00000000 		.4byte	0
 5885              	.LVUS57:
 5886 0307 00       		.uleb128 .LVU287
 5887 0308 00       		.uleb128 .LVU289
 5888 0309 00       		.uleb128 .LVU289
 5889 030a 00       		.uleb128 .LVU296
 5890 030b 01       		.uleb128 .LVU332
 5891 030c 00       		.uleb128 .LVU336
 5892              	.LLST57:
 5893 030d 0C000000 		.4byte	.LVL133
 5894 0311 0F000000 		.4byte	.LVL134-1
 5895 0315 0100     		.2byte	0x1
 5896 0317 50       		.byte	0x50
 5897 0318 0F000000 		.4byte	.LVL134-1
 5898 031c 28000000 		.4byte	.LVL137
 5899 0320 0100     		.2byte	0x1
 5900 0322 55       		.byte	0x55
 5901 0323 64000000 		.4byte	.LVL149
 5902 0327 76000000 		.4byte	.LVL152
 5903 032b 0200     		.2byte	0x2
 5904 032d 30       		.byte	0x30
 5905 032e 9F       		.byte	0x9f
 5906 032f 00000000 		.4byte	0
 5907 0333 00000000 		.4byte	0
 5908              	.LVUS58:
 5909 0337 00       		.uleb128 .LVU290
 5910 0338 00       		.uleb128 .LVU331
 5911 0339 00       		.uleb128 .LVU334
ARM GAS  /var/folders/65/xyhbx3_n6nd_hs7j3p9nfwv80000gn/T//cc2oMwwL.s 			page 112


 5912 033a 00       		.uleb128 .LVU337
 5913 033b 00       		.uleb128 .LVU338
 5914 033c 00       		.uleb128 0
 5915              	.LLST58:
 5916 033d 1C000000 		.4byte	.LVL135
 5917 0341 64000000 		.4byte	.LVL149
 5918 0345 0100     		.2byte	0x1
 5919 0347 50       		.byte	0x50
 5920 0348 74000000 		.4byte	.LVL151
 5921 034c 78000000 		.4byte	.LVL153
 5922 0350 0100     		.2byte	0x1
 5923 0352 50       		.byte	0x50
 5924 0353 7A000000 		.4byte	.LVL154
 5925 0357 7E000000 		.4byte	.LFE25
 5926 035b 0100     		.2byte	0x1
 5927 035d 50       		.byte	0x50
 5928 035e 00000000 		.4byte	0
 5929 0362 00000000 		.4byte	0
 5930              	.LVUS59:
 5931 0366 00       		.uleb128 .LVU292
 5932 0367 00       		.uleb128 .LVU298
 5933 0368 00       		.uleb128 .LVU298
 5934 0369 01       		.uleb128 .LVU299
 5935 036a 01       		.uleb128 .LVU299
 5936 036b 00       		.uleb128 .LVU304
 5937 036c 00       		.uleb128 .LVU304
 5938 036d 00       		.uleb128 .LVU313
 5939 036e 01       		.uleb128 .LVU314
 5940 036f 00       		.uleb128 .LVU321
 5941 0370 00       		.uleb128 .LVU321
 5942 0371 00       		.uleb128 .LVU326
 5943              	.LLST59:
 5944 0372 1E000000 		.4byte	.LVL136
 5945 0376 2C000000 		.4byte	.LVL138
 5946 037a 0200     		.2byte	0x2
 5947 037c 30       		.byte	0x30
 5948 037d 9F       		.byte	0x9f
 5949 037e 2C000000 		.4byte	.LVL138
 5950 0382 2C000000 		.4byte	.LVL138
 5951 0386 0100     		.2byte	0x1
 5952 0388 51       		.byte	0x51
 5953 0389 2C000000 		.4byte	.LVL138
 5954 038d 3E000000 		.4byte	.LVL140
 5955 0391 0300     		.2byte	0x3
 5956 0393 71       		.byte	0x71
 5957 0394 01       		.sleb128 1
 5958 0395 9F       		.byte	0x9f
 5959 0396 3E000000 		.4byte	.LVL140
 5960 039a 4E000000 		.4byte	.LVL143
 5961 039e 0100     		.2byte	0x1
 5962 03a0 51       		.byte	0x51
 5963 03a1 4E000000 		.4byte	.LVL143
 5964 03a5 5A000000 		.4byte	.LVL146
 5965 03a9 0300     		.2byte	0x3
 5966 03ab 71       		.byte	0x71
 5967 03ac 01       		.sleb128 1
 5968 03ad 9F       		.byte	0x9f
ARM GAS  /var/folders/65/xyhbx3_n6nd_hs7j3p9nfwv80000gn/T//cc2oMwwL.s 			page 113


 5969 03ae 5A000000 		.4byte	.LVL146
 5970 03b2 5E000000 		.4byte	.LVL148
 5971 03b6 0100     		.2byte	0x1
 5972 03b8 51       		.byte	0x51
 5973 03b9 00000000 		.4byte	0
 5974 03bd 00000000 		.4byte	0
 5975              	.LVUS60:
 5976 03c1 00       		.uleb128 .LVU292
 5977 03c2 00       		.uleb128 .LVU298
 5978 03c3 00       		.uleb128 .LVU298
 5979 03c4 01       		.uleb128 .LVU302
 5980 03c5 01       		.uleb128 .LVU302
 5981 03c6 00       		.uleb128 .LVU304
 5982 03c7 00       		.uleb128 .LVU304
 5983 03c8 00       		.uleb128 .LVU316
 5984 03c9 01       		.uleb128 .LVU320
 5985 03ca 00       		.uleb128 .LVU321
 5986 03cb 00       		.uleb128 .LVU321
 5987 03cc 00       		.uleb128 .LVU326
 5988              	.LLST60:
 5989 03cd 1E000000 		.4byte	.LVL136
 5990 03d1 2C000000 		.4byte	.LVL138
 5991 03d5 0200     		.2byte	0x2
 5992 03d7 30       		.byte	0x30
 5993 03d8 9F       		.byte	0x9f
 5994 03d9 2C000000 		.4byte	.LVL138
 5995 03dd 3A000000 		.4byte	.LVL139
 5996 03e1 0100     		.2byte	0x1
 5997 03e3 56       		.byte	0x56
 5998 03e4 3A000000 		.4byte	.LVL139
 5999 03e8 3E000000 		.4byte	.LVL140
 6000 03ec 0200     		.2byte	0x2
 6001 03ee 30       		.byte	0x30
 6002 03ef 9F       		.byte	0x9f
 6003 03f0 3E000000 		.4byte	.LVL140
 6004 03f4 54000000 		.4byte	.LVL144
 6005 03f8 0100     		.2byte	0x1
 6006 03fa 56       		.byte	0x56
 6007 03fb 58000000 		.4byte	.LVL145
 6008 03ff 5A000000 		.4byte	.LVL146
 6009 0403 0200     		.2byte	0x2
 6010 0405 31       		.byte	0x31
 6011 0406 9F       		.byte	0x9f
 6012 0407 5A000000 		.4byte	.LVL146
 6013 040b 5E000000 		.4byte	.LVL148
 6014 040f 0100     		.2byte	0x1
 6015 0411 56       		.byte	0x56
 6016 0412 00000000 		.4byte	0
 6017 0416 00000000 		.4byte	0
 6018              	.LVUS61:
 6019 041a 00       		.uleb128 .LVU292
 6020 041b 00       		.uleb128 .LVU298
 6021 041c 00       		.uleb128 .LVU298
 6022 041d 02       		.uleb128 .LVU306
 6023 041e 02       		.uleb128 .LVU306
 6024 041f 00       		.uleb128 .LVU311
 6025 0420 00       		.uleb128 .LVU311
ARM GAS  /var/folders/65/xyhbx3_n6nd_hs7j3p9nfwv80000gn/T//cc2oMwwL.s 			page 114


 6026 0421 02       		.uleb128 .LVU323
 6027 0422 02       		.uleb128 .LVU323
 6028 0423 00       		.uleb128 .LVU325
 6029              	.LLST61:
 6030 0424 1E000000 		.4byte	.LVL136
 6031 0428 2C000000 		.4byte	.LVL138
 6032 042c 0200     		.2byte	0x2
 6033 042e 30       		.byte	0x30
 6034 042f 9F       		.byte	0x9f
 6035 0430 2C000000 		.4byte	.LVL138
 6036 0434 3E000000 		.4byte	.LVL140
 6037 0438 0700     		.2byte	0x7
 6038 043a 73       		.byte	0x73
 6039 043b 00       		.sleb128 0
 6040 043c F3       		.byte	0xf3
 6041 043d 01       		.uleb128 0x1
 6042 043e 50       		.byte	0x50
 6043 043f 1C       		.byte	0x1c
 6044 0440 9F       		.byte	0x9f
 6045 0441 3E000000 		.4byte	.LVL140
 6046 0445 46000000 		.4byte	.LVL142
 6047 0449 0900     		.2byte	0x9
 6048 044b 73       		.byte	0x73
 6049 044c 00       		.sleb128 0
 6050 044d F3       		.byte	0xf3
 6051 044e 01       		.uleb128 0x1
 6052 044f 50       		.byte	0x50
 6053 0450 1C       		.byte	0x1c
 6054 0451 23       		.byte	0x23
 6055 0452 01       		.uleb128 0x1
 6056 0453 9F       		.byte	0x9f
 6057 0454 46000000 		.4byte	.LVL142
 6058 0458 5A000000 		.4byte	.LVL146
 6059 045c 0700     		.2byte	0x7
 6060 045e 73       		.byte	0x73
 6061 045f 00       		.sleb128 0
 6062 0460 F3       		.byte	0xf3
 6063 0461 01       		.uleb128 0x1
 6064 0462 50       		.byte	0x50
 6065 0463 1C       		.byte	0x1c
 6066 0464 9F       		.byte	0x9f
 6067 0465 5A000000 		.4byte	.LVL146
 6068 0469 5C000000 		.4byte	.LVL147
 6069 046d 0900     		.2byte	0x9
 6070 046f 73       		.byte	0x73
 6071 0470 00       		.sleb128 0
 6072 0471 F3       		.byte	0xf3
 6073 0472 01       		.uleb128 0x1
 6074 0473 50       		.byte	0x50
 6075 0474 1C       		.byte	0x1c
 6076 0475 23       		.byte	0x23
 6077 0476 01       		.uleb128 0x1
 6078 0477 9F       		.byte	0x9f
 6079 0478 00000000 		.4byte	0
 6080 047c 00000000 		.4byte	0
 6081              	.LVUS62:
 6082 0480 00       		.uleb128 .LVU298
ARM GAS  /var/folders/65/xyhbx3_n6nd_hs7j3p9nfwv80000gn/T//cc2oMwwL.s 			page 115


 6083 0481 00       		.uleb128 .LVU308
 6084 0482 00       		.uleb128 .LVU311
 6085 0483 00       		.uleb128 .LVU326
 6086              	.LLST62:
 6087 0484 2C000000 		.4byte	.LVL138
 6088 0488 42000000 		.4byte	.LVL141
 6089 048c 0100     		.2byte	0x1
 6090 048e 52       		.byte	0x52
 6091 048f 46000000 		.4byte	.LVL142
 6092 0493 5E000000 		.4byte	.LVL148
 6093 0497 0100     		.2byte	0x1
 6094 0499 52       		.byte	0x52
 6095 049a 00000000 		.4byte	0
 6096 049e 00000000 		.4byte	0
 6097              	.LLST49:
 6098 04a2 00000000 		.4byte	.LFB24
 6099 04a6 06000000 		.4byte	.LCFI15
 6100 04aa 0200     		.2byte	0x2
 6101 04ac 7D       		.byte	0x7d
 6102 04ad 00       		.sleb128 0
 6103 04ae 06000000 		.4byte	.LCFI15
 6104 04b2 48000000 		.4byte	.LCFI16
 6105 04b6 0200     		.2byte	0x2
 6106 04b8 7D       		.byte	0x7d
 6107 04b9 18       		.sleb128 24
 6108 04ba 48000000 		.4byte	.LCFI16
 6109 04be 4E000000 		.4byte	.LFE24
 6110 04c2 0200     		.2byte	0x2
 6111 04c4 7D       		.byte	0x7d
 6112 04c5 00       		.sleb128 0
 6113 04c6 00000000 		.4byte	0
 6114 04ca 00000000 		.4byte	0
 6115              	.LVUS50:
 6116 04ce 00       		.uleb128 0
 6117 04cf 00       		.uleb128 .LVU259
 6118 04d0 00       		.uleb128 .LVU259
 6119 04d1 00       		.uleb128 .LVU266
 6120 04d2 00       		.uleb128 .LVU266
 6121 04d3 00       		.uleb128 .LVU267
 6122 04d4 00       		.uleb128 .LVU267
 6123 04d5 00       		.uleb128 .LVU278
 6124 04d6 00       		.uleb128 .LVU278
 6125 04d7 00       		.uleb128 .LVU279
 6126 04d8 00       		.uleb128 .LVU279
 6127 04d9 00       		.uleb128 0
 6128              	.LLST50:
 6129 04da 00000000 		.4byte	.LVL119
 6130 04de 0F000000 		.4byte	.LVL120-1
 6131 04e2 0100     		.2byte	0x1
 6132 04e4 50       		.byte	0x50
 6133 04e5 0F000000 		.4byte	.LVL120-1
 6134 04e9 22000000 		.4byte	.LVL122
 6135 04ed 0100     		.2byte	0x1
 6136 04ef 54       		.byte	0x54
 6137 04f0 22000000 		.4byte	.LVL122
 6138 04f4 24000000 		.4byte	.LVL123
 6139 04f8 0300     		.2byte	0x3
ARM GAS  /var/folders/65/xyhbx3_n6nd_hs7j3p9nfwv80000gn/T//cc2oMwwL.s 			page 116


 6140 04fa 73       		.byte	0x73
 6141 04fb 01       		.sleb128 1
 6142 04fc 9F       		.byte	0x9f
 6143 04fd 24000000 		.4byte	.LVL123
 6144 0501 48000000 		.4byte	.LVL129
 6145 0505 0400     		.2byte	0x4
 6146 0507 F3       		.byte	0xf3
 6147 0508 01       		.uleb128 0x1
 6148 0509 50       		.byte	0x50
 6149 050a 9F       		.byte	0x9f
 6150 050b 48000000 		.4byte	.LVL129
 6151 050f 4C000000 		.4byte	.LVL130
 6152 0513 0100     		.2byte	0x1
 6153 0515 50       		.byte	0x50
 6154 0516 4C000000 		.4byte	.LVL130
 6155 051a 4E000000 		.4byte	.LFE24
 6156 051e 0400     		.2byte	0x4
 6157 0520 F3       		.byte	0xf3
 6158 0521 01       		.uleb128 0x1
 6159 0522 50       		.byte	0x50
 6160 0523 9F       		.byte	0x9f
 6161 0524 00000000 		.4byte	0
 6162 0528 00000000 		.4byte	0
 6163              	.LVUS51:
 6164 052c 00       		.uleb128 0
 6165 052d 00       		.uleb128 .LVU259
 6166 052e 00       		.uleb128 .LVU259
 6167 052f 00       		.uleb128 .LVU278
 6168 0530 00       		.uleb128 .LVU278
 6169 0531 00       		.uleb128 0
 6170              	.LLST51:
 6171 0532 00000000 		.4byte	.LVL119
 6172 0536 0F000000 		.4byte	.LVL120-1
 6173 053a 0100     		.2byte	0x1
 6174 053c 51       		.byte	0x51
 6175 053d 0F000000 		.4byte	.LVL120-1
 6176 0541 48000000 		.4byte	.LVL129
 6177 0545 0100     		.2byte	0x1
 6178 0547 56       		.byte	0x56
 6179 0548 48000000 		.4byte	.LVL129
 6180 054c 4E000000 		.4byte	.LFE24
 6181 0550 0100     		.2byte	0x1
 6182 0552 51       		.byte	0x51
 6183 0553 00000000 		.4byte	0
 6184 0557 00000000 		.4byte	0
 6185              	.LVUS52:
 6186 055b 00       		.uleb128 0
 6187 055c 00       		.uleb128 .LVU259
 6188 055d 00       		.uleb128 .LVU259
 6189 055e 00       		.uleb128 .LVU265
 6190 055f 00       		.uleb128 .LVU265
 6191 0560 00       		.uleb128 .LVU267
 6192 0561 00       		.uleb128 .LVU267
 6193 0562 00       		.uleb128 .LVU278
 6194 0563 00       		.uleb128 .LVU278
 6195 0564 00       		.uleb128 0
 6196              	.LLST52:
ARM GAS  /var/folders/65/xyhbx3_n6nd_hs7j3p9nfwv80000gn/T//cc2oMwwL.s 			page 117


 6197 0565 00000000 		.4byte	.LVL119
 6198 0569 0F000000 		.4byte	.LVL120-1
 6199 056d 0100     		.2byte	0x1
 6200 056f 52       		.byte	0x52
 6201 0570 0F000000 		.4byte	.LVL120-1
 6202 0574 1A000000 		.4byte	.LVL121
 6203 0578 0100     		.2byte	0x1
 6204 057a 55       		.byte	0x55
 6205 057b 1A000000 		.4byte	.LVL121
 6206 057f 24000000 		.4byte	.LVL123
 6207 0583 0300     		.2byte	0x3
 6208 0585 75       		.byte	0x75
 6209 0586 01       		.sleb128 1
 6210 0587 9F       		.byte	0x9f
 6211 0588 24000000 		.4byte	.LVL123
 6212 058c 48000000 		.4byte	.LVL129
 6213 0590 0400     		.2byte	0x4
 6214 0592 F3       		.byte	0xf3
 6215 0593 01       		.uleb128 0x1
 6216 0594 52       		.byte	0x52
 6217 0595 9F       		.byte	0x9f
 6218 0596 48000000 		.4byte	.LVL129
 6219 059a 4E000000 		.4byte	.LFE24
 6220 059e 0100     		.2byte	0x1
 6221 05a0 52       		.byte	0x52
 6222 05a1 00000000 		.4byte	0
 6223 05a5 00000000 		.4byte	0
 6224              	.LVUS53:
 6225 05a9 00       		.uleb128 .LVU259
 6226 05aa 00       		.uleb128 .LVU267
 6227              	.LLST53:
 6228 05ab 10000000 		.4byte	.LVL120
 6229 05af 24000000 		.4byte	.LVL123
 6230 05b3 0100     		.2byte	0x1
 6231 05b5 50       		.byte	0x50
 6232 05b6 00000000 		.4byte	0
 6233 05ba 00000000 		.4byte	0
 6234              	.LVUS54:
 6235 05be 02       		.uleb128 .LVU261
 6236 05bf 00       		.uleb128 .LVU265
 6237 05c0 00       		.uleb128 .LVU265
 6238 05c1 00       		.uleb128 .LVU267
 6239 05c2 00       		.uleb128 .LVU267
 6240 05c3 00       		.uleb128 .LVU268
 6241 05c4 00       		.uleb128 .LVU269
 6242 05c5 01       		.uleb128 .LVU271
 6243 05c6 01       		.uleb128 .LVU271
 6244 05c7 00       		.uleb128 .LVU273
 6245              	.LLST54:
 6246 05c8 10000000 		.4byte	.LVL120
 6247 05cc 1A000000 		.4byte	.LVL121
 6248 05d0 0100     		.2byte	0x1
 6249 05d2 55       		.byte	0x55
 6250 05d3 1A000000 		.4byte	.LVL121
 6251 05d7 24000000 		.4byte	.LVL123
 6252 05db 0300     		.2byte	0x3
 6253 05dd 75       		.byte	0x75
ARM GAS  /var/folders/65/xyhbx3_n6nd_hs7j3p9nfwv80000gn/T//cc2oMwwL.s 			page 118


 6254 05de 01       		.sleb128 1
 6255 05df 9F       		.byte	0x9f
 6256 05e0 24000000 		.4byte	.LVL123
 6257 05e4 28000000 		.4byte	.LVL124
 6258 05e8 0900     		.2byte	0x9
 6259 05ea 74       		.byte	0x74
 6260 05eb 00       		.sleb128 0
 6261 05ec F3       		.byte	0xf3
 6262 05ed 01       		.uleb128 0x1
 6263 05ee 50       		.byte	0x50
 6264 05ef 1C       		.byte	0x1c
 6265 05f0 23       		.byte	0x23
 6266 05f1 01       		.uleb128 0x1
 6267 05f2 9F       		.byte	0x9f
 6268 05f3 2C000000 		.4byte	.LVL125
 6269 05f7 36000000 		.4byte	.LVL126
 6270 05fb 0100     		.2byte	0x1
 6271 05fd 55       		.byte	0x55
 6272 05fe 36000000 		.4byte	.LVL126
 6273 0602 3A000000 		.4byte	.LVL127
 6274 0606 0900     		.2byte	0x9
 6275 0608 74       		.byte	0x74
 6276 0609 00       		.sleb128 0
 6277 060a F3       		.byte	0xf3
 6278 060b 01       		.uleb128 0x1
 6279 060c 50       		.byte	0x50
 6280 060d 1C       		.byte	0x1c
 6281 060e 23       		.byte	0x23
 6282 060f 01       		.uleb128 0x1
 6283 0610 9F       		.byte	0x9f
 6284 0611 00000000 		.4byte	0
 6285 0615 00000000 		.4byte	0
 6286              	.LLST43:
 6287 0619 00000000 		.4byte	.LFB23
 6288 061d 06000000 		.4byte	.LCFI13
 6289 0621 0200     		.2byte	0x2
 6290 0623 7D       		.byte	0x7d
 6291 0624 00       		.sleb128 0
 6292 0625 06000000 		.4byte	.LCFI13
 6293 0629 48000000 		.4byte	.LCFI14
 6294 062d 0200     		.2byte	0x2
 6295 062f 7D       		.byte	0x7d
 6296 0630 18       		.sleb128 24
 6297 0631 48000000 		.4byte	.LCFI14
 6298 0635 4E000000 		.4byte	.LFE23
 6299 0639 0200     		.2byte	0x2
 6300 063b 7D       		.byte	0x7d
 6301 063c 00       		.sleb128 0
 6302 063d 00000000 		.4byte	0
 6303 0641 00000000 		.4byte	0
 6304              	.LVUS44:
 6305 0645 00       		.uleb128 0
 6306 0646 00       		.uleb128 .LVU233
 6307 0647 00       		.uleb128 .LVU233
 6308 0648 00       		.uleb128 .LVU238
 6309 0649 00       		.uleb128 .LVU238
 6310 064a 00       		.uleb128 .LVU239
ARM GAS  /var/folders/65/xyhbx3_n6nd_hs7j3p9nfwv80000gn/T//cc2oMwwL.s 			page 119


 6311 064b 00       		.uleb128 .LVU239
 6312 064c 00       		.uleb128 .LVU251
 6313 064d 00       		.uleb128 .LVU251
 6314 064e 00       		.uleb128 .LVU252
 6315 064f 00       		.uleb128 .LVU252
 6316 0650 00       		.uleb128 0
 6317              	.LLST44:
 6318 0651 00000000 		.4byte	.LVL108
 6319 0655 11000000 		.4byte	.LVL109-1
 6320 0659 0100     		.2byte	0x1
 6321 065b 50       		.byte	0x50
 6322 065c 11000000 		.4byte	.LVL109-1
 6323 0660 22000000 		.4byte	.LVL111
 6324 0664 0100     		.2byte	0x1
 6325 0666 54       		.byte	0x54
 6326 0667 22000000 		.4byte	.LVL111
 6327 066b 24000000 		.4byte	.LVL112
 6328 066f 0300     		.2byte	0x3
 6329 0671 73       		.byte	0x73
 6330 0672 01       		.sleb128 1
 6331 0673 9F       		.byte	0x9f
 6332 0674 24000000 		.4byte	.LVL112
 6333 0678 48000000 		.4byte	.LVL117
 6334 067c 0400     		.2byte	0x4
 6335 067e F3       		.byte	0xf3
 6336 067f 01       		.uleb128 0x1
 6337 0680 50       		.byte	0x50
 6338 0681 9F       		.byte	0x9f
 6339 0682 48000000 		.4byte	.LVL117
 6340 0686 4C000000 		.4byte	.LVL118
 6341 068a 0100     		.2byte	0x1
 6342 068c 50       		.byte	0x50
 6343 068d 4C000000 		.4byte	.LVL118
 6344 0691 4E000000 		.4byte	.LFE23
 6345 0695 0400     		.2byte	0x4
 6346 0697 F3       		.byte	0xf3
 6347 0698 01       		.uleb128 0x1
 6348 0699 50       		.byte	0x50
 6349 069a 9F       		.byte	0x9f
 6350 069b 00000000 		.4byte	0
 6351 069f 00000000 		.4byte	0
 6352              	.LVUS45:
 6353 06a3 00       		.uleb128 0
 6354 06a4 00       		.uleb128 .LVU233
 6355 06a5 00       		.uleb128 .LVU233
 6356 06a6 00       		.uleb128 .LVU251
 6357 06a7 00       		.uleb128 .LVU251
 6358 06a8 00       		.uleb128 0
 6359              	.LLST45:
 6360 06a9 00000000 		.4byte	.LVL108
 6361 06ad 11000000 		.4byte	.LVL109-1
 6362 06b1 0100     		.2byte	0x1
 6363 06b3 51       		.byte	0x51
 6364 06b4 11000000 		.4byte	.LVL109-1
 6365 06b8 48000000 		.4byte	.LVL117
 6366 06bc 0100     		.2byte	0x1
 6367 06be 55       		.byte	0x55
ARM GAS  /var/folders/65/xyhbx3_n6nd_hs7j3p9nfwv80000gn/T//cc2oMwwL.s 			page 120


 6368 06bf 48000000 		.4byte	.LVL117
 6369 06c3 4E000000 		.4byte	.LFE23
 6370 06c7 0100     		.2byte	0x1
 6371 06c9 51       		.byte	0x51
 6372 06ca 00000000 		.4byte	0
 6373 06ce 00000000 		.4byte	0
 6374              	.LVUS46:
 6375 06d2 00       		.uleb128 0
 6376 06d3 00       		.uleb128 .LVU233
 6377 06d4 00       		.uleb128 .LVU233
 6378 06d5 00       		.uleb128 .LVU237
 6379 06d6 00       		.uleb128 .LVU237
 6380 06d7 00       		.uleb128 .LVU239
 6381 06d8 00       		.uleb128 .LVU239
 6382 06d9 00       		.uleb128 .LVU251
 6383 06da 00       		.uleb128 .LVU251
 6384 06db 00       		.uleb128 0
 6385              	.LLST46:
 6386 06dc 00000000 		.4byte	.LVL108
 6387 06e0 11000000 		.4byte	.LVL109-1
 6388 06e4 0100     		.2byte	0x1
 6389 06e6 52       		.byte	0x52
 6390 06e7 11000000 		.4byte	.LVL109-1
 6391 06eb 1A000000 		.4byte	.LVL110
 6392 06ef 0100     		.2byte	0x1
 6393 06f1 56       		.byte	0x56
 6394 06f2 1A000000 		.4byte	.LVL110
 6395 06f6 24000000 		.4byte	.LVL112
 6396 06fa 0300     		.2byte	0x3
 6397 06fc 76       		.byte	0x76
 6398 06fd 01       		.sleb128 1
 6399 06fe 9F       		.byte	0x9f
 6400 06ff 24000000 		.4byte	.LVL112
 6401 0703 48000000 		.4byte	.LVL117
 6402 0707 0400     		.2byte	0x4
 6403 0709 F3       		.byte	0xf3
 6404 070a 01       		.uleb128 0x1
 6405 070b 52       		.byte	0x52
 6406 070c 9F       		.byte	0x9f
 6407 070d 48000000 		.4byte	.LVL117
 6408 0711 4E000000 		.4byte	.LFE23
 6409 0715 0100     		.2byte	0x1
 6410 0717 52       		.byte	0x52
 6411 0718 00000000 		.4byte	0
 6412 071c 00000000 		.4byte	0
 6413              	.LVUS47:
 6414 0720 00       		.uleb128 .LVU233
 6415 0721 00       		.uleb128 .LVU239
 6416              	.LLST47:
 6417 0722 12000000 		.4byte	.LVL109
 6418 0726 24000000 		.4byte	.LVL112
 6419 072a 0100     		.2byte	0x1
 6420 072c 50       		.byte	0x50
 6421 072d 00000000 		.4byte	0
 6422 0731 00000000 		.4byte	0
 6423              	.LVUS48:
 6424 0735 02       		.uleb128 .LVU235
ARM GAS  /var/folders/65/xyhbx3_n6nd_hs7j3p9nfwv80000gn/T//cc2oMwwL.s 			page 121


 6425 0736 00       		.uleb128 .LVU237
 6426 0737 00       		.uleb128 .LVU237
 6427 0738 00       		.uleb128 .LVU239
 6428 0739 00       		.uleb128 .LVU239
 6429 073a 00       		.uleb128 .LVU240
 6430 073b 00       		.uleb128 .LVU241
 6431 073c 01       		.uleb128 .LVU244
 6432 073d 01       		.uleb128 .LVU244
 6433 073e 00       		.uleb128 .LVU249
 6434              	.LLST48:
 6435 073f 12000000 		.4byte	.LVL109
 6436 0743 1A000000 		.4byte	.LVL110
 6437 0747 0100     		.2byte	0x1
 6438 0749 56       		.byte	0x56
 6439 074a 1A000000 		.4byte	.LVL110
 6440 074e 24000000 		.4byte	.LVL112
 6441 0752 0300     		.2byte	0x3
 6442 0754 76       		.byte	0x76
 6443 0755 01       		.sleb128 1
 6444 0756 9F       		.byte	0x9f
 6445 0757 24000000 		.4byte	.LVL112
 6446 075b 28000000 		.4byte	.LVL113
 6447 075f 0900     		.2byte	0x9
 6448 0761 74       		.byte	0x74
 6449 0762 00       		.sleb128 0
 6450 0763 F3       		.byte	0xf3
 6451 0764 01       		.uleb128 0x1
 6452 0765 50       		.byte	0x50
 6453 0766 1C       		.byte	0x1c
 6454 0767 23       		.byte	0x23
 6455 0768 01       		.uleb128 0x1
 6456 0769 9F       		.byte	0x9f
 6457 076a 2C000000 		.4byte	.LVL114
 6458 076e 36000000 		.4byte	.LVL115
 6459 0772 0100     		.2byte	0x1
 6460 0774 56       		.byte	0x56
 6461 0775 36000000 		.4byte	.LVL115
 6462 0779 40000000 		.4byte	.LVL116
 6463 077d 0900     		.2byte	0x9
 6464 077f 74       		.byte	0x74
 6465 0780 00       		.sleb128 0
 6466 0781 F3       		.byte	0xf3
 6467 0782 01       		.uleb128 0x1
 6468 0783 50       		.byte	0x50
 6469 0784 1C       		.byte	0x1c
 6470 0785 23       		.byte	0x23
 6471 0786 01       		.uleb128 0x1
 6472 0787 9F       		.byte	0x9f
 6473 0788 00000000 		.4byte	0
 6474 078c 00000000 		.4byte	0
 6475              	.LLST37:
 6476 0790 00000000 		.4byte	.LFB22
 6477 0794 04000000 		.4byte	.LCFI11
 6478 0798 0200     		.2byte	0x2
 6479 079a 7D       		.byte	0x7d
 6480 079b 00       		.sleb128 0
 6481 079c 04000000 		.4byte	.LCFI11
ARM GAS  /var/folders/65/xyhbx3_n6nd_hs7j3p9nfwv80000gn/T//cc2oMwwL.s 			page 122


 6482 07a0 28000000 		.4byte	.LCFI12
 6483 07a4 0200     		.2byte	0x2
 6484 07a6 7D       		.byte	0x7d
 6485 07a7 10       		.sleb128 16
 6486 07a8 28000000 		.4byte	.LCFI12
 6487 07ac 2E000000 		.4byte	.LFE22
 6488 07b0 0200     		.2byte	0x2
 6489 07b2 7D       		.byte	0x7d
 6490 07b3 00       		.sleb128 0
 6491 07b4 00000000 		.4byte	0
 6492 07b8 00000000 		.4byte	0
 6493              	.LVUS38:
 6494 07bc 00       		.uleb128 0
 6495 07bd 00       		.uleb128 .LVU212
 6496 07be 00       		.uleb128 .LVU212
 6497 07bf 00       		.uleb128 .LVU222
 6498 07c0 00       		.uleb128 .LVU222
 6499 07c1 00       		.uleb128 .LVU224
 6500 07c2 00       		.uleb128 .LVU224
 6501 07c3 00       		.uleb128 .LVU225
 6502 07c4 00       		.uleb128 .LVU225
 6503 07c5 00       		.uleb128 0
 6504              	.LLST38:
 6505 07c6 00000000 		.4byte	.LVL100
 6506 07ca 0F000000 		.4byte	.LVL101-1
 6507 07ce 0100     		.2byte	0x1
 6508 07d0 50       		.byte	0x50
 6509 07d1 0F000000 		.4byte	.LVL101-1
 6510 07d5 22000000 		.4byte	.LVL105
 6511 07d9 0100     		.2byte	0x1
 6512 07db 54       		.byte	0x54
 6513 07dc 22000000 		.4byte	.LVL105
 6514 07e0 28000000 		.4byte	.LVL106
 6515 07e4 0400     		.2byte	0x4
 6516 07e6 F3       		.byte	0xf3
 6517 07e7 01       		.uleb128 0x1
 6518 07e8 50       		.byte	0x50
 6519 07e9 9F       		.byte	0x9f
 6520 07ea 28000000 		.4byte	.LVL106
 6521 07ee 2C000000 		.4byte	.LVL107
 6522 07f2 0100     		.2byte	0x1
 6523 07f4 50       		.byte	0x50
 6524 07f5 2C000000 		.4byte	.LVL107
 6525 07f9 2E000000 		.4byte	.LFE22
 6526 07fd 0400     		.2byte	0x4
 6527 07ff F3       		.byte	0xf3
 6528 0800 01       		.uleb128 0x1
 6529 0801 50       		.byte	0x50
 6530 0802 9F       		.byte	0x9f
 6531 0803 00000000 		.4byte	0
 6532 0807 00000000 		.4byte	0
 6533              	.LVUS39:
 6534 080b 00       		.uleb128 0
 6535 080c 00       		.uleb128 .LVU212
 6536 080d 00       		.uleb128 .LVU212
 6537 080e 00       		.uleb128 .LVU224
 6538 080f 00       		.uleb128 .LVU224
ARM GAS  /var/folders/65/xyhbx3_n6nd_hs7j3p9nfwv80000gn/T//cc2oMwwL.s 			page 123


 6539 0810 00       		.uleb128 0
 6540              	.LLST39:
 6541 0811 00000000 		.4byte	.LVL100
 6542 0815 0F000000 		.4byte	.LVL101-1
 6543 0819 0100     		.2byte	0x1
 6544 081b 51       		.byte	0x51
 6545 081c 0F000000 		.4byte	.LVL101-1
 6546 0820 28000000 		.4byte	.LVL106
 6547 0824 0100     		.2byte	0x1
 6548 0826 55       		.byte	0x55
 6549 0827 28000000 		.4byte	.LVL106
 6550 082b 2E000000 		.4byte	.LFE22
 6551 082f 0100     		.2byte	0x1
 6552 0831 51       		.byte	0x51
 6553 0832 00000000 		.4byte	0
 6554 0836 00000000 		.4byte	0
 6555              	.LVUS40:
 6556 083a 00       		.uleb128 0
 6557 083b 00       		.uleb128 .LVU212
 6558 083c 00       		.uleb128 .LVU212
 6559 083d 00       		.uleb128 .LVU222
 6560 083e 00       		.uleb128 .LVU222
 6561 083f 00       		.uleb128 .LVU224
 6562 0840 00       		.uleb128 .LVU224
 6563 0841 00       		.uleb128 0
 6564              	.LLST40:
 6565 0842 00000000 		.4byte	.LVL100
 6566 0846 0F000000 		.4byte	.LVL101-1
 6567 084a 0100     		.2byte	0x1
 6568 084c 52       		.byte	0x52
 6569 084d 0F000000 		.4byte	.LVL101-1
 6570 0851 22000000 		.4byte	.LVL105
 6571 0855 0100     		.2byte	0x1
 6572 0857 56       		.byte	0x56
 6573 0858 22000000 		.4byte	.LVL105
 6574 085c 28000000 		.4byte	.LVL106
 6575 0860 0400     		.2byte	0x4
 6576 0862 F3       		.byte	0xf3
 6577 0863 01       		.uleb128 0x1
 6578 0864 52       		.byte	0x52
 6579 0865 9F       		.byte	0x9f
 6580 0866 28000000 		.4byte	.LVL106
 6581 086a 2E000000 		.4byte	.LFE22
 6582 086e 0100     		.2byte	0x1
 6583 0870 52       		.byte	0x52
 6584 0871 00000000 		.4byte	0
 6585 0875 00000000 		.4byte	0
 6586              	.LVUS41:
 6587 0879 00       		.uleb128 .LVU212
 6588 087a 00       		.uleb128 .LVU216
 6589              	.LLST41:
 6590 087b 10000000 		.4byte	.LVL101
 6591 087f 18000000 		.4byte	.LVL102
 6592 0883 0100     		.2byte	0x1
 6593 0885 50       		.byte	0x50
 6594 0886 00000000 		.4byte	0
 6595 088a 00000000 		.4byte	0
ARM GAS  /var/folders/65/xyhbx3_n6nd_hs7j3p9nfwv80000gn/T//cc2oMwwL.s 			page 124


 6596              	.LVUS42:
 6597 088e 00       		.uleb128 .LVU217
 6598 088f 00       		.uleb128 .LVU221
 6599              	.LLST42:
 6600 0890 1C000000 		.4byte	.LVL103
 6601 0894 20000000 		.4byte	.LVL104
 6602 0898 0100     		.2byte	0x1
 6603 089a 50       		.byte	0x50
 6604 089b 00000000 		.4byte	0
 6605 089f 00000000 		.4byte	0
 6606              	.LLST32:
 6607 08a3 00000000 		.4byte	.LFB21
 6608 08a7 04000000 		.4byte	.LCFI9
 6609 08ab 0200     		.2byte	0x2
 6610 08ad 7D       		.byte	0x7d
 6611 08ae 00       		.sleb128 0
 6612 08af 04000000 		.4byte	.LCFI9
 6613 08b3 3A000000 		.4byte	.LCFI10
 6614 08b7 0200     		.2byte	0x2
 6615 08b9 7D       		.byte	0x7d
 6616 08ba 18       		.sleb128 24
 6617 08bb 3A000000 		.4byte	.LCFI10
 6618 08bf 3E000000 		.4byte	.LFE21
 6619 08c3 0200     		.2byte	0x2
 6620 08c5 7D       		.byte	0x7d
 6621 08c6 00       		.sleb128 0
 6622 08c7 00000000 		.4byte	0
 6623 08cb 00000000 		.4byte	0
 6624              	.LVUS33:
 6625 08cf 00       		.uleb128 0
 6626 08d0 00       		.uleb128 .LVU188
 6627 08d1 00       		.uleb128 .LVU188
 6628 08d2 00       		.uleb128 .LVU201
 6629 08d3 00       		.uleb128 .LVU201
 6630 08d4 00       		.uleb128 .LVU202
 6631 08d5 00       		.uleb128 .LVU202
 6632 08d6 00       		.uleb128 .LVU203
 6633 08d7 00       		.uleb128 .LVU203
 6634 08d8 00       		.uleb128 .LVU204
 6635 08d9 00       		.uleb128 .LVU204
 6636 08da 00       		.uleb128 0
 6637              	.LLST33:
 6638 08db 00000000 		.4byte	.LVL88
 6639 08df 13000000 		.4byte	.LVL89-1
 6640 08e3 0100     		.2byte	0x1
 6641 08e5 50       		.byte	0x50
 6642 08e6 13000000 		.4byte	.LVL89-1
 6643 08ea 36000000 		.4byte	.LVL96
 6644 08ee 0100     		.2byte	0x1
 6645 08f0 56       		.byte	0x56
 6646 08f1 36000000 		.4byte	.LVL96
 6647 08f5 38000000 		.4byte	.LVL97
 6648 08f9 0100     		.2byte	0x1
 6649 08fb 50       		.byte	0x50
 6650 08fc 38000000 		.4byte	.LVL97
 6651 0900 3A000000 		.4byte	.LVL98
 6652 0904 0400     		.2byte	0x4
ARM GAS  /var/folders/65/xyhbx3_n6nd_hs7j3p9nfwv80000gn/T//cc2oMwwL.s 			page 125


 6653 0906 F3       		.byte	0xf3
 6654 0907 01       		.uleb128 0x1
 6655 0908 50       		.byte	0x50
 6656 0909 9F       		.byte	0x9f
 6657 090a 3A000000 		.4byte	.LVL98
 6658 090e 3C000000 		.4byte	.LVL99
 6659 0912 0100     		.2byte	0x1
 6660 0914 50       		.byte	0x50
 6661 0915 3C000000 		.4byte	.LVL99
 6662 0919 3E000000 		.4byte	.LFE21
 6663 091d 0400     		.2byte	0x4
 6664 091f F3       		.byte	0xf3
 6665 0920 01       		.uleb128 0x1
 6666 0921 50       		.byte	0x50
 6667 0922 9F       		.byte	0x9f
 6668 0923 00000000 		.4byte	0
 6669 0927 00000000 		.4byte	0
 6670              	.LVUS34:
 6671 092b 00       		.uleb128 0
 6672 092c 00       		.uleb128 .LVU188
 6673 092d 00       		.uleb128 .LVU188
 6674 092e 00       		.uleb128 .LVU201
 6675 092f 00       		.uleb128 .LVU201
 6676 0930 00       		.uleb128 0
 6677              	.LLST34:
 6678 0931 00000000 		.4byte	.LVL88
 6679 0935 13000000 		.4byte	.LVL89-1
 6680 0939 0100     		.2byte	0x1
 6681 093b 51       		.byte	0x51
 6682 093c 13000000 		.4byte	.LVL89-1
 6683 0940 36000000 		.4byte	.LVL96
 6684 0944 0100     		.2byte	0x1
 6685 0946 55       		.byte	0x55
 6686 0947 36000000 		.4byte	.LVL96
 6687 094b 3E000000 		.4byte	.LFE21
 6688 094f 0100     		.2byte	0x1
 6689 0951 51       		.byte	0x51
 6690 0952 00000000 		.4byte	0
 6691 0956 00000000 		.4byte	0
 6692              	.LVUS35:
 6693 095a 00       		.uleb128 .LVU190
 6694 095b 00       		.uleb128 .LVU201
 6695              	.LLST35:
 6696 095c 18000000 		.4byte	.LVL90
 6697 0960 36000000 		.4byte	.LVL96
 6698 0964 0100     		.2byte	0x1
 6699 0966 57       		.byte	0x57
 6700 0967 00000000 		.4byte	0
 6701 096b 00000000 		.4byte	0
 6702              	.LVUS36:
 6703 096f 00       		.uleb128 .LVU192
 6704 0970 00       		.uleb128 .LVU196
 6705 0971 00       		.uleb128 .LVU199
 6706 0972 00       		.uleb128 .LVU200
 6707              	.LLST36:
 6708 0973 1C000000 		.4byte	.LVL91
 6709 0977 22000000 		.4byte	.LVL92
ARM GAS  /var/folders/65/xyhbx3_n6nd_hs7j3p9nfwv80000gn/T//cc2oMwwL.s 			page 126


 6710 097b 0100     		.2byte	0x1
 6711 097d 50       		.byte	0x50
 6712 097e 32000000 		.4byte	.LVL94
 6713 0982 34000000 		.4byte	.LVL95
 6714 0986 0100     		.2byte	0x1
 6715 0988 50       		.byte	0x50
 6716 0989 00000000 		.4byte	0
 6717 098d 00000000 		.4byte	0
 6718              	.LLST26:
 6719 0991 00000000 		.4byte	.LFB20
 6720 0995 0A000000 		.4byte	.LCFI5
 6721 0999 0200     		.2byte	0x2
 6722 099b 7D       		.byte	0x7d
 6723 099c 00       		.sleb128 0
 6724 099d 0A000000 		.4byte	.LCFI5
 6725 09a1 42000000 		.4byte	.LCFI6
 6726 09a5 0200     		.2byte	0x2
 6727 09a7 7D       		.byte	0x7d
 6728 09a8 0C       		.sleb128 12
 6729 09a9 42000000 		.4byte	.LCFI6
 6730 09ad 48000000 		.4byte	.LCFI7
 6731 09b1 0200     		.2byte	0x2
 6732 09b3 7D       		.byte	0x7d
 6733 09b4 00       		.sleb128 0
 6734 09b5 48000000 		.4byte	.LCFI7
 6735 09b9 4C000000 		.4byte	.LCFI8
 6736 09bd 0200     		.2byte	0x2
 6737 09bf 7D       		.byte	0x7d
 6738 09c0 0C       		.sleb128 12
 6739 09c1 4C000000 		.4byte	.LCFI8
 6740 09c5 58000000 		.4byte	.LFE20
 6741 09c9 0200     		.2byte	0x2
 6742 09cb 7D       		.byte	0x7d
 6743 09cc 00       		.sleb128 0
 6744 09cd 00000000 		.4byte	0
 6745 09d1 00000000 		.4byte	0
 6746              	.LVUS27:
 6747 09d5 00       		.uleb128 0
 6748 09d6 00       		.uleb128 .LVU156
 6749 09d7 00       		.uleb128 .LVU156
 6750 09d8 00       		.uleb128 .LVU174
 6751 09d9 00       		.uleb128 .LVU174
 6752 09da 00       		.uleb128 .LVU175
 6753 09db 00       		.uleb128 .LVU175
 6754 09dc 00       		.uleb128 .LVU179
 6755 09dd 00       		.uleb128 .LVU179
 6756 09de 00       		.uleb128 .LVU180
 6757 09df 00       		.uleb128 .LVU180
 6758 09e0 00       		.uleb128 0
 6759              	.LLST27:
 6760 09e1 00000000 		.4byte	.LVL73
 6761 09e5 10000000 		.4byte	.LVL75
 6762 09e9 0100     		.2byte	0x1
 6763 09eb 50       		.byte	0x50
 6764 09ec 10000000 		.4byte	.LVL75
 6765 09f0 44000000 		.4byte	.LVL82
 6766 09f4 0400     		.2byte	0x4
ARM GAS  /var/folders/65/xyhbx3_n6nd_hs7j3p9nfwv80000gn/T//cc2oMwwL.s 			page 127


 6767 09f6 F3       		.byte	0xf3
 6768 09f7 01       		.uleb128 0x1
 6769 09f8 50       		.byte	0x50
 6770 09f9 9F       		.byte	0x9f
 6771 09fa 44000000 		.4byte	.LVL82
 6772 09fe 46000000 		.4byte	.LVL83
 6773 0a02 0100     		.2byte	0x1
 6774 0a04 50       		.byte	0x50
 6775 0a05 46000000 		.4byte	.LVL83
 6776 0a09 4E000000 		.4byte	.LVL86
 6777 0a0d 0400     		.2byte	0x4
 6778 0a0f F3       		.byte	0xf3
 6779 0a10 01       		.uleb128 0x1
 6780 0a11 50       		.byte	0x50
 6781 0a12 9F       		.byte	0x9f
 6782 0a13 4E000000 		.4byte	.LVL86
 6783 0a17 50000000 		.4byte	.LVL87
 6784 0a1b 0100     		.2byte	0x1
 6785 0a1d 50       		.byte	0x50
 6786 0a1e 50000000 		.4byte	.LVL87
 6787 0a22 58000000 		.4byte	.LFE20
 6788 0a26 0400     		.2byte	0x4
 6789 0a28 F3       		.byte	0xf3
 6790 0a29 01       		.uleb128 0x1
 6791 0a2a 50       		.byte	0x50
 6792 0a2b 9F       		.byte	0x9f
 6793 0a2c 00000000 		.4byte	0
 6794 0a30 00000000 		.4byte	0
 6795              	.LVUS28:
 6796 0a34 00       		.uleb128 0
 6797 0a35 00       		.uleb128 .LVU156
 6798 0a36 00       		.uleb128 .LVU156
 6799 0a37 00       		.uleb128 .LVU174
 6800 0a38 00       		.uleb128 .LVU174
 6801 0a39 00       		.uleb128 .LVU176
 6802 0a3a 00       		.uleb128 .LVU176
 6803 0a3b 00       		.uleb128 .LVU179
 6804 0a3c 00       		.uleb128 .LVU179
 6805 0a3d 00       		.uleb128 0
 6806              	.LLST28:
 6807 0a3e 00000000 		.4byte	.LVL73
 6808 0a42 10000000 		.4byte	.LVL75
 6809 0a46 0100     		.2byte	0x1
 6810 0a48 51       		.byte	0x51
 6811 0a49 10000000 		.4byte	.LVL75
 6812 0a4d 44000000 		.4byte	.LVL82
 6813 0a51 0400     		.2byte	0x4
 6814 0a53 F3       		.byte	0xf3
 6815 0a54 01       		.uleb128 0x1
 6816 0a55 51       		.byte	0x51
 6817 0a56 9F       		.byte	0x9f
 6818 0a57 44000000 		.4byte	.LVL82
 6819 0a5b 48000000 		.4byte	.LVL84
 6820 0a5f 0100     		.2byte	0x1
 6821 0a61 51       		.byte	0x51
 6822 0a62 48000000 		.4byte	.LVL84
 6823 0a66 4E000000 		.4byte	.LVL86
ARM GAS  /var/folders/65/xyhbx3_n6nd_hs7j3p9nfwv80000gn/T//cc2oMwwL.s 			page 128


 6824 0a6a 0400     		.2byte	0x4
 6825 0a6c F3       		.byte	0xf3
 6826 0a6d 01       		.uleb128 0x1
 6827 0a6e 51       		.byte	0x51
 6828 0a6f 9F       		.byte	0x9f
 6829 0a70 4E000000 		.4byte	.LVL86
 6830 0a74 58000000 		.4byte	.LFE20
 6831 0a78 0100     		.2byte	0x1
 6832 0a7a 51       		.byte	0x51
 6833 0a7b 00000000 		.4byte	0
 6834 0a7f 00000000 		.4byte	0
 6835              	.LVUS29:
 6836 0a83 00       		.uleb128 .LVU152
 6837 0a84 00       		.uleb128 .LVU156
 6838 0a85 00       		.uleb128 .LVU156
 6839 0a86 00       		.uleb128 .LVU160
 6840 0a87 00       		.uleb128 .LVU160
 6841 0a88 01       		.uleb128 .LVU169
 6842 0a89 01       		.uleb128 .LVU169
 6843 0a8a 00       		.uleb128 .LVU173
 6844 0a8b 00       		.uleb128 .LVU176
 6845 0a8c 00       		.uleb128 .LVU178
 6846 0a8d 00       		.uleb128 .LVU179
 6847 0a8e 00       		.uleb128 0
 6848              	.LLST29:
 6849 0a8f 04000000 		.4byte	.LVL74
 6850 0a93 10000000 		.4byte	.LVL75
 6851 0a97 0200     		.2byte	0x2
 6852 0a99 30       		.byte	0x30
 6853 0a9a 9F       		.byte	0x9f
 6854 0a9b 10000000 		.4byte	.LVL75
 6855 0a9f 1A000000 		.4byte	.LVL78
 6856 0aa3 0900     		.2byte	0x9
 6857 0aa5 74       		.byte	0x74
 6858 0aa6 00       		.sleb128 0
 6859 0aa7 F3       		.byte	0xf3
 6860 0aa8 01       		.uleb128 0x1
 6861 0aa9 50       		.byte	0x50
 6862 0aaa 1C       		.byte	0x1c
 6863 0aab 23       		.byte	0x23
 6864 0aac 01       		.uleb128 0x1
 6865 0aad 9F       		.byte	0x9f
 6866 0aae 1A000000 		.4byte	.LVL78
 6867 0ab2 3A000000 		.4byte	.LVL80
 6868 0ab6 0700     		.2byte	0x7
 6869 0ab8 74       		.byte	0x74
 6870 0ab9 00       		.sleb128 0
 6871 0aba F3       		.byte	0xf3
 6872 0abb 01       		.uleb128 0x1
 6873 0abc 50       		.byte	0x50
 6874 0abd 1C       		.byte	0x1c
 6875 0abe 9F       		.byte	0x9f
 6876 0abf 3A000000 		.4byte	.LVL80
 6877 0ac3 42000000 		.4byte	.LVL81
 6878 0ac7 0900     		.2byte	0x9
 6879 0ac9 74       		.byte	0x74
 6880 0aca 00       		.sleb128 0
ARM GAS  /var/folders/65/xyhbx3_n6nd_hs7j3p9nfwv80000gn/T//cc2oMwwL.s 			page 129


 6881 0acb F3       		.byte	0xf3
 6882 0acc 01       		.uleb128 0x1
 6883 0acd 50       		.byte	0x50
 6884 0ace 1C       		.byte	0x1c
 6885 0acf 23       		.byte	0x23
 6886 0ad0 01       		.uleb128 0x1
 6887 0ad1 9F       		.byte	0x9f
 6888 0ad2 48000000 		.4byte	.LVL84
 6889 0ad6 4C000000 		.4byte	.LVL85
 6890 0ada 0900     		.2byte	0x9
 6891 0adc 74       		.byte	0x74
 6892 0add 00       		.sleb128 0
 6893 0ade F3       		.byte	0xf3
 6894 0adf 01       		.uleb128 0x1
 6895 0ae0 50       		.byte	0x50
 6896 0ae1 1C       		.byte	0x1c
 6897 0ae2 23       		.byte	0x23
 6898 0ae3 01       		.uleb128 0x1
 6899 0ae4 9F       		.byte	0x9f
 6900 0ae5 4E000000 		.4byte	.LVL86
 6901 0ae9 58000000 		.4byte	.LFE20
 6902 0aed 0200     		.2byte	0x2
 6903 0aef 30       		.byte	0x30
 6904 0af0 9F       		.byte	0x9f
 6905 0af1 00000000 		.4byte	0
 6906 0af5 00000000 		.4byte	0
 6907              	.LVUS30:
 6908 0af9 00       		.uleb128 .LVU156
 6909 0afa 00       		.uleb128 .LVU158
 6910 0afb 00       		.uleb128 .LVU160
 6911 0afc 00       		.uleb128 .LVU167
 6912 0afd 00       		.uleb128 .LVU167
 6913 0afe 00       		.uleb128 .LVU173
 6914 0aff 00       		.uleb128 .LVU176
 6915 0b00 00       		.uleb128 .LVU178
 6916              	.LLST30:
 6917 0b01 10000000 		.4byte	.LVL75
 6918 0b05 16000000 		.4byte	.LVL77
 6919 0b09 0200     		.2byte	0x2
 6920 0b0b 74       		.byte	0x74
 6921 0b0c 00       		.sleb128 0
 6922 0b0d 1A000000 		.4byte	.LVL78
 6923 0b11 32000000 		.4byte	.LVL79
 6924 0b15 0100     		.2byte	0x1
 6925 0b17 50       		.byte	0x50
 6926 0b18 32000000 		.4byte	.LVL79
 6927 0b1c 42000000 		.4byte	.LVL81
 6928 0b20 0200     		.2byte	0x2
 6929 0b22 74       		.byte	0x74
 6930 0b23 00       		.sleb128 0
 6931 0b24 48000000 		.4byte	.LVL84
 6932 0b28 4C000000 		.4byte	.LVL85
 6933 0b2c 0200     		.2byte	0x2
 6934 0b2e 74       		.byte	0x74
 6935 0b2f 00       		.sleb128 0
 6936 0b30 00000000 		.4byte	0
 6937 0b34 00000000 		.4byte	0
ARM GAS  /var/folders/65/xyhbx3_n6nd_hs7j3p9nfwv80000gn/T//cc2oMwwL.s 			page 130


 6938              	.LVUS31:
 6939 0b38 00       		.uleb128 .LVU156
 6940 0b39 00       		.uleb128 .LVU157
 6941 0b3a 02       		.uleb128 .LVU162
 6942 0b3b 00       		.uleb128 .LVU174
 6943              	.LLST31:
 6944 0b3c 10000000 		.4byte	.LVL75
 6945 0b40 14000000 		.4byte	.LVL76
 6946 0b44 0100     		.2byte	0x1
 6947 0b46 53       		.byte	0x53
 6948 0b47 1A000000 		.4byte	.LVL78
 6949 0b4b 44000000 		.4byte	.LVL82
 6950 0b4f 0100     		.2byte	0x1
 6951 0b51 53       		.byte	0x53
 6952 0b52 00000000 		.4byte	0
 6953 0b56 00000000 		.4byte	0
 6954              	.LLST22:
 6955 0b5a 00000000 		.4byte	.LFB19
 6956 0b5e 04000000 		.4byte	.LCFI3
 6957 0b62 0200     		.2byte	0x2
 6958 0b64 7D       		.byte	0x7d
 6959 0b65 00       		.sleb128 0
 6960 0b66 04000000 		.4byte	.LCFI3
 6961 0b6a 26000000 		.4byte	.LCFI4
 6962 0b6e 0200     		.2byte	0x2
 6963 0b70 7D       		.byte	0x7d
 6964 0b71 10       		.sleb128 16
 6965 0b72 26000000 		.4byte	.LCFI4
 6966 0b76 2A000000 		.4byte	.LFE19
 6967 0b7a 0200     		.2byte	0x2
 6968 0b7c 7D       		.byte	0x7d
 6969 0b7d 00       		.sleb128 0
 6970 0b7e 00000000 		.4byte	0
 6971 0b82 00000000 		.4byte	0
 6972              	.LVUS23:
 6973 0b86 00       		.uleb128 0
 6974 0b87 00       		.uleb128 .LVU137
 6975 0b88 00       		.uleb128 .LVU137
 6976 0b89 00       		.uleb128 .LVU145
 6977 0b8a 00       		.uleb128 .LVU145
 6978 0b8b 00       		.uleb128 .LVU146
 6979 0b8c 00       		.uleb128 .LVU146
 6980 0b8d 00       		.uleb128 .LVU147
 6981 0b8e 00       		.uleb128 .LVU147
 6982 0b8f 00       		.uleb128 .LVU148
 6983 0b90 00       		.uleb128 .LVU148
 6984 0b91 00       		.uleb128 0
 6985              	.LLST23:
 6986 0b92 00000000 		.4byte	.LVL63
 6987 0b96 0C000000 		.4byte	.LVL64
 6988 0b9a 0100     		.2byte	0x1
 6989 0b9c 50       		.byte	0x50
 6990 0b9d 0C000000 		.4byte	.LVL64
 6991 0ba1 22000000 		.4byte	.LVL69
 6992 0ba5 0100     		.2byte	0x1
 6993 0ba7 55       		.byte	0x55
 6994 0ba8 22000000 		.4byte	.LVL69
ARM GAS  /var/folders/65/xyhbx3_n6nd_hs7j3p9nfwv80000gn/T//cc2oMwwL.s 			page 131


 6995 0bac 24000000 		.4byte	.LVL70
 6996 0bb0 0100     		.2byte	0x1
 6997 0bb2 50       		.byte	0x50
 6998 0bb3 24000000 		.4byte	.LVL70
 6999 0bb7 26000000 		.4byte	.LVL71
 7000 0bbb 0400     		.2byte	0x4
 7001 0bbd F3       		.byte	0xf3
 7002 0bbe 01       		.uleb128 0x1
 7003 0bbf 50       		.byte	0x50
 7004 0bc0 9F       		.byte	0x9f
 7005 0bc1 26000000 		.4byte	.LVL71
 7006 0bc5 28000000 		.4byte	.LVL72
 7007 0bc9 0100     		.2byte	0x1
 7008 0bcb 50       		.byte	0x50
 7009 0bcc 28000000 		.4byte	.LVL72
 7010 0bd0 2A000000 		.4byte	.LFE19
 7011 0bd4 0400     		.2byte	0x4
 7012 0bd6 F3       		.byte	0xf3
 7013 0bd7 01       		.uleb128 0x1
 7014 0bd8 50       		.byte	0x50
 7015 0bd9 9F       		.byte	0x9f
 7016 0bda 00000000 		.4byte	0
 7017 0bde 00000000 		.4byte	0
 7018              	.LVUS24:
 7019 0be2 00       		.uleb128 0
 7020 0be3 00       		.uleb128 .LVU138
 7021 0be4 00       		.uleb128 .LVU138
 7022 0be5 00       		.uleb128 .LVU145
 7023 0be6 00       		.uleb128 .LVU145
 7024 0be7 00       		.uleb128 0
 7025              	.LLST24:
 7026 0be8 00000000 		.4byte	.LVL63
 7027 0bec 0F000000 		.4byte	.LVL65-1
 7028 0bf0 0100     		.2byte	0x1
 7029 0bf2 51       		.byte	0x51
 7030 0bf3 0F000000 		.4byte	.LVL65-1
 7031 0bf7 22000000 		.4byte	.LVL69
 7032 0bfb 0100     		.2byte	0x1
 7033 0bfd 54       		.byte	0x54
 7034 0bfe 22000000 		.4byte	.LVL69
 7035 0c02 2A000000 		.4byte	.LFE19
 7036 0c06 0100     		.2byte	0x1
 7037 0c08 51       		.byte	0x51
 7038 0c09 00000000 		.4byte	0
 7039 0c0d 00000000 		.4byte	0
 7040              	.LVUS25:
 7041 0c11 00       		.uleb128 .LVU140
 7042 0c12 00       		.uleb128 .LVU142
 7043 0c13 00       		.uleb128 .LVU142
 7044 0c14 00       		.uleb128 .LVU143
 7045              	.LLST25:
 7046 0c15 14000000 		.4byte	.LVL66
 7047 0c19 16000000 		.4byte	.LVL67
 7048 0c1d 0100     		.2byte	0x1
 7049 0c1f 50       		.byte	0x50
 7050 0c20 16000000 		.4byte	.LVL67
 7051 0c24 19000000 		.4byte	.LVL68-1
ARM GAS  /var/folders/65/xyhbx3_n6nd_hs7j3p9nfwv80000gn/T//cc2oMwwL.s 			page 132


 7052 0c28 0100     		.2byte	0x1
 7053 0c2a 52       		.byte	0x52
 7054 0c2b 00000000 		.4byte	0
 7055 0c2f 00000000 		.4byte	0
 7056              	.LLST16:
 7057 0c33 00000000 		.4byte	.LFB18
 7058 0c37 02000000 		.4byte	.LCFI2
 7059 0c3b 0200     		.2byte	0x2
 7060 0c3d 7D       		.byte	0x7d
 7061 0c3e 00       		.sleb128 0
 7062 0c3f 02000000 		.4byte	.LCFI2
 7063 0c43 68000000 		.4byte	.LFE18
 7064 0c47 0200     		.2byte	0x2
 7065 0c49 7D       		.byte	0x7d
 7066 0c4a 18       		.sleb128 24
 7067 0c4b 00000000 		.4byte	0
 7068 0c4f 00000000 		.4byte	0
 7069              	.LVUS17:
 7070 0c53 00       		.uleb128 0
 7071 0c54 00       		.uleb128 .LVU98
 7072 0c55 00       		.uleb128 .LVU98
 7073 0c56 00       		.uleb128 .LVU106
 7074 0c57 00       		.uleb128 .LVU106
 7075 0c58 00       		.uleb128 .LVU107
 7076 0c59 00       		.uleb128 .LVU107
 7077 0c5a 00       		.uleb128 .LVU117
 7078 0c5b 00       		.uleb128 .LVU122
 7079 0c5c 00       		.uleb128 .LVU127
 7080              	.LLST17:
 7081 0c5d 00000000 		.4byte	.LVL44
 7082 0c61 09000000 		.4byte	.LVL45-1
 7083 0c65 0100     		.2byte	0x1
 7084 0c67 50       		.byte	0x50
 7085 0c68 09000000 		.4byte	.LVL45-1
 7086 0c6c 26000000 		.4byte	.LVL50
 7087 0c70 0100     		.2byte	0x1
 7088 0c72 54       		.byte	0x54
 7089 0c73 26000000 		.4byte	.LVL50
 7090 0c77 28000000 		.4byte	.LVL51
 7091 0c7b 0300     		.2byte	0x3
 7092 0c7d 71       		.byte	0x71
 7093 0c7e 01       		.sleb128 1
 7094 0c7f 9F       		.byte	0x9f
 7095 0c80 28000000 		.4byte	.LVL51
 7096 0c84 44000000 		.4byte	.LVL56
 7097 0c88 0400     		.2byte	0x4
 7098 0c8a F3       		.byte	0xf3
 7099 0c8b 01       		.uleb128 0x1
 7100 0c8c 50       		.byte	0x50
 7101 0c8d 9F       		.byte	0x9f
 7102 0c8e 4A000000 		.4byte	.LVL57
 7103 0c92 5C000000 		.4byte	.LVL60
 7104 0c96 0600     		.2byte	0x6
 7105 0c98 03       		.byte	0x3
 7106 0c99 00000000 		.4byte	.LC0
 7107 0c9d 9F       		.byte	0x9f
 7108 0c9e 00000000 		.4byte	0
ARM GAS  /var/folders/65/xyhbx3_n6nd_hs7j3p9nfwv80000gn/T//cc2oMwwL.s 			page 133


 7109 0ca2 00000000 		.4byte	0
 7110              	.LVUS18:
 7111 0ca6 00       		.uleb128 .LVU99
 7112 0ca7 00       		.uleb128 .LVU101
 7113 0ca8 00       		.uleb128 .LVU101
 7114 0ca9 00       		.uleb128 .LVU117
 7115 0caa 01       		.uleb128 .LVU123
 7116 0cab 00       		.uleb128 .LVU127
 7117              	.LLST18:
 7118 0cac 0C000000 		.4byte	.LVL46
 7119 0cb0 0F000000 		.4byte	.LVL47-1
 7120 0cb4 0100     		.2byte	0x1
 7121 0cb6 50       		.byte	0x50
 7122 0cb7 0F000000 		.4byte	.LVL47-1
 7123 0cbb 44000000 		.4byte	.LVL56
 7124 0cbf 0100     		.2byte	0x1
 7125 0cc1 57       		.byte	0x57
 7126 0cc2 4A000000 		.4byte	.LVL57
 7127 0cc6 5C000000 		.4byte	.LVL60
 7128 0cca 0200     		.2byte	0x2
 7129 0ccc 30       		.byte	0x30
 7130 0ccd 9F       		.byte	0x9f
 7131 0cce 00000000 		.4byte	0
 7132 0cd2 00000000 		.4byte	0
 7133              	.LVUS19:
 7134 0cd6 00       		.uleb128 .LVU102
 7135 0cd7 00       		.uleb128 .LVU122
 7136 0cd8 00       		.uleb128 .LVU125
 7137 0cd9 00       		.uleb128 .LVU128
 7138 0cda 00       		.uleb128 .LVU129
 7139 0cdb 00       		.uleb128 0
 7140              	.LLST19:
 7141 0cdc 1C000000 		.4byte	.LVL48
 7142 0ce0 4A000000 		.4byte	.LVL57
 7143 0ce4 0100     		.2byte	0x1
 7144 0ce6 50       		.byte	0x50
 7145 0ce7 5A000000 		.4byte	.LVL59
 7146 0ceb 5E000000 		.4byte	.LVL61
 7147 0cef 0100     		.2byte	0x1
 7148 0cf1 50       		.byte	0x50
 7149 0cf2 60000000 		.4byte	.LVL62
 7150 0cf6 68000000 		.4byte	.LFE18
 7151 0cfa 0100     		.2byte	0x1
 7152 0cfc 50       		.byte	0x50
 7153 0cfd 00000000 		.4byte	0
 7154 0d01 00000000 		.4byte	0
 7155              	.LVUS20:
 7156 0d05 00       		.uleb128 .LVU104
 7157 0d06 00       		.uleb128 .LVU107
 7158 0d07 00       		.uleb128 .LVU107
 7159 0d08 00       		.uleb128 .LVU109
 7160 0d09 00       		.uleb128 .LVU109
 7161 0d0a 01       		.uleb128 .LVU115
 7162 0d0b 01       		.uleb128 .LVU115
 7163 0d0c 00       		.uleb128 .LVU117
 7164              	.LLST20:
 7165 0d0d 1E000000 		.4byte	.LVL49
ARM GAS  /var/folders/65/xyhbx3_n6nd_hs7j3p9nfwv80000gn/T//cc2oMwwL.s 			page 134


 7166 0d11 28000000 		.4byte	.LVL51
 7167 0d15 0200     		.2byte	0x2
 7168 0d17 30       		.byte	0x30
 7169 0d18 9F       		.byte	0x9f
 7170 0d19 28000000 		.4byte	.LVL51
 7171 0d1d 2C000000 		.4byte	.LVL52
 7172 0d21 0900     		.2byte	0x9
 7173 0d23 71       		.byte	0x71
 7174 0d24 00       		.sleb128 0
 7175 0d25 F3       		.byte	0xf3
 7176 0d26 01       		.uleb128 0x1
 7177 0d27 50       		.byte	0x50
 7178 0d28 1C       		.byte	0x1c
 7179 0d29 23       		.byte	0x23
 7180 0d2a 01       		.uleb128 0x1
 7181 0d2b 9F       		.byte	0x9f
 7182 0d2c 2C000000 		.4byte	.LVL52
 7183 0d30 40000000 		.4byte	.LVL55
 7184 0d34 0700     		.2byte	0x7
 7185 0d36 71       		.byte	0x71
 7186 0d37 00       		.sleb128 0
 7187 0d38 F3       		.byte	0xf3
 7188 0d39 01       		.uleb128 0x1
 7189 0d3a 50       		.byte	0x50
 7190 0d3b 1C       		.byte	0x1c
 7191 0d3c 9F       		.byte	0x9f
 7192 0d3d 40000000 		.4byte	.LVL55
 7193 0d41 44000000 		.4byte	.LVL56
 7194 0d45 0900     		.2byte	0x9
 7195 0d47 71       		.byte	0x71
 7196 0d48 00       		.sleb128 0
 7197 0d49 F3       		.byte	0xf3
 7198 0d4a 01       		.uleb128 0x1
 7199 0d4b 50       		.byte	0x50
 7200 0d4c 1C       		.byte	0x1c
 7201 0d4d 23       		.byte	0x23
 7202 0d4e 01       		.uleb128 0x1
 7203 0d4f 9F       		.byte	0x9f
 7204 0d50 00000000 		.4byte	0
 7205 0d54 00000000 		.4byte	0
 7206              	.LVUS21:
 7207 0d58 00       		.uleb128 .LVU109
 7208 0d59 00       		.uleb128 .LVU110
 7209 0d5a 00       		.uleb128 .LVU110
 7210 0d5b 00       		.uleb128 .LVU111
 7211 0d5c 00       		.uleb128 .LVU111
 7212 0d5d 00       		.uleb128 .LVU114
 7213              	.LLST21:
 7214 0d5e 2C000000 		.4byte	.LVL52
 7215 0d62 38000000 		.4byte	.LVL53
 7216 0d66 0100     		.2byte	0x1
 7217 0d68 53       		.byte	0x53
 7218 0d69 38000000 		.4byte	.LVL53
 7219 0d6d 3A000000 		.4byte	.LVL54
 7220 0d71 0300     		.2byte	0x3
 7221 0d73 73       		.byte	0x73
 7222 0d74 20       		.sleb128 32
ARM GAS  /var/folders/65/xyhbx3_n6nd_hs7j3p9nfwv80000gn/T//cc2oMwwL.s 			page 135


 7223 0d75 9F       		.byte	0x9f
 7224 0d76 3A000000 		.4byte	.LVL54
 7225 0d7a 40000000 		.4byte	.LVL55
 7226 0d7e 0200     		.2byte	0x2
 7227 0d80 71       		.byte	0x71
 7228 0d81 00       		.sleb128 0
 7229 0d82 00000000 		.4byte	0
 7230 0d86 00000000 		.4byte	0
 7231              	.LLST10:
 7232 0d8a 00000000 		.4byte	.LFB17
 7233 0d8e 02000000 		.4byte	.LCFI1
 7234 0d92 0200     		.2byte	0x2
 7235 0d94 7D       		.byte	0x7d
 7236 0d95 00       		.sleb128 0
 7237 0d96 02000000 		.4byte	.LCFI1
 7238 0d9a 68000000 		.4byte	.LFE17
 7239 0d9e 0200     		.2byte	0x2
 7240 0da0 7D       		.byte	0x7d
 7241 0da1 18       		.sleb128 24
 7242 0da2 00000000 		.4byte	0
 7243 0da6 00000000 		.4byte	0
 7244              	.LVUS11:
 7245 0daa 00       		.uleb128 0
 7246 0dab 00       		.uleb128 .LVU60
 7247 0dac 00       		.uleb128 .LVU60
 7248 0dad 00       		.uleb128 .LVU68
 7249 0dae 00       		.uleb128 .LVU68
 7250 0daf 00       		.uleb128 .LVU69
 7251 0db0 00       		.uleb128 .LVU69
 7252 0db1 00       		.uleb128 .LVU79
 7253 0db2 00       		.uleb128 .LVU84
 7254 0db3 00       		.uleb128 .LVU89
 7255              	.LLST11:
 7256 0db4 00000000 		.4byte	.LVL25
 7257 0db8 09000000 		.4byte	.LVL26-1
 7258 0dbc 0100     		.2byte	0x1
 7259 0dbe 50       		.byte	0x50
 7260 0dbf 09000000 		.4byte	.LVL26-1
 7261 0dc3 26000000 		.4byte	.LVL31
 7262 0dc7 0100     		.2byte	0x1
 7263 0dc9 54       		.byte	0x54
 7264 0dca 26000000 		.4byte	.LVL31
 7265 0dce 28000000 		.4byte	.LVL32
 7266 0dd2 0300     		.2byte	0x3
 7267 0dd4 71       		.byte	0x71
 7268 0dd5 01       		.sleb128 1
 7269 0dd6 9F       		.byte	0x9f
 7270 0dd7 28000000 		.4byte	.LVL32
 7271 0ddb 44000000 		.4byte	.LVL37
 7272 0ddf 0400     		.2byte	0x4
 7273 0de1 F3       		.byte	0xf3
 7274 0de2 01       		.uleb128 0x1
 7275 0de3 50       		.byte	0x50
 7276 0de4 9F       		.byte	0x9f
 7277 0de5 4A000000 		.4byte	.LVL38
 7278 0de9 5C000000 		.4byte	.LVL41
 7279 0ded 0600     		.2byte	0x6
ARM GAS  /var/folders/65/xyhbx3_n6nd_hs7j3p9nfwv80000gn/T//cc2oMwwL.s 			page 136


 7280 0def 03       		.byte	0x3
 7281 0df0 00000000 		.4byte	.LC0
 7282 0df4 9F       		.byte	0x9f
 7283 0df5 00000000 		.4byte	0
 7284 0df9 00000000 		.4byte	0
 7285              	.LVUS12:
 7286 0dfd 00       		.uleb128 .LVU61
 7287 0dfe 00       		.uleb128 .LVU63
 7288 0dff 00       		.uleb128 .LVU63
 7289 0e00 00       		.uleb128 .LVU79
 7290 0e01 01       		.uleb128 .LVU85
 7291 0e02 00       		.uleb128 .LVU89
 7292              	.LLST12:
 7293 0e03 0C000000 		.4byte	.LVL27
 7294 0e07 0F000000 		.4byte	.LVL28-1
 7295 0e0b 0100     		.2byte	0x1
 7296 0e0d 50       		.byte	0x50
 7297 0e0e 0F000000 		.4byte	.LVL28-1
 7298 0e12 44000000 		.4byte	.LVL37
 7299 0e16 0100     		.2byte	0x1
 7300 0e18 57       		.byte	0x57
 7301 0e19 4A000000 		.4byte	.LVL38
 7302 0e1d 5C000000 		.4byte	.LVL41
 7303 0e21 0200     		.2byte	0x2
 7304 0e23 30       		.byte	0x30
 7305 0e24 9F       		.byte	0x9f
 7306 0e25 00000000 		.4byte	0
 7307 0e29 00000000 		.4byte	0
 7308              	.LVUS13:
 7309 0e2d 00       		.uleb128 .LVU64
 7310 0e2e 00       		.uleb128 .LVU84
 7311 0e2f 00       		.uleb128 .LVU87
 7312 0e30 00       		.uleb128 .LVU90
 7313 0e31 00       		.uleb128 .LVU91
 7314 0e32 00       		.uleb128 0
 7315              	.LLST13:
 7316 0e33 1C000000 		.4byte	.LVL29
 7317 0e37 4A000000 		.4byte	.LVL38
 7318 0e3b 0100     		.2byte	0x1
 7319 0e3d 50       		.byte	0x50
 7320 0e3e 5A000000 		.4byte	.LVL40
 7321 0e42 5E000000 		.4byte	.LVL42
 7322 0e46 0100     		.2byte	0x1
 7323 0e48 50       		.byte	0x50
 7324 0e49 60000000 		.4byte	.LVL43
 7325 0e4d 68000000 		.4byte	.LFE17
 7326 0e51 0100     		.2byte	0x1
 7327 0e53 50       		.byte	0x50
 7328 0e54 00000000 		.4byte	0
 7329 0e58 00000000 		.4byte	0
 7330              	.LVUS14:
 7331 0e5c 00       		.uleb128 .LVU66
 7332 0e5d 00       		.uleb128 .LVU69
 7333 0e5e 00       		.uleb128 .LVU69
 7334 0e5f 00       		.uleb128 .LVU71
 7335 0e60 00       		.uleb128 .LVU71
 7336 0e61 01       		.uleb128 .LVU77
ARM GAS  /var/folders/65/xyhbx3_n6nd_hs7j3p9nfwv80000gn/T//cc2oMwwL.s 			page 137


 7337 0e62 01       		.uleb128 .LVU77
 7338 0e63 00       		.uleb128 .LVU79
 7339              	.LLST14:
 7340 0e64 1E000000 		.4byte	.LVL30
 7341 0e68 28000000 		.4byte	.LVL32
 7342 0e6c 0200     		.2byte	0x2
 7343 0e6e 30       		.byte	0x30
 7344 0e6f 9F       		.byte	0x9f
 7345 0e70 28000000 		.4byte	.LVL32
 7346 0e74 2C000000 		.4byte	.LVL33
 7347 0e78 0900     		.2byte	0x9
 7348 0e7a 71       		.byte	0x71
 7349 0e7b 00       		.sleb128 0
 7350 0e7c F3       		.byte	0xf3
 7351 0e7d 01       		.uleb128 0x1
 7352 0e7e 50       		.byte	0x50
 7353 0e7f 1C       		.byte	0x1c
 7354 0e80 23       		.byte	0x23
 7355 0e81 01       		.uleb128 0x1
 7356 0e82 9F       		.byte	0x9f
 7357 0e83 2C000000 		.4byte	.LVL33
 7358 0e87 40000000 		.4byte	.LVL36
 7359 0e8b 0700     		.2byte	0x7
 7360 0e8d 71       		.byte	0x71
 7361 0e8e 00       		.sleb128 0
 7362 0e8f F3       		.byte	0xf3
 7363 0e90 01       		.uleb128 0x1
 7364 0e91 50       		.byte	0x50
 7365 0e92 1C       		.byte	0x1c
 7366 0e93 9F       		.byte	0x9f
 7367 0e94 40000000 		.4byte	.LVL36
 7368 0e98 44000000 		.4byte	.LVL37
 7369 0e9c 0900     		.2byte	0x9
 7370 0e9e 71       		.byte	0x71
 7371 0e9f 00       		.sleb128 0
 7372 0ea0 F3       		.byte	0xf3
 7373 0ea1 01       		.uleb128 0x1
 7374 0ea2 50       		.byte	0x50
 7375 0ea3 1C       		.byte	0x1c
 7376 0ea4 23       		.byte	0x23
 7377 0ea5 01       		.uleb128 0x1
 7378 0ea6 9F       		.byte	0x9f
 7379 0ea7 00000000 		.4byte	0
 7380 0eab 00000000 		.4byte	0
 7381              	.LVUS15:
 7382 0eaf 00       		.uleb128 .LVU71
 7383 0eb0 00       		.uleb128 .LVU72
 7384 0eb1 00       		.uleb128 .LVU72
 7385 0eb2 00       		.uleb128 .LVU73
 7386 0eb3 00       		.uleb128 .LVU73
 7387 0eb4 00       		.uleb128 .LVU76
 7388              	.LLST15:
 7389 0eb5 2C000000 		.4byte	.LVL33
 7390 0eb9 38000000 		.4byte	.LVL34
 7391 0ebd 0100     		.2byte	0x1
 7392 0ebf 53       		.byte	0x53
 7393 0ec0 38000000 		.4byte	.LVL34
ARM GAS  /var/folders/65/xyhbx3_n6nd_hs7j3p9nfwv80000gn/T//cc2oMwwL.s 			page 138


 7394 0ec4 3A000000 		.4byte	.LVL35
 7395 0ec8 0300     		.2byte	0x3
 7396 0eca 73       		.byte	0x73
 7397 0ecb 60       		.sleb128 -32
 7398 0ecc 9F       		.byte	0x9f
 7399 0ecd 3A000000 		.4byte	.LVL35
 7400 0ed1 40000000 		.4byte	.LVL36
 7401 0ed5 0200     		.2byte	0x2
 7402 0ed7 71       		.byte	0x71
 7403 0ed8 00       		.sleb128 0
 7404 0ed9 00000000 		.4byte	0
 7405 0edd 00000000 		.4byte	0
 7406              	.LLST2:
 7407 0ee1 00000000 		.4byte	.LFB16
 7408 0ee5 02000000 		.4byte	.LCFI0
 7409 0ee9 0200     		.2byte	0x2
 7410 0eeb 7D       		.byte	0x7d
 7411 0eec 00       		.sleb128 0
 7412 0eed 02000000 		.4byte	.LCFI0
 7413 0ef1 A0000000 		.4byte	.LFE16
 7414 0ef5 0200     		.2byte	0x2
 7415 0ef7 7D       		.byte	0x7d
 7416 0ef8 18       		.sleb128 24
 7417 0ef9 00000000 		.4byte	0
 7418 0efd 00000000 		.4byte	0
 7419              	.LVUS3:
 7420 0f01 00       		.uleb128 0
 7421 0f02 00       		.uleb128 .LVU14
 7422 0f03 00       		.uleb128 .LVU14
 7423 0f04 00       		.uleb128 .LVU28
 7424 0f05 00       		.uleb128 .LVU38
 7425 0f06 00       		.uleb128 .LVU47
 7426 0f07 00       		.uleb128 .LVU47
 7427 0f08 00       		.uleb128 .LVU50
 7428 0f09 00       		.uleb128 .LVU50
 7429 0f0a 00       		.uleb128 0
 7430              	.LLST3:
 7431 0f0b 00000000 		.4byte	.LVL5
 7432 0f0f 0B000000 		.4byte	.LVL6-1
 7433 0f13 0100     		.2byte	0x1
 7434 0f15 50       		.byte	0x50
 7435 0f16 0B000000 		.4byte	.LVL6-1
 7436 0f1a 34000000 		.4byte	.LVL12
 7437 0f1e 0100     		.2byte	0x1
 7438 0f20 56       		.byte	0x56
 7439 0f21 58000000 		.4byte	.LVL16
 7440 0f25 84000000 		.4byte	.LVL21
 7441 0f29 0100     		.2byte	0x1
 7442 0f2b 56       		.byte	0x56
 7443 0f2c 84000000 		.4byte	.LVL21
 7444 0f30 8E000000 		.4byte	.LVL22
 7445 0f34 0100     		.2byte	0x1
 7446 0f36 50       		.byte	0x50
 7447 0f37 8E000000 		.4byte	.LVL22
 7448 0f3b A0000000 		.4byte	.LFE16
 7449 0f3f 0100     		.2byte	0x1
 7450 0f41 56       		.byte	0x56
ARM GAS  /var/folders/65/xyhbx3_n6nd_hs7j3p9nfwv80000gn/T//cc2oMwwL.s 			page 139


 7451 0f42 00000000 		.4byte	0
 7452 0f46 00000000 		.4byte	0
 7453              	.LVUS4:
 7454 0f4a 00       		.uleb128 .LVU14
 7455 0f4b 00       		.uleb128 .LVU18
 7456 0f4c 00       		.uleb128 .LVU18
 7457 0f4d 00       		.uleb128 .LVU27
 7458 0f4e 00       		.uleb128 .LVU38
 7459 0f4f 00       		.uleb128 .LVU39
 7460 0f50 00       		.uleb128 .LVU52
 7461 0f51 00       		.uleb128 0
 7462              	.LLST4:
 7463 0f52 0C000000 		.4byte	.LVL6
 7464 0f56 16000000 		.4byte	.LVL7
 7465 0f5a 0100     		.2byte	0x1
 7466 0f5c 50       		.byte	0x50
 7467 0f5d 16000000 		.4byte	.LVL7
 7468 0f61 32000000 		.4byte	.LVL11
 7469 0f65 0100     		.2byte	0x1
 7470 0f67 54       		.byte	0x54
 7471 0f68 58000000 		.4byte	.LVL16
 7472 0f6c 60000000 		.4byte	.LVL17
 7473 0f70 0100     		.2byte	0x1
 7474 0f72 54       		.byte	0x54
 7475 0f73 94000000 		.4byte	.LVL24
 7476 0f77 A0000000 		.4byte	.LFE16
 7477 0f7b 0100     		.2byte	0x1
 7478 0f7d 50       		.byte	0x50
 7479 0f7e 00000000 		.4byte	0
 7480 0f82 00000000 		.4byte	0
 7481              	.LVUS5:
 7482 0f86 01       		.uleb128 .LVU15
 7483 0f87 00       		.uleb128 .LVU18
 7484 0f88 00       		.uleb128 .LVU18
 7485 0f89 00       		.uleb128 .LVU28
 7486 0f8a 00       		.uleb128 .LVU38
 7487 0f8b 00       		.uleb128 .LVU47
 7488 0f8c 00       		.uleb128 .LVU50
 7489 0f8d 00       		.uleb128 .LVU52
 7490 0f8e 00       		.uleb128 .LVU52
 7491 0f8f 00       		.uleb128 0
 7492              	.LLST5:
 7493 0f90 0C000000 		.4byte	.LVL6
 7494 0f94 16000000 		.4byte	.LVL7
 7495 0f98 0200     		.2byte	0x2
 7496 0f9a 30       		.byte	0x30
 7497 0f9b 9F       		.byte	0x9f
 7498 0f9c 16000000 		.4byte	.LVL7
 7499 0fa0 34000000 		.4byte	.LVL12
 7500 0fa4 0100     		.2byte	0x1
 7501 0fa6 55       		.byte	0x55
 7502 0fa7 58000000 		.4byte	.LVL16
 7503 0fab 84000000 		.4byte	.LVL21
 7504 0faf 0100     		.2byte	0x1
 7505 0fb1 55       		.byte	0x55
 7506 0fb2 8E000000 		.4byte	.LVL22
 7507 0fb6 94000000 		.4byte	.LVL24
ARM GAS  /var/folders/65/xyhbx3_n6nd_hs7j3p9nfwv80000gn/T//cc2oMwwL.s 			page 140


 7508 0fba 0100     		.2byte	0x1
 7509 0fbc 55       		.byte	0x55
 7510 0fbd 94000000 		.4byte	.LVL24
 7511 0fc1 A0000000 		.4byte	.LFE16
 7512 0fc5 0200     		.2byte	0x2
 7513 0fc7 30       		.byte	0x30
 7514 0fc8 9F       		.byte	0x9f
 7515 0fc9 00000000 		.4byte	0
 7516 0fcd 00000000 		.4byte	0
 7517              	.LVUS6:
 7518 0fd1 00       		.uleb128 .LVU38
 7519 0fd2 00       		.uleb128 .LVU44
 7520 0fd3 00       		.uleb128 .LVU44
 7521 0fd4 00       		.uleb128 .LVU47
 7522 0fd5 00       		.uleb128 .LVU50
 7523 0fd6 00       		.uleb128 .LVU51
 7524              	.LLST6:
 7525 0fd7 58000000 		.4byte	.LVL16
 7526 0fdb 6C000000 		.4byte	.LVL19
 7527 0fdf 0100     		.2byte	0x1
 7528 0fe1 54       		.byte	0x54
 7529 0fe2 6C000000 		.4byte	.LVL19
 7530 0fe6 84000000 		.4byte	.LVL21
 7531 0fea 0100     		.2byte	0x1
 7532 0fec 51       		.byte	0x51
 7533 0fed 8E000000 		.4byte	.LVL22
 7534 0ff1 90000000 		.4byte	.LVL23
 7535 0ff5 0100     		.2byte	0x1
 7536 0ff7 54       		.byte	0x54
 7537 0ff8 00000000 		.4byte	0
 7538 0ffc 00000000 		.4byte	0
 7539              	.LVUS7:
 7540 1000 00       		.uleb128 .LVU31
 7541 1001 00       		.uleb128 .LVU34
 7542 1002 00       		.uleb128 .LVU34
 7543 1003 00       		.uleb128 .LVU38
 7544              	.LLST7:
 7545 1004 44000000 		.4byte	.LVL14
 7546 1008 4F000000 		.4byte	.LVL15-1
 7547 100c 0100     		.2byte	0x1
 7548 100e 50       		.byte	0x50
 7549 100f 4F000000 		.4byte	.LVL15-1
 7550 1013 58000000 		.4byte	.LVL16
 7551 1017 0100     		.2byte	0x1
 7552 1019 57       		.byte	0x57
 7553 101a 00000000 		.4byte	0
 7554 101e 00000000 		.4byte	0
 7555              	.LVUS8:
 7556 1022 00       		.uleb128 .LVU19
 7557 1023 00       		.uleb128 .LVU22
 7558              	.LLST8:
 7559 1024 1A000000 		.4byte	.LVL8
 7560 1028 28000000 		.4byte	.LVL9
 7561 102c 0100     		.2byte	0x1
 7562 102e 53       		.byte	0x53
 7563 102f 00000000 		.4byte	0
 7564 1033 00000000 		.4byte	0
ARM GAS  /var/folders/65/xyhbx3_n6nd_hs7j3p9nfwv80000gn/T//cc2oMwwL.s 			page 141


 7565              	.LVUS9:
 7566 1037 00       		.uleb128 .LVU41
 7567 1038 00       		.uleb128 .LVU45
 7568              	.LLST9:
 7569 1039 68000000 		.4byte	.LVL18
 7570 103d 7A000000 		.4byte	.LVL20
 7571 1041 0100     		.2byte	0x1
 7572 1043 53       		.byte	0x53
 7573 1044 00000000 		.4byte	0
 7574 1048 00000000 		.4byte	0
 7575              	.LVUS0:
 7576 104c 00       		.uleb128 0
 7577 104d 00       		.uleb128 .LVU2
 7578 104e 00       		.uleb128 .LVU2
 7579 104f 00       		.uleb128 0
 7580              	.LLST0:
 7581 1050 00000000 		.4byte	.LVL0
 7582 1054 02000000 		.4byte	.LVL1
 7583 1058 0100     		.2byte	0x1
 7584 105a 50       		.byte	0x50
 7585 105b 02000000 		.4byte	.LVL1
 7586 105f 0C000000 		.4byte	.LFE27
 7587 1063 0400     		.2byte	0x4
 7588 1065 F3       		.byte	0xf3
 7589 1066 01       		.uleb128 0x1
 7590 1067 50       		.byte	0x50
 7591 1068 9F       		.byte	0x9f
 7592 1069 00000000 		.4byte	0
 7593 106d 00000000 		.4byte	0
 7594              	.LVUS1:
 7595 1071 00       		.uleb128 0
 7596 1072 00       		.uleb128 .LVU6
 7597 1073 00       		.uleb128 .LVU6
 7598 1074 00       		.uleb128 .LVU6
 7599 1075 00       		.uleb128 .LVU6
 7600 1076 00       		.uleb128 .LVU7
 7601 1077 00       		.uleb128 .LVU7
 7602 1078 00       		.uleb128 0
 7603              	.LLST1:
 7604 1079 00000000 		.4byte	.LVL2
 7605 107d 0B000000 		.4byte	.LVL3-1
 7606 1081 0100     		.2byte	0x1
 7607 1083 50       		.byte	0x50
 7608 1084 0B000000 		.4byte	.LVL3-1
 7609 1088 0C000000 		.4byte	.LVL3
 7610 108c 0400     		.2byte	0x4
 7611 108e F3       		.byte	0xf3
 7612 108f 01       		.uleb128 0x1
 7613 1090 50       		.byte	0x50
 7614 1091 9F       		.byte	0x9f
 7615 1092 0C000000 		.4byte	.LVL3
 7616 1096 0E000000 		.4byte	.LVL4
 7617 109a 0100     		.2byte	0x1
 7618 109c 50       		.byte	0x50
 7619 109d 0E000000 		.4byte	.LVL4
 7620 10a1 10000000 		.4byte	.LFE15
 7621 10a5 0400     		.2byte	0x4
ARM GAS  /var/folders/65/xyhbx3_n6nd_hs7j3p9nfwv80000gn/T//cc2oMwwL.s 			page 142


 7622 10a7 F3       		.byte	0xf3
 7623 10a8 01       		.uleb128 0x1
 7624 10a9 50       		.byte	0x50
 7625 10aa 9F       		.byte	0x9f
 7626 10ab 00000000 		.4byte	0
 7627 10af 00000000 		.4byte	0
 7628              		.section	.debug_aranges,"",%progbits
 7629 0000 7C000000 		.4byte	0x7c
 7630 0004 0200     		.2byte	0x2
 7631 0006 00000000 		.4byte	.Ldebug_info0
 7632 000a 04       		.byte	0x4
 7633 000b 00       		.byte	0
 7634 000c 0000     		.2byte	0
 7635 000e 0000     		.2byte	0
 7636 0010 00000000 		.4byte	.LFB27
 7637 0014 0C000000 		.4byte	.LFE27-.LFB27
 7638 0018 00000000 		.4byte	.LFB15
 7639 001c 10000000 		.4byte	.LFE15-.LFB15
 7640 0020 00000000 		.4byte	.LFB16
 7641 0024 A0000000 		.4byte	.LFE16-.LFB16
 7642 0028 00000000 		.4byte	.LFB17
 7643 002c 68000000 		.4byte	.LFE17-.LFB17
 7644 0030 00000000 		.4byte	.LFB18
 7645 0034 68000000 		.4byte	.LFE18-.LFB18
 7646 0038 00000000 		.4byte	.LFB19
 7647 003c 2A000000 		.4byte	.LFE19-.LFB19
 7648 0040 00000000 		.4byte	.LFB20
 7649 0044 58000000 		.4byte	.LFE20-.LFB20
 7650 0048 00000000 		.4byte	.LFB21
 7651 004c 3E000000 		.4byte	.LFE21-.LFB21
 7652 0050 00000000 		.4byte	.LFB22
 7653 0054 2E000000 		.4byte	.LFE22-.LFB22
 7654 0058 00000000 		.4byte	.LFB23
 7655 005c 4E000000 		.4byte	.LFE23-.LFB23
 7656 0060 00000000 		.4byte	.LFB24
 7657 0064 4E000000 		.4byte	.LFE24-.LFB24
 7658 0068 00000000 		.4byte	.LFB25
 7659 006c 7E000000 		.4byte	.LFE25-.LFB25
 7660 0070 00000000 		.4byte	.LFB26
 7661 0074 D0000000 		.4byte	.LFE26-.LFB26
 7662 0078 00000000 		.4byte	0
 7663 007c 00000000 		.4byte	0
 7664              		.section	.debug_ranges,"",%progbits
 7665              	.Ldebug_ranges0:
 7666 0000 68000000 		.4byte	.LBB8
 7667 0004 6A000000 		.4byte	.LBE8
 7668 0008 6C000000 		.4byte	.LBB11
 7669 000c 7A000000 		.4byte	.LBE11
 7670 0010 00000000 		.4byte	0
 7671 0014 00000000 		.4byte	0
 7672 0018 1E000000 		.4byte	.LBB12
 7673 001c 44000000 		.4byte	.LBE12
 7674 0020 60000000 		.4byte	.LBB14
 7675 0024 68000000 		.4byte	.LBE14
 7676 0028 00000000 		.4byte	0
 7677 002c 00000000 		.4byte	0
 7678 0030 1E000000 		.4byte	.LBB15
ARM GAS  /var/folders/65/xyhbx3_n6nd_hs7j3p9nfwv80000gn/T//cc2oMwwL.s 			page 143


 7679 0034 44000000 		.4byte	.LBE15
 7680 0038 60000000 		.4byte	.LBB17
 7681 003c 68000000 		.4byte	.LBE17
 7682 0040 00000000 		.4byte	0
 7683 0044 00000000 		.4byte	0
 7684 0048 16000000 		.4byte	.LBB18
 7685 004c 1A000000 		.4byte	.LBE18
 7686 0050 1A000000 		.4byte	.LBB20
 7687 0054 24000000 		.4byte	.LBE20
 7688 0058 2A000000 		.4byte	.LBB22
 7689 005c 30000000 		.4byte	.LBE22
 7690 0060 00000000 		.4byte	0
 7691 0064 00000000 		.4byte	0
 7692 0068 1A000000 		.4byte	.LBB19
 7693 006c 1A000000 		.4byte	.LBE19
 7694 0070 24000000 		.4byte	.LBB21
 7695 0074 2A000000 		.4byte	.LBE21
 7696 0078 30000000 		.4byte	.LBB23
 7697 007c 3A000000 		.4byte	.LBE23
 7698 0080 00000000 		.4byte	0
 7699 0084 00000000 		.4byte	0
 7700 0088 1E000000 		.4byte	.LBB26
 7701 008c 22000000 		.4byte	.LBE26
 7702 0090 24000000 		.4byte	.LBB31
 7703 0094 28000000 		.4byte	.LBE31
 7704 0098 2C000000 		.4byte	.LBB32
 7705 009c 5E000000 		.4byte	.LBE32
 7706 00a0 7A000000 		.4byte	.LBB33
 7707 00a4 7E000000 		.4byte	.LBE33
 7708 00a8 00000000 		.4byte	0
 7709 00ac 00000000 		.4byte	0
 7710 00b0 24000000 		.4byte	.LBB27
 7711 00b4 28000000 		.4byte	.LBE27
 7712 00b8 2C000000 		.4byte	.LBB28
 7713 00bc 3E000000 		.4byte	.LBE28
 7714 00c0 42000000 		.4byte	.LBB29
 7715 00c4 54000000 		.4byte	.LBE29
 7716 00c8 56000000 		.4byte	.LBB30
 7717 00cc 5A000000 		.4byte	.LBE30
 7718 00d0 00000000 		.4byte	0
 7719 00d4 00000000 		.4byte	0
 7720 00d8 76000000 		.4byte	.LBB34
 7721 00dc 90000000 		.4byte	.LBE34
 7722 00e0 98000000 		.4byte	.LBB35
 7723 00e4 98000000 		.4byte	.LBE35
 7724 00e8 9A000000 		.4byte	.LBB36
 7725 00ec 9E000000 		.4byte	.LBE36
 7726 00f0 00000000 		.4byte	0
 7727 00f4 00000000 		.4byte	0
 7728 00f8 00000000 		.4byte	.LFB27
 7729 00fc 0C000000 		.4byte	.LFE27
 7730 0100 00000000 		.4byte	.LFB15
 7731 0104 10000000 		.4byte	.LFE15
 7732 0108 00000000 		.4byte	.LFB16
 7733 010c A0000000 		.4byte	.LFE16
 7734 0110 00000000 		.4byte	.LFB17
 7735 0114 68000000 		.4byte	.LFE17
ARM GAS  /var/folders/65/xyhbx3_n6nd_hs7j3p9nfwv80000gn/T//cc2oMwwL.s 			page 144


 7736 0118 00000000 		.4byte	.LFB18
 7737 011c 68000000 		.4byte	.LFE18
 7738 0120 00000000 		.4byte	.LFB19
 7739 0124 2A000000 		.4byte	.LFE19
 7740 0128 00000000 		.4byte	.LFB20
 7741 012c 58000000 		.4byte	.LFE20
 7742 0130 00000000 		.4byte	.LFB21
 7743 0134 3E000000 		.4byte	.LFE21
 7744 0138 00000000 		.4byte	.LFB22
 7745 013c 2E000000 		.4byte	.LFE22
 7746 0140 00000000 		.4byte	.LFB23
 7747 0144 4E000000 		.4byte	.LFE23
 7748 0148 00000000 		.4byte	.LFB24
 7749 014c 4E000000 		.4byte	.LFE24
 7750 0150 00000000 		.4byte	.LFB25
 7751 0154 7E000000 		.4byte	.LFE25
 7752 0158 00000000 		.4byte	.LFB26
 7753 015c D0000000 		.4byte	.LFE26
 7754 0160 00000000 		.4byte	0
 7755 0164 00000000 		.4byte	0
 7756              		.section	.debug_macro,"",%progbits
 7757              	.Ldebug_macro0:
 7758 0000 0400     		.2byte	0x4
 7759 0002 02       		.byte	0x2
 7760 0003 00000000 		.4byte	.Ldebug_line0
 7761 0007 07       		.byte	0x7
 7762 0008 00000000 		.4byte	.Ldebug_macro2
 7763 000c 03       		.byte	0x3
 7764 000d 00       		.uleb128 0
 7765 000e 01       		.uleb128 0x1
 7766 000f 03       		.byte	0x3
 7767 0010 05       		.uleb128 0x5
 7768 0011 06       		.uleb128 0x6
 7769 0012 05       		.byte	0x5
 7770 0013 02       		.uleb128 0x2
 7771 0014 E4410000 		.4byte	.LASF454
 7772              		.file 11 "/usr/local/playdate/gcc-arm-none-eabi-9-2019-q4-major/arm-none-eabi/include/_ansi.h"
 7773 0018 03       		.byte	0x3
 7774 0019 04       		.uleb128 0x4
 7775 001a 0B       		.uleb128 0xb
 7776 001b 05       		.byte	0x5
 7777 001c 08       		.uleb128 0x8
 7778 001d D1540000 		.4byte	.LASF455
 7779              		.file 12 "/usr/local/playdate/gcc-arm-none-eabi-9-2019-q4-major/arm-none-eabi/include/newlib.h"
 7780 0021 03       		.byte	0x3
 7781 0022 0A       		.uleb128 0xa
 7782 0023 0C       		.uleb128 0xc
 7783 0024 05       		.byte	0x5
 7784 0025 08       		.uleb128 0x8
 7785 0026 3B150000 		.4byte	.LASF456
 7786              		.file 13 "/usr/local/playdate/gcc-arm-none-eabi-9-2019-q4-major/arm-none-eabi/include/_newlib_vers
 7787 002a 03       		.byte	0x3
 7788 002b 0E       		.uleb128 0xe
 7789 002c 0D       		.uleb128 0xd
 7790 002d 07       		.byte	0x7
 7791 002e 00000000 		.4byte	.Ldebug_macro3
 7792 0032 04       		.byte	0x4
ARM GAS  /var/folders/65/xyhbx3_n6nd_hs7j3p9nfwv80000gn/T//cc2oMwwL.s 			page 145


 7793 0033 07       		.byte	0x7
 7794 0034 00000000 		.4byte	.Ldebug_macro4
 7795 0038 04       		.byte	0x4
 7796              		.file 14 "/usr/local/playdate/gcc-arm-none-eabi-9-2019-q4-major/arm-none-eabi/include/sys/config.h
 7797 0039 03       		.byte	0x3
 7798 003a 0B       		.uleb128 0xb
 7799 003b 0E       		.uleb128 0xe
 7800 003c 05       		.byte	0x5
 7801 003d 02       		.uleb128 0x2
 7802 003e 06510000 		.4byte	.LASF476
 7803              		.file 15 "/usr/local/playdate/gcc-arm-none-eabi-9-2019-q4-major/arm-none-eabi/include/machine/ieee
 7804 0042 03       		.byte	0x3
 7805 0043 04       		.uleb128 0x4
 7806 0044 0F       		.uleb128 0xf
 7807 0045 07       		.byte	0x7
 7808 0046 00000000 		.4byte	.Ldebug_macro5
 7809 004a 04       		.byte	0x4
 7810              		.file 16 "/usr/local/playdate/gcc-arm-none-eabi-9-2019-q4-major/arm-none-eabi/include/sys/features
 7811 004b 03       		.byte	0x3
 7812 004c 05       		.uleb128 0x5
 7813 004d 10       		.uleb128 0x10
 7814 004e 07       		.byte	0x7
 7815 004f 00000000 		.4byte	.Ldebug_macro6
 7816 0053 04       		.byte	0x4
 7817 0054 07       		.byte	0x7
 7818 0055 00000000 		.4byte	.Ldebug_macro7
 7819 0059 04       		.byte	0x4
 7820 005a 07       		.byte	0x7
 7821 005b 00000000 		.4byte	.Ldebug_macro8
 7822 005f 04       		.byte	0x4
 7823              		.file 17 "/usr/local/playdate/gcc-arm-none-eabi-9-2019-q4-major/arm-none-eabi/include/sys/cdefs.h"
 7824 0060 03       		.byte	0x3
 7825 0061 05       		.uleb128 0x5
 7826 0062 11       		.uleb128 0x11
 7827 0063 05       		.byte	0x5
 7828 0064 2B       		.uleb128 0x2b
 7829 0065 D08D0000 		.4byte	.LASF516
 7830              		.file 18 "/usr/local/playdate/gcc-arm-none-eabi-9-2019-q4-major/arm-none-eabi/include/machine/_def
 7831 0069 03       		.byte	0x3
 7832 006a 2D       		.uleb128 0x2d
 7833 006b 12       		.uleb128 0x12
 7834 006c 07       		.byte	0x7
 7835 006d 00000000 		.4byte	.Ldebug_macro9
 7836 0071 04       		.byte	0x4
 7837 0072 03       		.byte	0x3
 7838 0073 2F       		.uleb128 0x2f
 7839 0074 02       		.uleb128 0x2
 7840 0075 07       		.byte	0x7
 7841 0076 00000000 		.4byte	.Ldebug_macro10
 7842 007a 04       		.byte	0x4
 7843 007b 07       		.byte	0x7
 7844 007c 00000000 		.4byte	.Ldebug_macro11
 7845 0080 04       		.byte	0x4
 7846              		.file 19 "/usr/local/playdate/gcc-arm-none-eabi-9-2019-q4-major/arm-none-eabi/include/xlocale.h"
 7847 0081 03       		.byte	0x3
 7848 0082 08       		.uleb128 0x8
 7849 0083 13       		.uleb128 0x13
ARM GAS  /var/folders/65/xyhbx3_n6nd_hs7j3p9nfwv80000gn/T//cc2oMwwL.s 			page 146


 7850 0084 05       		.byte	0x5
 7851 0085 04       		.uleb128 0x4
 7852 0086 862F0000 		.4byte	.LASF704
 7853 008a 04       		.byte	0x4
 7854 008b 07       		.byte	0x7
 7855 008c 00000000 		.4byte	.Ldebug_macro12
 7856 0090 04       		.byte	0x4
 7857 0091 03       		.byte	0x3
 7858 0092 06       		.uleb128 0x6
 7859 0093 07       		.uleb128 0x7
 7860 0094 05       		.byte	0x5
 7861 0095 08       		.uleb128 0x8
 7862 0096 0B810000 		.4byte	.LASF750
 7863 009a 03       		.byte	0x3
 7864 009b 0A       		.uleb128 0xa
 7865 009c 0F       		.uleb128 0xf
 7866 009d 04       		.byte	0x4
 7867 009e 07       		.byte	0x7
 7868 009f 00000000 		.4byte	.Ldebug_macro13
 7869 00a3 03       		.byte	0x3
 7870 00a4 10       		.uleb128 0x10
 7871 00a5 02       		.uleb128 0x2
 7872 00a6 07       		.byte	0x7
 7873 00a7 00000000 		.4byte	.Ldebug_macro14
 7874 00ab 04       		.byte	0x4
 7875 00ac 03       		.byte	0x3
 7876 00ad 12       		.uleb128 0x12
 7877 00ae 05       		.uleb128 0x5
 7878 00af 05       		.byte	0x5
 7879 00b0 0B       		.uleb128 0xb
 7880 00b1 F7570000 		.4byte	.LASF754
 7881 00b5 03       		.byte	0x3
 7882 00b6 0D       		.uleb128 0xd
 7883 00b7 0B       		.uleb128 0xb
 7884 00b8 04       		.byte	0x4
 7885 00b9 03       		.byte	0x3
 7886 00ba 0E       		.uleb128 0xe
 7887 00bb 02       		.uleb128 0x2
 7888 00bc 04       		.byte	0x4
 7889 00bd 03       		.byte	0x3
 7890 00be 0F       		.uleb128 0xf
 7891 00bf 04       		.uleb128 0x4
 7892 00c0 05       		.byte	0x5
 7893 00c1 14       		.uleb128 0x14
 7894 00c2 B28E0000 		.4byte	.LASF755
 7895              		.file 20 "/usr/local/playdate/gcc-arm-none-eabi-9-2019-q4-major/arm-none-eabi/include/machine/_typ
 7896 00c6 03       		.byte	0x3
 7897 00c7 18       		.uleb128 0x18
 7898 00c8 14       		.uleb128 0x14
 7899 00c9 05       		.byte	0x5
 7900 00ca 06       		.uleb128 0x6
 7901 00cb 275C0000 		.4byte	.LASF756
 7902 00cf 04       		.byte	0x4
 7903 00d0 03       		.byte	0x3
 7904 00d1 19       		.uleb128 0x19
 7905 00d2 03       		.uleb128 0x3
 7906 00d3 07       		.byte	0x7
ARM GAS  /var/folders/65/xyhbx3_n6nd_hs7j3p9nfwv80000gn/T//cc2oMwwL.s 			page 147


 7907 00d4 00000000 		.4byte	.Ldebug_macro15
 7908 00d8 04       		.byte	0x4
 7909 00d9 07       		.byte	0x7
 7910 00da 00000000 		.4byte	.Ldebug_macro16
 7911 00de 03       		.byte	0x3
 7912 00df 9F01     		.uleb128 0x9f
 7913 00e1 02       		.uleb128 0x2
 7914 00e2 07       		.byte	0x7
 7915 00e3 00000000 		.4byte	.Ldebug_macro17
 7916 00e7 04       		.byte	0x4
 7917 00e8 07       		.byte	0x7
 7918 00e9 00000000 		.4byte	.Ldebug_macro18
 7919 00ed 04       		.byte	0x4
 7920 00ee 07       		.byte	0x7
 7921 00ef 00000000 		.4byte	.Ldebug_macro19
 7922 00f3 04       		.byte	0x4
 7923              		.file 21 "/usr/local/playdate/gcc-arm-none-eabi-9-2019-q4-major/arm-none-eabi/include/machine/stdl
 7924 00f4 03       		.byte	0x3
 7925 00f5 14       		.uleb128 0x14
 7926 00f6 15       		.uleb128 0x15
 7927 00f7 05       		.byte	0x5
 7928 00f8 02       		.uleb128 0x2
 7929 00f9 262C0000 		.4byte	.LASF838
 7930 00fd 04       		.byte	0x4
 7931              		.file 22 "/usr/local/playdate/gcc-arm-none-eabi-9-2019-q4-major/arm-none-eabi/include/alloca.h"
 7932 00fe 03       		.byte	0x3
 7933 00ff 16       		.uleb128 0x16
 7934 0100 16       		.uleb128 0x16
 7935 0101 07       		.byte	0x7
 7936 0102 00000000 		.4byte	.Ldebug_macro20
 7937 0106 04       		.byte	0x4
 7938 0107 07       		.byte	0x7
 7939 0108 00000000 		.4byte	.Ldebug_macro21
 7940 010c 04       		.byte	0x4
 7941 010d 03       		.byte	0x3
 7942 010e 07       		.uleb128 0x7
 7943 010f 09       		.uleb128 0x9
 7944 0110 07       		.byte	0x7
 7945 0111 00000000 		.4byte	.Ldebug_macro22
 7946 0115 03       		.byte	0x3
 7947 0116 11       		.uleb128 0x11
 7948 0117 02       		.uleb128 0x2
 7949 0118 07       		.byte	0x7
 7950 0119 00000000 		.4byte	.Ldebug_macro14
 7951 011d 04       		.byte	0x4
 7952              		.file 23 "/usr/local/playdate/gcc-arm-none-eabi-9-2019-q4-major/arm-none-eabi/include/strings.h"
 7953 011e 03       		.byte	0x3
 7954 011f 18       		.uleb128 0x18
 7955 0120 17       		.uleb128 0x17
 7956 0121 05       		.byte	0x5
 7957 0122 1E       		.uleb128 0x1e
 7958 0123 7D210000 		.4byte	.LASF849
 7959 0127 04       		.byte	0x4
 7960              		.file 24 "/usr/local/playdate/gcc-arm-none-eabi-9-2019-q4-major/arm-none-eabi/include/sys/string.h
 7961 0128 03       		.byte	0x3
 7962 0129 AF01     		.uleb128 0xaf
 7963 012b 18       		.uleb128 0x18
ARM GAS  /var/folders/65/xyhbx3_n6nd_hs7j3p9nfwv80000gn/T//cc2oMwwL.s 			page 148


 7964 012c 04       		.byte	0x4
 7965 012d 04       		.byte	0x4
 7966              		.file 25 "/Users/bwandrych/Developer/PlaydateSDK/C_API/pd_api.h"
 7967 012e 03       		.byte	0x3
 7968 012f 09       		.uleb128 0x9
 7969 0130 19       		.uleb128 0x19
 7970 0131 05       		.byte	0x5
 7971 0132 0A       		.uleb128 0xa
 7972 0133 84810000 		.4byte	.LASF850
 7973              		.file 26 "/usr/local/playdate/gcc-arm-none-eabi-9-2019-q4-major/lib/gcc/arm-none-eabi/9.2.1/includ
 7974 0137 03       		.byte	0x3
 7975 0138 0C       		.uleb128 0xc
 7976 0139 1A       		.uleb128 0x1a
 7977              		.file 27 "/usr/local/playdate/gcc-arm-none-eabi-9-2019-q4-major/arm-none-eabi/include/stdint.h"
 7978 013a 03       		.byte	0x3
 7979 013b 09       		.uleb128 0x9
 7980 013c 1B       		.uleb128 0x1b
 7981 013d 05       		.byte	0x5
 7982 013e 0A       		.uleb128 0xa
 7983 013f C1240000 		.4byte	.LASF851
 7984              		.file 28 "/usr/local/playdate/gcc-arm-none-eabi-9-2019-q4-major/arm-none-eabi/include/sys/_intsup.
 7985 0143 03       		.byte	0x3
 7986 0144 0D       		.uleb128 0xd
 7987 0145 1C       		.uleb128 0x1c
 7988 0146 07       		.byte	0x7
 7989 0147 00000000 		.4byte	.Ldebug_macro23
 7990 014b 04       		.byte	0x4
 7991              		.file 29 "/usr/local/playdate/gcc-arm-none-eabi-9-2019-q4-major/arm-none-eabi/include/sys/_stdint.
 7992 014c 03       		.byte	0x3
 7993 014d 0E       		.uleb128 0xe
 7994 014e 1D       		.uleb128 0x1d
 7995 014f 07       		.byte	0x7
 7996 0150 00000000 		.4byte	.Ldebug_macro24
 7997 0154 04       		.byte	0x4
 7998 0155 07       		.byte	0x7
 7999 0156 00000000 		.4byte	.Ldebug_macro25
 8000 015a 04       		.byte	0x4
 8001 015b 05       		.byte	0x5
 8002 015c 0D       		.uleb128 0xd
 8003 015d EB790000 		.4byte	.LASF966
 8004 0161 04       		.byte	0x4
 8005              		.file 30 "/Users/bwandrych/Developer/PlaydateSDK/C_API/pd_api/pd_api_file.h"
 8006 0162 03       		.byte	0x3
 8007 0163 0F       		.uleb128 0xf
 8008 0164 1E       		.uleb128 0x1e
 8009 0165 07       		.byte	0x7
 8010 0166 00000000 		.4byte	.Ldebug_macro26
 8011 016a 04       		.byte	0x4
 8012              		.file 31 "/Users/bwandrych/Developer/PlaydateSDK/C_API/pd_api/pd_api_gfx.h"
 8013 016b 03       		.byte	0x3
 8014 016c 10       		.uleb128 0x10
 8015 016d 1F       		.uleb128 0x1f
 8016 016e 05       		.byte	0x5
 8017 016f 0A       		.uleb128 0xa
 8018 0170 A93D0000 		.4byte	.LASF971
 8019              		.file 32 "/usr/local/playdate/gcc-arm-none-eabi-9-2019-q4-major/lib/gcc/arm-none-eabi/9.2.1/includ
 8020 0174 03       		.byte	0x3
ARM GAS  /var/folders/65/xyhbx3_n6nd_hs7j3p9nfwv80000gn/T//cc2oMwwL.s 			page 149


 8021 0175 0C       		.uleb128 0xc
 8022 0176 20       		.uleb128 0x20
 8023 0177 07       		.byte	0x7
 8024 0178 00000000 		.4byte	.Ldebug_macro27
 8025 017c 04       		.byte	0x4
 8026 017d 07       		.byte	0x7
 8027 017e 00000000 		.4byte	.Ldebug_macro28
 8028 0182 04       		.byte	0x4
 8029              		.file 33 "/Users/bwandrych/Developer/PlaydateSDK/C_API/pd_api/pd_api_sys.h"
 8030 0183 03       		.byte	0x3
 8031 0184 11       		.uleb128 0x11
 8032 0185 21       		.uleb128 0x21
 8033 0186 05       		.byte	0x5
 8034 0187 0A       		.uleb128 0xa
 8035 0188 69310000 		.4byte	.LASF982
 8036              		.file 34 "/usr/local/playdate/gcc-arm-none-eabi-9-2019-q4-major/lib/gcc/arm-none-eabi/9.2.1/includ
 8037 018c 03       		.byte	0x3
 8038 018d 0C       		.uleb128 0xc
 8039 018e 22       		.uleb128 0x22
 8040 018f 07       		.byte	0x7
 8041 0190 00000000 		.4byte	.Ldebug_macro29
 8042 0194 04       		.byte	0x4
 8043 0195 04       		.byte	0x4
 8044              		.file 35 "/Users/bwandrych/Developer/PlaydateSDK/C_API/pd_api/pd_api_lua.h"
 8045 0196 03       		.byte	0x3
 8046 0197 12       		.uleb128 0x12
 8047 0198 23       		.uleb128 0x23
 8048 0199 05       		.byte	0x5
 8049 019a 0A       		.uleb128 0xa
 8050 019b 67830000 		.4byte	.LASF997
 8051 019f 04       		.byte	0x4
 8052              		.file 36 "/Users/bwandrych/Developer/PlaydateSDK/C_API/pd_api/pd_api_json.h"
 8053 01a0 03       		.byte	0x3
 8054 01a1 13       		.uleb128 0x13
 8055 01a2 24       		.uleb128 0x24
 8056 01a3 05       		.byte	0x5
 8057 01a4 0A       		.uleb128 0xa
 8058 01a5 35580000 		.4byte	.LASF998
 8059 01a9 04       		.byte	0x4
 8060              		.file 37 "/Users/bwandrych/Developer/PlaydateSDK/C_API/pd_api/pd_api_sprite.h"
 8061 01aa 03       		.byte	0x3
 8062 01ab 14       		.uleb128 0x14
 8063 01ac 25       		.uleb128 0x25
 8064 01ad 05       		.byte	0x5
 8065 01ae 0A       		.uleb128 0xa
 8066 01af C0120000 		.4byte	.LASF999
 8067 01b3 04       		.byte	0x4
 8068              		.file 38 "/Users/bwandrych/Developer/PlaydateSDK/C_API/pd_api/pd_api_sound.h"
 8069 01b4 03       		.byte	0x3
 8070 01b5 15       		.uleb128 0x15
 8071 01b6 26       		.uleb128 0x26
 8072 01b7 07       		.byte	0x7
 8073 01b8 00000000 		.4byte	.Ldebug_macro30
 8074 01bc 03       		.byte	0x3
 8075 01bd 27       		.uleb128 0x27
 8076 01be 08       		.uleb128 0x8
 8077 01bf 05       		.byte	0x5
ARM GAS  /var/folders/65/xyhbx3_n6nd_hs7j3p9nfwv80000gn/T//cc2oMwwL.s 			page 150


 8078 01c0 03       		.uleb128 0x3
 8079 01c1 4F2C0000 		.4byte	.LASF1005
 8080 01c5 03       		.byte	0x3
 8081 01c6 07       		.uleb128 0x7
 8082 01c7 0F       		.uleb128 0xf
 8083 01c8 04       		.byte	0x4
 8084 01c9 07       		.byte	0x7
 8085 01ca 00000000 		.4byte	.Ldebug_macro31
 8086 01ce 04       		.byte	0x4
 8087 01cf 04       		.byte	0x4
 8088              		.file 39 "/Users/bwandrych/Developer/PlaydateSDK/C_API/pd_api/pd_api_display.h"
 8089 01d0 03       		.byte	0x3
 8090 01d1 16       		.uleb128 0x16
 8091 01d2 27       		.uleb128 0x27
 8092 01d3 05       		.byte	0x5
 8093 01d4 0A       		.uleb128 0xa
 8094 01d5 B6760000 		.4byte	.LASF1075
 8095 01d9 04       		.byte	0x4
 8096              		.file 40 "/Users/bwandrych/Developer/PlaydateSDK/C_API/pd_api/pd_api_scoreboards.h"
 8097 01da 03       		.byte	0x3
 8098 01db 17       		.uleb128 0x17
 8099 01dc 28       		.uleb128 0x28
 8100 01dd 05       		.byte	0x5
 8101 01de 03       		.uleb128 0x3
 8102 01df 207B0000 		.4byte	.LASF1076
 8103 01e3 04       		.byte	0x4
 8104              		.file 41 "/Users/bwandrych/Developer/PlaydateSDK/C_API/pd_api/pd_api_network.h"
 8105 01e4 03       		.byte	0x3
 8106 01e5 18       		.uleb128 0x18
 8107 01e6 29       		.uleb128 0x29
 8108 01e7 05       		.byte	0x5
 8109 01e8 0A       		.uleb128 0xa
 8110 01e9 1B2E0000 		.4byte	.LASF1077
 8111              		.file 42 "/usr/local/playdate/gcc-arm-none-eabi-9-2019-q4-major/arm-none-eabi/include/stdio.h"
 8112 01ed 03       		.byte	0x3
 8113 01ee 0C       		.uleb128 0xc
 8114 01ef 2A       		.uleb128 0x2a
 8115 01f0 07       		.byte	0x7
 8116 01f1 00000000 		.4byte	.Ldebug_macro32
 8117 01f5 03       		.byte	0x3
 8118 01f6 24       		.uleb128 0x24
 8119 01f7 02       		.uleb128 0x2
 8120 01f8 07       		.byte	0x7
 8121 01f9 00000000 		.4byte	.Ldebug_macro14
 8122 01fd 04       		.byte	0x4
 8123 01fe 05       		.byte	0x5
 8124 01ff 27       		.uleb128 0x27
 8125 0200 66240000 		.4byte	.LASF1080
 8126              		.file 43 "/usr/local/playdate/gcc-arm-none-eabi-9-2019-q4-major/arm-none-eabi/include/sys/types.h"
 8127 0204 03       		.byte	0x3
 8128 0205 3D       		.uleb128 0x3d
 8129 0206 2B       		.uleb128 0x2b
 8130 0207 07       		.byte	0x7
 8131 0208 00000000 		.4byte	.Ldebug_macro33
 8132 020c 03       		.byte	0x3
 8133 020d 3E       		.uleb128 0x3e
 8134 020e 02       		.uleb128 0x2
ARM GAS  /var/folders/65/xyhbx3_n6nd_hs7j3p9nfwv80000gn/T//cc2oMwwL.s 			page 151


 8135 020f 04       		.byte	0x4
 8136              		.file 44 "/usr/local/playdate/gcc-arm-none-eabi-9-2019-q4-major/arm-none-eabi/include/machine/endi
 8137 0210 03       		.byte	0x3
 8138 0211 43       		.uleb128 0x43
 8139 0212 2C       		.uleb128 0x2c
 8140 0213 05       		.byte	0x5
 8141 0214 02       		.uleb128 0x2
 8142 0215 FF790000 		.4byte	.LASF1083
 8143              		.file 45 "/usr/local/playdate/gcc-arm-none-eabi-9-2019-q4-major/arm-none-eabi/include/machine/_end
 8144 0219 03       		.byte	0x3
 8145 021a 06       		.uleb128 0x6
 8146 021b 2D       		.uleb128 0x2d
 8147 021c 07       		.byte	0x7
 8148 021d 00000000 		.4byte	.Ldebug_macro34
 8149 0221 04       		.byte	0x4
 8150 0222 07       		.byte	0x7
 8151 0223 00000000 		.4byte	.Ldebug_macro35
 8152 0227 04       		.byte	0x4
 8153              		.file 46 "/usr/local/playdate/gcc-arm-none-eabi-9-2019-q4-major/arm-none-eabi/include/sys/select.h
 8154 0228 03       		.byte	0x3
 8155 0229 44       		.uleb128 0x44
 8156 022a 2E       		.uleb128 0x2e
 8157 022b 05       		.byte	0x5
 8158 022c 02       		.uleb128 0x2
 8159 022d 54460000 		.4byte	.LASF1101
 8160              		.file 47 "/usr/local/playdate/gcc-arm-none-eabi-9-2019-q4-major/arm-none-eabi/include/sys/_sigset.
 8161 0231 03       		.byte	0x3
 8162 0232 0E       		.uleb128 0xe
 8163 0233 2F       		.uleb128 0x2f
 8164 0234 05       		.byte	0x5
 8165 0235 27       		.uleb128 0x27
 8166 0236 81780000 		.4byte	.LASF1102
 8167 023a 04       		.byte	0x4
 8168              		.file 48 "/usr/local/playdate/gcc-arm-none-eabi-9-2019-q4-major/arm-none-eabi/include/sys/_timeval
 8169 023b 03       		.byte	0x3
 8170 023c 0F       		.uleb128 0xf
 8171 023d 30       		.uleb128 0x30
 8172 023e 07       		.byte	0x7
 8173 023f 00000000 		.4byte	.Ldebug_macro36
 8174 0243 04       		.byte	0x4
 8175              		.file 49 "/usr/local/playdate/gcc-arm-none-eabi-9-2019-q4-major/arm-none-eabi/include/sys/timespec
 8176 0244 03       		.byte	0x3
 8177 0245 10       		.uleb128 0x10
 8178 0246 31       		.uleb128 0x31
 8179 0247 05       		.byte	0x5
 8180 0248 23       		.uleb128 0x23
 8181 0249 E2190000 		.4byte	.LASF1113
 8182              		.file 50 "/usr/local/playdate/gcc-arm-none-eabi-9-2019-q4-major/arm-none-eabi/include/sys/_timespe
 8183 024d 03       		.byte	0x3
 8184 024e 26       		.uleb128 0x26
 8185 024f 32       		.uleb128 0x32
 8186 0250 05       		.byte	0x5
 8187 0251 23       		.uleb128 0x23
 8188 0252 D6590000 		.4byte	.LASF1114
 8189 0256 04       		.byte	0x4
 8190 0257 07       		.byte	0x7
 8191 0258 00000000 		.4byte	.Ldebug_macro37
ARM GAS  /var/folders/65/xyhbx3_n6nd_hs7j3p9nfwv80000gn/T//cc2oMwwL.s 			page 152


 8192 025c 04       		.byte	0x4
 8193 025d 07       		.byte	0x7
 8194 025e 00000000 		.4byte	.Ldebug_macro38
 8195 0262 04       		.byte	0x4
 8196 0263 07       		.byte	0x7
 8197 0264 00000000 		.4byte	.Ldebug_macro39
 8198              		.file 51 "/usr/local/playdate/gcc-arm-none-eabi-9-2019-q4-major/arm-none-eabi/include/sys/_pthread
 8199 0268 03       		.byte	0x3
 8200 0269 EF01     		.uleb128 0xef
 8201 026b 33       		.uleb128 0x33
 8202 026c 05       		.byte	0x5
 8203 026d 13       		.uleb128 0x13
 8204 026e C08F0000 		.4byte	.LASF1159
 8205              		.file 52 "/usr/local/playdate/gcc-arm-none-eabi-9-2019-q4-major/arm-none-eabi/include/sys/sched.h"
 8206 0272 03       		.byte	0x3
 8207 0273 17       		.uleb128 0x17
 8208 0274 34       		.uleb128 0x34
 8209 0275 07       		.byte	0x7
 8210 0276 00000000 		.4byte	.Ldebug_macro40
 8211 027a 04       		.byte	0x4
 8212 027b 07       		.byte	0x7
 8213 027c 00000000 		.4byte	.Ldebug_macro41
 8214 0280 04       		.byte	0x4
 8215              		.file 53 "/usr/local/playdate/gcc-arm-none-eabi-9-2019-q4-major/arm-none-eabi/include/machine/type
 8216 0281 03       		.byte	0x3
 8217 0282 F001     		.uleb128 0xf0
 8218 0284 35       		.uleb128 0x35
 8219 0285 04       		.byte	0x4
 8220 0286 06       		.byte	0x6
 8221 0287 F401     		.uleb128 0xf4
 8222 0289 1C1D0000 		.4byte	.LASF1173
 8223 028d 04       		.byte	0x4
 8224 028e 05       		.byte	0x5
 8225 028f 43       		.uleb128 0x43
 8226 0290 A32A0000 		.4byte	.LASF1174
 8227              		.file 54 "/usr/local/playdate/gcc-arm-none-eabi-9-2019-q4-major/arm-none-eabi/include/sys/stdio.h"
 8228 0294 03       		.byte	0x3
 8229 0295 4F       		.uleb128 0x4f
 8230 0296 36       		.uleb128 0x36
 8231 0297 07       		.byte	0x7
 8232 0298 00000000 		.4byte	.Ldebug_macro42
 8233 029c 04       		.byte	0x4
 8234 029d 07       		.byte	0x7
 8235 029e 00000000 		.4byte	.Ldebug_macro43
 8236 02a2 04       		.byte	0x4
 8237 02a3 03       		.byte	0x3
 8238 02a4 0F       		.uleb128 0xf
 8239 02a5 21       		.uleb128 0x21
 8240 02a6 04       		.byte	0x4
 8241 02a7 04       		.byte	0x4
 8242 02a8 04       		.byte	0x4
 8243              		.file 55 "Source/util/strutil.h"
 8244 02a9 03       		.byte	0x3
 8245 02aa 0A       		.uleb128 0xa
 8246 02ab 37       		.uleb128 0x37
 8247 02ac 05       		.byte	0x5
 8248 02ad 0A       		.uleb128 0xa
ARM GAS  /var/folders/65/xyhbx3_n6nd_hs7j3p9nfwv80000gn/T//cc2oMwwL.s 			page 153


 8249 02ae 56580000 		.4byte	.LASF1230
 8250 02b2 03       		.byte	0x3
 8251 02b3 0C       		.uleb128 0xc
 8252 02b4 02       		.uleb128 0x2
 8253 02b5 04       		.byte	0x4
 8254 02b6 04       		.byte	0x4
 8255 02b7 05       		.byte	0x5
 8256 02b8 0F       		.uleb128 0xf
 8257 02b9 5E710000 		.4byte	.LASF1231
 8258 02bd 05       		.byte	0x5
 8259 02be 10       		.uleb128 0x10
 8260 02bf 6A010000 		.4byte	.LASF1232
 8261 02c3 04       		.byte	0x4
 8262 02c4 00       		.byte	0
 8263              		.section	.debug_macro,"G",%progbits,wm4.0.5597035cabc44eed625cd1ebc7e67b87,comdat
 8264              	.Ldebug_macro2:
 8265 0000 0400     		.2byte	0x4
 8266 0002 00       		.byte	0
 8267 0003 05       		.byte	0x5
 8268 0004 00       		.uleb128 0
 8269 0005 CB590000 		.4byte	.LASF0
 8270 0009 05       		.byte	0x5
 8271 000a 00       		.uleb128 0
 8272 000b 003A0000 		.4byte	.LASF1
 8273 000f 05       		.byte	0x5
 8274 0010 00       		.uleb128 0
 8275 0011 7E580000 		.4byte	.LASF2
 8276 0015 05       		.byte	0x5
 8277 0016 00       		.uleb128 0
 8278 0017 3C260000 		.4byte	.LASF3
 8279 001b 05       		.byte	0x5
 8280 001c 00       		.uleb128 0
 8281 001d 900A0000 		.4byte	.LASF4
 8282 0021 05       		.byte	0x5
 8283 0022 00       		.uleb128 0
 8284 0023 D8440000 		.4byte	.LASF5
 8285 0027 05       		.byte	0x5
 8286 0028 00       		.uleb128 0
 8287 0029 1F730000 		.4byte	.LASF6
 8288 002d 05       		.byte	0x5
 8289 002e 00       		.uleb128 0
 8290 002f 4B230000 		.4byte	.LASF7
 8291 0033 05       		.byte	0x5
 8292 0034 00       		.uleb128 0
 8293 0035 6C760000 		.4byte	.LASF8
 8294 0039 05       		.byte	0x5
 8295 003a 00       		.uleb128 0
 8296 003b 2A7D0000 		.4byte	.LASF9
 8297 003f 05       		.byte	0x5
 8298 0040 00       		.uleb128 0
 8299 0041 81270000 		.4byte	.LASF10
 8300 0045 05       		.byte	0x5
 8301 0046 00       		.uleb128 0
 8302 0047 8C400000 		.4byte	.LASF11
 8303 004b 05       		.byte	0x5
 8304 004c 00       		.uleb128 0
 8305 004d C3480000 		.4byte	.LASF12
ARM GAS  /var/folders/65/xyhbx3_n6nd_hs7j3p9nfwv80000gn/T//cc2oMwwL.s 			page 154


 8306 0051 05       		.byte	0x5
 8307 0052 00       		.uleb128 0
 8308 0053 1F910000 		.4byte	.LASF13
 8309 0057 05       		.byte	0x5
 8310 0058 00       		.uleb128 0
 8311 0059 21040000 		.4byte	.LASF14
 8312 005d 05       		.byte	0x5
 8313 005e 00       		.uleb128 0
 8314 005f 95490000 		.4byte	.LASF15
 8315 0063 05       		.byte	0x5
 8316 0064 00       		.uleb128 0
 8317 0065 F36A0000 		.4byte	.LASF16
 8318 0069 05       		.byte	0x5
 8319 006a 00       		.uleb128 0
 8320 006b 26870000 		.4byte	.LASF17
 8321 006f 05       		.byte	0x5
 8322 0070 00       		.uleb128 0
 8323 0071 82250000 		.4byte	.LASF18
 8324 0075 05       		.byte	0x5
 8325 0076 00       		.uleb128 0
 8326 0077 1C050000 		.4byte	.LASF19
 8327 007b 05       		.byte	0x5
 8328 007c 00       		.uleb128 0
 8329 007d B32A0000 		.4byte	.LASF20
 8330 0081 05       		.byte	0x5
 8331 0082 00       		.uleb128 0
 8332 0083 4E260000 		.4byte	.LASF21
 8333 0087 05       		.byte	0x5
 8334 0088 00       		.uleb128 0
 8335 0089 B31F0000 		.4byte	.LASF22
 8336 008d 05       		.byte	0x5
 8337 008e 00       		.uleb128 0
 8338 008f 362C0000 		.4byte	.LASF23
 8339 0093 05       		.byte	0x5
 8340 0094 00       		.uleb128 0
 8341 0095 AA780000 		.4byte	.LASF24
 8342 0099 05       		.byte	0x5
 8343 009a 00       		.uleb128 0
 8344 009b 27520000 		.4byte	.LASF25
 8345 009f 05       		.byte	0x5
 8346 00a0 00       		.uleb128 0
 8347 00a1 365F0000 		.4byte	.LASF26
 8348 00a5 05       		.byte	0x5
 8349 00a6 00       		.uleb128 0
 8350 00a7 C8660000 		.4byte	.LASF27
 8351 00ab 05       		.byte	0x5
 8352 00ac 00       		.uleb128 0
 8353 00ad 97120000 		.4byte	.LASF28
 8354 00b1 05       		.byte	0x5
 8355 00b2 00       		.uleb128 0
 8356 00b3 40060000 		.4byte	.LASF29
 8357 00b7 05       		.byte	0x5
 8358 00b8 00       		.uleb128 0
 8359 00b9 1C540000 		.4byte	.LASF30
 8360 00bd 05       		.byte	0x5
 8361 00be 00       		.uleb128 0
 8362 00bf 235A0000 		.4byte	.LASF31
ARM GAS  /var/folders/65/xyhbx3_n6nd_hs7j3p9nfwv80000gn/T//cc2oMwwL.s 			page 155


 8363 00c3 05       		.byte	0x5
 8364 00c4 00       		.uleb128 0
 8365 00c5 E11A0000 		.4byte	.LASF32
 8366 00c9 05       		.byte	0x5
 8367 00ca 00       		.uleb128 0
 8368 00cb 5A060000 		.4byte	.LASF33
 8369 00cf 05       		.byte	0x5
 8370 00d0 00       		.uleb128 0
 8371 00d1 48680000 		.4byte	.LASF34
 8372 00d5 05       		.byte	0x5
 8373 00d6 00       		.uleb128 0
 8374 00d7 AD2C0000 		.4byte	.LASF35
 8375 00db 05       		.byte	0x5
 8376 00dc 00       		.uleb128 0
 8377 00dd 38550000 		.4byte	.LASF36
 8378 00e1 05       		.byte	0x5
 8379 00e2 00       		.uleb128 0
 8380 00e3 03740000 		.4byte	.LASF37
 8381 00e7 05       		.byte	0x5
 8382 00e8 00       		.uleb128 0
 8383 00e9 691C0000 		.4byte	.LASF38
 8384 00ed 05       		.byte	0x5
 8385 00ee 00       		.uleb128 0
 8386 00ef 4D770000 		.4byte	.LASF39
 8387 00f3 05       		.byte	0x5
 8388 00f4 00       		.uleb128 0
 8389 00f5 6E1D0000 		.4byte	.LASF40
 8390 00f9 05       		.byte	0x5
 8391 00fa 00       		.uleb128 0
 8392 00fb A6460000 		.4byte	.LASF41
 8393 00ff 05       		.byte	0x5
 8394 0100 00       		.uleb128 0
 8395 0101 CB060000 		.4byte	.LASF42
 8396 0105 05       		.byte	0x5
 8397 0106 00       		.uleb128 0
 8398 0107 F8080000 		.4byte	.LASF43
 8399 010b 05       		.byte	0x5
 8400 010c 00       		.uleb128 0
 8401 010d 32910000 		.4byte	.LASF44
 8402 0111 05       		.byte	0x5
 8403 0112 00       		.uleb128 0
 8404 0113 F7510000 		.4byte	.LASF45
 8405 0117 05       		.byte	0x5
 8406 0118 00       		.uleb128 0
 8407 0119 505A0000 		.4byte	.LASF46
 8408 011d 05       		.byte	0x5
 8409 011e 00       		.uleb128 0
 8410 011f 590D0000 		.4byte	.LASF47
 8411 0123 05       		.byte	0x5
 8412 0124 00       		.uleb128 0
 8413 0125 18860000 		.4byte	.LASF48
 8414 0129 05       		.byte	0x5
 8415 012a 00       		.uleb128 0
 8416 012b BE780000 		.4byte	.LASF49
 8417 012f 05       		.byte	0x5
 8418 0130 00       		.uleb128 0
 8419 0131 F61A0000 		.4byte	.LASF50
ARM GAS  /var/folders/65/xyhbx3_n6nd_hs7j3p9nfwv80000gn/T//cc2oMwwL.s 			page 156


 8420 0135 05       		.byte	0x5
 8421 0136 00       		.uleb128 0
 8422 0137 168A0000 		.4byte	.LASF51
 8423 013b 05       		.byte	0x5
 8424 013c 00       		.uleb128 0
 8425 013d 45490000 		.4byte	.LASF52
 8426 0141 05       		.byte	0x5
 8427 0142 00       		.uleb128 0
 8428 0143 F4140000 		.4byte	.LASF53
 8429 0147 05       		.byte	0x5
 8430 0148 00       		.uleb128 0
 8431 0149 D2170000 		.4byte	.LASF54
 8432 014d 05       		.byte	0x5
 8433 014e 00       		.uleb128 0
 8434 014f 95690000 		.4byte	.LASF55
 8435 0153 05       		.byte	0x5
 8436 0154 00       		.uleb128 0
 8437 0155 62730000 		.4byte	.LASF56
 8438 0159 05       		.byte	0x5
 8439 015a 00       		.uleb128 0
 8440 015b DE470000 		.4byte	.LASF57
 8441 015f 05       		.byte	0x5
 8442 0160 00       		.uleb128 0
 8443 0161 391A0000 		.4byte	.LASF58
 8444 0165 05       		.byte	0x5
 8445 0166 00       		.uleb128 0
 8446 0167 3E690000 		.4byte	.LASF59
 8447 016b 05       		.byte	0x5
 8448 016c 00       		.uleb128 0
 8449 016d 26490000 		.4byte	.LASF60
 8450 0171 05       		.byte	0x5
 8451 0172 00       		.uleb128 0
 8452 0173 9A0C0000 		.4byte	.LASF61
 8453 0177 05       		.byte	0x5
 8454 0178 00       		.uleb128 0
 8455 0179 90450000 		.4byte	.LASF62
 8456 017d 05       		.byte	0x5
 8457 017e 00       		.uleb128 0
 8458 017f 50880000 		.4byte	.LASF63
 8459 0183 05       		.byte	0x5
 8460 0184 00       		.uleb128 0
 8461 0185 0C260000 		.4byte	.LASF64
 8462 0189 05       		.byte	0x5
 8463 018a 00       		.uleb128 0
 8464 018b EF2D0000 		.4byte	.LASF65
 8465 018f 05       		.byte	0x5
 8466 0190 00       		.uleb128 0
 8467 0191 39770000 		.4byte	.LASF66
 8468 0195 05       		.byte	0x5
 8469 0196 00       		.uleb128 0
 8470 0197 70770000 		.4byte	.LASF67
 8471 019b 05       		.byte	0x5
 8472 019c 00       		.uleb128 0
 8473 019d AD410000 		.4byte	.LASF68
 8474 01a1 05       		.byte	0x5
 8475 01a2 00       		.uleb128 0
 8476 01a3 30730000 		.4byte	.LASF69
ARM GAS  /var/folders/65/xyhbx3_n6nd_hs7j3p9nfwv80000gn/T//cc2oMwwL.s 			page 157


 8477 01a7 05       		.byte	0x5
 8478 01a8 00       		.uleb128 0
 8479 01a9 71320000 		.4byte	.LASF70
 8480 01ad 05       		.byte	0x5
 8481 01ae 00       		.uleb128 0
 8482 01af 43580000 		.4byte	.LASF71
 8483 01b3 05       		.byte	0x5
 8484 01b4 00       		.uleb128 0
 8485 01b5 E3670000 		.4byte	.LASF72
 8486 01b9 05       		.byte	0x5
 8487 01ba 00       		.uleb128 0
 8488 01bb 8C930000 		.4byte	.LASF73
 8489 01bf 05       		.byte	0x5
 8490 01c0 00       		.uleb128 0
 8491 01c1 B78D0000 		.4byte	.LASF74
 8492 01c5 05       		.byte	0x5
 8493 01c6 00       		.uleb128 0
 8494 01c7 92600000 		.4byte	.LASF75
 8495 01cb 05       		.byte	0x5
 8496 01cc 00       		.uleb128 0
 8497 01cd 52040000 		.4byte	.LASF76
 8498 01d1 05       		.byte	0x5
 8499 01d2 00       		.uleb128 0
 8500 01d3 DE4D0000 		.4byte	.LASF77
 8501 01d7 05       		.byte	0x5
 8502 01d8 00       		.uleb128 0
 8503 01d9 6B680000 		.4byte	.LASF78
 8504 01dd 05       		.byte	0x5
 8505 01de 00       		.uleb128 0
 8506 01df 7B890000 		.4byte	.LASF79
 8507 01e3 05       		.byte	0x5
 8508 01e4 00       		.uleb128 0
 8509 01e5 99020000 		.4byte	.LASF80
 8510 01e9 05       		.byte	0x5
 8511 01ea 00       		.uleb128 0
 8512 01eb E78C0000 		.4byte	.LASF81
 8513 01ef 05       		.byte	0x5
 8514 01f0 00       		.uleb128 0
 8515 01f1 68450000 		.4byte	.LASF82
 8516 01f5 05       		.byte	0x5
 8517 01f6 00       		.uleb128 0
 8518 01f7 275B0000 		.4byte	.LASF83
 8519 01fb 05       		.byte	0x5
 8520 01fc 00       		.uleb128 0
 8521 01fd 98800000 		.4byte	.LASF84
 8522 0201 05       		.byte	0x5
 8523 0202 00       		.uleb128 0
 8524 0203 524C0000 		.4byte	.LASF85
 8525 0207 05       		.byte	0x5
 8526 0208 00       		.uleb128 0
 8527 0209 FB4F0000 		.4byte	.LASF86
 8528 020d 05       		.byte	0x5
 8529 020e 00       		.uleb128 0
 8530 020f 5A8F0000 		.4byte	.LASF87
 8531 0213 05       		.byte	0x5
 8532 0214 00       		.uleb128 0
 8533 0215 E5510000 		.4byte	.LASF88
ARM GAS  /var/folders/65/xyhbx3_n6nd_hs7j3p9nfwv80000gn/T//cc2oMwwL.s 			page 158


 8534 0219 05       		.byte	0x5
 8535 021a 00       		.uleb128 0
 8536 021b F9050000 		.4byte	.LASF89
 8537 021f 05       		.byte	0x5
 8538 0220 00       		.uleb128 0
 8539 0221 2B890000 		.4byte	.LASF90
 8540 0225 05       		.byte	0x5
 8541 0226 00       		.uleb128 0
 8542 0227 3E030000 		.4byte	.LASF91
 8543 022b 05       		.byte	0x5
 8544 022c 00       		.uleb128 0
 8545 022d 0E030000 		.4byte	.LASF92
 8546 0231 05       		.byte	0x5
 8547 0232 00       		.uleb128 0
 8548 0233 D3920000 		.4byte	.LASF93
 8549 0237 05       		.byte	0x5
 8550 0238 00       		.uleb128 0
 8551 0239 B31A0000 		.4byte	.LASF94
 8552 023d 05       		.byte	0x5
 8553 023e 00       		.uleb128 0
 8554 023f 1A4B0000 		.4byte	.LASF95
 8555 0243 05       		.byte	0x5
 8556 0244 00       		.uleb128 0
 8557 0245 B47D0000 		.4byte	.LASF96
 8558 0249 05       		.byte	0x5
 8559 024a 00       		.uleb128 0
 8560 024b 14170000 		.4byte	.LASF97
 8561 024f 05       		.byte	0x5
 8562 0250 00       		.uleb128 0
 8563 0251 A8810000 		.4byte	.LASF98
 8564 0255 05       		.byte	0x5
 8565 0256 00       		.uleb128 0
 8566 0257 07430000 		.4byte	.LASF99
 8567 025b 05       		.byte	0x5
 8568 025c 00       		.uleb128 0
 8569 025d 1D800000 		.4byte	.LASF100
 8570 0261 05       		.byte	0x5
 8571 0262 00       		.uleb128 0
 8572 0263 3A460000 		.4byte	.LASF101
 8573 0267 05       		.byte	0x5
 8574 0268 00       		.uleb128 0
 8575 0269 D4570000 		.4byte	.LASF102
 8576 026d 05       		.byte	0x5
 8577 026e 00       		.uleb128 0
 8578 026f CC300000 		.4byte	.LASF103
 8579 0273 05       		.byte	0x5
 8580 0274 00       		.uleb128 0
 8581 0275 46290000 		.4byte	.LASF104
 8582 0279 05       		.byte	0x5
 8583 027a 00       		.uleb128 0
 8584 027b C93E0000 		.4byte	.LASF105
 8585 027f 05       		.byte	0x5
 8586 0280 00       		.uleb128 0
 8587 0281 933E0000 		.4byte	.LASF106
 8588 0285 05       		.byte	0x5
 8589 0286 00       		.uleb128 0
 8590 0287 2A400000 		.4byte	.LASF107
ARM GAS  /var/folders/65/xyhbx3_n6nd_hs7j3p9nfwv80000gn/T//cc2oMwwL.s 			page 159


 8591 028b 05       		.byte	0x5
 8592 028c 00       		.uleb128 0
 8593 028d EE610000 		.4byte	.LASF108
 8594 0291 05       		.byte	0x5
 8595 0292 00       		.uleb128 0
 8596 0293 D2890000 		.4byte	.LASF109
 8597 0297 05       		.byte	0x5
 8598 0298 00       		.uleb128 0
 8599 0299 F4320000 		.4byte	.LASF110
 8600 029d 05       		.byte	0x5
 8601 029e 00       		.uleb128 0
 8602 029f D78F0000 		.4byte	.LASF111
 8603 02a3 05       		.byte	0x5
 8604 02a4 00       		.uleb128 0
 8605 02a5 4A3C0000 		.4byte	.LASF112
 8606 02a9 05       		.byte	0x5
 8607 02aa 00       		.uleb128 0
 8608 02ab 97210000 		.4byte	.LASF113
 8609 02af 05       		.byte	0x5
 8610 02b0 00       		.uleb128 0
 8611 02b1 73120000 		.4byte	.LASF114
 8612 02b5 05       		.byte	0x5
 8613 02b6 00       		.uleb128 0
 8614 02b7 C71F0000 		.4byte	.LASF115
 8615 02bb 05       		.byte	0x5
 8616 02bc 00       		.uleb128 0
 8617 02bd 67510000 		.4byte	.LASF116
 8618 02c1 05       		.byte	0x5
 8619 02c2 00       		.uleb128 0
 8620 02c3 FE780000 		.4byte	.LASF117
 8621 02c7 05       		.byte	0x5
 8622 02c8 00       		.uleb128 0
 8623 02c9 BF420000 		.4byte	.LASF118
 8624 02cd 05       		.byte	0x5
 8625 02ce 00       		.uleb128 0
 8626 02cf 303A0000 		.4byte	.LASF119
 8627 02d3 05       		.byte	0x5
 8628 02d4 00       		.uleb128 0
 8629 02d5 E9080000 		.4byte	.LASF120
 8630 02d9 05       		.byte	0x5
 8631 02da 00       		.uleb128 0
 8632 02db 0D240000 		.4byte	.LASF121
 8633 02df 05       		.byte	0x5
 8634 02e0 00       		.uleb128 0
 8635 02e1 EF7B0000 		.4byte	.LASF122
 8636 02e5 05       		.byte	0x5
 8637 02e6 00       		.uleb128 0
 8638 02e7 07420000 		.4byte	.LASF123
 8639 02eb 05       		.byte	0x5
 8640 02ec 00       		.uleb128 0
 8641 02ed 3C350000 		.4byte	.LASF124
 8642 02f1 05       		.byte	0x5
 8643 02f2 00       		.uleb128 0
 8644 02f3 DC650000 		.4byte	.LASF125
 8645 02f7 05       		.byte	0x5
 8646 02f8 00       		.uleb128 0
 8647 02f9 82650000 		.4byte	.LASF126
ARM GAS  /var/folders/65/xyhbx3_n6nd_hs7j3p9nfwv80000gn/T//cc2oMwwL.s 			page 160


 8648 02fd 05       		.byte	0x5
 8649 02fe 00       		.uleb128 0
 8650 02ff F0830000 		.4byte	.LASF127
 8651 0303 05       		.byte	0x5
 8652 0304 00       		.uleb128 0
 8653 0305 67580000 		.4byte	.LASF128
 8654 0309 05       		.byte	0x5
 8655 030a 00       		.uleb128 0
 8656 030b 186B0000 		.4byte	.LASF129
 8657 030f 05       		.byte	0x5
 8658 0310 00       		.uleb128 0
 8659 0311 4A150000 		.4byte	.LASF130
 8660 0315 05       		.byte	0x5
 8661 0316 00       		.uleb128 0
 8662 0317 63270000 		.4byte	.LASF131
 8663 031b 05       		.byte	0x5
 8664 031c 00       		.uleb128 0
 8665 031d A6250000 		.4byte	.LASF132
 8666 0321 05       		.byte	0x5
 8667 0322 00       		.uleb128 0
 8668 0323 5F190000 		.4byte	.LASF133
 8669 0327 05       		.byte	0x5
 8670 0328 00       		.uleb128 0
 8671 0329 850F0000 		.4byte	.LASF134
 8672 032d 05       		.byte	0x5
 8673 032e 00       		.uleb128 0
 8674 032f 78140000 		.4byte	.LASF135
 8675 0333 05       		.byte	0x5
 8676 0334 00       		.uleb128 0
 8677 0335 DE150000 		.4byte	.LASF136
 8678 0339 05       		.byte	0x5
 8679 033a 00       		.uleb128 0
 8680 033b 8C1E0000 		.4byte	.LASF137
 8681 033f 05       		.byte	0x5
 8682 0340 00       		.uleb128 0
 8683 0341 1A660000 		.4byte	.LASF138
 8684 0345 05       		.byte	0x5
 8685 0346 00       		.uleb128 0
 8686 0347 B3150000 		.4byte	.LASF139
 8687 034b 05       		.byte	0x5
 8688 034c 00       		.uleb128 0
 8689 034d 82500000 		.4byte	.LASF140
 8690 0351 05       		.byte	0x5
 8691 0352 00       		.uleb128 0
 8692 0353 37470000 		.4byte	.LASF141
 8693 0357 05       		.byte	0x5
 8694 0358 00       		.uleb128 0
 8695 0359 6B590000 		.4byte	.LASF142
 8696 035d 05       		.byte	0x5
 8697 035e 00       		.uleb128 0
 8698 035f 7E440000 		.4byte	.LASF143
 8699 0363 05       		.byte	0x5
 8700 0364 00       		.uleb128 0
 8701 0365 06580000 		.4byte	.LASF144
 8702 0369 05       		.byte	0x5
 8703 036a 00       		.uleb128 0
 8704 036b 31450000 		.4byte	.LASF145
ARM GAS  /var/folders/65/xyhbx3_n6nd_hs7j3p9nfwv80000gn/T//cc2oMwwL.s 			page 161


 8705 036f 05       		.byte	0x5
 8706 0370 00       		.uleb128 0
 8707 0371 95560000 		.4byte	.LASF146
 8708 0375 05       		.byte	0x5
 8709 0376 00       		.uleb128 0
 8710 0377 B14E0000 		.4byte	.LASF147
 8711 037b 05       		.byte	0x5
 8712 037c 00       		.uleb128 0
 8713 037d FA480000 		.4byte	.LASF148
 8714 0381 05       		.byte	0x5
 8715 0382 00       		.uleb128 0
 8716 0383 6F570000 		.4byte	.LASF149
 8717 0387 05       		.byte	0x5
 8718 0388 00       		.uleb128 0
 8719 0389 7E560000 		.4byte	.LASF150
 8720 038d 05       		.byte	0x5
 8721 038e 00       		.uleb128 0
 8722 038f 0C210000 		.4byte	.LASF151
 8723 0393 05       		.byte	0x5
 8724 0394 00       		.uleb128 0
 8725 0395 B51E0000 		.4byte	.LASF152
 8726 0399 05       		.byte	0x5
 8727 039a 00       		.uleb128 0
 8728 039b B3260000 		.4byte	.LASF153
 8729 039f 05       		.byte	0x5
 8730 03a0 00       		.uleb128 0
 8731 03a1 67210000 		.4byte	.LASF154
 8732 03a5 05       		.byte	0x5
 8733 03a6 00       		.uleb128 0
 8734 03a7 024D0000 		.4byte	.LASF155
 8735 03ab 05       		.byte	0x5
 8736 03ac 00       		.uleb128 0
 8737 03ad 762B0000 		.4byte	.LASF156
 8738 03b1 05       		.byte	0x5
 8739 03b2 00       		.uleb128 0
 8740 03b3 AC350000 		.4byte	.LASF157
 8741 03b7 05       		.byte	0x5
 8742 03b8 00       		.uleb128 0
 8743 03b9 6E330000 		.4byte	.LASF158
 8744 03bd 05       		.byte	0x5
 8745 03be 00       		.uleb128 0
 8746 03bf B6060000 		.4byte	.LASF159
 8747 03c3 05       		.byte	0x5
 8748 03c4 00       		.uleb128 0
 8749 03c5 D8420000 		.4byte	.LASF160
 8750 03c9 05       		.byte	0x5
 8751 03ca 00       		.uleb128 0
 8752 03cb 33230000 		.4byte	.LASF161
 8753 03cf 05       		.byte	0x5
 8754 03d0 00       		.uleb128 0
 8755 03d1 F33A0000 		.4byte	.LASF162
 8756 03d5 05       		.byte	0x5
 8757 03d6 00       		.uleb128 0
 8758 03d7 F9920000 		.4byte	.LASF163
 8759 03db 05       		.byte	0x5
 8760 03dc 00       		.uleb128 0
 8761 03dd CB770000 		.4byte	.LASF164
ARM GAS  /var/folders/65/xyhbx3_n6nd_hs7j3p9nfwv80000gn/T//cc2oMwwL.s 			page 162


 8762 03e1 05       		.byte	0x5
 8763 03e2 00       		.uleb128 0
 8764 03e3 5F620000 		.4byte	.LASF165
 8765 03e7 05       		.byte	0x5
 8766 03e8 00       		.uleb128 0
 8767 03e9 6F910000 		.4byte	.LASF166
 8768 03ed 05       		.byte	0x5
 8769 03ee 00       		.uleb128 0
 8770 03ef A0480000 		.4byte	.LASF167
 8771 03f3 05       		.byte	0x5
 8772 03f4 00       		.uleb128 0
 8773 03f5 40050000 		.4byte	.LASF168
 8774 03f9 05       		.byte	0x5
 8775 03fa 00       		.uleb128 0
 8776 03fb 217F0000 		.4byte	.LASF169
 8777 03ff 05       		.byte	0x5
 8778 0400 00       		.uleb128 0
 8779 0401 868A0000 		.4byte	.LASF170
 8780 0405 05       		.byte	0x5
 8781 0406 00       		.uleb128 0
 8782 0407 FC880000 		.4byte	.LASF171
 8783 040b 05       		.byte	0x5
 8784 040c 00       		.uleb128 0
 8785 040d 4D420000 		.4byte	.LASF172
 8786 0411 05       		.byte	0x5
 8787 0412 00       		.uleb128 0
 8788 0413 99840000 		.4byte	.LASF173
 8789 0417 05       		.byte	0x5
 8790 0418 00       		.uleb128 0
 8791 0419 76310000 		.4byte	.LASF174
 8792 041d 05       		.byte	0x5
 8793 041e 00       		.uleb128 0
 8794 041f 9D7D0000 		.4byte	.LASF175
 8795 0423 05       		.byte	0x5
 8796 0424 00       		.uleb128 0
 8797 0425 5E750000 		.4byte	.LASF176
 8798 0429 05       		.byte	0x5
 8799 042a 00       		.uleb128 0
 8800 042b FE150000 		.4byte	.LASF177
 8801 042f 05       		.byte	0x5
 8802 0430 00       		.uleb128 0
 8803 0431 EC880000 		.4byte	.LASF178
 8804 0435 05       		.byte	0x5
 8805 0436 00       		.uleb128 0
 8806 0437 67080000 		.4byte	.LASF179
 8807 043b 05       		.byte	0x5
 8808 043c 00       		.uleb128 0
 8809 043d 935C0000 		.4byte	.LASF180
 8810 0441 05       		.byte	0x5
 8811 0442 00       		.uleb128 0
 8812 0443 07310000 		.4byte	.LASF181
 8813 0447 05       		.byte	0x5
 8814 0448 00       		.uleb128 0
 8815 0449 1E8B0000 		.4byte	.LASF182
 8816 044d 05       		.byte	0x5
 8817 044e 00       		.uleb128 0
 8818 044f 2F000000 		.4byte	.LASF183
ARM GAS  /var/folders/65/xyhbx3_n6nd_hs7j3p9nfwv80000gn/T//cc2oMwwL.s 			page 163


 8819 0453 05       		.byte	0x5
 8820 0454 00       		.uleb128 0
 8821 0455 4F830000 		.4byte	.LASF184
 8822 0459 05       		.byte	0x5
 8823 045a 00       		.uleb128 0
 8824 045b 99330000 		.4byte	.LASF185
 8825 045f 05       		.byte	0x5
 8826 0460 00       		.uleb128 0
 8827 0461 157A0000 		.4byte	.LASF186
 8828 0465 05       		.byte	0x5
 8829 0466 00       		.uleb128 0
 8830 0467 0B480000 		.4byte	.LASF187
 8831 046b 05       		.byte	0x5
 8832 046c 00       		.uleb128 0
 8833 046d 634A0000 		.4byte	.LASF188
 8834 0471 05       		.byte	0x5
 8835 0472 00       		.uleb128 0
 8836 0473 40640000 		.4byte	.LASF189
 8837 0477 05       		.byte	0x5
 8838 0478 00       		.uleb128 0
 8839 0479 85380000 		.4byte	.LASF190
 8840 047d 05       		.byte	0x5
 8841 047e 00       		.uleb128 0
 8842 047f B64F0000 		.4byte	.LASF191
 8843 0483 05       		.byte	0x5
 8844 0484 00       		.uleb128 0
 8845 0485 0D840000 		.4byte	.LASF192
 8846 0489 05       		.byte	0x5
 8847 048a 00       		.uleb128 0
 8848 048b 16630000 		.4byte	.LASF193
 8849 048f 05       		.byte	0x5
 8850 0490 00       		.uleb128 0
 8851 0491 650E0000 		.4byte	.LASF194
 8852 0495 05       		.byte	0x5
 8853 0496 00       		.uleb128 0
 8854 0497 175E0000 		.4byte	.LASF195
 8855 049b 05       		.byte	0x5
 8856 049c 00       		.uleb128 0
 8857 049d 0A1C0000 		.4byte	.LASF196
 8858 04a1 05       		.byte	0x5
 8859 04a2 00       		.uleb128 0
 8860 04a3 410D0000 		.4byte	.LASF197
 8861 04a7 05       		.byte	0x5
 8862 04a8 00       		.uleb128 0
 8863 04a9 F4070000 		.4byte	.LASF198
 8864 04ad 05       		.byte	0x5
 8865 04ae 00       		.uleb128 0
 8866 04af A3770000 		.4byte	.LASF199
 8867 04b3 05       		.byte	0x5
 8868 04b4 00       		.uleb128 0
 8869 04b5 AF710000 		.4byte	.LASF200
 8870 04b9 05       		.byte	0x5
 8871 04ba 00       		.uleb128 0
 8872 04bb 43540000 		.4byte	.LASF201
 8873 04bf 05       		.byte	0x5
 8874 04c0 00       		.uleb128 0
 8875 04c1 77470000 		.4byte	.LASF202
ARM GAS  /var/folders/65/xyhbx3_n6nd_hs7j3p9nfwv80000gn/T//cc2oMwwL.s 			page 164


 8876 04c5 05       		.byte	0x5
 8877 04c6 00       		.uleb128 0
 8878 04c7 02760000 		.4byte	.LASF203
 8879 04cb 05       		.byte	0x5
 8880 04cc 00       		.uleb128 0
 8881 04cd 7A090000 		.4byte	.LASF204
 8882 04d1 05       		.byte	0x5
 8883 04d2 00       		.uleb128 0
 8884 04d3 3A380000 		.4byte	.LASF205
 8885 04d7 05       		.byte	0x5
 8886 04d8 00       		.uleb128 0
 8887 04d9 F10D0000 		.4byte	.LASF206
 8888 04dd 05       		.byte	0x5
 8889 04de 00       		.uleb128 0
 8890 04df D27D0000 		.4byte	.LASF207
 8891 04e3 05       		.byte	0x5
 8892 04e4 00       		.uleb128 0
 8893 04e5 92890000 		.4byte	.LASF208
 8894 04e9 05       		.byte	0x5
 8895 04ea 00       		.uleb128 0
 8896 04eb AF130000 		.4byte	.LASF209
 8897 04ef 05       		.byte	0x5
 8898 04f0 00       		.uleb128 0
 8899 04f1 120F0000 		.4byte	.LASF210
 8900 04f5 05       		.byte	0x5
 8901 04f6 00       		.uleb128 0
 8902 04f7 B6500000 		.4byte	.LASF211
 8903 04fb 05       		.byte	0x5
 8904 04fc 00       		.uleb128 0
 8905 04fd 69250000 		.4byte	.LASF212
 8906 0501 05       		.byte	0x5
 8907 0502 00       		.uleb128 0
 8908 0503 A7030000 		.4byte	.LASF213
 8909 0507 05       		.byte	0x5
 8910 0508 00       		.uleb128 0
 8911 0509 51090000 		.4byte	.LASF214
 8912 050d 05       		.byte	0x5
 8913 050e 00       		.uleb128 0
 8914 050f 1F510000 		.4byte	.LASF215
 8915 0513 05       		.byte	0x5
 8916 0514 00       		.uleb128 0
 8917 0515 42000000 		.4byte	.LASF216
 8918 0519 05       		.byte	0x5
 8919 051a 00       		.uleb128 0
 8920 051b C7000000 		.4byte	.LASF217
 8921 051f 05       		.byte	0x5
 8922 0520 00       		.uleb128 0
 8923 0521 58570000 		.4byte	.LASF218
 8924 0525 05       		.byte	0x5
 8925 0526 00       		.uleb128 0
 8926 0527 A7010000 		.4byte	.LASF219
 8927 052b 05       		.byte	0x5
 8928 052c 00       		.uleb128 0
 8929 052d 84750000 		.4byte	.LASF220
 8930 0531 05       		.byte	0x5
 8931 0532 00       		.uleb128 0
 8932 0533 438F0000 		.4byte	.LASF221
ARM GAS  /var/folders/65/xyhbx3_n6nd_hs7j3p9nfwv80000gn/T//cc2oMwwL.s 			page 165


 8933 0537 05       		.byte	0x5
 8934 0538 00       		.uleb128 0
 8935 0539 326A0000 		.4byte	.LASF222
 8936 053d 05       		.byte	0x5
 8937 053e 00       		.uleb128 0
 8938 053f F81F0000 		.4byte	.LASF223
 8939 0543 05       		.byte	0x5
 8940 0544 00       		.uleb128 0
 8941 0545 3F1D0000 		.4byte	.LASF224
 8942 0549 05       		.byte	0x5
 8943 054a 00       		.uleb128 0
 8944 054b 95410000 		.4byte	.LASF225
 8945 054f 05       		.byte	0x5
 8946 0550 00       		.uleb128 0
 8947 0551 6B390000 		.4byte	.LASF226
 8948 0555 05       		.byte	0x5
 8949 0556 00       		.uleb128 0
 8950 0557 87190000 		.4byte	.LASF227
 8951 055b 05       		.byte	0x5
 8952 055c 00       		.uleb128 0
 8953 055d 33710000 		.4byte	.LASF228
 8954 0561 05       		.byte	0x5
 8955 0562 00       		.uleb128 0
 8956 0563 C14E0000 		.4byte	.LASF229
 8957 0567 05       		.byte	0x5
 8958 0568 00       		.uleb128 0
 8959 0569 F4190000 		.4byte	.LASF230
 8960 056d 05       		.byte	0x5
 8961 056e 00       		.uleb128 0
 8962 056f 61260000 		.4byte	.LASF231
 8963 0573 05       		.byte	0x5
 8964 0574 00       		.uleb128 0
 8965 0575 E2480000 		.4byte	.LASF232
 8966 0579 05       		.byte	0x5
 8967 057a 00       		.uleb128 0
 8968 057b 41170000 		.4byte	.LASF233
 8969 057f 05       		.byte	0x5
 8970 0580 00       		.uleb128 0
 8971 0581 C7190000 		.4byte	.LASF234
 8972 0585 05       		.byte	0x5
 8973 0586 00       		.uleb128 0
 8974 0587 AB5E0000 		.4byte	.LASF235
 8975 058b 05       		.byte	0x5
 8976 058c 00       		.uleb128 0
 8977 058d 3C120000 		.4byte	.LASF236
 8978 0591 05       		.byte	0x5
 8979 0592 00       		.uleb128 0
 8980 0593 1F600000 		.4byte	.LASF237
 8981 0597 05       		.byte	0x5
 8982 0598 00       		.uleb128 0
 8983 0599 E3050000 		.4byte	.LASF238
 8984 059d 05       		.byte	0x5
 8985 059e 00       		.uleb128 0
 8986 059f 96160000 		.4byte	.LASF239
 8987 05a3 05       		.byte	0x5
 8988 05a4 00       		.uleb128 0
 8989 05a5 A1140000 		.4byte	.LASF240
ARM GAS  /var/folders/65/xyhbx3_n6nd_hs7j3p9nfwv80000gn/T//cc2oMwwL.s 			page 166


 8990 05a9 05       		.byte	0x5
 8991 05aa 00       		.uleb128 0
 8992 05ab 72030000 		.4byte	.LASF241
 8993 05af 05       		.byte	0x5
 8994 05b0 00       		.uleb128 0
 8995 05b1 40670000 		.4byte	.LASF242
 8996 05b5 05       		.byte	0x5
 8997 05b6 00       		.uleb128 0
 8998 05b7 52590000 		.4byte	.LASF243
 8999 05bb 05       		.byte	0x5
 9000 05bc 00       		.uleb128 0
 9001 05bd 75060000 		.4byte	.LASF244
 9002 05c1 05       		.byte	0x5
 9003 05c2 00       		.uleb128 0
 9004 05c3 D77E0000 		.4byte	.LASF245
 9005 05c7 05       		.byte	0x5
 9006 05c8 00       		.uleb128 0
 9007 05c9 9D200000 		.4byte	.LASF246
 9008 05cd 05       		.byte	0x5
 9009 05ce 00       		.uleb128 0
 9010 05cf A3890000 		.4byte	.LASF247
 9011 05d3 05       		.byte	0x5
 9012 05d4 00       		.uleb128 0
 9013 05d5 FD3C0000 		.4byte	.LASF248
 9014 05d9 05       		.byte	0x5
 9015 05da 00       		.uleb128 0
 9016 05db C65B0000 		.4byte	.LASF249
 9017 05df 05       		.byte	0x5
 9018 05e0 00       		.uleb128 0
 9019 05e1 25210000 		.4byte	.LASF250
 9020 05e5 05       		.byte	0x5
 9021 05e6 00       		.uleb128 0
 9022 05e7 14270000 		.4byte	.LASF251
 9023 05eb 05       		.byte	0x5
 9024 05ec 00       		.uleb128 0
 9025 05ed E5780000 		.4byte	.LASF252
 9026 05f1 05       		.byte	0x5
 9027 05f2 00       		.uleb128 0
 9028 05f3 DA260000 		.4byte	.LASF253
 9029 05f7 05       		.byte	0x5
 9030 05f8 00       		.uleb128 0
 9031 05f9 A6000000 		.4byte	.LASF254
 9032 05fd 05       		.byte	0x5
 9033 05fe 00       		.uleb128 0
 9034 05ff D1290000 		.4byte	.LASF255
 9035 0603 05       		.byte	0x5
 9036 0604 00       		.uleb128 0
 9037 0605 58010000 		.4byte	.LASF256
 9038 0609 05       		.byte	0x5
 9039 060a 00       		.uleb128 0
 9040 060b 83530000 		.4byte	.LASF257
 9041 060f 05       		.byte	0x5
 9042 0610 00       		.uleb128 0
 9043 0611 89740000 		.4byte	.LASF258
 9044 0615 05       		.byte	0x5
 9045 0616 00       		.uleb128 0
 9046 0617 2A8F0000 		.4byte	.LASF259
ARM GAS  /var/folders/65/xyhbx3_n6nd_hs7j3p9nfwv80000gn/T//cc2oMwwL.s 			page 167


 9047 061b 05       		.byte	0x5
 9048 061c 00       		.uleb128 0
 9049 061d 21620000 		.4byte	.LASF260
 9050 0621 05       		.byte	0x5
 9051 0622 00       		.uleb128 0
 9052 0623 963D0000 		.4byte	.LASF261
 9053 0627 05       		.byte	0x5
 9054 0628 00       		.uleb128 0
 9055 0629 922F0000 		.4byte	.LASF262
 9056 062d 05       		.byte	0x5
 9057 062e 00       		.uleb128 0
 9058 062f FF2F0000 		.4byte	.LASF263
 9059 0633 05       		.byte	0x5
 9060 0634 00       		.uleb128 0
 9061 0635 BA0D0000 		.4byte	.LASF264
 9062 0639 05       		.byte	0x5
 9063 063a 00       		.uleb128 0
 9064 063b 2E3D0000 		.4byte	.LASF265
 9065 063f 05       		.byte	0x5
 9066 0640 00       		.uleb128 0
 9067 0641 21230000 		.4byte	.LASF266
 9068 0645 05       		.byte	0x5
 9069 0646 00       		.uleb128 0
 9070 0647 CB7A0000 		.4byte	.LASF267
 9071 064b 05       		.byte	0x5
 9072 064c 00       		.uleb128 0
 9073 064d 7F050000 		.4byte	.LASF268
 9074 0651 05       		.byte	0x5
 9075 0652 00       		.uleb128 0
 9076 0653 56560000 		.4byte	.LASF269
 9077 0657 05       		.byte	0x5
 9078 0658 00       		.uleb128 0
 9079 0659 D9450000 		.4byte	.LASF270
 9080 065d 05       		.byte	0x5
 9081 065e 00       		.uleb128 0
 9082 065f DC7B0000 		.4byte	.LASF271
 9083 0663 05       		.byte	0x5
 9084 0664 00       		.uleb128 0
 9085 0665 77610000 		.4byte	.LASF272
 9086 0669 05       		.byte	0x5
 9087 066a 00       		.uleb128 0
 9088 066b B2160000 		.4byte	.LASF273
 9089 066f 05       		.byte	0x5
 9090 0670 00       		.uleb128 0
 9091 0671 2B530000 		.4byte	.LASF274
 9092 0675 05       		.byte	0x5
 9093 0676 00       		.uleb128 0
 9094 0677 C14D0000 		.4byte	.LASF275
 9095 067b 05       		.byte	0x5
 9096 067c 00       		.uleb128 0
 9097 067d 14520000 		.4byte	.LASF276
 9098 0681 05       		.byte	0x5
 9099 0682 00       		.uleb128 0
 9100 0683 FC610000 		.4byte	.LASF277
 9101 0687 05       		.byte	0x5
 9102 0688 00       		.uleb128 0
 9103 0689 34040000 		.4byte	.LASF278
ARM GAS  /var/folders/65/xyhbx3_n6nd_hs7j3p9nfwv80000gn/T//cc2oMwwL.s 			page 168


 9104 068d 05       		.byte	0x5
 9105 068e 00       		.uleb128 0
 9106 068f 94590000 		.4byte	.LASF279
 9107 0693 05       		.byte	0x5
 9108 0694 00       		.uleb128 0
 9109 0695 E55C0000 		.4byte	.LASF280
 9110 0699 05       		.byte	0x5
 9111 069a 00       		.uleb128 0
 9112 069b FE0E0000 		.4byte	.LASF281
 9113 069f 05       		.byte	0x5
 9114 06a0 00       		.uleb128 0
 9115 06a1 0D930000 		.4byte	.LASF282
 9116 06a5 05       		.byte	0x5
 9117 06a6 00       		.uleb128 0
 9118 06a7 A96D0000 		.4byte	.LASF283
 9119 06ab 05       		.byte	0x5
 9120 06ac 00       		.uleb128 0
 9121 06ad FF7E0000 		.4byte	.LASF284
 9122 06b1 05       		.byte	0x5
 9123 06b2 00       		.uleb128 0
 9124 06b3 DA770000 		.4byte	.LASF285
 9125 06b7 05       		.byte	0x5
 9126 06b8 00       		.uleb128 0
 9127 06b9 F48A0000 		.4byte	.LASF286
 9128 06bd 05       		.byte	0x5
 9129 06be 00       		.uleb128 0
 9130 06bf 45870000 		.4byte	.LASF287
 9131 06c3 05       		.byte	0x5
 9132 06c4 00       		.uleb128 0
 9133 06c5 2E830000 		.4byte	.LASF288
 9134 06c9 05       		.byte	0x5
 9135 06ca 00       		.uleb128 0
 9136 06cb D8750000 		.4byte	.LASF289
 9137 06cf 05       		.byte	0x5
 9138 06d0 00       		.uleb128 0
 9139 06d1 008F0000 		.4byte	.LASF290
 9140 06d5 05       		.byte	0x5
 9141 06d6 00       		.uleb128 0
 9142 06d7 A20A0000 		.4byte	.LASF291
 9143 06db 05       		.byte	0x5
 9144 06dc 00       		.uleb128 0
 9145 06dd C04A0000 		.4byte	.LASF292
 9146 06e1 05       		.byte	0x5
 9147 06e2 00       		.uleb128 0
 9148 06e3 B6860000 		.4byte	.LASF293
 9149 06e7 05       		.byte	0x5
 9150 06e8 00       		.uleb128 0
 9151 06e9 911C0000 		.4byte	.LASF294
 9152 06ed 05       		.byte	0x5
 9153 06ee 00       		.uleb128 0
 9154 06ef B7820000 		.4byte	.LASF295
 9155 06f3 05       		.byte	0x5
 9156 06f4 00       		.uleb128 0
 9157 06f5 94950000 		.4byte	.LASF296
 9158 06f9 05       		.byte	0x5
 9159 06fa 00       		.uleb128 0
 9160 06fb 94680000 		.4byte	.LASF297
ARM GAS  /var/folders/65/xyhbx3_n6nd_hs7j3p9nfwv80000gn/T//cc2oMwwL.s 			page 169


 9161 06ff 05       		.byte	0x5
 9162 0700 00       		.uleb128 0
 9163 0701 6B690000 		.4byte	.LASF298
 9164 0705 05       		.byte	0x5
 9165 0706 00       		.uleb128 0
 9166 0707 1E770000 		.4byte	.LASF299
 9167 070b 05       		.byte	0x5
 9168 070c 00       		.uleb128 0
 9169 070d BD870000 		.4byte	.LASF300
 9170 0711 05       		.byte	0x5
 9171 0712 00       		.uleb128 0
 9172 0713 AC370000 		.4byte	.LASF301
 9173 0717 05       		.byte	0x5
 9174 0718 00       		.uleb128 0
 9175 0719 E4560000 		.4byte	.LASF302
 9176 071d 05       		.byte	0x5
 9177 071e 00       		.uleb128 0
 9178 071f DD070000 		.4byte	.LASF303
 9179 0723 05       		.byte	0x5
 9180 0724 00       		.uleb128 0
 9181 0725 C6050000 		.4byte	.LASF304
 9182 0729 05       		.byte	0x5
 9183 072a 00       		.uleb128 0
 9184 072b 951A0000 		.4byte	.LASF305
 9185 072f 05       		.byte	0x5
 9186 0730 00       		.uleb128 0
 9187 0731 42180000 		.4byte	.LASF306
 9188 0735 05       		.byte	0x5
 9189 0736 00       		.uleb128 0
 9190 0737 5A7A0000 		.4byte	.LASF307
 9191 073b 05       		.byte	0x5
 9192 073c 00       		.uleb128 0
 9193 073d 9B040000 		.4byte	.LASF308
 9194 0741 05       		.byte	0x5
 9195 0742 00       		.uleb128 0
 9196 0743 338C0000 		.4byte	.LASF309
 9197 0747 05       		.byte	0x5
 9198 0748 00       		.uleb128 0
 9199 0749 AC880000 		.4byte	.LASF310
 9200 074d 05       		.byte	0x5
 9201 074e 00       		.uleb128 0
 9202 074f 264D0000 		.4byte	.LASF311
 9203 0753 05       		.byte	0x5
 9204 0754 00       		.uleb128 0
 9205 0755 DC710000 		.4byte	.LASF312
 9206 0759 05       		.byte	0x5
 9207 075a 00       		.uleb128 0
 9208 075b 7D350000 		.4byte	.LASF313
 9209 075f 05       		.byte	0x5
 9210 0760 00       		.uleb128 0
 9211 0761 C4490000 		.4byte	.LASF314
 9212 0765 05       		.byte	0x5
 9213 0766 00       		.uleb128 0
 9214 0767 98360000 		.4byte	.LASF315
 9215 076b 05       		.byte	0x5
 9216 076c 00       		.uleb128 0
 9217 076d 0D380000 		.4byte	.LASF316
ARM GAS  /var/folders/65/xyhbx3_n6nd_hs7j3p9nfwv80000gn/T//cc2oMwwL.s 			page 170


 9218 0771 05       		.byte	0x5
 9219 0772 00       		.uleb128 0
 9220 0773 13790000 		.4byte	.LASF317
 9221 0777 05       		.byte	0x5
 9222 0778 00       		.uleb128 0
 9223 0779 B5830000 		.4byte	.LASF318
 9224 077d 05       		.byte	0x5
 9225 077e 00       		.uleb128 0
 9226 077f E0690000 		.4byte	.LASF319
 9227 0783 05       		.byte	0x5
 9228 0784 00       		.uleb128 0
 9229 0785 9A2B0000 		.4byte	.LASF320
 9230 0789 05       		.byte	0x5
 9231 078a 00       		.uleb128 0
 9232 078b 927F0000 		.4byte	.LASF321
 9233 078f 05       		.byte	0x5
 9234 0790 00       		.uleb128 0
 9235 0791 CF670000 		.4byte	.LASF322
 9236 0795 05       		.byte	0x5
 9237 0796 00       		.uleb128 0
 9238 0797 384E0000 		.4byte	.LASF323
 9239 079b 05       		.byte	0x5
 9240 079c 00       		.uleb128 0
 9241 079d B56C0000 		.4byte	.LASF324
 9242 07a1 05       		.byte	0x5
 9243 07a2 00       		.uleb128 0
 9244 07a3 C7880000 		.4byte	.LASF325
 9245 07a7 05       		.byte	0x5
 9246 07a8 00       		.uleb128 0
 9247 07a9 DA720000 		.4byte	.LASF326
 9248 07ad 05       		.byte	0x5
 9249 07ae 00       		.uleb128 0
 9250 07af B1450000 		.4byte	.LASF327
 9251 07b3 05       		.byte	0x5
 9252 07b4 00       		.uleb128 0
 9253 07b5 2A020000 		.4byte	.LASF328
 9254 07b9 05       		.byte	0x5
 9255 07ba 00       		.uleb128 0
 9256 07bb B63D0000 		.4byte	.LASF329
 9257 07bf 05       		.byte	0x5
 9258 07c0 00       		.uleb128 0
 9259 07c1 D46A0000 		.4byte	.LASF330
 9260 07c5 05       		.byte	0x5
 9261 07c6 00       		.uleb128 0
 9262 07c7 C62A0000 		.4byte	.LASF331
 9263 07cb 05       		.byte	0x5
 9264 07cc 00       		.uleb128 0
 9265 07cd 32820000 		.4byte	.LASF332
 9266 07d1 05       		.byte	0x5
 9267 07d2 00       		.uleb128 0
 9268 07d3 CF840000 		.4byte	.LASF333
 9269 07d7 05       		.byte	0x5
 9270 07d8 00       		.uleb128 0
 9271 07d9 9A050000 		.4byte	.LASF334
 9272 07dd 05       		.byte	0x5
 9273 07de 00       		.uleb128 0
 9274 07df 38340000 		.4byte	.LASF335
ARM GAS  /var/folders/65/xyhbx3_n6nd_hs7j3p9nfwv80000gn/T//cc2oMwwL.s 			page 171


 9275 07e3 05       		.byte	0x5
 9276 07e4 00       		.uleb128 0
 9277 07e5 20810000 		.4byte	.LASF336
 9278 07e9 05       		.byte	0x5
 9279 07ea 00       		.uleb128 0
 9280 07eb 37720000 		.4byte	.LASF337
 9281 07ef 05       		.byte	0x5
 9282 07f0 00       		.uleb128 0
 9283 07f1 F98B0000 		.4byte	.LASF338
 9284 07f5 05       		.byte	0x5
 9285 07f6 00       		.uleb128 0
 9286 07f7 73370000 		.4byte	.LASF339
 9287 07fb 05       		.byte	0x5
 9288 07fc 00       		.uleb128 0
 9289 07fd B1120000 		.4byte	.LASF340
 9290 0801 05       		.byte	0x5
 9291 0802 00       		.uleb128 0
 9292 0803 32060000 		.4byte	.LASF341
 9293 0807 05       		.byte	0x5
 9294 0808 00       		.uleb128 0
 9295 0809 A6680000 		.4byte	.LASF342
 9296 080d 05       		.byte	0x5
 9297 080e 00       		.uleb128 0
 9298 080f CD6D0000 		.4byte	.LASF343
 9299 0813 05       		.byte	0x5
 9300 0814 00       		.uleb128 0
 9301 0815 DB4F0000 		.4byte	.LASF344
 9302 0819 05       		.byte	0x5
 9303 081a 00       		.uleb128 0
 9304 081b 99030000 		.4byte	.LASF345
 9305 081f 05       		.byte	0x5
 9306 0820 00       		.uleb128 0
 9307 0821 C7580000 		.4byte	.LASF346
 9308 0825 05       		.byte	0x5
 9309 0826 00       		.uleb128 0
 9310 0827 F1390000 		.4byte	.LASF347
 9311 082b 05       		.byte	0x5
 9312 082c 00       		.uleb128 0
 9313 082d 3F130000 		.4byte	.LASF348
 9314 0831 05       		.byte	0x5
 9315 0832 00       		.uleb128 0
 9316 0833 C2680000 		.4byte	.LASF349
 9317 0837 05       		.byte	0x5
 9318 0838 00       		.uleb128 0
 9319 0839 87120000 		.4byte	.LASF350
 9320 083d 05       		.byte	0x5
 9321 083e 00       		.uleb128 0
 9322 083f 77520000 		.4byte	.LASF351
 9323 0843 05       		.byte	0x5
 9324 0844 00       		.uleb128 0
 9325 0845 53550000 		.4byte	.LASF352
 9326 0849 05       		.byte	0x5
 9327 084a 00       		.uleb128 0
 9328 084b 04870000 		.4byte	.LASF353
 9329 084f 05       		.byte	0x5
 9330 0850 00       		.uleb128 0
 9331 0851 6A6A0000 		.4byte	.LASF354
ARM GAS  /var/folders/65/xyhbx3_n6nd_hs7j3p9nfwv80000gn/T//cc2oMwwL.s 			page 172


 9332 0855 05       		.byte	0x5
 9333 0856 00       		.uleb128 0
 9334 0857 08710000 		.4byte	.LASF355
 9335 085b 05       		.byte	0x5
 9336 085c 00       		.uleb128 0
 9337 085d BC2E0000 		.4byte	.LASF356
 9338 0861 05       		.byte	0x5
 9339 0862 00       		.uleb128 0
 9340 0863 74500000 		.4byte	.LASF357
 9341 0867 05       		.byte	0x5
 9342 0868 00       		.uleb128 0
 9343 0869 D01B0000 		.4byte	.LASF358
 9344 086d 05       		.byte	0x5
 9345 086e 00       		.uleb128 0
 9346 086f 42440000 		.4byte	.LASF359
 9347 0873 05       		.byte	0x5
 9348 0874 00       		.uleb128 0
 9349 0875 DA5E0000 		.4byte	.LASF360
 9350 0879 05       		.byte	0x5
 9351 087a 00       		.uleb128 0
 9352 087b EF0E0000 		.4byte	.LASF361
 9353 087f 05       		.byte	0x5
 9354 0880 00       		.uleb128 0
 9355 0881 DD380000 		.4byte	.LASF362
 9356 0885 05       		.byte	0x5
 9357 0886 00       		.uleb128 0
 9358 0887 29010000 		.4byte	.LASF363
 9359 088b 05       		.byte	0x5
 9360 088c 00       		.uleb128 0
 9361 088d 6E530000 		.4byte	.LASF364
 9362 0891 05       		.byte	0x5
 9363 0892 00       		.uleb128 0
 9364 0893 8E880000 		.4byte	.LASF365
 9365 0897 05       		.byte	0x5
 9366 0898 00       		.uleb128 0
 9367 0899 035C0000 		.4byte	.LASF366
 9368 089d 05       		.byte	0x5
 9369 089e 00       		.uleb128 0
 9370 089f 062D0000 		.4byte	.LASF367
 9371 08a3 05       		.byte	0x5
 9372 08a4 00       		.uleb128 0
 9373 08a5 791A0000 		.4byte	.LASF368
 9374 08a9 05       		.byte	0x5
 9375 08aa 00       		.uleb128 0
 9376 08ab 777C0000 		.4byte	.LASF369
 9377 08af 05       		.byte	0x5
 9378 08b0 00       		.uleb128 0
 9379 08b1 D0120000 		.4byte	.LASF370
 9380 08b5 05       		.byte	0x5
 9381 08b6 00       		.uleb128 0
 9382 08b7 22820000 		.4byte	.LASF371
 9383 08bb 05       		.byte	0x5
 9384 08bc 00       		.uleb128 0
 9385 08bd 8E770000 		.4byte	.LASF372
 9386 08c1 05       		.byte	0x5
 9387 08c2 00       		.uleb128 0
 9388 08c3 7C3E0000 		.4byte	.LASF373
ARM GAS  /var/folders/65/xyhbx3_n6nd_hs7j3p9nfwv80000gn/T//cc2oMwwL.s 			page 173


 9389 08c7 05       		.byte	0x5
 9390 08c8 00       		.uleb128 0
 9391 08c9 BA220000 		.4byte	.LASF374
 9392 08cd 05       		.byte	0x5
 9393 08ce 00       		.uleb128 0
 9394 08cf D2320000 		.4byte	.LASF375
 9395 08d3 05       		.byte	0x5
 9396 08d4 00       		.uleb128 0
 9397 08d5 0C0A0000 		.4byte	.LASF376
 9398 08d9 05       		.byte	0x5
 9399 08da 00       		.uleb128 0
 9400 08db 162D0000 		.4byte	.LASF377
 9401 08df 05       		.byte	0x5
 9402 08e0 00       		.uleb128 0
 9403 08e1 19690000 		.4byte	.LASF378
 9404 08e5 05       		.byte	0x5
 9405 08e6 00       		.uleb128 0
 9406 08e7 9D1B0000 		.4byte	.LASF379
 9407 08eb 05       		.byte	0x5
 9408 08ec 00       		.uleb128 0
 9409 08ed BF5C0000 		.4byte	.LASF380
 9410 08f1 05       		.byte	0x5
 9411 08f2 00       		.uleb128 0
 9412 08f3 57480000 		.4byte	.LASF381
 9413 08f7 05       		.byte	0x5
 9414 08f8 00       		.uleb128 0
 9415 08f9 61230000 		.4byte	.LASF382
 9416 08fd 05       		.byte	0x5
 9417 08fe 00       		.uleb128 0
 9418 08ff 08010000 		.4byte	.LASF383
 9419 0903 05       		.byte	0x5
 9420 0904 00       		.uleb128 0
 9421 0905 FF350000 		.4byte	.LASF384
 9422 0909 05       		.byte	0x5
 9423 090a 00       		.uleb128 0
 9424 090b 3D740000 		.4byte	.LASF385
 9425 090f 05       		.byte	0x5
 9426 0910 00       		.uleb128 0
 9427 0911 1A4E0000 		.4byte	.LASF386
 9428 0915 05       		.byte	0x5
 9429 0916 00       		.uleb128 0
 9430 0917 DE2E0000 		.4byte	.LASF387
 9431 091b 05       		.byte	0x5
 9432 091c 00       		.uleb128 0
 9433 091d D6370000 		.4byte	.LASF388
 9434 0921 05       		.byte	0x5
 9435 0922 00       		.uleb128 0
 9436 0923 42400000 		.4byte	.LASF389
 9437 0927 05       		.byte	0x5
 9438 0928 00       		.uleb128 0
 9439 0929 56640000 		.4byte	.LASF390
 9440 092d 05       		.byte	0x5
 9441 092e 00       		.uleb128 0
 9442 092f FB430000 		.4byte	.LASF391
 9443 0933 05       		.byte	0x5
 9444 0934 00       		.uleb128 0
 9445 0935 912C0000 		.4byte	.LASF392
ARM GAS  /var/folders/65/xyhbx3_n6nd_hs7j3p9nfwv80000gn/T//cc2oMwwL.s 			page 174


 9446 0939 05       		.byte	0x5
 9447 093a 00       		.uleb128 0
 9448 093b 36520000 		.4byte	.LASF393
 9449 093f 05       		.byte	0x5
 9450 0940 00       		.uleb128 0
 9451 0941 891B0000 		.4byte	.LASF394
 9452 0945 05       		.byte	0x5
 9453 0946 00       		.uleb128 0
 9454 0947 B4590000 		.4byte	.LASF395
 9455 094b 05       		.byte	0x5
 9456 094c 00       		.uleb128 0
 9457 094d C5450000 		.4byte	.LASF396
 9458 0951 05       		.byte	0x5
 9459 0952 00       		.uleb128 0
 9460 0953 63400000 		.4byte	.LASF397
 9461 0957 05       		.byte	0x5
 9462 0958 00       		.uleb128 0
 9463 0959 984A0000 		.4byte	.LASF398
 9464 095d 06       		.byte	0x6
 9465 095e 00       		.uleb128 0
 9466 095f A7650000 		.4byte	.LASF399
 9467 0963 05       		.byte	0x5
 9468 0964 00       		.uleb128 0
 9469 0965 19760000 		.4byte	.LASF400
 9470 0969 06       		.byte	0x6
 9471 096a 00       		.uleb128 0
 9472 096b 4C600000 		.4byte	.LASF401
 9473 096f 06       		.byte	0x6
 9474 0970 00       		.uleb128 0
 9475 0971 17440000 		.4byte	.LASF402
 9476 0975 06       		.byte	0x6
 9477 0976 00       		.uleb128 0
 9478 0977 3A860000 		.4byte	.LASF403
 9479 097b 06       		.byte	0x6
 9480 097c 00       		.uleb128 0
 9481 097d 9F400000 		.4byte	.LASF404
 9482 0981 05       		.byte	0x5
 9483 0982 00       		.uleb128 0
 9484 0983 89610000 		.4byte	.LASF405
 9485 0987 06       		.byte	0x6
 9486 0988 00       		.uleb128 0
 9487 0989 5B4F0000 		.4byte	.LASF406
 9488 098d 06       		.byte	0x6
 9489 098e 00       		.uleb128 0
 9490 098f A7580000 		.4byte	.LASF407
 9491 0993 05       		.byte	0x5
 9492 0994 00       		.uleb128 0
 9493 0995 558E0000 		.4byte	.LASF408
 9494 0999 05       		.byte	0x5
 9495 099a 00       		.uleb128 0
 9496 099b 78400000 		.4byte	.LASF409
 9497 099f 06       		.byte	0x6
 9498 09a0 00       		.uleb128 0
 9499 09a1 CE730000 		.4byte	.LASF410
 9500 09a5 05       		.byte	0x5
 9501 09a6 00       		.uleb128 0
 9502 09a7 A9800000 		.4byte	.LASF411
ARM GAS  /var/folders/65/xyhbx3_n6nd_hs7j3p9nfwv80000gn/T//cc2oMwwL.s 			page 175


 9503 09ab 05       		.byte	0x5
 9504 09ac 00       		.uleb128 0
 9505 09ad 485D0000 		.4byte	.LASF412
 9506 09b1 05       		.byte	0x5
 9507 09b2 00       		.uleb128 0
 9508 09b3 7E410000 		.4byte	.LASF413
 9509 09b7 06       		.byte	0x6
 9510 09b8 00       		.uleb128 0
 9511 09b9 B35B0000 		.4byte	.LASF414
 9512 09bd 05       		.byte	0x5
 9513 09be 00       		.uleb128 0
 9514 09bf E5060000 		.4byte	.LASF415
 9515 09c3 05       		.byte	0x5
 9516 09c4 00       		.uleb128 0
 9517 09c5 A65D0000 		.4byte	.LASF416
 9518 09c9 06       		.byte	0x6
 9519 09ca 00       		.uleb128 0
 9520 09cb 4D8D0000 		.4byte	.LASF417
 9521 09cf 05       		.byte	0x5
 9522 09d0 00       		.uleb128 0
 9523 09d1 804E0000 		.4byte	.LASF418
 9524 09d5 05       		.byte	0x5
 9525 09d6 00       		.uleb128 0
 9526 09d7 5D680000 		.4byte	.LASF419
 9527 09db 05       		.byte	0x5
 9528 09dc 00       		.uleb128 0
 9529 09dd 128B0000 		.4byte	.LASF420
 9530 09e1 05       		.byte	0x5
 9531 09e2 00       		.uleb128 0
 9532 09e3 50860000 		.4byte	.LASF421
 9533 09e7 05       		.byte	0x5
 9534 09e8 00       		.uleb128 0
 9535 09e9 18720000 		.4byte	.LASF422
 9536 09ed 06       		.byte	0x6
 9537 09ee 00       		.uleb128 0
 9538 09ef 58360000 		.4byte	.LASF423
 9539 09f3 05       		.byte	0x5
 9540 09f4 00       		.uleb128 0
 9541 09f5 72600000 		.4byte	.LASF424
 9542 09f9 05       		.byte	0x5
 9543 09fa 00       		.uleb128 0
 9544 09fb 478B0000 		.4byte	.LASF425
 9545 09ff 05       		.byte	0x5
 9546 0a00 00       		.uleb128 0
 9547 0a01 8B150000 		.4byte	.LASF426
 9548 0a05 06       		.byte	0x6
 9549 0a06 00       		.uleb128 0
 9550 0a07 6B500000 		.4byte	.LASF427
 9551 0a0b 05       		.byte	0x5
 9552 0a0c 00       		.uleb128 0
 9553 0a0d 20880000 		.4byte	.LASF428
 9554 0a11 06       		.byte	0x6
 9555 0a12 00       		.uleb128 0
 9556 0a13 C1440000 		.4byte	.LASF429
 9557 0a17 06       		.byte	0x6
 9558 0a18 00       		.uleb128 0
 9559 0a19 735E0000 		.4byte	.LASF430
ARM GAS  /var/folders/65/xyhbx3_n6nd_hs7j3p9nfwv80000gn/T//cc2oMwwL.s 			page 176


 9560 0a1d 06       		.byte	0x6
 9561 0a1e 00       		.uleb128 0
 9562 0a1f 67520000 		.4byte	.LASF431
 9563 0a23 06       		.byte	0x6
 9564 0a24 00       		.uleb128 0
 9565 0a25 32750000 		.4byte	.LASF432
 9566 0a29 06       		.byte	0x6
 9567 0a2a 00       		.uleb128 0
 9568 0a2b 901D0000 		.4byte	.LASF433
 9569 0a2f 06       		.byte	0x6
 9570 0a30 00       		.uleb128 0
 9571 0a31 9A3C0000 		.4byte	.LASF434
 9572 0a35 05       		.byte	0x5
 9573 0a36 00       		.uleb128 0
 9574 0a37 5E220000 		.4byte	.LASF435
 9575 0a3b 06       		.byte	0x6
 9576 0a3c 00       		.uleb128 0
 9577 0a3d DF1B0000 		.4byte	.LASF436
 9578 0a41 06       		.byte	0x6
 9579 0a42 00       		.uleb128 0
 9580 0a43 74300000 		.4byte	.LASF437
 9581 0a47 06       		.byte	0x6
 9582 0a48 00       		.uleb128 0
 9583 0a49 6E540000 		.4byte	.LASF438
 9584 0a4d 05       		.byte	0x5
 9585 0a4e 00       		.uleb128 0
 9586 0a4f DE160000 		.4byte	.LASF439
 9587 0a53 05       		.byte	0x5
 9588 0a54 00       		.uleb128 0
 9589 0a55 02570000 		.4byte	.LASF440
 9590 0a59 05       		.byte	0x5
 9591 0a5a 00       		.uleb128 0
 9592 0a5b 78860000 		.4byte	.LASF441
 9593 0a5f 05       		.byte	0x5
 9594 0a60 00       		.uleb128 0
 9595 0a61 F35F0000 		.4byte	.LASF442
 9596 0a65 05       		.byte	0x5
 9597 0a66 00       		.uleb128 0
 9598 0a67 95390000 		.4byte	.LASF443
 9599 0a6b 05       		.byte	0x5
 9600 0a6c 00       		.uleb128 0
 9601 0a6d 085A0000 		.4byte	.LASF444
 9602 0a71 05       		.byte	0x5
 9603 0a72 00       		.uleb128 0
 9604 0a73 9D850000 		.4byte	.LASF445
 9605 0a77 06       		.byte	0x6
 9606 0a78 00       		.uleb128 0
 9607 0a79 657D0000 		.4byte	.LASF446
 9608 0a7d 05       		.byte	0x5
 9609 0a7e 00       		.uleb128 0
 9610 0a7f BC0C0000 		.4byte	.LASF447
 9611 0a83 05       		.byte	0x5
 9612 0a84 00       		.uleb128 0
 9613 0a85 7C460000 		.4byte	.LASF448
 9614 0a89 05       		.byte	0x5
 9615 0a8a 00       		.uleb128 0
 9616 0a8b EF710000 		.4byte	.LASF449
ARM GAS  /var/folders/65/xyhbx3_n6nd_hs7j3p9nfwv80000gn/T//cc2oMwwL.s 			page 177


 9617 0a8f 05       		.byte	0x5
 9618 0a90 00       		.uleb128 0
 9619 0a91 5C2A0000 		.4byte	.LASF450
 9620 0a95 05       		.byte	0x5
 9621 0a96 00       		.uleb128 0
 9622 0a97 47820000 		.4byte	.LASF451
 9623 0a9b 05       		.byte	0x5
 9624 0a9c 00       		.uleb128 0
 9625 0a9d CB070000 		.4byte	.LASF452
 9626 0aa1 05       		.byte	0x5
 9627 0aa2 00       		.uleb128 0
 9628 0aa3 CD850000 		.4byte	.LASF453
 9629 0aa7 00       		.byte	0
 9630              		.section	.debug_macro,"G",%progbits,wm4._newlib_version.h.4.9ba035841e762c3308916a0ce96032e7,comda
 9631              	.Ldebug_macro3:
 9632 0000 0400     		.2byte	0x4
 9633 0002 00       		.byte	0
 9634 0003 05       		.byte	0x5
 9635 0004 04       		.uleb128 0x4
 9636 0005 044E0000 		.4byte	.LASF457
 9637 0009 05       		.byte	0x5
 9638 000a 06       		.uleb128 0x6
 9639 000b FD840000 		.4byte	.LASF458
 9640 000f 05       		.byte	0x5
 9641 0010 07       		.uleb128 0x7
 9642 0011 DB200000 		.4byte	.LASF459
 9643 0015 05       		.byte	0x5
 9644 0016 08       		.uleb128 0x8
 9645 0017 3E1F0000 		.4byte	.LASF460
 9646 001b 05       		.byte	0x5
 9647 001c 09       		.uleb128 0x9
 9648 001d 7D660000 		.4byte	.LASF461
 9649 0021 00       		.byte	0
 9650              		.section	.debug_macro,"G",%progbits,wm4.newlib.h.18.5e5ca3429233af402d406a202f1fc1ac,comdat
 9651              	.Ldebug_macro4:
 9652 0000 0400     		.2byte	0x4
 9653 0002 00       		.byte	0
 9654 0003 05       		.byte	0x5
 9655 0004 12       		.uleb128 0x12
 9656 0005 E8540000 		.4byte	.LASF462
 9657 0009 05       		.byte	0x5
 9658 000a 15       		.uleb128 0x15
 9659 000b 89910000 		.4byte	.LASF463
 9660 000f 05       		.byte	0x5
 9661 0010 18       		.uleb128 0x18
 9662 0011 32800000 		.4byte	.LASF464
 9663 0015 05       		.byte	0x5
 9664 0016 28       		.uleb128 0x28
 9665 0017 0E320000 		.4byte	.LASF465
 9666 001b 05       		.byte	0x5
 9667 001c 32       		.uleb128 0x32
 9668 001d CB1A0000 		.4byte	.LASF466
 9669 0021 05       		.byte	0x5
 9670 0022 36       		.uleb128 0x36
 9671 0023 4F4E0000 		.4byte	.LASF467
 9672 0027 05       		.byte	0x5
 9673 0028 39       		.uleb128 0x39
ARM GAS  /var/folders/65/xyhbx3_n6nd_hs7j3p9nfwv80000gn/T//cc2oMwwL.s 			page 178


 9674 0029 162A0000 		.4byte	.LASF468
 9675 002d 05       		.byte	0x5
 9676 002e 3C       		.uleb128 0x3c
 9677 002f 9F510000 		.4byte	.LASF469
 9678 0033 05       		.byte	0x5
 9679 0034 3F       		.uleb128 0x3f
 9680 0035 DF0A0000 		.4byte	.LASF470
 9681 0039 05       		.byte	0x5
 9682 003a 42       		.uleb128 0x42
 9683 003b 86570000 		.4byte	.LASF471
 9684 003f 05       		.byte	0x5
 9685 0040 45       		.uleb128 0x45
 9686 0041 B9600000 		.4byte	.LASF472
 9687 0045 05       		.byte	0x5
 9688 0046 48       		.uleb128 0x48
 9689 0047 10730000 		.4byte	.LASF473
 9690 004b 05       		.byte	0x5
 9691 004c 4B       		.uleb128 0x4b
 9692 004d 13830000 		.4byte	.LASF474
 9693 0051 05       		.byte	0x5
 9694 0052 5C       		.uleb128 0x5c
 9695 0053 0E7E0000 		.4byte	.LASF475
 9696 0057 00       		.byte	0
 9697              		.section	.debug_macro,"G",%progbits,wm4.ieeefp.h.77.d5685ba212d3ed6e914898d045f873e3,comdat
 9698              	.Ldebug_macro5:
 9699 0000 0400     		.2byte	0x4
 9700 0002 00       		.byte	0
 9701 0003 05       		.byte	0x5
 9702 0004 4D       		.uleb128 0x4d
 9703 0005 3A5C0000 		.4byte	.LASF477
 9704 0009 05       		.byte	0x5
 9705 000a CD03     		.uleb128 0x1cd
 9706 000c E25A0000 		.4byte	.LASF478
 9707 0010 05       		.byte	0x5
 9708 0011 D003     		.uleb128 0x1d0
 9709 0013 54380000 		.4byte	.LASF479
 9710 0017 00       		.byte	0
 9711              		.section	.debug_macro,"G",%progbits,wm4.features.h.22.fad1cec3bc7ff06488171438dbdcfd02,comdat
 9712              	.Ldebug_macro6:
 9713 0000 0400     		.2byte	0x4
 9714 0002 00       		.byte	0
 9715 0003 05       		.byte	0x5
 9716 0004 16       		.uleb128 0x16
 9717 0005 F7000000 		.4byte	.LASF480
 9718 0009 05       		.byte	0x5
 9719 000a 21       		.uleb128 0x21
 9720 000b 54180000 		.4byte	.LASF481
 9721 000f 05       		.byte	0x5
 9722 0010 28       		.uleb128 0x28
 9723 0011 D7810000 		.4byte	.LASF482
 9724 0015 06       		.byte	0x6
 9725 0016 8301     		.uleb128 0x83
 9726 0018 68860000 		.4byte	.LASF483
 9727 001c 05       		.byte	0x5
 9728 001d 8401     		.uleb128 0x84
 9729 001f 25470000 		.4byte	.LASF484
 9730 0023 06       		.byte	0x6
ARM GAS  /var/folders/65/xyhbx3_n6nd_hs7j3p9nfwv80000gn/T//cc2oMwwL.s 			page 179


 9731 0024 8801     		.uleb128 0x88
 9732 0026 E3440000 		.4byte	.LASF485
 9733 002a 05       		.byte	0x5
 9734 002b 8901     		.uleb128 0x89
 9735 002d 2B880000 		.4byte	.LASF486
 9736 0031 06       		.byte	0x6
 9737 0032 8A01     		.uleb128 0x8a
 9738 0034 C3920000 		.4byte	.LASF487
 9739 0038 05       		.byte	0x5
 9740 0039 8B01     		.uleb128 0x8b
 9741 003b 2C1E0000 		.4byte	.LASF488
 9742 003f 06       		.byte	0x6
 9743 0040 9E01     		.uleb128 0x9e
 9744 0042 FD3E0000 		.4byte	.LASF489
 9745 0046 05       		.byte	0x5
 9746 0047 9F01     		.uleb128 0x9f
 9747 0049 C9530000 		.4byte	.LASF490
 9748 004d 05       		.byte	0x5
 9749 004e F701     		.uleb128 0xf7
 9750 0050 4C3D0000 		.4byte	.LASF491
 9751 0054 05       		.byte	0x5
 9752 0055 FD01     		.uleb128 0xfd
 9753 0057 57520000 		.4byte	.LASF492
 9754 005b 05       		.byte	0x5
 9755 005c 8502     		.uleb128 0x105
 9756 005e 84680000 		.4byte	.LASF493
 9757 0062 05       		.byte	0x5
 9758 0063 8A02     		.uleb128 0x10a
 9759 0065 4B5E0000 		.4byte	.LASF494
 9760 0069 05       		.byte	0x5
 9761 006a 9502     		.uleb128 0x115
 9762 006c 87200000 		.4byte	.LASF495
 9763 0070 05       		.byte	0x5
 9764 0071 9902     		.uleb128 0x119
 9765 0073 21640000 		.4byte	.LASF496
 9766 0077 05       		.byte	0x5
 9767 0078 9F02     		.uleb128 0x11f
 9768 007a FF540000 		.4byte	.LASF497
 9769 007e 05       		.byte	0x5
 9770 007f AF02     		.uleb128 0x12f
 9771 0081 6E000000 		.4byte	.LASF498
 9772 0085 05       		.byte	0x5
 9773 0086 BF02     		.uleb128 0x13f
 9774 0088 FB800000 		.4byte	.LASF499
 9775 008c 05       		.byte	0x5
 9776 008d CA02     		.uleb128 0x14a
 9777 008f FD490000 		.4byte	.LASF500
 9778 0093 00       		.byte	0
 9779              		.section	.debug_macro,"G",%progbits,wm4.config.h.220.6cac6a9685cfce5e83c17784171638d9,comdat
 9780              	.Ldebug_macro7:
 9781 0000 0400     		.2byte	0x4
 9782 0002 00       		.byte	0
 9783 0003 05       		.byte	0x5
 9784 0004 DC01     		.uleb128 0xdc
 9785 0006 7A5D0000 		.4byte	.LASF501
 9786 000a 06       		.byte	0x6
 9787 000b E201     		.uleb128 0xe2
ARM GAS  /var/folders/65/xyhbx3_n6nd_hs7j3p9nfwv80000gn/T//cc2oMwwL.s 			page 180


 9788 000d D3150000 		.4byte	.LASF502
 9789 0011 05       		.byte	0x5
 9790 0012 E601     		.uleb128 0xe6
 9791 0014 84170000 		.4byte	.LASF503
 9792 0018 05       		.byte	0x5
 9793 0019 F601     		.uleb128 0xf6
 9794 001b CA5A0000 		.4byte	.LASF504
 9795 001f 05       		.byte	0x5
 9796 0020 FA01     		.uleb128 0xfa
 9797 0022 E45B0000 		.4byte	.LASF505
 9798 0026 05       		.byte	0x5
 9799 0027 8102     		.uleb128 0x101
 9800 0029 94270000 		.4byte	.LASF506
 9801 002d 05       		.byte	0x5
 9802 002e 8702     		.uleb128 0x107
 9803 0030 961F0000 		.4byte	.LASF507
 9804 0034 00       		.byte	0
 9805              		.section	.debug_macro,"G",%progbits,wm4._ansi.h.31.de524f58584151836e90d8620a16f8e8,comdat
 9806              	.Ldebug_macro8:
 9807 0000 0400     		.2byte	0x4
 9808 0002 00       		.byte	0
 9809 0003 05       		.byte	0x5
 9810 0004 1F       		.uleb128 0x1f
 9811 0005 025D0000 		.4byte	.LASF508
 9812 0009 05       		.byte	0x5
 9813 000a 20       		.uleb128 0x20
 9814 000b A4340000 		.4byte	.LASF509
 9815 000f 05       		.byte	0x5
 9816 0010 21       		.uleb128 0x21
 9817 0011 97140000 		.4byte	.LASF510
 9818 0015 05       		.byte	0x5
 9819 0016 25       		.uleb128 0x25
 9820 0017 C1020000 		.4byte	.LASF511
 9821 001b 05       		.byte	0x5
 9822 001c 2B       		.uleb128 0x2b
 9823 001d 3D7D0000 		.4byte	.LASF512
 9824 0021 05       		.byte	0x5
 9825 0022 45       		.uleb128 0x45
 9826 0023 49850000 		.4byte	.LASF513
 9827 0027 05       		.byte	0x5
 9828 0028 49       		.uleb128 0x49
 9829 0029 501A0000 		.4byte	.LASF514
 9830 002d 05       		.byte	0x5
 9831 002e 4A       		.uleb128 0x4a
 9832 002f AA750000 		.4byte	.LASF515
 9833 0033 00       		.byte	0
 9834              		.section	.debug_macro,"G",%progbits,wm4._default_types.h.6.959254cf5f09734ea7516c89e8bb21bd,comdat
 9835              	.Ldebug_macro9:
 9836 0000 0400     		.2byte	0x4
 9837 0002 00       		.byte	0
 9838 0003 05       		.byte	0x5
 9839 0004 06       		.uleb128 0x6
 9840 0005 1B5F0000 		.4byte	.LASF517
 9841 0009 05       		.byte	0x5
 9842 000a 0F       		.uleb128 0xf
 9843 000b 00540000 		.4byte	.LASF518
 9844 000f 05       		.byte	0x5
ARM GAS  /var/folders/65/xyhbx3_n6nd_hs7j3p9nfwv80000gn/T//cc2oMwwL.s 			page 181


 9845 0010 1A       		.uleb128 0x1a
 9846 0011 366B0000 		.4byte	.LASF519
 9847 0015 05       		.byte	0x5
 9848 0016 21       		.uleb128 0x21
 9849 0017 387F0000 		.4byte	.LASF520
 9850 001b 05       		.byte	0x5
 9851 001c 2F       		.uleb128 0x2f
 9852 001d C91E0000 		.4byte	.LASF521
 9853 0021 05       		.byte	0x5
 9854 0022 3D       		.uleb128 0x3d
 9855 0023 DF300000 		.4byte	.LASF522
 9856 0027 05       		.byte	0x5
 9857 0028 53       		.uleb128 0x53
 9858 0029 F7250000 		.4byte	.LASF523
 9859 002d 05       		.byte	0x5
 9860 002e 6D       		.uleb128 0x6d
 9861 002f BB1B0000 		.4byte	.LASF524
 9862 0033 05       		.byte	0x5
 9863 0034 8C01     		.uleb128 0x8c
 9864 0036 EE590000 		.4byte	.LASF525
 9865 003a 05       		.byte	0x5
 9866 003b A601     		.uleb128 0xa6
 9867 003d 0F330000 		.4byte	.LASF526
 9868 0041 05       		.byte	0x5
 9869 0042 BC01     		.uleb128 0xbc
 9870 0044 17750000 		.4byte	.LASF527
 9871 0048 05       		.byte	0x5
 9872 0049 CE01     		.uleb128 0xce
 9873 004b D9870000 		.4byte	.LASF528
 9874 004f 06       		.byte	0x6
 9875 0050 F401     		.uleb128 0xf4
 9876 0052 32640000 		.4byte	.LASF529
 9877 0056 00       		.byte	0
 9878              		.section	.debug_macro,"G",%progbits,wm4.stddef.h.39.144cf5ddcd53cbfdac30259dc1a6c87f,comdat
 9879              	.Ldebug_macro10:
 9880 0000 0400     		.2byte	0x4
 9881 0002 00       		.byte	0
 9882 0003 05       		.byte	0x5
 9883 0004 27       		.uleb128 0x27
 9884 0005 4B7B0000 		.4byte	.LASF530
 9885 0009 05       		.byte	0x5
 9886 000a 28       		.uleb128 0x28
 9887 000b 15620000 		.4byte	.LASF531
 9888 000f 05       		.byte	0x5
 9889 0010 2A       		.uleb128 0x2a
 9890 0011 FD4A0000 		.4byte	.LASF532
 9891 0015 05       		.byte	0x5
 9892 0016 8301     		.uleb128 0x83
 9893 0018 4B520000 		.4byte	.LASF533
 9894 001c 05       		.byte	0x5
 9895 001d 8401     		.uleb128 0x84
 9896 001f 494A0000 		.4byte	.LASF534
 9897 0023 05       		.byte	0x5
 9898 0024 8501     		.uleb128 0x85
 9899 0026 BB580000 		.4byte	.LASF535
 9900 002a 05       		.byte	0x5
 9901 002b 8601     		.uleb128 0x86
ARM GAS  /var/folders/65/xyhbx3_n6nd_hs7j3p9nfwv80000gn/T//cc2oMwwL.s 			page 182


 9902 002d B5680000 		.4byte	.LASF536
 9903 0031 05       		.byte	0x5
 9904 0032 8701     		.uleb128 0x87
 9905 0034 0D4B0000 		.4byte	.LASF537
 9906 0038 05       		.byte	0x5
 9907 0039 8801     		.uleb128 0x88
 9908 003b 633E0000 		.4byte	.LASF538
 9909 003f 05       		.byte	0x5
 9910 0040 8901     		.uleb128 0x89
 9911 0042 81490000 		.4byte	.LASF539
 9912 0046 05       		.byte	0x5
 9913 0047 8A01     		.uleb128 0x8a
 9914 0049 6B5F0000 		.4byte	.LASF540
 9915 004d 05       		.byte	0x5
 9916 004e 8B01     		.uleb128 0x8b
 9917 0050 EE5B0000 		.4byte	.LASF541
 9918 0054 06       		.byte	0x6
 9919 0055 9B01     		.uleb128 0x9b
 9920 0057 EE7E0000 		.4byte	.LASF542
 9921 005b 05       		.byte	0x5
 9922 005c B501     		.uleb128 0xb5
 9923 005e 891A0000 		.4byte	.LASF543
 9924 0062 05       		.byte	0x5
 9925 0063 B601     		.uleb128 0xb6
 9926 0065 170D0000 		.4byte	.LASF544
 9927 0069 05       		.byte	0x5
 9928 006a B701     		.uleb128 0xb7
 9929 006c 60310000 		.4byte	.LASF545
 9930 0070 05       		.byte	0x5
 9931 0071 B801     		.uleb128 0xb8
 9932 0073 324F0000 		.4byte	.LASF546
 9933 0077 05       		.byte	0x5
 9934 0078 B901     		.uleb128 0xb9
 9935 007a 27450000 		.4byte	.LASF547
 9936 007e 05       		.byte	0x5
 9937 007f BA01     		.uleb128 0xba
 9938 0081 6A120000 		.4byte	.LASF548
 9939 0085 05       		.byte	0x5
 9940 0086 BB01     		.uleb128 0xbb
 9941 0088 77620000 		.4byte	.LASF549
 9942 008c 05       		.byte	0x5
 9943 008d BC01     		.uleb128 0xbc
 9944 008f 9E4E0000 		.4byte	.LASF550
 9945 0093 05       		.byte	0x5
 9946 0094 BD01     		.uleb128 0xbd
 9947 0096 4F6F0000 		.4byte	.LASF551
 9948 009a 05       		.byte	0x5
 9949 009b BE01     		.uleb128 0xbe
 9950 009d 2C560000 		.4byte	.LASF552
 9951 00a1 05       		.byte	0x5
 9952 00a2 BF01     		.uleb128 0xbf
 9953 00a4 17150000 		.4byte	.LASF553
 9954 00a8 05       		.byte	0x5
 9955 00a9 C001     		.uleb128 0xc0
 9956 00ab E1250000 		.4byte	.LASF554
 9957 00af 05       		.byte	0x5
 9958 00b0 C101     		.uleb128 0xc1
ARM GAS  /var/folders/65/xyhbx3_n6nd_hs7j3p9nfwv80000gn/T//cc2oMwwL.s 			page 183


 9959 00b2 5C1D0000 		.4byte	.LASF555
 9960 00b6 05       		.byte	0x5
 9961 00b7 C201     		.uleb128 0xc2
 9962 00b9 FF7B0000 		.4byte	.LASF556
 9963 00bd 05       		.byte	0x5
 9964 00be C301     		.uleb128 0xc3
 9965 00c0 91860000 		.4byte	.LASF557
 9966 00c4 05       		.byte	0x5
 9967 00c5 C401     		.uleb128 0xc4
 9968 00c7 7C380000 		.4byte	.LASF558
 9969 00cb 05       		.byte	0x5
 9970 00cc CB01     		.uleb128 0xcb
 9971 00ce 570F0000 		.4byte	.LASF559
 9972 00d2 06       		.byte	0x6
 9973 00d3 E701     		.uleb128 0xe7
 9974 00d5 674E0000 		.4byte	.LASF560
 9975 00d9 05       		.byte	0x5
 9976 00da 8402     		.uleb128 0x104
 9977 00dc A94F0000 		.4byte	.LASF561
 9978 00e0 05       		.byte	0x5
 9979 00e1 8502     		.uleb128 0x105
 9980 00e3 8B800000 		.4byte	.LASF562
 9981 00e7 05       		.byte	0x5
 9982 00e8 8602     		.uleb128 0x106
 9983 00ea 605E0000 		.4byte	.LASF563
 9984 00ee 05       		.byte	0x5
 9985 00ef 8702     		.uleb128 0x107
 9986 00f1 CF860000 		.4byte	.LASF564
 9987 00f5 05       		.byte	0x5
 9988 00f6 8802     		.uleb128 0x108
 9989 00f8 AD390000 		.4byte	.LASF565
 9990 00fc 05       		.byte	0x5
 9991 00fd 8902     		.uleb128 0x109
 9992 00ff E40E0000 		.4byte	.LASF566
 9993 0103 05       		.byte	0x5
 9994 0104 8A02     		.uleb128 0x10a
 9995 0106 9B6F0000 		.4byte	.LASF567
 9996 010a 05       		.byte	0x5
 9997 010b 8B02     		.uleb128 0x10b
 9998 010d 493A0000 		.4byte	.LASF568
 9999 0111 05       		.byte	0x5
 10000 0112 8C02     		.uleb128 0x10c
 10001 0114 EC350000 		.4byte	.LASF569
 10002 0118 05       		.byte	0x5
 10003 0119 8D02     		.uleb128 0x10d
 10004 011b 9D6C0000 		.4byte	.LASF570
 10005 011f 05       		.byte	0x5
 10006 0120 8E02     		.uleb128 0x10e
 10007 0122 13600000 		.4byte	.LASF571
 10008 0126 05       		.byte	0x5
 10009 0127 8F02     		.uleb128 0x10f
 10010 0129 C50F0000 		.4byte	.LASF572
 10011 012d 05       		.byte	0x5
 10012 012e 9002     		.uleb128 0x110
 10013 0130 22710000 		.4byte	.LASF573
 10014 0134 05       		.byte	0x5
 10015 0135 9102     		.uleb128 0x111
ARM GAS  /var/folders/65/xyhbx3_n6nd_hs7j3p9nfwv80000gn/T//cc2oMwwL.s 			page 184


 10016 0137 99650000 		.4byte	.LASF574
 10017 013b 05       		.byte	0x5
 10018 013c 9202     		.uleb128 0x112
 10019 013e 9D570000 		.4byte	.LASF575
 10020 0142 06       		.byte	0x6
 10021 0143 9F02     		.uleb128 0x11f
 10022 0145 37870000 		.4byte	.LASF576
 10023 0149 06       		.byte	0x6
 10024 014a D402     		.uleb128 0x154
 10025 014c 560E0000 		.4byte	.LASF577
 10026 0150 06       		.byte	0x6
 10027 0151 8603     		.uleb128 0x186
 10028 0153 B72B0000 		.4byte	.LASF578
 10029 0157 05       		.byte	0x5
 10030 0158 8B03     		.uleb128 0x18b
 10031 015a 19020000 		.4byte	.LASF579
 10032 015e 06       		.byte	0x6
 10033 015f 9103     		.uleb128 0x191
 10034 0161 CF4F0000 		.4byte	.LASF580
 10035 0165 05       		.byte	0x5
 10036 0166 9603     		.uleb128 0x196
 10037 0168 A6470000 		.4byte	.LASF581
 10038 016c 05       		.byte	0x5
 10039 016d 9B03     		.uleb128 0x19b
 10040 016f F9740000 		.4byte	.LASF582
 10041 0173 00       		.byte	0
 10042              		.section	.debug_macro,"G",%progbits,wm4.cdefs.h.49.6260d97adb8d27534cbdc0f868b8ea87,comdat
 10043              	.Ldebug_macro11:
 10044 0000 0400     		.2byte	0x4
 10045 0002 00       		.byte	0
 10046 0003 05       		.byte	0x5
 10047 0004 31       		.uleb128 0x31
 10048 0005 C9260000 		.4byte	.LASF583
 10049 0009 05       		.byte	0x5
 10050 000a 32       		.uleb128 0x32
 10051 000b 33670000 		.4byte	.LASF584
 10052 000f 05       		.byte	0x5
 10053 0010 33       		.uleb128 0x33
 10054 0011 5F530000 		.4byte	.LASF585
 10055 0015 05       		.byte	0x5
 10056 0016 36       		.uleb128 0x36
 10057 0017 1D0E0000 		.4byte	.LASF586
 10058 001b 05       		.byte	0x5
 10059 001c 39       		.uleb128 0x39
 10060 001d AB220000 		.4byte	.LASF587
 10061 0021 05       		.byte	0x5
 10062 0022 3A       		.uleb128 0x3a
 10063 0023 FA890000 		.4byte	.LASF588
 10064 0027 05       		.byte	0x5
 10065 0028 3C       		.uleb128 0x3c
 10066 0029 52450000 		.4byte	.LASF589
 10067 002d 05       		.byte	0x5
 10068 002e 3D       		.uleb128 0x3d
 10069 002f 78160000 		.4byte	.LASF590
 10070 0033 05       		.byte	0x5
 10071 0034 3E       		.uleb128 0x3e
 10072 0035 BE250000 		.4byte	.LASF591
ARM GAS  /var/folders/65/xyhbx3_n6nd_hs7j3p9nfwv80000gn/T//cc2oMwwL.s 			page 185


 10073 0039 05       		.byte	0x5
 10074 003a 3F       		.uleb128 0x3f
 10075 003b A67F0000 		.4byte	.LASF592
 10076 003f 05       		.byte	0x5
 10077 0040 42       		.uleb128 0x42
 10078 0041 610F0000 		.4byte	.LASF593
 10079 0045 05       		.byte	0x5
 10080 0046 43       		.uleb128 0x43
 10081 0047 F3090000 		.4byte	.LASF594
 10082 004b 05       		.byte	0x5
 10083 004c 44       		.uleb128 0x44
 10084 004d 9E750000 		.4byte	.LASF595
 10085 0051 05       		.byte	0x5
 10086 0052 4E       		.uleb128 0x4e
 10087 0053 BA140000 		.4byte	.LASF596
 10088 0057 05       		.byte	0x5
 10089 0058 51       		.uleb128 0x51
 10090 0059 AC420000 		.4byte	.LASF597
 10091 005d 05       		.byte	0x5
 10092 005e 57       		.uleb128 0x57
 10093 005f 0D7B0000 		.4byte	.LASF598
 10094 0063 05       		.byte	0x5
 10095 0064 5E       		.uleb128 0x5e
 10096 0065 73650000 		.4byte	.LASF599
 10097 0069 05       		.byte	0x5
 10098 006a 5F       		.uleb128 0x5f
 10099 006b DE790000 		.4byte	.LASF600
 10100 006f 05       		.byte	0x5
 10101 0070 6B       		.uleb128 0x6b
 10102 0071 A4830000 		.4byte	.LASF601
 10103 0075 05       		.byte	0x5
 10104 0076 6C       		.uleb128 0x6c
 10105 0077 B0340000 		.4byte	.LASF602
 10106 007b 05       		.byte	0x5
 10107 007c 70       		.uleb128 0x70
 10108 007d F8040000 		.4byte	.LASF603
 10109 0081 05       		.byte	0x5
 10110 0082 71       		.uleb128 0x71
 10111 0083 547E0000 		.4byte	.LASF604
 10112 0087 05       		.byte	0x5
 10113 0088 72       		.uleb128 0x72
 10114 0089 00000000 		.4byte	.LASF605
 10115 008d 05       		.byte	0x5
 10116 008e 75       		.uleb128 0x75
 10117 008f A9300000 		.4byte	.LASF606
 10118 0093 05       		.byte	0x5
 10119 0094 78       		.uleb128 0x78
 10120 0095 832A0000 		.4byte	.LASF607
 10121 0099 05       		.byte	0x5
 10122 009a 7F       		.uleb128 0x7f
 10123 009b 7B360000 		.4byte	.LASF608
 10124 009f 05       		.byte	0x5
 10125 00a0 8001     		.uleb128 0x80
 10126 00a2 D50D0000 		.4byte	.LASF609
 10127 00a6 05       		.byte	0x5
 10128 00a7 8101     		.uleb128 0x81
 10129 00a9 2C850000 		.4byte	.LASF610
ARM GAS  /var/folders/65/xyhbx3_n6nd_hs7j3p9nfwv80000gn/T//cc2oMwwL.s 			page 186


 10130 00ad 05       		.byte	0x5
 10131 00ae 8501     		.uleb128 0x85
 10132 00b0 48510000 		.4byte	.LASF611
 10133 00b4 05       		.byte	0x5
 10134 00b5 8C01     		.uleb128 0x8c
 10135 00b7 918B0000 		.4byte	.LASF612
 10136 00bb 05       		.byte	0x5
 10137 00bc 9001     		.uleb128 0x90
 10138 00be 7B5F0000 		.4byte	.LASF613
 10139 00c2 05       		.byte	0x5
 10140 00c3 9101     		.uleb128 0x91
 10141 00c5 93260000 		.4byte	.LASF614
 10142 00c9 05       		.byte	0x5
 10143 00ca 9401     		.uleb128 0x94
 10144 00cc 89550000 		.4byte	.LASF615
 10145 00d0 05       		.byte	0x5
 10146 00d1 9701     		.uleb128 0x97
 10147 00d3 1C670000 		.4byte	.LASF616
 10148 00d7 05       		.byte	0x5
 10149 00d8 9801     		.uleb128 0x98
 10150 00da F5310000 		.4byte	.LASF617
 10151 00de 05       		.byte	0x5
 10152 00df 9901     		.uleb128 0x99
 10153 00e1 5C7C0000 		.4byte	.LASF618
 10154 00e5 05       		.byte	0x5
 10155 00e6 9B01     		.uleb128 0x9b
 10156 00e8 E4490000 		.4byte	.LASF619
 10157 00ec 05       		.byte	0x5
 10158 00ed 9C01     		.uleb128 0x9c
 10159 00ef 9E860000 		.4byte	.LASF620
 10160 00f3 05       		.byte	0x5
 10161 00f4 9E01     		.uleb128 0x9e
 10162 00f6 58870000 		.4byte	.LASF621
 10163 00fa 05       		.byte	0x5
 10164 00fb A001     		.uleb128 0xa0
 10165 00fd 441E0000 		.4byte	.LASF622
 10166 0101 05       		.byte	0x5
 10167 0102 B101     		.uleb128 0xb1
 10168 0104 12130000 		.4byte	.LASF623
 10169 0108 05       		.byte	0x5
 10170 0109 B201     		.uleb128 0xb2
 10171 010b 54120000 		.4byte	.LASF624
 10172 010f 05       		.byte	0x5
 10173 0110 B301     		.uleb128 0xb3
 10174 0112 A38F0000 		.4byte	.LASF625
 10175 0116 05       		.byte	0x5
 10176 0117 B401     		.uleb128 0xb4
 10177 0119 E3600000 		.4byte	.LASF626
 10178 011d 05       		.byte	0x5
 10179 011e B501     		.uleb128 0xb5
 10180 0120 D3350000 		.4byte	.LASF627
 10181 0124 05       		.byte	0x5
 10182 0125 B701     		.uleb128 0xb7
 10183 0127 074C0000 		.4byte	.LASF628
 10184 012b 05       		.byte	0x5
 10185 012c B801     		.uleb128 0xb8
 10186 012e 446A0000 		.4byte	.LASF629
ARM GAS  /var/folders/65/xyhbx3_n6nd_hs7j3p9nfwv80000gn/T//cc2oMwwL.s 			page 187


 10187 0132 05       		.byte	0x5
 10188 0133 B901     		.uleb128 0xb9
 10189 0135 135C0000 		.4byte	.LASF630
 10190 0139 05       		.byte	0x5
 10191 013a E601     		.uleb128 0xe6
 10192 013c D72F0000 		.4byte	.LASF631
 10193 0140 05       		.byte	0x5
 10194 0141 F301     		.uleb128 0xf3
 10195 0143 5E630000 		.4byte	.LASF632
 10196 0147 05       		.byte	0x5
 10197 0148 F401     		.uleb128 0xf4
 10198 014a 34480000 		.4byte	.LASF633
 10199 014e 05       		.byte	0x5
 10200 014f F501     		.uleb128 0xf5
 10201 0151 671E0000 		.4byte	.LASF634
 10202 0155 05       		.byte	0x5
 10203 0156 F601     		.uleb128 0xf6
 10204 0158 16300000 		.4byte	.LASF635
 10205 015c 05       		.byte	0x5
 10206 015d F701     		.uleb128 0xf7
 10207 015f 4A910000 		.4byte	.LASF636
 10208 0163 05       		.byte	0x5
 10209 0164 F801     		.uleb128 0xf8
 10210 0166 11090000 		.4byte	.LASF637
 10211 016a 05       		.byte	0x5
 10212 016b F901     		.uleb128 0xf9
 10213 016d 7F420000 		.4byte	.LASF638
 10214 0171 05       		.byte	0x5
 10215 0172 FC01     		.uleb128 0xfc
 10216 0174 9C670000 		.4byte	.LASF639
 10217 0178 05       		.byte	0x5
 10218 0179 FD01     		.uleb128 0xfd
 10219 017b 570A0000 		.4byte	.LASF640
 10220 017f 05       		.byte	0x5
 10221 0180 8302     		.uleb128 0x103
 10222 0182 D8230000 		.4byte	.LASF641
 10223 0186 05       		.byte	0x5
 10224 0187 DC02     		.uleb128 0x15c
 10225 0189 37300000 		.4byte	.LASF642
 10226 018d 05       		.byte	0x5
 10227 018e EE02     		.uleb128 0x16e
 10228 0190 63460000 		.4byte	.LASF643
 10229 0194 05       		.byte	0x5
 10230 0195 F402     		.uleb128 0x174
 10231 0197 105D0000 		.4byte	.LASF644
 10232 019b 05       		.byte	0x5
 10233 019c F502     		.uleb128 0x175
 10234 019e D0390000 		.4byte	.LASF645
 10235 01a2 05       		.byte	0x5
 10236 01a3 FC02     		.uleb128 0x17c
 10237 01a5 406E0000 		.4byte	.LASF646
 10238 01a9 05       		.byte	0x5
 10239 01aa 8203     		.uleb128 0x182
 10240 01ac FC2B0000 		.4byte	.LASF647
 10241 01b0 05       		.byte	0x5
 10242 01b1 8803     		.uleb128 0x188
 10243 01b3 DA3B0000 		.4byte	.LASF648
ARM GAS  /var/folders/65/xyhbx3_n6nd_hs7j3p9nfwv80000gn/T//cc2oMwwL.s 			page 188


 10244 01b7 05       		.byte	0x5
 10245 01b8 8903     		.uleb128 0x189
 10246 01ba 96440000 		.4byte	.LASF649
 10247 01be 05       		.byte	0x5
 10248 01bf 9003     		.uleb128 0x190
 10249 01c1 C07C0000 		.4byte	.LASF650
 10250 01c5 05       		.byte	0x5
 10251 01c6 9103     		.uleb128 0x191
 10252 01c8 C0800000 		.4byte	.LASF651
 10253 01cc 05       		.byte	0x5
 10254 01cd 9803     		.uleb128 0x198
 10255 01cf 05340000 		.4byte	.LASF652
 10256 01d3 05       		.byte	0x5
 10257 01d4 9E03     		.uleb128 0x19e
 10258 01d6 D8820000 		.4byte	.LASF653
 10259 01da 05       		.byte	0x5
 10260 01db B203     		.uleb128 0x1b2
 10261 01dd 74870000 		.4byte	.LASF654
 10262 01e1 05       		.byte	0x5
 10263 01e2 D303     		.uleb128 0x1d3
 10264 01e4 CC240000 		.4byte	.LASF655
 10265 01e8 05       		.byte	0x5
 10266 01e9 D403     		.uleb128 0x1d4
 10267 01eb 28570000 		.4byte	.LASF656
 10268 01ef 05       		.byte	0x5
 10269 01f0 DB03     		.uleb128 0x1db
 10270 01f2 BE460000 		.4byte	.LASF657
 10271 01f6 05       		.byte	0x5
 10272 01f7 DC03     		.uleb128 0x1dc
 10273 01f9 2A310000 		.4byte	.LASF658
 10274 01fd 05       		.byte	0x5
 10275 01fe DF03     		.uleb128 0x1df
 10276 0200 A92D0000 		.4byte	.LASF659
 10277 0204 05       		.byte	0x5
 10278 0205 E903     		.uleb128 0x1e9
 10279 0207 51440000 		.4byte	.LASF660
 10280 020b 05       		.byte	0x5
 10281 020c EA03     		.uleb128 0x1ea
 10282 020e E01D0000 		.4byte	.LASF661
 10283 0212 05       		.byte	0x5
 10284 0213 F403     		.uleb128 0x1f4
 10285 0215 A46E0000 		.4byte	.LASF662
 10286 0219 05       		.byte	0x5
 10287 021a 8A04     		.uleb128 0x20a
 10288 021c 6C7A0000 		.4byte	.LASF663
 10289 0220 05       		.byte	0x5
 10290 0221 8C04     		.uleb128 0x20c
 10291 0223 23840000 		.4byte	.LASF664
 10292 0227 05       		.byte	0x5
 10293 0228 8E04     		.uleb128 0x20e
 10294 022a 538B0000 		.4byte	.LASF665
 10295 022e 05       		.byte	0x5
 10296 022f 8F04     		.uleb128 0x20f
 10297 0231 DD1E0000 		.4byte	.LASF666
 10298 0235 05       		.byte	0x5
 10299 0236 9104     		.uleb128 0x211
 10300 0238 15900000 		.4byte	.LASF667
ARM GAS  /var/folders/65/xyhbx3_n6nd_hs7j3p9nfwv80000gn/T//cc2oMwwL.s 			page 189


 10301 023c 05       		.byte	0x5
 10302 023d 9B04     		.uleb128 0x21b
 10303 023f B9620000 		.4byte	.LASF668
 10304 0243 05       		.byte	0x5
 10305 0244 A004     		.uleb128 0x220
 10306 0246 54820000 		.4byte	.LASF669
 10307 024a 05       		.byte	0x5
 10308 024b A504     		.uleb128 0x225
 10309 024d 03140000 		.4byte	.LASF670
 10310 0251 05       		.byte	0x5
 10311 0252 A804     		.uleb128 0x228
 10312 0254 394D0000 		.4byte	.LASF671
 10313 0258 05       		.byte	0x5
 10314 0259 AC04     		.uleb128 0x22c
 10315 025b 107C0000 		.4byte	.LASF672
 10316 025f 05       		.byte	0x5
 10317 0260 AE04     		.uleb128 0x22e
 10318 0262 BC280000 		.4byte	.LASF673
 10319 0266 05       		.byte	0x5
 10320 0267 D104     		.uleb128 0x251
 10321 0269 915E0000 		.4byte	.LASF674
 10322 026d 05       		.byte	0x5
 10323 026e D504     		.uleb128 0x255
 10324 0270 F9770000 		.4byte	.LASF675
 10325 0274 05       		.byte	0x5
 10326 0275 D904     		.uleb128 0x259
 10327 0277 5F050000 		.4byte	.LASF676
 10328 027b 05       		.byte	0x5
 10329 027c DD04     		.uleb128 0x25d
 10330 027e 055B0000 		.4byte	.LASF677
 10331 0282 05       		.byte	0x5
 10332 0283 E104     		.uleb128 0x261
 10333 0285 5A610000 		.4byte	.LASF678
 10334 0289 05       		.byte	0x5
 10335 028a E504     		.uleb128 0x265
 10336 028c 392B0000 		.4byte	.LASF679
 10337 0290 05       		.byte	0x5
 10338 0291 E904     		.uleb128 0x269
 10339 0293 48800000 		.4byte	.LASF680
 10340 0297 05       		.byte	0x5
 10341 0298 ED04     		.uleb128 0x26d
 10342 029a 83900000 		.4byte	.LASF681
 10343 029e 05       		.byte	0x5
 10344 029f F404     		.uleb128 0x274
 10345 02a1 8C160000 		.4byte	.LASF682
 10346 02a5 05       		.byte	0x5
 10347 02a6 F504     		.uleb128 0x275
 10348 02a8 B9080000 		.4byte	.LASF683
 10349 02ac 05       		.byte	0x5
 10350 02ad F604     		.uleb128 0x276
 10351 02af 99350000 		.4byte	.LASF684
 10352 02b3 05       		.byte	0x5
 10353 02b4 F704     		.uleb128 0x277
 10354 02b6 79480000 		.4byte	.LASF685
 10355 02ba 05       		.byte	0x5
 10356 02bb F804     		.uleb128 0x278
 10357 02bd CB510000 		.4byte	.LASF686
ARM GAS  /var/folders/65/xyhbx3_n6nd_hs7j3p9nfwv80000gn/T//cc2oMwwL.s 			page 190


 10358 02c1 05       		.byte	0x5
 10359 02c2 8D05     		.uleb128 0x28d
 10360 02c4 6D670000 		.4byte	.LASF687
 10361 02c8 05       		.byte	0x5
 10362 02c9 8E05     		.uleb128 0x28e
 10363 02cb 518C0000 		.4byte	.LASF688
 10364 02cf 05       		.byte	0x5
 10365 02d0 A005     		.uleb128 0x2a0
 10366 02d2 167D0000 		.4byte	.LASF689
 10367 02d6 05       		.byte	0x5
 10368 02d7 A605     		.uleb128 0x2a6
 10369 02d9 35790000 		.4byte	.LASF690
 10370 02dd 05       		.byte	0x5
 10371 02de A905     		.uleb128 0x2a9
 10372 02e0 F5170000 		.4byte	.LASF691
 10373 02e4 05       		.byte	0x5
 10374 02e5 AB05     		.uleb128 0x2ab
 10375 02e7 995F0000 		.4byte	.LASF692
 10376 02eb 05       		.byte	0x5
 10377 02ec AF05     		.uleb128 0x2af
 10378 02ee DF6C0000 		.4byte	.LASF693
 10379 02f2 05       		.byte	0x5
 10380 02f3 B105     		.uleb128 0x2b1
 10381 02f5 DD3F0000 		.4byte	.LASF694
 10382 02f9 05       		.byte	0x5
 10383 02fa B505     		.uleb128 0x2b5
 10384 02fc 8D5A0000 		.4byte	.LASF695
 10385 0300 05       		.byte	0x5
 10386 0301 B805     		.uleb128 0x2b8
 10387 0303 DB210000 		.4byte	.LASF696
 10388 0307 05       		.byte	0x5
 10389 0308 BA05     		.uleb128 0x2ba
 10390 030a D3910000 		.4byte	.LASF697
 10391 030e 05       		.byte	0x5
 10392 030f BE05     		.uleb128 0x2be
 10393 0311 C8010000 		.4byte	.LASF698
 10394 0315 05       		.byte	0x5
 10395 0316 C005     		.uleb128 0x2c0
 10396 0318 59340000 		.4byte	.LASF699
 10397 031c 05       		.byte	0x5
 10398 031d C205     		.uleb128 0x2c2
 10399 031f F4450000 		.4byte	.LASF700
 10400 0323 05       		.byte	0x5
 10401 0324 C605     		.uleb128 0x2c6
 10402 0326 5D6F0000 		.4byte	.LASF701
 10403 032a 05       		.byte	0x5
 10404 032b C905     		.uleb128 0x2c9
 10405 032d 8B7B0000 		.4byte	.LASF702
 10406 0331 05       		.byte	0x5
 10407 0332 CA05     		.uleb128 0x2ca
 10408 0334 567B0000 		.4byte	.LASF703
 10409 0338 00       		.byte	0
 10410              		.section	.debug_macro,"G",%progbits,wm4.ctype.h.34.8c51a90c640f4389443c00803a985e40,comdat
 10411              	.Ldebug_macro12:
 10412 0000 0400     		.2byte	0x4
 10413 0002 00       		.byte	0
 10414 0003 05       		.byte	0x5
ARM GAS  /var/folders/65/xyhbx3_n6nd_hs7j3p9nfwv80000gn/T//cc2oMwwL.s 			page 191


 10415 0004 22       		.uleb128 0x22
 10416 0005 480B0000 		.4byte	.LASF705
 10417 0009 05       		.byte	0x5
 10418 000a 23       		.uleb128 0x23
 10419 000b 0B350000 		.4byte	.LASF706
 10420 000f 05       		.byte	0x5
 10421 0010 3C       		.uleb128 0x3c
 10422 0011 E6880000 		.4byte	.LASF707
 10423 0015 05       		.byte	0x5
 10424 0016 3D       		.uleb128 0x3d
 10425 0017 682F0000 		.4byte	.LASF708
 10426 001b 05       		.byte	0x5
 10427 001c 3E       		.uleb128 0x3e
 10428 001d 1D310000 		.4byte	.LASF709
 10429 0021 05       		.byte	0x5
 10430 0022 3F       		.uleb128 0x3f
 10431 0023 02600000 		.4byte	.LASF710
 10432 0027 05       		.byte	0x5
 10433 0028 40       		.uleb128 0x40
 10434 0029 EC0C0000 		.4byte	.LASF711
 10435 002d 05       		.byte	0x5
 10436 002e 41       		.uleb128 0x41
 10437 002f 15540000 		.4byte	.LASF712
 10438 0033 05       		.byte	0x5
 10439 0034 42       		.uleb128 0x42
 10440 0035 62150000 		.4byte	.LASF713
 10441 0039 05       		.byte	0x5
 10442 003a 43       		.uleb128 0x43
 10443 003b EF420000 		.4byte	.LASF714
 10444 003f 05       		.byte	0x5
 10445 0040 48       		.uleb128 0x48
 10446 0041 5A470000 		.4byte	.LASF715
 10447 0045 05       		.byte	0x5
 10448 0046 4B       		.uleb128 0x4b
 10449 0047 0E060000 		.4byte	.LASF716
 10450 004b 05       		.byte	0x5
 10451 004c 57       		.uleb128 0x57
 10452 004d BC2B0000 		.4byte	.LASF717
 10453 0051 05       		.byte	0x5
 10454 0052 59       		.uleb128 0x59
 10455 0053 F6520000 		.4byte	.LASF718
 10456 0057 05       		.byte	0x5
 10457 0058 5A       		.uleb128 0x5a
 10458 0059 EE550000 		.4byte	.LASF719
 10459 005d 05       		.byte	0x5
 10460 005e 5B       		.uleb128 0x5b
 10461 005f 80080000 		.4byte	.LASF720
 10462 0063 05       		.byte	0x5
 10463 0064 5C       		.uleb128 0x5c
 10464 0065 5F3D0000 		.4byte	.LASF721
 10465 0069 05       		.byte	0x5
 10466 006a 5D       		.uleb128 0x5d
 10467 006b B58A0000 		.4byte	.LASF722
 10468 006f 05       		.byte	0x5
 10469 0070 5E       		.uleb128 0x5e
 10470 0071 AA090000 		.4byte	.LASF723
 10471 0075 05       		.byte	0x5
ARM GAS  /var/folders/65/xyhbx3_n6nd_hs7j3p9nfwv80000gn/T//cc2oMwwL.s 			page 192


 10472 0076 5F       		.uleb128 0x5f
 10473 0077 BB4B0000 		.4byte	.LASF724
 10474 007b 05       		.byte	0x5
 10475 007c 60       		.uleb128 0x60
 10476 007d 2A160000 		.4byte	.LASF725
 10477 0081 05       		.byte	0x5
 10478 0082 61       		.uleb128 0x61
 10479 0083 BA630000 		.4byte	.LASF726
 10480 0087 05       		.byte	0x5
 10481 0088 62       		.uleb128 0x62
 10482 0089 53810000 		.4byte	.LASF727
 10483 008d 05       		.byte	0x5
 10484 008e 63       		.uleb128 0x63
 10485 008f DA530000 		.4byte	.LASF728
 10486 0093 05       		.byte	0x5
 10487 0094 66       		.uleb128 0x66
 10488 0095 EC380000 		.4byte	.LASF729
 10489 0099 05       		.byte	0x5
 10490 009a 6F       		.uleb128 0x6f
 10491 009b A4490000 		.4byte	.LASF730
 10492 009f 05       		.byte	0x5
 10493 00a0 71       		.uleb128 0x71
 10494 00a1 552D0000 		.4byte	.LASF731
 10495 00a5 05       		.byte	0x5
 10496 00a6 73       		.uleb128 0x73
 10497 00a7 E5660000 		.4byte	.LASF732
 10498 00ab 05       		.byte	0x5
 10499 00ac 74       		.uleb128 0x74
 10500 00ad 4C280000 		.4byte	.LASF733
 10501 00b1 05       		.byte	0x5
 10502 00b2 75       		.uleb128 0x75
 10503 00b3 326D0000 		.4byte	.LASF734
 10504 00b7 05       		.byte	0x5
 10505 00b8 76       		.uleb128 0x76
 10506 00b9 371C0000 		.4byte	.LASF735
 10507 00bd 05       		.byte	0x5
 10508 00be 77       		.uleb128 0x77
 10509 00bf 4F130000 		.4byte	.LASF736
 10510 00c3 05       		.byte	0x5
 10511 00c4 78       		.uleb128 0x78
 10512 00c5 D77F0000 		.4byte	.LASF737
 10513 00c9 05       		.byte	0x5
 10514 00ca 79       		.uleb128 0x79
 10515 00cb CD500000 		.4byte	.LASF738
 10516 00cf 05       		.byte	0x5
 10517 00d0 7A       		.uleb128 0x7a
 10518 00d1 E4760000 		.4byte	.LASF739
 10519 00d5 05       		.byte	0x5
 10520 00d6 7B       		.uleb128 0x7b
 10521 00d7 E5580000 		.4byte	.LASF740
 10522 00db 05       		.byte	0x5
 10523 00dc 7C       		.uleb128 0x7c
 10524 00dd 154C0000 		.4byte	.LASF741
 10525 00e1 05       		.byte	0x5
 10526 00e2 7D       		.uleb128 0x7d
 10527 00e3 A13A0000 		.4byte	.LASF742
 10528 00e7 05       		.byte	0x5
ARM GAS  /var/folders/65/xyhbx3_n6nd_hs7j3p9nfwv80000gn/T//cc2oMwwL.s 			page 193


 10529 00e8 8001     		.uleb128 0x80
 10530 00ea E03D0000 		.4byte	.LASF743
 10531 00ee 05       		.byte	0x5
 10532 00ef 8801     		.uleb128 0x88
 10533 00f1 9F0E0000 		.4byte	.LASF744
 10534 00f5 05       		.byte	0x5
 10535 00f6 8901     		.uleb128 0x89
 10536 00f8 9D380000 		.4byte	.LASF745
 10537 00fc 05       		.byte	0x5
 10538 00fd 8D01     		.uleb128 0x8d
 10539 00ff B68C0000 		.4byte	.LASF746
 10540 0103 05       		.byte	0x5
 10541 0104 8E01     		.uleb128 0x8e
 10542 0106 53720000 		.4byte	.LASF747
 10543 010a 05       		.byte	0x5
 10544 010b 9601     		.uleb128 0x96
 10545 010d 383B0000 		.4byte	.LASF748
 10546 0111 05       		.byte	0x5
 10547 0112 9901     		.uleb128 0x99
 10548 0114 8A430000 		.4byte	.LASF749
 10549 0118 00       		.byte	0
 10550              		.section	.debug_macro,"G",%progbits,wm4.stdlib.h.13.4ed386f5c1a80d71e72172885d946ef2,comdat
 10551              	.Ldebug_macro13:
 10552 0000 0400     		.2byte	0x4
 10553 0002 00       		.byte	0
 10554 0003 05       		.byte	0x5
 10555 0004 0D       		.uleb128 0xd
 10556 0005 AD2E0000 		.4byte	.LASF751
 10557 0009 05       		.byte	0x5
 10558 000a 0E       		.uleb128 0xe
 10559 000b 90580000 		.4byte	.LASF752
 10560 000f 05       		.byte	0x5
 10561 0010 0F       		.uleb128 0xf
 10562 0011 18470000 		.4byte	.LASF753
 10563 0015 00       		.byte	0
 10564              		.section	.debug_macro,"G",%progbits,wm4.stddef.h.155.ba788add86a0e365f264484f110c3c29,comdat
 10565              	.Ldebug_macro14:
 10566 0000 0400     		.2byte	0x4
 10567 0002 00       		.byte	0
 10568 0003 06       		.byte	0x6
 10569 0004 9B01     		.uleb128 0x9b
 10570 0006 EE7E0000 		.4byte	.LASF542
 10571 000a 06       		.byte	0x6
 10572 000b E701     		.uleb128 0xe7
 10573 000d 674E0000 		.4byte	.LASF560
 10574 0011 06       		.byte	0x6
 10575 0012 D402     		.uleb128 0x154
 10576 0014 560E0000 		.4byte	.LASF577
 10577 0018 06       		.byte	0x6
 10578 0019 8603     		.uleb128 0x186
 10579 001b B72B0000 		.4byte	.LASF578
 10580 001f 05       		.byte	0x5
 10581 0020 8B03     		.uleb128 0x18b
 10582 0022 19020000 		.4byte	.LASF579
 10583 0026 06       		.byte	0x6
 10584 0027 9103     		.uleb128 0x191
 10585 0029 CF4F0000 		.4byte	.LASF580
ARM GAS  /var/folders/65/xyhbx3_n6nd_hs7j3p9nfwv80000gn/T//cc2oMwwL.s 			page 194


 10586 002d 05       		.byte	0x5
 10587 002e 9603     		.uleb128 0x196
 10588 0030 A6470000 		.4byte	.LASF581
 10589 0034 00       		.byte	0
 10590              		.section	.debug_macro,"G",%progbits,wm4.lock.h.2.1461d1fff82dffe8bfddc23307f6484f,comdat
 10591              	.Ldebug_macro15:
 10592 0000 0400     		.2byte	0x4
 10593 0002 00       		.byte	0
 10594 0003 05       		.byte	0x5
 10595 0004 02       		.uleb128 0x2
 10596 0005 1A920000 		.4byte	.LASF757
 10597 0009 05       		.byte	0x5
 10598 000a 23       		.uleb128 0x23
 10599 000b A2280000 		.4byte	.LASF758
 10600 000f 05       		.byte	0x5
 10601 0010 25       		.uleb128 0x25
 10602 0011 19430000 		.4byte	.LASF759
 10603 0015 05       		.byte	0x5
 10604 0016 27       		.uleb128 0x27
 10605 0017 A0720000 		.4byte	.LASF760
 10606 001b 05       		.byte	0x5
 10607 001c 2A       		.uleb128 0x2a
 10608 001d F2180000 		.4byte	.LASF761
 10609 0021 05       		.byte	0x5
 10610 0022 2C       		.uleb128 0x2c
 10611 0023 DD900000 		.4byte	.LASF762
 10612 0027 05       		.byte	0x5
 10613 0028 2E       		.uleb128 0x2e
 10614 0029 CA8B0000 		.4byte	.LASF763
 10615 002d 05       		.byte	0x5
 10616 002e 30       		.uleb128 0x30
 10617 002f 505C0000 		.4byte	.LASF764
 10618 0033 05       		.byte	0x5
 10619 0034 32       		.uleb128 0x32
 10620 0035 95660000 		.4byte	.LASF765
 10621 0039 05       		.byte	0x5
 10622 003a 34       		.uleb128 0x34
 10623 003b 6B8E0000 		.4byte	.LASF766
 10624 003f 05       		.byte	0x5
 10625 0040 36       		.uleb128 0x36
 10626 0041 2B6C0000 		.4byte	.LASF767
 10627 0045 05       		.byte	0x5
 10628 0046 38       		.uleb128 0x38
 10629 0047 8B310000 		.4byte	.LASF768
 10630 004b 05       		.byte	0x5
 10631 004c 3B       		.uleb128 0x3b
 10632 004d A8180000 		.4byte	.LASF769
 10633 0051 05       		.byte	0x5
 10634 0052 3D       		.uleb128 0x3d
 10635 0053 07250000 		.4byte	.LASF770
 10636 0057 00       		.byte	0
 10637              		.section	.debug_macro,"G",%progbits,wm4._types.h.125.5cf8a495f1f7ef36777ad868a1e32068,comdat
 10638              	.Ldebug_macro16:
 10639 0000 0400     		.2byte	0x4
 10640 0002 00       		.byte	0
 10641 0003 06       		.byte	0x6
 10642 0004 7D       		.uleb128 0x7d
ARM GAS  /var/folders/65/xyhbx3_n6nd_hs7j3p9nfwv80000gn/T//cc2oMwwL.s 			page 195


 10643 0005 6A5E0000 		.4byte	.LASF771
 10644 0009 05       		.byte	0x5
 10645 000a 9001     		.uleb128 0x90
 10646 000c D5400000 		.4byte	.LASF772
 10647 0010 06       		.byte	0x6
 10648 0011 9201     		.uleb128 0x92
 10649 0013 3E090000 		.4byte	.LASF773
 10650 0017 05       		.byte	0x5
 10651 0018 9E01     		.uleb128 0x9e
 10652 001a 9D880000 		.4byte	.LASF774
 10653 001e 00       		.byte	0
 10654              		.section	.debug_macro,"G",%progbits,wm4.stddef.h.155.3588ebfdd1e8c7ede80509bb9c3b8009,comdat
 10655              	.Ldebug_macro17:
 10656 0000 0400     		.2byte	0x4
 10657 0002 00       		.byte	0
 10658 0003 06       		.byte	0x6
 10659 0004 9B01     		.uleb128 0x9b
 10660 0006 EE7E0000 		.4byte	.LASF542
 10661 000a 06       		.byte	0x6
 10662 000b E701     		.uleb128 0xe7
 10663 000d 674E0000 		.4byte	.LASF560
 10664 0011 06       		.byte	0x6
 10665 0012 D402     		.uleb128 0x154
 10666 0014 560E0000 		.4byte	.LASF577
 10667 0018 05       		.byte	0x5
 10668 0019 D902     		.uleb128 0x159
 10669 001b 792E0000 		.4byte	.LASF775
 10670 001f 06       		.byte	0x6
 10671 0020 E002     		.uleb128 0x160
 10672 0022 BE690000 		.4byte	.LASF776
 10673 0026 06       		.byte	0x6
 10674 0027 8603     		.uleb128 0x186
 10675 0029 B72B0000 		.4byte	.LASF578
 10676 002d 05       		.byte	0x5
 10677 002e 8B03     		.uleb128 0x18b
 10678 0030 19020000 		.4byte	.LASF579
 10679 0034 06       		.byte	0x6
 10680 0035 9103     		.uleb128 0x191
 10681 0037 CF4F0000 		.4byte	.LASF580
 10682 003b 05       		.byte	0x5
 10683 003c 9603     		.uleb128 0x196
 10684 003e A6470000 		.4byte	.LASF581
 10685 0042 00       		.byte	0
 10686              		.section	.debug_macro,"G",%progbits,wm4._types.h.184.03611d4f6b5bec9997bcf4279eceba07,comdat
 10687              	.Ldebug_macro18:
 10688 0000 0400     		.2byte	0x4
 10689 0002 00       		.byte	0
 10690 0003 05       		.byte	0x5
 10691 0004 B801     		.uleb128 0xb8
 10692 0006 E01F0000 		.4byte	.LASF777
 10693 000a 05       		.byte	0x5
 10694 000b C001     		.uleb128 0xc0
 10695 000d 92700000 		.4byte	.LASF778
 10696 0011 05       		.byte	0x5
 10697 0012 C501     		.uleb128 0xc5
 10698 0014 AB700000 		.4byte	.LASF779
 10699 0018 05       		.byte	0x5
ARM GAS  /var/folders/65/xyhbx3_n6nd_hs7j3p9nfwv80000gn/T//cc2oMwwL.s 			page 196


 10700 0019 CA01     		.uleb128 0xca
 10701 001b 8F0D0000 		.4byte	.LASF780
 10702 001f 00       		.byte	0
 10703              		.section	.debug_macro,"G",%progbits,wm4.reent.h.17.90c2574d4acdcfce933db5cb09ff35fe,comdat
 10704              	.Ldebug_macro19:
 10705 0000 0400     		.2byte	0x4
 10706 0002 00       		.byte	0
 10707 0003 05       		.byte	0x5
 10708 0004 11       		.uleb128 0x11
 10709 0005 32380000 		.4byte	.LASF781
 10710 0009 05       		.byte	0x5
 10711 000a 15       		.uleb128 0x15
 10712 000b 0B750000 		.4byte	.LASF782
 10713 000f 05       		.byte	0x5
 10714 0010 48       		.uleb128 0x48
 10715 0011 1C320000 		.4byte	.LASF783
 10716 0015 05       		.byte	0x5
 10717 0016 64       		.uleb128 0x64
 10718 0017 B13C0000 		.4byte	.LASF784
 10719 001b 05       		.byte	0x5
 10720 001c 6A       		.uleb128 0x6a
 10721 001d 52930000 		.4byte	.LASF785
 10722 0021 05       		.byte	0x5
 10723 0022 B201     		.uleb128 0xb2
 10724 0024 894B0000 		.4byte	.LASF786
 10725 0028 05       		.byte	0x5
 10726 0029 B802     		.uleb128 0x138
 10727 002b 61740000 		.4byte	.LASF787
 10728 002f 05       		.byte	0x5
 10729 0030 B902     		.uleb128 0x139
 10730 0032 0E490000 		.4byte	.LASF788
 10731 0036 05       		.byte	0x5
 10732 0037 BA02     		.uleb128 0x13a
 10733 0039 20930000 		.4byte	.LASF789
 10734 003d 05       		.byte	0x5
 10735 003e BB02     		.uleb128 0x13b
 10736 0040 3A8A0000 		.4byte	.LASF790
 10737 0044 05       		.byte	0x5
 10738 0045 BC02     		.uleb128 0x13c
 10739 0047 EB730000 		.4byte	.LASF791
 10740 004b 05       		.byte	0x5
 10741 004c BD02     		.uleb128 0x13d
 10742 004e 34600000 		.4byte	.LASF792
 10743 0052 05       		.byte	0x5
 10744 0053 BE02     		.uleb128 0x13e
 10745 0055 318E0000 		.4byte	.LASF793
 10746 0059 05       		.byte	0x5
 10747 005a CA02     		.uleb128 0x14a
 10748 005c 432A0000 		.4byte	.LASF794
 10749 0060 05       		.byte	0x5
 10750 0061 CB02     		.uleb128 0x14b
 10751 0063 5F920000 		.4byte	.LASF795
 10752 0067 05       		.byte	0x5
 10753 0068 CC02     		.uleb128 0x14c
 10754 006a D9030000 		.4byte	.LASF796
 10755 006e 05       		.byte	0x5
 10756 006f 9B05     		.uleb128 0x29b
ARM GAS  /var/folders/65/xyhbx3_n6nd_hs7j3p9nfwv80000gn/T//cc2oMwwL.s 			page 197


 10757 0071 F4160000 		.4byte	.LASF797
 10758 0075 05       		.byte	0x5
 10759 0076 B705     		.uleb128 0x2b7
 10760 0078 AF6F0000 		.4byte	.LASF798
 10761 007c 05       		.byte	0x5
 10762 007d BA05     		.uleb128 0x2ba
 10763 007f A3930000 		.4byte	.LASF799
 10764 0083 05       		.byte	0x5
 10765 0084 EA05     		.uleb128 0x2ea
 10766 0086 05100000 		.4byte	.LASF800
 10767 008a 05       		.byte	0x5
 10768 008b F805     		.uleb128 0x2f8
 10769 008d EA860000 		.4byte	.LASF801
 10770 0091 05       		.byte	0x5
 10771 0092 F905     		.uleb128 0x2f9
 10772 0094 DE140000 		.4byte	.LASF802
 10773 0098 05       		.byte	0x5
 10774 0099 FA05     		.uleb128 0x2fa
 10775 009b C5700000 		.4byte	.LASF803
 10776 009f 05       		.byte	0x5
 10777 00a0 FB05     		.uleb128 0x2fb
 10778 00a2 B2540000 		.4byte	.LASF804
 10779 00a6 05       		.byte	0x5
 10780 00a7 FC05     		.uleb128 0x2fc
 10781 00a9 C7760000 		.4byte	.LASF805
 10782 00ad 05       		.byte	0x5
 10783 00ae FD05     		.uleb128 0x2fd
 10784 00b0 755A0000 		.4byte	.LASF806
 10785 00b4 05       		.byte	0x5
 10786 00b5 FE05     		.uleb128 0x2fe
 10787 00b7 242F0000 		.4byte	.LASF807
 10788 00bb 05       		.byte	0x5
 10789 00bc 8006     		.uleb128 0x300
 10790 00be E9360000 		.4byte	.LASF808
 10791 00c2 05       		.byte	0x5
 10792 00c3 8106     		.uleb128 0x301
 10793 00c5 84630000 		.4byte	.LASF809
 10794 00c9 05       		.byte	0x5
 10795 00ca 8206     		.uleb128 0x302
 10796 00cc 9A170000 		.4byte	.LASF810
 10797 00d0 05       		.byte	0x5
 10798 00d1 8306     		.uleb128 0x303
 10799 00d3 FA4E0000 		.4byte	.LASF811
 10800 00d7 05       		.byte	0x5
 10801 00d8 8406     		.uleb128 0x304
 10802 00da D1220000 		.4byte	.LASF812
 10803 00de 05       		.byte	0x5
 10804 00df 8506     		.uleb128 0x305
 10805 00e1 DB6D0000 		.4byte	.LASF813
 10806 00e5 05       		.byte	0x5
 10807 00e6 8606     		.uleb128 0x306
 10808 00e8 78240000 		.4byte	.LASF814
 10809 00ec 05       		.byte	0x5
 10810 00ed 8706     		.uleb128 0x307
 10811 00ef 0A6C0000 		.4byte	.LASF815
 10812 00f3 05       		.byte	0x5
 10813 00f4 8806     		.uleb128 0x308
ARM GAS  /var/folders/65/xyhbx3_n6nd_hs7j3p9nfwv80000gn/T//cc2oMwwL.s 			page 198


 10814 00f6 8B060000 		.4byte	.LASF816
 10815 00fa 05       		.byte	0x5
 10816 00fb 8906     		.uleb128 0x309
 10817 00fd 896A0000 		.4byte	.LASF817
 10818 0101 05       		.byte	0x5
 10819 0102 8A06     		.uleb128 0x30a
 10820 0104 6D3A0000 		.4byte	.LASF818
 10821 0108 05       		.byte	0x5
 10822 0109 8B06     		.uleb128 0x30b
 10823 010b 7F300000 		.4byte	.LASF819
 10824 010f 05       		.byte	0x5
 10825 0110 8C06     		.uleb128 0x30c
 10826 0112 31500000 		.4byte	.LASF820
 10827 0116 05       		.byte	0x5
 10828 0117 8D06     		.uleb128 0x30d
 10829 0119 A33F0000 		.4byte	.LASF821
 10830 011d 05       		.byte	0x5
 10831 011e 8E06     		.uleb128 0x30e
 10832 0120 0C3F0000 		.4byte	.LASF822
 10833 0124 05       		.byte	0x5
 10834 0125 8F06     		.uleb128 0x30f
 10835 0127 D1680000 		.4byte	.LASF823
 10836 012b 05       		.byte	0x5
 10837 012c 9006     		.uleb128 0x310
 10838 012e 9D610000 		.4byte	.LASF824
 10839 0132 05       		.byte	0x5
 10840 0133 9106     		.uleb128 0x311
 10841 0135 3B2E0000 		.4byte	.LASF825
 10842 0139 05       		.byte	0x5
 10843 013a 9206     		.uleb128 0x312
 10844 013c A6520000 		.4byte	.LASF826
 10845 0140 05       		.byte	0x5
 10846 0141 9306     		.uleb128 0x313
 10847 0143 026E0000 		.4byte	.LASF827
 10848 0147 05       		.byte	0x5
 10849 0148 9406     		.uleb128 0x314
 10850 014a 06680000 		.4byte	.LASF828
 10851 014e 05       		.byte	0x5
 10852 014f 9506     		.uleb128 0x315
 10853 0151 95530000 		.4byte	.LASF829
 10854 0155 05       		.byte	0x5
 10855 0156 9606     		.uleb128 0x316
 10856 0158 7E8C0000 		.4byte	.LASF830
 10857 015c 05       		.byte	0x5
 10858 015d 9706     		.uleb128 0x317
 10859 015f BA740000 		.4byte	.LASF831
 10860 0163 05       		.byte	0x5
 10861 0164 9B06     		.uleb128 0x31b
 10862 0166 02610000 		.4byte	.LASF832
 10863 016a 05       		.byte	0x5
 10864 016b A306     		.uleb128 0x323
 10865 016d 04040000 		.4byte	.LASF833
 10866 0171 05       		.byte	0x5
 10867 0172 AB06     		.uleb128 0x32b
 10868 0174 837D0000 		.4byte	.LASF834
 10869 0178 05       		.byte	0x5
 10870 0179 BB06     		.uleb128 0x33b
ARM GAS  /var/folders/65/xyhbx3_n6nd_hs7j3p9nfwv80000gn/T//cc2oMwwL.s 			page 199


 10871 017b F4300000 		.4byte	.LASF835
 10872 017f 05       		.byte	0x5
 10873 0180 BE06     		.uleb128 0x33e
 10874 0182 717F0000 		.4byte	.LASF836
 10875 0186 05       		.byte	0x5
 10876 0187 C406     		.uleb128 0x344
 10877 0189 9D0F0000 		.4byte	.LASF837
 10878 018d 00       		.byte	0
 10879              		.section	.debug_macro,"G",%progbits,wm4.alloca.h.8.dfc0c703c47ec3e69746825b17d9e66d,comdat
 10880              	.Ldebug_macro20:
 10881 0000 0400     		.2byte	0x4
 10882 0002 00       		.byte	0
 10883 0003 05       		.byte	0x5
 10884 0004 08       		.uleb128 0x8
 10885 0005 6D8F0000 		.4byte	.LASF839
 10886 0009 06       		.byte	0x6
 10887 000a 0D       		.uleb128 0xd
 10888 000b 8D590000 		.4byte	.LASF840
 10889 000f 05       		.byte	0x5
 10890 0010 10       		.uleb128 0x10
 10891 0011 8F620000 		.4byte	.LASF841
 10892 0015 00       		.byte	0
 10893              		.section	.debug_macro,"G",%progbits,wm4.stdlib.h.56.d4493cd3736e51e9d56335045f26df45,comdat
 10894              	.Ldebug_macro21:
 10895 0000 0400     		.2byte	0x4
 10896 0002 00       		.byte	0
 10897 0003 05       		.byte	0x5
 10898 0004 38       		.uleb128 0x38
 10899 0005 EE630000 		.4byte	.LASF842
 10900 0009 05       		.byte	0x5
 10901 000a 3C       		.uleb128 0x3c
 10902 000b 468E0000 		.4byte	.LASF843
 10903 000f 05       		.byte	0x5
 10904 0010 3D       		.uleb128 0x3d
 10905 0011 FD200000 		.4byte	.LASF844
 10906 0015 05       		.byte	0x5
 10907 0016 3F       		.uleb128 0x3f
 10908 0017 F1440000 		.4byte	.LASF845
 10909 001b 05       		.byte	0x5
 10910 001c 43       		.uleb128 0x43
 10911 001d E7700000 		.4byte	.LASF846
 10912 0021 05       		.byte	0x5
 10913 0022 A501     		.uleb128 0xa5
 10914 0024 E0850000 		.4byte	.LASF847
 10915 0028 00       		.byte	0
 10916              		.section	.debug_macro,"G",%progbits,wm4.string.h.8.c4b8571ce60dff2817f43fec8b86aecd,comdat
 10917              	.Ldebug_macro22:
 10918 0000 0400     		.2byte	0x4
 10919 0002 00       		.byte	0
 10920 0003 05       		.byte	0x5
 10921 0004 08       		.uleb128 0x8
 10922 0005 357B0000 		.4byte	.LASF848
 10923 0009 05       		.byte	0x5
 10924 000a 0F       		.uleb128 0xf
 10925 000b AD2E0000 		.4byte	.LASF751
 10926 000f 05       		.byte	0x5
 10927 0010 10       		.uleb128 0x10
ARM GAS  /var/folders/65/xyhbx3_n6nd_hs7j3p9nfwv80000gn/T//cc2oMwwL.s 			page 200


 10928 0011 18470000 		.4byte	.LASF753
 10929 0015 00       		.byte	0
 10930              		.section	.debug_macro,"G",%progbits,wm4._intsup.h.10.cce27fed8484c08a33f522034c30d2b5,comdat
 10931              	.Ldebug_macro23:
 10932 0000 0400     		.2byte	0x4
 10933 0002 00       		.byte	0
 10934 0003 05       		.byte	0x5
 10935 0004 0A       		.uleb128 0xa
 10936 0005 AD870000 		.4byte	.LASF852
 10937 0009 05       		.byte	0x5
 10938 000a 10       		.uleb128 0x10
 10939 000b 72880000 		.4byte	.LASF853
 10940 000f 06       		.byte	0x6
 10941 0010 2A       		.uleb128 0x2a
 10942 0011 8D950000 		.4byte	.LASF854
 10943 0015 06       		.byte	0x6
 10944 0016 2B       		.uleb128 0x2b
 10945 0017 3E090000 		.4byte	.LASF773
 10946 001b 06       		.byte	0x6
 10947 001c 2C       		.uleb128 0x2c
 10948 001d 012D0000 		.4byte	.LASF855
 10949 0021 06       		.byte	0x6
 10950 0022 2D       		.uleb128 0x2d
 10951 0023 FC600000 		.4byte	.LASF856
 10952 0027 02       		.byte	0x2
 10953 0028 2E       		.uleb128 0x2e
 10954 0029 696E7400 		.ascii	"int\000"
 10955 002d 06       		.byte	0x6
 10956 002e 2F       		.uleb128 0x2f
 10957 002f 2A920000 		.4byte	.LASF857
 10958 0033 06       		.byte	0x6
 10959 0034 30       		.uleb128 0x30
 10960 0035 546A0000 		.4byte	.LASF858
 10961 0039 05       		.byte	0x5
 10962 003a 31       		.uleb128 0x31
 10963 003b D42E0000 		.4byte	.LASF859
 10964 003f 05       		.byte	0x5
 10965 0040 32       		.uleb128 0x32
 10966 0041 D6480000 		.4byte	.LASF860
 10967 0045 05       		.byte	0x5
 10968 0046 33       		.uleb128 0x33
 10969 0047 85590000 		.4byte	.LASF861
 10970 004b 05       		.byte	0x5
 10971 004c 34       		.uleb128 0x34
 10972 004d 88860000 		.4byte	.LASF862
 10973 0051 05       		.byte	0x5
 10974 0052 35       		.uleb128 0x35
 10975 0053 7F000000 		.4byte	.LASF863
 10976 0057 05       		.byte	0x5
 10977 0058 36       		.uleb128 0x36
 10978 0059 3E490000 		.4byte	.LASF864
 10979 005d 05       		.byte	0x5
 10980 005e 37       		.uleb128 0x37
 10981 005f 1C8E0000 		.4byte	.LASF865
 10982 0063 05       		.byte	0x5
 10983 0064 40       		.uleb128 0x40
 10984 0065 6E410000 		.4byte	.LASF866
ARM GAS  /var/folders/65/xyhbx3_n6nd_hs7j3p9nfwv80000gn/T//cc2oMwwL.s 			page 201


 10985 0069 05       		.byte	0x5
 10986 006a 47       		.uleb128 0x47
 10987 006b C18E0000 		.4byte	.LASF867
 10988 006f 05       		.byte	0x5
 10989 0070 4F       		.uleb128 0x4f
 10990 0071 000A0000 		.4byte	.LASF868
 10991 0075 05       		.byte	0x5
 10992 0076 5A       		.uleb128 0x5a
 10993 0077 C9400000 		.4byte	.LASF869
 10994 007b 05       		.byte	0x5
 10995 007c 65       		.uleb128 0x65
 10996 007d 91850000 		.4byte	.LASF870
 10997 0081 05       		.byte	0x5
 10998 0082 6E       		.uleb128 0x6e
 10999 0083 A6150000 		.4byte	.LASF871
 11000 0087 05       		.byte	0x5
 11001 0088 75       		.uleb128 0x75
 11002 0089 7A7D0000 		.4byte	.LASF872
 11003 008d 05       		.byte	0x5
 11004 008e 7E       		.uleb128 0x7e
 11005 008f 4D200000 		.4byte	.LASF873
 11006 0093 05       		.byte	0x5
 11007 0094 8501     		.uleb128 0x85
 11008 0096 3F4A0000 		.4byte	.LASF874
 11009 009a 05       		.byte	0x5
 11010 009b 9001     		.uleb128 0x90
 11011 009d B5480000 		.4byte	.LASF875
 11012 00a1 05       		.byte	0x5
 11013 00a2 9401     		.uleb128 0x94
 11014 00a4 70560000 		.4byte	.LASF876
 11015 00a8 05       		.byte	0x5
 11016 00a9 9F01     		.uleb128 0x9f
 11017 00ab 877C0000 		.4byte	.LASF877
 11018 00af 05       		.byte	0x5
 11019 00b0 AA01     		.uleb128 0xaa
 11020 00b2 98150000 		.4byte	.LASF878
 11021 00b6 05       		.byte	0x5
 11022 00b7 B301     		.uleb128 0xb3
 11023 00b9 F7670000 		.4byte	.LASF879
 11024 00bd 06       		.byte	0x6
 11025 00be B501     		.uleb128 0xb5
 11026 00c0 8D950000 		.4byte	.LASF854
 11027 00c4 06       		.byte	0x6
 11028 00c5 B601     		.uleb128 0xb6
 11029 00c7 3E090000 		.4byte	.LASF773
 11030 00cb 06       		.byte	0x6
 11031 00cc B701     		.uleb128 0xb7
 11032 00ce 012D0000 		.4byte	.LASF855
 11033 00d2 06       		.byte	0x6
 11034 00d3 B801     		.uleb128 0xb8
 11035 00d5 FC600000 		.4byte	.LASF856
 11036 00d9 02       		.byte	0x2
 11037 00da B901     		.uleb128 0xb9
 11038 00dc 696E7400 		.ascii	"int\000"
 11039 00e0 06       		.byte	0x6
 11040 00e1 BA01     		.uleb128 0xba
 11041 00e3 546A0000 		.4byte	.LASF858
ARM GAS  /var/folders/65/xyhbx3_n6nd_hs7j3p9nfwv80000gn/T//cc2oMwwL.s 			page 202


 11042 00e7 06       		.byte	0x6
 11043 00e8 BF01     		.uleb128 0xbf
 11044 00ea 2A920000 		.4byte	.LASF857
 11045 00ee 00       		.byte	0
 11046              		.section	.debug_macro,"G",%progbits,wm4._stdint.h.10.c24fa3af3bc1706662bb5593a907e841,comdat
 11047              	.Ldebug_macro24:
 11048 0000 0400     		.2byte	0x4
 11049 0002 00       		.byte	0
 11050 0003 05       		.byte	0x5
 11051 0004 0A       		.uleb128 0xa
 11052 0005 08470000 		.4byte	.LASF880
 11053 0009 05       		.byte	0x5
 11054 000a 15       		.uleb128 0x15
 11055 000b C57E0000 		.4byte	.LASF881
 11056 000f 05       		.byte	0x5
 11057 0010 19       		.uleb128 0x19
 11058 0011 E86B0000 		.4byte	.LASF882
 11059 0015 05       		.byte	0x5
 11060 0016 1B       		.uleb128 0x1b
 11061 0017 2C1D0000 		.4byte	.LASF883
 11062 001b 05       		.byte	0x5
 11063 001c 21       		.uleb128 0x21
 11064 001d A93B0000 		.4byte	.LASF884
 11065 0021 05       		.byte	0x5
 11066 0022 25       		.uleb128 0x25
 11067 0023 FE120000 		.4byte	.LASF885
 11068 0027 05       		.byte	0x5
 11069 0028 27       		.uleb128 0x27
 11070 0029 AC4A0000 		.4byte	.LASF886
 11071 002d 05       		.byte	0x5
 11072 002e 2D       		.uleb128 0x2d
 11073 002f 13870000 		.4byte	.LASF887
 11074 0033 05       		.byte	0x5
 11075 0034 31       		.uleb128 0x31
 11076 0035 24030000 		.4byte	.LASF888
 11077 0039 05       		.byte	0x5
 11078 003a 33       		.uleb128 0x33
 11079 003b 20190000 		.4byte	.LASF889
 11080 003f 05       		.byte	0x5
 11081 0040 39       		.uleb128 0x39
 11082 0041 E05F0000 		.4byte	.LASF890
 11083 0045 05       		.byte	0x5
 11084 0046 3D       		.uleb128 0x3d
 11085 0047 DA550000 		.4byte	.LASF891
 11086 004b 05       		.byte	0x5
 11087 004c 3F       		.uleb128 0x3f
 11088 004d 09800000 		.4byte	.LASF892
 11089 0051 05       		.byte	0x5
 11090 0052 44       		.uleb128 0x44
 11091 0053 CC690000 		.4byte	.LASF893
 11092 0057 05       		.byte	0x5
 11093 0058 49       		.uleb128 0x49
 11094 0059 56690000 		.4byte	.LASF894
 11095 005d 05       		.byte	0x5
 11096 005e 4E       		.uleb128 0x4e
 11097 005f 00170000 		.4byte	.LASF895
 11098 0063 05       		.byte	0x5
ARM GAS  /var/folders/65/xyhbx3_n6nd_hs7j3p9nfwv80000gn/T//cc2oMwwL.s 			page 203


 11099 0064 53       		.uleb128 0x53
 11100 0065 666C0000 		.4byte	.LASF896
 11101 0069 00       		.byte	0
 11102              		.section	.debug_macro,"G",%progbits,wm4.stdint.h.23.d53047a68f4a85177f80b422d52785ed,comdat
 11103              	.Ldebug_macro25:
 11104 0000 0400     		.2byte	0x4
 11105 0002 00       		.byte	0
 11106 0003 05       		.byte	0x5
 11107 0004 17       		.uleb128 0x17
 11108 0005 038E0000 		.4byte	.LASF897
 11109 0009 05       		.byte	0x5
 11110 000a 1D       		.uleb128 0x1d
 11111 000b 2C630000 		.4byte	.LASF898
 11112 000f 05       		.byte	0x5
 11113 0010 23       		.uleb128 0x23
 11114 0011 E68F0000 		.4byte	.LASF899
 11115 0015 05       		.byte	0x5
 11116 0016 29       		.uleb128 0x29
 11117 0017 633C0000 		.4byte	.LASF900
 11118 001b 05       		.byte	0x5
 11119 001c 35       		.uleb128 0x35
 11120 001d C3200000 		.4byte	.LASF901
 11121 0021 05       		.byte	0x5
 11122 0022 3F       		.uleb128 0x3f
 11123 0023 1C580000 		.4byte	.LASF902
 11124 0027 05       		.byte	0x5
 11125 0028 49       		.uleb128 0x49
 11126 0029 6C0F0000 		.4byte	.LASF903
 11127 002d 05       		.byte	0x5
 11128 002e 53       		.uleb128 0x53
 11129 002f 2A2A0000 		.4byte	.LASF904
 11130 0033 05       		.byte	0x5
 11131 0034 8001     		.uleb128 0x80
 11132 0036 76920000 		.4byte	.LASF905
 11133 003a 05       		.byte	0x5
 11134 003b 8101     		.uleb128 0x81
 11135 003d A47C0000 		.4byte	.LASF906
 11136 0041 05       		.byte	0x5
 11137 0042 8201     		.uleb128 0x82
 11138 0044 EC1B0000 		.4byte	.LASF907
 11139 0048 05       		.byte	0x5
 11140 0049 9801     		.uleb128 0x98
 11141 004b 2C270000 		.4byte	.LASF908
 11142 004f 05       		.byte	0x5
 11143 0050 9901     		.uleb128 0x99
 11144 0052 C2550000 		.4byte	.LASF909
 11145 0056 05       		.byte	0x5
 11146 0057 9A01     		.uleb128 0x9a
 11147 0059 9D8D0000 		.4byte	.LASF910
 11148 005d 05       		.byte	0x5
 11149 005e A201     		.uleb128 0xa2
 11150 0060 487F0000 		.4byte	.LASF911
 11151 0064 05       		.byte	0x5
 11152 0065 A301     		.uleb128 0xa3
 11153 0067 822E0000 		.4byte	.LASF912
 11154 006b 05       		.byte	0x5
 11155 006c A401     		.uleb128 0xa4
ARM GAS  /var/folders/65/xyhbx3_n6nd_hs7j3p9nfwv80000gn/T//cc2oMwwL.s 			page 204


 11156 006e E87D0000 		.4byte	.LASF913
 11157 0072 05       		.byte	0x5
 11158 0073 AE01     		.uleb128 0xae
 11159 0075 2E200000 		.4byte	.LASF914
 11160 0079 05       		.byte	0x5
 11161 007a AF01     		.uleb128 0xaf
 11162 007c CA0E0000 		.4byte	.LASF915
 11163 0080 05       		.byte	0x5
 11164 0081 B001     		.uleb128 0xb0
 11165 0083 F4720000 		.4byte	.LASF916
 11166 0087 05       		.byte	0x5
 11167 0088 B801     		.uleb128 0xb8
 11168 008a 81370000 		.4byte	.LASF917
 11169 008e 05       		.byte	0x5
 11170 008f B901     		.uleb128 0xb9
 11171 0091 310A0000 		.4byte	.LASF918
 11172 0095 05       		.byte	0x5
 11173 0096 BA01     		.uleb128 0xba
 11174 0098 87130000 		.4byte	.LASF919
 11175 009c 05       		.byte	0x5
 11176 009d C401     		.uleb128 0xc4
 11177 009f F9710000 		.4byte	.LASF920
 11178 00a3 05       		.byte	0x5
 11179 00a4 C501     		.uleb128 0xc5
 11180 00a6 2C320000 		.4byte	.LASF921
 11181 00aa 05       		.byte	0x5
 11182 00ab C601     		.uleb128 0xc6
 11183 00ad 6E4F0000 		.4byte	.LASF922
 11184 00b1 05       		.byte	0x5
 11185 00b2 D401     		.uleb128 0xd4
 11186 00b4 21370000 		.4byte	.LASF923
 11187 00b8 05       		.byte	0x5
 11188 00b9 D501     		.uleb128 0xd5
 11189 00bb C3360000 		.4byte	.LASF924
 11190 00bf 05       		.byte	0x5
 11191 00c0 D601     		.uleb128 0xd6
 11192 00c2 33760000 		.4byte	.LASF925
 11193 00c6 05       		.byte	0x5
 11194 00c7 E601     		.uleb128 0xe6
 11195 00c9 F77C0000 		.4byte	.LASF926
 11196 00cd 05       		.byte	0x5
 11197 00ce E701     		.uleb128 0xe7
 11198 00d0 414F0000 		.4byte	.LASF927
 11199 00d4 05       		.byte	0x5
 11200 00d5 E801     		.uleb128 0xe8
 11201 00d7 6B200000 		.4byte	.LASF928
 11202 00db 05       		.byte	0x5
 11203 00dc F601     		.uleb128 0xf6
 11204 00de B51D0000 		.4byte	.LASF929
 11205 00e2 05       		.byte	0x5
 11206 00e3 F701     		.uleb128 0xf7
 11207 00e5 40240000 		.4byte	.LASF930
 11208 00e9 05       		.byte	0x5
 11209 00ea F801     		.uleb128 0xf8
 11210 00ec 55660000 		.4byte	.LASF931
 11211 00f0 05       		.byte	0x5
 11212 00f1 8602     		.uleb128 0x106
ARM GAS  /var/folders/65/xyhbx3_n6nd_hs7j3p9nfwv80000gn/T//cc2oMwwL.s 			page 205


 11213 00f3 AC910000 		.4byte	.LASF932
 11214 00f7 05       		.byte	0x5
 11215 00f8 8702     		.uleb128 0x107
 11216 00fa 1D290000 		.4byte	.LASF933
 11217 00fe 05       		.byte	0x5
 11218 00ff 8802     		.uleb128 0x108
 11219 0101 DF8D0000 		.4byte	.LASF934
 11220 0105 05       		.byte	0x5
 11221 0106 9602     		.uleb128 0x116
 11222 0108 EF850000 		.4byte	.LASF935
 11223 010c 05       		.byte	0x5
 11224 010d 9702     		.uleb128 0x117
 11225 010f B0570000 		.4byte	.LASF936
 11226 0113 05       		.byte	0x5
 11227 0114 9802     		.uleb128 0x118
 11228 0116 BF330000 		.4byte	.LASF937
 11229 011a 05       		.byte	0x5
 11230 011b A602     		.uleb128 0x126
 11231 011d 5B170000 		.4byte	.LASF938
 11232 0121 05       		.byte	0x5
 11233 0122 A702     		.uleb128 0x127
 11234 0124 32920000 		.4byte	.LASF939
 11235 0128 05       		.byte	0x5
 11236 0129 A802     		.uleb128 0x128
 11237 012b 422F0000 		.4byte	.LASF940
 11238 012f 05       		.byte	0x5
 11239 0130 B602     		.uleb128 0x136
 11240 0132 2E0F0000 		.4byte	.LASF941
 11241 0136 05       		.byte	0x5
 11242 0137 B702     		.uleb128 0x137
 11243 0139 FC870000 		.4byte	.LASF942
 11244 013d 05       		.byte	0x5
 11245 013e B802     		.uleb128 0x138
 11246 0140 B7380000 		.4byte	.LASF943
 11247 0144 05       		.byte	0x5
 11248 0145 C602     		.uleb128 0x146
 11249 0147 EC460000 		.4byte	.LASF944
 11250 014b 05       		.byte	0x5
 11251 014c C702     		.uleb128 0x147
 11252 014e 28220000 		.4byte	.LASF945
 11253 0152 05       		.byte	0x5
 11254 0153 CF02     		.uleb128 0x14f
 11255 0155 63490000 		.4byte	.LASF946
 11256 0159 05       		.byte	0x5
 11257 015a D702     		.uleb128 0x157
 11258 015c DA130000 		.4byte	.LASF947
 11259 0160 05       		.byte	0x5
 11260 0161 DD02     		.uleb128 0x15d
 11261 0163 043B0000 		.4byte	.LASF948
 11262 0167 05       		.byte	0x5
 11263 0168 DE02     		.uleb128 0x15e
 11264 016a FD2E0000 		.4byte	.LASF949
 11265 016e 05       		.byte	0x5
 11266 016f E202     		.uleb128 0x162
 11267 0171 230D0000 		.4byte	.LASF950
 11268 0175 05       		.byte	0x5
 11269 0176 E602     		.uleb128 0x166
ARM GAS  /var/folders/65/xyhbx3_n6nd_hs7j3p9nfwv80000gn/T//cc2oMwwL.s 			page 206


 11270 0178 A4920000 		.4byte	.LASF951
 11271 017c 05       		.byte	0x5
 11272 017d EB02     		.uleb128 0x16b
 11273 017f 07230000 		.4byte	.LASF952
 11274 0183 05       		.byte	0x5
 11275 0184 F602     		.uleb128 0x176
 11276 0186 95710000 		.4byte	.LASF953
 11277 018a 05       		.byte	0x5
 11278 018b 8003     		.uleb128 0x180
 11279 018d 19500000 		.4byte	.LASF954
 11280 0191 05       		.byte	0x5
 11281 0192 8503     		.uleb128 0x185
 11282 0194 17000000 		.4byte	.LASF955
 11283 0198 05       		.byte	0x5
 11284 0199 8C03     		.uleb128 0x18c
 11285 019b 7A450000 		.4byte	.LASF956
 11286 019f 05       		.byte	0x5
 11287 01a0 8D03     		.uleb128 0x18d
 11288 01a2 92780000 		.4byte	.LASF957
 11289 01a6 05       		.byte	0x5
 11290 01a7 9803     		.uleb128 0x198
 11291 01a9 D18E0000 		.4byte	.LASF958
 11292 01ad 05       		.byte	0x5
 11293 01ae 9903     		.uleb128 0x199
 11294 01b0 BD2F0000 		.4byte	.LASF959
 11295 01b4 05       		.byte	0x5
 11296 01b5 A403     		.uleb128 0x1a4
 11297 01b7 46630000 		.4byte	.LASF960
 11298 01bb 05       		.byte	0x5
 11299 01bc A503     		.uleb128 0x1a5
 11300 01be AB560000 		.4byte	.LASF961
 11301 01c2 05       		.byte	0x5
 11302 01c3 B103     		.uleb128 0x1b1
 11303 01c5 E53E0000 		.4byte	.LASF962
 11304 01c9 05       		.byte	0x5
 11305 01ca B203     		.uleb128 0x1b2
 11306 01cc 6C8A0000 		.4byte	.LASF963
 11307 01d0 05       		.byte	0x5
 11308 01d1 C103     		.uleb128 0x1c1
 11309 01d3 3B2D0000 		.4byte	.LASF964
 11310 01d7 05       		.byte	0x5
 11311 01d8 C203     		.uleb128 0x1c2
 11312 01da 05640000 		.4byte	.LASF965
 11313 01de 00       		.byte	0
 11314              		.section	.debug_macro,"G",%progbits,wm4.pd_api_file.h.10.e4dc3ef60d9af818b8082ea71b3505c7,comdat
 11315              	.Ldebug_macro26:
 11316 0000 0400     		.2byte	0x4
 11317 0002 00       		.byte	0
 11318 0003 05       		.byte	0x5
 11319 0004 0A       		.uleb128 0xa
 11320 0005 B47F0000 		.4byte	.LASF967
 11321 0009 05       		.byte	0x5
 11322 000a 27       		.uleb128 0x27
 11323 000b F6340000 		.4byte	.LASF968
 11324 000f 05       		.byte	0x5
 11325 0010 28       		.uleb128 0x28
 11326 0011 5C210000 		.4byte	.LASF969
ARM GAS  /var/folders/65/xyhbx3_n6nd_hs7j3p9nfwv80000gn/T//cc2oMwwL.s 			page 207


 11327 0015 05       		.byte	0x5
 11328 0016 29       		.uleb128 0x29
 11329 0017 DD6B0000 		.4byte	.LASF970
 11330 001b 00       		.byte	0
 11331              		.section	.debug_macro,"G",%progbits,wm4.stdbool.h.29.07dce69c3b78884144b7f7bd19483461,comdat
 11332              	.Ldebug_macro27:
 11333 0000 0400     		.2byte	0x4
 11334 0002 00       		.byte	0
 11335 0003 05       		.byte	0x5
 11336 0004 1D       		.uleb128 0x1d
 11337 0005 FB240000 		.4byte	.LASF972
 11338 0009 05       		.byte	0x5
 11339 000a 21       		.uleb128 0x21
 11340 000b C5390000 		.4byte	.LASF973
 11341 000f 05       		.byte	0x5
 11342 0010 22       		.uleb128 0x22
 11343 0011 A6500000 		.4byte	.LASF974
 11344 0015 05       		.byte	0x5
 11345 0016 23       		.uleb128 0x23
 11346 0017 1F5B0000 		.4byte	.LASF975
 11347 001b 05       		.byte	0x5
 11348 001c 34       		.uleb128 0x34
 11349 001d 088C0000 		.4byte	.LASF976
 11350 0021 00       		.byte	0
 11351              		.section	.debug_macro,"G",%progbits,wm4.pd_api_gfx.h.37.b35db881c8a4a4f1997a27bebaf37925,comdat
 11352              	.Ldebug_macro28:
 11353 0000 0400     		.2byte	0x4
 11354 0002 00       		.byte	0
 11355 0003 05       		.byte	0x5
 11356 0004 25       		.uleb128 0x25
 11357 0005 5B390000 		.4byte	.LASF977
 11358 0009 05       		.byte	0x5
 11359 000a 26       		.uleb128 0x26
 11360 000b 718C0000 		.4byte	.LASF978
 11361 000f 05       		.byte	0x5
 11362 0010 27       		.uleb128 0x27
 11363 0011 D5410000 		.4byte	.LASF979
 11364 0015 05       		.byte	0x5
 11365 0016 28       		.uleb128 0x28
 11366 0017 601F0000 		.4byte	.LASF980
 11367 001b 05       		.byte	0x5
 11368 001c 5E       		.uleb128 0x5e
 11369 001d 4A6B0000 		.4byte	.LASF981
 11370 0021 00       		.byte	0
 11371              		.section	.debug_macro,"G",%progbits,wm4.stdarg.h.31.b55da1089056868966f25de5dbfc7d3c,comdat
 11372              	.Ldebug_macro29:
 11373 0000 0400     		.2byte	0x4
 11374 0002 00       		.byte	0
 11375 0003 05       		.byte	0x5
 11376 0004 1F       		.uleb128 0x1f
 11377 0005 5D860000 		.4byte	.LASF983
 11378 0009 05       		.byte	0x5
 11379 000a 20       		.uleb128 0x20
 11380 000b 79720000 		.4byte	.LASF984
 11381 000f 06       		.byte	0x6
 11382 0010 22       		.uleb128 0x22
 11383 0011 B04D0000 		.4byte	.LASF985
ARM GAS  /var/folders/65/xyhbx3_n6nd_hs7j3p9nfwv80000gn/T//cc2oMwwL.s 			page 208


 11384 0015 05       		.byte	0x5
 11385 0016 27       		.uleb128 0x27
 11386 0017 85390000 		.4byte	.LASF986
 11387 001b 05       		.byte	0x5
 11388 001c 2F       		.uleb128 0x2f
 11389 001d E14B0000 		.4byte	.LASF987
 11390 0021 05       		.byte	0x5
 11391 0022 30       		.uleb128 0x30
 11392 0023 6C850000 		.4byte	.LASF988
 11393 0027 05       		.byte	0x5
 11394 0028 31       		.uleb128 0x31
 11395 0029 BA7B0000 		.4byte	.LASF989
 11396 002d 05       		.byte	0x5
 11397 002e 34       		.uleb128 0x34
 11398 002f E05D0000 		.4byte	.LASF990
 11399 0033 05       		.byte	0x5
 11400 0034 36       		.uleb128 0x36
 11401 0035 6C700000 		.4byte	.LASF991
 11402 0039 05       		.byte	0x5
 11403 003a 69       		.uleb128 0x69
 11404 003b 3F3C0000 		.4byte	.LASF992
 11405 003f 05       		.byte	0x5
 11406 0040 6C       		.uleb128 0x6c
 11407 0041 2D720000 		.4byte	.LASF993
 11408 0045 05       		.byte	0x5
 11409 0046 6F       		.uleb128 0x6f
 11410 0047 20380000 		.4byte	.LASF994
 11411 004b 05       		.byte	0x5
 11412 004c 72       		.uleb128 0x72
 11413 004d E8520000 		.4byte	.LASF995
 11414 0051 05       		.byte	0x5
 11415 0052 75       		.uleb128 0x75
 11416 0053 00900000 		.4byte	.LASF996
 11417 0057 00       		.byte	0
 11418              		.section	.debug_macro,"G",%progbits,wm4.pd_api_sound.h.10.ed55dbbdec2845a7dda57f639513c716,comdat
 11419              	.Ldebug_macro30:
 11420 0000 0400     		.2byte	0x4
 11421 0002 00       		.byte	0
 11422 0003 05       		.byte	0x5
 11423 0004 0A       		.uleb128 0xa
 11424 0005 FB6B0000 		.4byte	.LASF1000
 11425 0009 05       		.byte	0x5
 11426 000a 0E       		.uleb128 0xe
 11427 000b 008D0000 		.4byte	.LASF1001
 11428 000f 05       		.byte	0x5
 11429 0010 1A       		.uleb128 0x1a
 11430 0011 54650000 		.4byte	.LASF1002
 11431 0015 05       		.byte	0x5
 11432 0016 1B       		.uleb128 0x1b
 11433 0017 25590000 		.4byte	.LASF1003
 11434 001b 05       		.byte	0x5
 11435 001c 25       		.uleb128 0x25
 11436 001d CC7F0000 		.4byte	.LASF1004
 11437 0021 00       		.byte	0
 11438              		.section	.debug_macro,"G",%progbits,wm4.math.h.13.adb102f7bd7860b1f241e149d6914a1e,comdat
 11439              	.Ldebug_macro31:
 11440 0000 0400     		.2byte	0x4
ARM GAS  /var/folders/65/xyhbx3_n6nd_hs7j3p9nfwv80000gn/T//cc2oMwwL.s 			page 209


 11441 0002 00       		.byte	0
 11442 0003 05       		.byte	0x5
 11443 0004 0D       		.uleb128 0xd
 11444 0005 C5560000 		.4byte	.LASF1006
 11445 0009 05       		.byte	0x5
 11446 000a 13       		.uleb128 0x13
 11447 000b 86520000 		.4byte	.LASF1007
 11448 000f 05       		.byte	0x5
 11449 0010 17       		.uleb128 0x17
 11450 0011 3D620000 		.4byte	.LASF1008
 11451 0015 05       		.byte	0x5
 11452 0016 1B       		.uleb128 0x1b
 11453 0017 36360000 		.4byte	.LASF1009
 11454 001b 05       		.byte	0x5
 11455 001c 1F       		.uleb128 0x1f
 11456 001d A1190000 		.4byte	.LASF1010
 11457 0021 05       		.byte	0x5
 11458 0022 23       		.uleb128 0x23
 11459 0023 DB2A0000 		.4byte	.LASF1011
 11460 0027 05       		.byte	0x5
 11461 0028 9101     		.uleb128 0x91
 11462 002a 57890000 		.4byte	.LASF1012
 11463 002e 05       		.byte	0x5
 11464 002f 9201     		.uleb128 0x92
 11465 0031 D9830000 		.4byte	.LASF1013
 11466 0035 06       		.byte	0x6
 11467 0036 A801     		.uleb128 0xa8
 11468 0038 EE120000 		.4byte	.LASF1014
 11469 003c 05       		.byte	0x5
 11470 003d AB01     		.uleb128 0xab
 11471 003f 21160000 		.4byte	.LASF1015
 11472 0043 05       		.byte	0x5
 11473 0044 AC01     		.uleb128 0xac
 11474 0046 9E910000 		.4byte	.LASF1016
 11475 004a 05       		.byte	0x5
 11476 004b AD01     		.uleb128 0xad
 11477 004d CA2E0000 		.4byte	.LASF1017
 11478 0051 05       		.byte	0x5
 11479 0052 AE01     		.uleb128 0xae
 11480 0054 511F0000 		.4byte	.LASF1018
 11481 0058 05       		.byte	0x5
 11482 0059 AF01     		.uleb128 0xaf
 11483 005b CC750000 		.4byte	.LASF1019
 11484 005f 05       		.byte	0x5
 11485 0060 B201     		.uleb128 0xb2
 11486 0062 80840000 		.4byte	.LASF1020
 11487 0066 05       		.byte	0x5
 11488 0067 B501     		.uleb128 0xb5
 11489 0069 1E360000 		.4byte	.LASF1021
 11490 006d 05       		.byte	0x5
 11491 006e B901     		.uleb128 0xb9
 11492 0070 248E0000 		.4byte	.LASF1022
 11493 0074 05       		.byte	0x5
 11494 0075 BC01     		.uleb128 0xbc
 11495 0077 281A0000 		.4byte	.LASF1023
 11496 007b 05       		.byte	0x5
 11497 007c BF01     		.uleb128 0xbf
ARM GAS  /var/folders/65/xyhbx3_n6nd_hs7j3p9nfwv80000gn/T//cc2oMwwL.s 			page 210


 11498 007e 40210000 		.4byte	.LASF1024
 11499 0082 05       		.byte	0x5
 11500 0083 D301     		.uleb128 0xd3
 11501 0085 251B0000 		.4byte	.LASF1025
 11502 0089 05       		.byte	0x5
 11503 008a D701     		.uleb128 0xd7
 11504 008c A6950000 		.4byte	.LASF1026
 11505 0090 05       		.byte	0x5
 11506 0091 DA01     		.uleb128 0xda
 11507 0093 B70A0000 		.4byte	.LASF1027
 11508 0097 05       		.byte	0x5
 11509 0098 DD01     		.uleb128 0xdd
 11510 009a D3340000 		.4byte	.LASF1028
 11511 009e 05       		.byte	0x5
 11512 009f DF01     		.uleb128 0xdf
 11513 00a1 D44A0000 		.4byte	.LASF1029
 11514 00a5 05       		.byte	0x5
 11515 00a6 F401     		.uleb128 0xf4
 11516 00a8 644C0000 		.4byte	.LASF1030
 11517 00ac 05       		.byte	0x5
 11518 00ad 8402     		.uleb128 0x104
 11519 00af DA020000 		.4byte	.LASF1031
 11520 00b3 05       		.byte	0x5
 11521 00b4 8502     		.uleb128 0x105
 11522 00b6 7E7E0000 		.4byte	.LASF1032
 11523 00ba 05       		.byte	0x5
 11524 00bb 8602     		.uleb128 0x106
 11525 00bd D70F0000 		.4byte	.LASF1033
 11526 00c1 05       		.byte	0x5
 11527 00c2 8702     		.uleb128 0x107
 11528 00c4 592C0000 		.4byte	.LASF1034
 11529 00c8 05       		.byte	0x5
 11530 00c9 8802     		.uleb128 0x108
 11531 00cb 96320000 		.4byte	.LASF1035
 11532 00cf 05       		.byte	0x5
 11533 00d0 8902     		.uleb128 0x109
 11534 00d2 C92C0000 		.4byte	.LASF1036
 11535 00d6 05       		.byte	0x5
 11536 00d7 CD02     		.uleb128 0x14d
 11537 00d9 4E250000 		.4byte	.LASF1037
 11538 00dd 05       		.byte	0x5
 11539 00de B404     		.uleb128 0x234
 11540 00e0 7E6E0000 		.4byte	.LASF1038
 11541 00e4 05       		.byte	0x5
 11542 00e5 B804     		.uleb128 0x238
 11543 00e7 2E810000 		.4byte	.LASF1039
 11544 00eb 05       		.byte	0x5
 11545 00ec D504     		.uleb128 0x255
 11546 00ee C2510000 		.4byte	.LASF1040
 11547 00f2 05       		.byte	0x5
 11548 00f3 D604     		.uleb128 0x256
 11549 00f5 0E620000 		.4byte	.LASF1041
 11550 00f9 05       		.byte	0x5
 11551 00fa D704     		.uleb128 0x257
 11552 00fc 288C0000 		.4byte	.LASF1042
 11553 0100 05       		.byte	0x5
 11554 0101 D804     		.uleb128 0x258
ARM GAS  /var/folders/65/xyhbx3_n6nd_hs7j3p9nfwv80000gn/T//cc2oMwwL.s 			page 211


 11555 0103 2C8D0000 		.4byte	.LASF1043
 11556 0107 05       		.byte	0x5
 11557 0108 D904     		.uleb128 0x259
 11558 010a B05D0000 		.4byte	.LASF1044
 11559 010e 05       		.byte	0x5
 11560 010f DA04     		.uleb128 0x25a
 11561 0111 50010000 		.4byte	.LASF1045
 11562 0115 05       		.byte	0x5
 11563 0116 E204     		.uleb128 0x262
 11564 0118 C0030000 		.4byte	.LASF1046
 11565 011c 05       		.byte	0x5
 11566 011d E404     		.uleb128 0x264
 11567 011f 8A830000 		.4byte	.LASF1047
 11568 0123 05       		.byte	0x5
 11569 0124 E504     		.uleb128 0x265
 11570 0126 04820000 		.4byte	.LASF1048
 11571 012a 05       		.byte	0x5
 11572 012b E604     		.uleb128 0x266
 11573 012d 58160000 		.4byte	.LASF1049
 11574 0131 05       		.byte	0x5
 11575 0132 E704     		.uleb128 0x267
 11576 0134 7D430000 		.4byte	.LASF1050
 11577 0138 05       		.byte	0x5
 11578 0139 E804     		.uleb128 0x268
 11579 013b 5F350000 		.4byte	.LASF1051
 11580 013f 05       		.byte	0x5
 11581 0140 E904     		.uleb128 0x269
 11582 0142 1C550000 		.4byte	.LASF1052
 11583 0146 05       		.byte	0x5
 11584 0147 EA04     		.uleb128 0x26a
 11585 0149 BC3B0000 		.4byte	.LASF1053
 11586 014d 05       		.byte	0x5
 11587 014e EB04     		.uleb128 0x26b
 11588 0150 267E0000 		.4byte	.LASF1054
 11589 0154 05       		.byte	0x5
 11590 0155 EC04     		.uleb128 0x26c
 11591 0157 F30C0000 		.4byte	.LASF1055
 11592 015b 05       		.byte	0x5
 11593 015c ED04     		.uleb128 0x26d
 11594 015e A3240000 		.4byte	.LASF1056
 11595 0162 05       		.byte	0x5
 11596 0163 EE04     		.uleb128 0x26e
 11597 0165 7B6C0000 		.4byte	.LASF1057
 11598 0169 05       		.byte	0x5
 11599 016a EF04     		.uleb128 0x26f
 11600 016c 34190000 		.4byte	.LASF1058
 11601 0170 05       		.byte	0x5
 11602 0171 F004     		.uleb128 0x270
 11603 0173 7E0E0000 		.4byte	.LASF1059
 11604 0177 05       		.byte	0x5
 11605 0178 F604     		.uleb128 0x276
 11606 017a EF030000 		.4byte	.LASF1060
 11607 017e 05       		.byte	0x5
 11608 017f F704     		.uleb128 0x277
 11609 0181 896D0000 		.4byte	.LASF1061
 11610 0185 05       		.byte	0x5
 11611 0186 F804     		.uleb128 0x278
ARM GAS  /var/folders/65/xyhbx3_n6nd_hs7j3p9nfwv80000gn/T//cc2oMwwL.s 			page 212


 11612 0188 D0090000 		.4byte	.LASF1062
 11613 018c 05       		.byte	0x5
 11614 018d F904     		.uleb128 0x279
 11615 018f AC730000 		.4byte	.LASF1063
 11616 0193 05       		.byte	0x5
 11617 0194 FA04     		.uleb128 0x27a
 11618 0196 6A150000 		.4byte	.LASF1064
 11619 019a 05       		.byte	0x5
 11620 019b FB04     		.uleb128 0x27b
 11621 019d B85D0000 		.4byte	.LASF1065
 11622 01a1 05       		.byte	0x5
 11623 01a2 FC04     		.uleb128 0x27c
 11624 01a4 E5330000 		.4byte	.LASF1066
 11625 01a8 05       		.byte	0x5
 11626 01a9 FD04     		.uleb128 0x27d
 11627 01ab EB4F0000 		.4byte	.LASF1067
 11628 01af 05       		.byte	0x5
 11629 01b0 FE04     		.uleb128 0x27e
 11630 01b2 E5400000 		.4byte	.LASF1068
 11631 01b6 05       		.byte	0x5
 11632 01b7 8A05     		.uleb128 0x28a
 11633 01b9 112B0000 		.4byte	.LASF1069
 11634 01bd 05       		.byte	0x5
 11635 01be 8B05     		.uleb128 0x28b
 11636 01c0 7D3C0000 		.4byte	.LASF1070
 11637 01c4 05       		.byte	0x5
 11638 01c5 8F05     		.uleb128 0x28f
 11639 01c7 E8200000 		.4byte	.LASF1071
 11640 01cb 05       		.byte	0x5
 11641 01cc 9005     		.uleb128 0x290
 11642 01ce EE0A0000 		.4byte	.LASF1072
 11643 01d2 05       		.byte	0x5
 11644 01d3 9105     		.uleb128 0x291
 11645 01d5 C7160000 		.4byte	.LASF1073
 11646 01d9 05       		.byte	0x5
 11647 01da 9205     		.uleb128 0x292
 11648 01dc 29240000 		.4byte	.LASF1074
 11649 01e0 00       		.byte	0
 11650              		.section	.debug_macro,"G",%progbits,wm4.stdio.h.27.3fc80220048df77954e38daec3bb9670,comdat
 11651              	.Ldebug_macro32:
 11652 0000 0400     		.2byte	0x4
 11653 0002 00       		.byte	0
 11654 0003 05       		.byte	0x5
 11655 0004 1B       		.uleb128 0x1b
 11656 0005 C6290000 		.4byte	.LASF1078
 11657 0009 05       		.byte	0x5
 11658 000a 1F       		.uleb128 0x1f
 11659 000b D75D0000 		.4byte	.LASF1079
 11660 000f 05       		.byte	0x5
 11661 0010 21       		.uleb128 0x21
 11662 0011 AD2E0000 		.4byte	.LASF751
 11663 0015 05       		.byte	0x5
 11664 0016 22       		.uleb128 0x22
 11665 0017 18470000 		.4byte	.LASF753
 11666 001b 00       		.byte	0
 11667              		.section	.debug_macro,"G",%progbits,wm4.types.h.40.e8c16e7ec36ba55f133d0616070e25fc,comdat
 11668              	.Ldebug_macro33:
ARM GAS  /var/folders/65/xyhbx3_n6nd_hs7j3p9nfwv80000gn/T//cc2oMwwL.s 			page 213


 11669 0000 0400     		.2byte	0x4
 11670 0002 00       		.byte	0
 11671 0003 05       		.byte	0x5
 11672 0004 28       		.uleb128 0x28
 11673 0005 D40C0000 		.4byte	.LASF1081
 11674 0009 05       		.byte	0x5
 11675 000a 3C       		.uleb128 0x3c
 11676 000b 0A6B0000 		.4byte	.LASF1082
 11677 000f 00       		.byte	0
 11678              		.section	.debug_macro,"G",%progbits,wm4._endian.h.31.65a10590763c3dde1ac4a7f66d7d4891,comdat
 11679              	.Ldebug_macro34:
 11680 0000 0400     		.2byte	0x4
 11681 0002 00       		.byte	0
 11682 0003 05       		.byte	0x5
 11683 0004 1F       		.uleb128 0x1f
 11684 0005 A74B0000 		.4byte	.LASF1084
 11685 0009 05       		.byte	0x5
 11686 000a 20       		.uleb128 0x20
 11687 000b 368B0000 		.4byte	.LASF1085
 11688 000f 05       		.byte	0x5
 11689 0010 21       		.uleb128 0x21
 11690 0011 B83E0000 		.4byte	.LASF1086
 11691 0015 05       		.byte	0x5
 11692 0016 26       		.uleb128 0x26
 11693 0017 DA310000 		.4byte	.LASF1087
 11694 001b 00       		.byte	0
 11695              		.section	.debug_macro,"G",%progbits,wm4.endian.h.9.49f3a4695c1b61e8a0808de3c4a106cb,comdat
 11696              	.Ldebug_macro35:
 11697 0000 0400     		.2byte	0x4
 11698 0002 00       		.byte	0
 11699 0003 05       		.byte	0x5
 11700 0004 09       		.uleb128 0x9
 11701 0005 C9130000 		.4byte	.LASF1088
 11702 0009 05       		.byte	0x5
 11703 000a 0A       		.uleb128 0xa
 11704 000b 62030000 		.4byte	.LASF1089
 11705 000f 05       		.byte	0x5
 11706 0010 11       		.uleb128 0x11
 11707 0011 4E5F0000 		.4byte	.LASF1090
 11708 0015 05       		.byte	0x5
 11709 0016 12       		.uleb128 0x12
 11710 0017 201C0000 		.4byte	.LASF1091
 11711 001b 05       		.byte	0x5
 11712 001c 13       		.uleb128 0x13
 11713 001d E98E0000 		.4byte	.LASF1092
 11714 0021 05       		.byte	0x5
 11715 0022 14       		.uleb128 0x14
 11716 0023 1C3C0000 		.4byte	.LASF1093
 11717 0027 05       		.byte	0x5
 11718 0028 18       		.uleb128 0x18
 11719 0029 1B4A0000 		.4byte	.LASF1094
 11720 002d 05       		.byte	0x5
 11721 002e 19       		.uleb128 0x19
 11722 002f 29420000 		.4byte	.LASF1095
 11723 0033 05       		.byte	0x5
 11724 0034 1A       		.uleb128 0x1a
 11725 0035 DC7A0000 		.4byte	.LASF1096
ARM GAS  /var/folders/65/xyhbx3_n6nd_hs7j3p9nfwv80000gn/T//cc2oMwwL.s 			page 214


 11726 0039 05       		.byte	0x5
 11727 003a 39       		.uleb128 0x39
 11728 003b 49270000 		.4byte	.LASF1097
 11729 003f 05       		.byte	0x5
 11730 0040 3A       		.uleb128 0x3a
 11731 0041 6F6D0000 		.4byte	.LASF1098
 11732 0045 05       		.byte	0x5
 11733 0046 3B       		.uleb128 0x3b
 11734 0047 25130000 		.4byte	.LASF1099
 11735 004b 05       		.byte	0x5
 11736 004c 3C       		.uleb128 0x3c
 11737 004d C05E0000 		.4byte	.LASF1100
 11738 0051 00       		.byte	0
 11739              		.section	.debug_macro,"G",%progbits,wm4._timeval.h.30.0e8bfd94e85db17dda3286ee81496fe6,comdat
 11740              	.Ldebug_macro36:
 11741 0000 0400     		.2byte	0x4
 11742 0002 00       		.byte	0
 11743 0003 05       		.byte	0x5
 11744 0004 1E       		.uleb128 0x1e
 11745 0005 61370000 		.4byte	.LASF1103
 11746 0009 05       		.byte	0x5
 11747 000a 24       		.uleb128 0x24
 11748 000b C0810000 		.4byte	.LASF1104
 11749 000f 05       		.byte	0x5
 11750 0010 29       		.uleb128 0x29
 11751 0011 60600000 		.4byte	.LASF1105
 11752 0015 05       		.byte	0x5
 11753 0016 2A       		.uleb128 0x2a
 11754 0017 4D530000 		.4byte	.LASF1106
 11755 001b 05       		.byte	0x5
 11756 001c 2F       		.uleb128 0x2f
 11757 001d 487A0000 		.4byte	.LASF1107
 11758 0021 05       		.byte	0x5
 11759 0022 3C       		.uleb128 0x3c
 11760 0023 C3040000 		.4byte	.LASF1108
 11761 0027 05       		.byte	0x5
 11762 0028 3D       		.uleb128 0x3d
 11763 0029 E95E0000 		.4byte	.LASF1109
 11764 002d 05       		.byte	0x5
 11765 002e 3E       		.uleb128 0x3e
 11766 002f E96F0000 		.4byte	.LASF1110
 11767 0033 05       		.byte	0x5
 11768 0034 42       		.uleb128 0x42
 11769 0035 7D640000 		.4byte	.LASF1111
 11770 0039 05       		.byte	0x5
 11771 003a 4B       		.uleb128 0x4b
 11772 003b FB060000 		.4byte	.LASF1112
 11773 003f 00       		.byte	0
 11774              		.section	.debug_macro,"G",%progbits,wm4.timespec.h.41.d855182eb0e690443ab8651bcedca6e1,comdat
 11775              	.Ldebug_macro37:
 11776 0000 0400     		.2byte	0x4
 11777 0002 00       		.byte	0
 11778 0003 05       		.byte	0x5
 11779 0004 29       		.uleb128 0x29
 11780 0005 395B0000 		.4byte	.LASF1115
 11781 0009 05       		.byte	0x5
 11782 000a 2E       		.uleb128 0x2e
ARM GAS  /var/folders/65/xyhbx3_n6nd_hs7j3p9nfwv80000gn/T//cc2oMwwL.s 			page 215


 11783 000b 12780000 		.4byte	.LASF1116
 11784 000f 00       		.byte	0
 11785              		.section	.debug_macro,"G",%progbits,wm4.select.h.19.97ca6fd0c752a0f3b6719fd314d361e6,comdat
 11786              	.Ldebug_macro38:
 11787 0000 0400     		.2byte	0x4
 11788 0002 00       		.byte	0
 11789 0003 05       		.byte	0x5
 11790 0004 13       		.uleb128 0x13
 11791 0005 B5400000 		.4byte	.LASF1117
 11792 0009 05       		.byte	0x5
 11793 000a 17       		.uleb128 0x17
 11794 000b 28150000 		.4byte	.LASF1118
 11795 000f 05       		.byte	0x5
 11796 0010 1F       		.uleb128 0x1f
 11797 0011 E97C0000 		.4byte	.LASF1119
 11798 0015 05       		.byte	0x5
 11799 0016 23       		.uleb128 0x23
 11800 0017 306F0000 		.4byte	.LASF1120
 11801 001b 05       		.byte	0x5
 11802 001c 25       		.uleb128 0x25
 11803 001d 8A730000 		.4byte	.LASF1121
 11804 0021 05       		.byte	0x5
 11805 0022 2E       		.uleb128 0x2e
 11806 0023 3B880000 		.4byte	.LASF1122
 11807 0027 05       		.byte	0x5
 11808 0028 30       		.uleb128 0x30
 11809 0029 2A330000 		.4byte	.LASF1123
 11810 002d 05       		.byte	0x5
 11811 002e 31       		.uleb128 0x31
 11812 002f 588D0000 		.4byte	.LASF1124
 11813 0033 05       		.byte	0x5
 11814 0034 32       		.uleb128 0x32
 11815 0035 030B0000 		.4byte	.LASF1125
 11816 0039 05       		.byte	0x5
 11817 003a 33       		.uleb128 0x33
 11818 003b 5A790000 		.4byte	.LASF1126
 11819 003f 00       		.byte	0
 11820              		.section	.debug_macro,"G",%progbits,wm4.types.h.69.ed3eae3cf73030a737515151ebcab7a1,comdat
 11821              	.Ldebug_macro39:
 11822 0000 0400     		.2byte	0x4
 11823 0002 00       		.byte	0
 11824 0003 05       		.byte	0x5
 11825 0004 45       		.uleb128 0x45
 11826 0005 6C7E0000 		.4byte	.LASF1127
 11827 0009 05       		.byte	0x5
 11828 000a 46       		.uleb128 0x46
 11829 000b DB700000 		.4byte	.LASF1128
 11830 000f 05       		.byte	0x5
 11831 0010 4A       		.uleb128 0x4a
 11832 0011 388D0000 		.4byte	.LASF1129
 11833 0015 05       		.byte	0x5
 11834 0016 4F       		.uleb128 0x4f
 11835 0017 93810000 		.4byte	.LASF1130
 11836 001b 05       		.byte	0x5
 11837 001c 58       		.uleb128 0x58
 11838 001d CB900000 		.4byte	.LASF1131
 11839 0021 05       		.byte	0x5
ARM GAS  /var/folders/65/xyhbx3_n6nd_hs7j3p9nfwv80000gn/T//cc2oMwwL.s 			page 216


 11840 0022 5C       		.uleb128 0x5c
 11841 0023 BA850000 		.4byte	.LASF1132
 11842 0027 05       		.byte	0x5
 11843 0028 60       		.uleb128 0x60
 11844 0029 E9890000 		.4byte	.LASF1133
 11845 002d 05       		.byte	0x5
 11846 002e 64       		.uleb128 0x64
 11847 002f 7A930000 		.4byte	.LASF1134
 11848 0033 05       		.byte	0x5
 11849 0034 66       		.uleb128 0x66
 11850 0035 15570000 		.4byte	.LASF1135
 11851 0039 05       		.byte	0x5
 11852 003a 72       		.uleb128 0x72
 11853 003b 57200000 		.4byte	.LASF1136
 11854 003f 05       		.byte	0x5
 11855 0040 77       		.uleb128 0x77
 11856 0041 583A0000 		.4byte	.LASF1137
 11857 0045 05       		.byte	0x5
 11858 0046 7C       		.uleb128 0x7c
 11859 0047 07660000 		.4byte	.LASF1138
 11860 004b 05       		.byte	0x5
 11861 004c 7D       		.uleb128 0x7d
 11862 004d 65020000 		.4byte	.LASF1139
 11863 0051 05       		.byte	0x5
 11864 0052 8801     		.uleb128 0x88
 11865 0054 A70D0000 		.4byte	.LASF1140
 11866 0058 05       		.byte	0x5
 11867 0059 8C01     		.uleb128 0x8c
 11868 005b FA370000 		.4byte	.LASF1141
 11869 005f 05       		.byte	0x5
 11870 0060 9201     		.uleb128 0x92
 11871 0062 063C0000 		.4byte	.LASF1142
 11872 0066 05       		.byte	0x5
 11873 0067 9701     		.uleb128 0x97
 11874 0069 79740000 		.4byte	.LASF1143
 11875 006d 05       		.byte	0x5
 11876 006e 9C01     		.uleb128 0x9c
 11877 0070 8D4E0000 		.4byte	.LASF1144
 11878 0074 05       		.byte	0x5
 11879 0075 AE01     		.uleb128 0xae
 11880 0077 853D0000 		.4byte	.LASF1145
 11881 007b 05       		.byte	0x5
 11882 007c B201     		.uleb128 0xb2
 11883 007e 3B280000 		.4byte	.LASF1146
 11884 0082 05       		.byte	0x5
 11885 0083 B601     		.uleb128 0xb6
 11886 0085 2A2E0000 		.4byte	.LASF1147
 11887 0089 05       		.byte	0x5
 11888 008a BA01     		.uleb128 0xba
 11889 008c CA210000 		.4byte	.LASF1148
 11890 0090 05       		.byte	0x5
 11891 0091 BF01     		.uleb128 0xbf
 11892 0093 AE5C0000 		.4byte	.LASF1149
 11893 0097 05       		.byte	0x5
 11894 0098 C401     		.uleb128 0xc4
 11895 009a 44660000 		.4byte	.LASF1150
 11896 009e 05       		.byte	0x5
ARM GAS  /var/folders/65/xyhbx3_n6nd_hs7j3p9nfwv80000gn/T//cc2oMwwL.s 			page 217


 11897 009f C901     		.uleb128 0xc9
 11898 00a1 A7740000 		.4byte	.LASF1151
 11899 00a5 05       		.byte	0x5
 11900 00a6 CE01     		.uleb128 0xce
 11901 00a8 F42A0000 		.4byte	.LASF1152
 11902 00ac 05       		.byte	0x5
 11903 00ad D301     		.uleb128 0xd3
 11904 00af 7C0D0000 		.4byte	.LASF1153
 11905 00b3 05       		.byte	0x5
 11906 00b4 D801     		.uleb128 0xd8
 11907 00b6 106A0000 		.4byte	.LASF1154
 11908 00ba 05       		.byte	0x5
 11909 00bb D901     		.uleb128 0xd9
 11910 00bd BD890000 		.4byte	.LASF1155
 11911 00c1 05       		.byte	0x5
 11912 00c2 DE01     		.uleb128 0xde
 11913 00c4 045E0000 		.4byte	.LASF1156
 11914 00c8 05       		.byte	0x5
 11915 00c9 DF01     		.uleb128 0xdf
 11916 00cb 0A290000 		.4byte	.LASF1157
 11917 00cf 05       		.byte	0x5
 11918 00d0 E401     		.uleb128 0xe4
 11919 00d2 74830000 		.4byte	.LASF1158
 11920 00d6 00       		.byte	0
 11921              		.section	.debug_macro,"G",%progbits,wm4.sched.h.22.c60982713a5c428609783c78f9c78d95,comdat
 11922              	.Ldebug_macro40:
 11923 0000 0400     		.2byte	0x4
 11924 0002 00       		.byte	0
 11925 0003 05       		.byte	0x5
 11926 0004 16       		.uleb128 0x16
 11927 0005 A5550000 		.4byte	.LASF1160
 11928 0009 05       		.byte	0x5
 11929 000a 23       		.uleb128 0x23
 11930 000b 81620000 		.4byte	.LASF1161
 11931 000f 05       		.byte	0x5
 11932 0010 26       		.uleb128 0x26
 11933 0011 564A0000 		.4byte	.LASF1162
 11934 0015 05       		.byte	0x5
 11935 0016 27       		.uleb128 0x27
 11936 0017 1F8F0000 		.4byte	.LASF1163
 11937 001b 00       		.byte	0
 11938              		.section	.debug_macro,"G",%progbits,wm4._pthreadtypes.h.36.fcee9961c35163dde6267ef772ad1972,comdat
 11939              	.Ldebug_macro41:
 11940 0000 0400     		.2byte	0x4
 11941 0002 00       		.byte	0
 11942 0003 05       		.byte	0x5
 11943 0004 24       		.uleb128 0x24
 11944 0005 A52F0000 		.4byte	.LASF1164
 11945 0009 05       		.byte	0x5
 11946 000a 25       		.uleb128 0x25
 11947 000b BF370000 		.4byte	.LASF1165
 11948 000f 05       		.byte	0x5
 11949 0010 28       		.uleb128 0x28
 11950 0011 3E560000 		.4byte	.LASF1166
 11951 0015 05       		.byte	0x5
 11952 0016 2B       		.uleb128 0x2b
 11953 0017 45220000 		.4byte	.LASF1167
ARM GAS  /var/folders/65/xyhbx3_n6nd_hs7j3p9nfwv80000gn/T//cc2oMwwL.s 			page 218


 11954 001b 05       		.byte	0x5
 11955 001c 2E       		.uleb128 0x2e
 11956 001d 8C5D0000 		.4byte	.LASF1168
 11957 0021 05       		.byte	0x5
 11958 0022 2F       		.uleb128 0x2f
 11959 0023 38930000 		.4byte	.LASF1169
 11960 0027 05       		.byte	0x5
 11961 0028 AC01     		.uleb128 0xac
 11962 002a DC620000 		.4byte	.LASF1170
 11963 002e 05       		.byte	0x5
 11964 002f B201     		.uleb128 0xb2
 11965 0031 E41C0000 		.4byte	.LASF1171
 11966 0035 05       		.byte	0x5
 11967 0036 C501     		.uleb128 0xc5
 11968 0038 8A000000 		.4byte	.LASF1172
 11969 003c 00       		.byte	0
 11970              		.section	.debug_macro,"G",%progbits,wm4.stdio.h.2.4aa87247282eca6c8f36f9de33d8df1a,comdat
 11971              	.Ldebug_macro42:
 11972 0000 0400     		.2byte	0x4
 11973 0002 00       		.byte	0
 11974 0003 05       		.byte	0x5
 11975 0004 02       		.uleb128 0x2
 11976 0005 5B760000 		.4byte	.LASF1175
 11977 0009 05       		.byte	0x5
 11978 000a 0D       		.uleb128 0xd
 11979 000b 83230000 		.4byte	.LASF1176
 11980 000f 05       		.byte	0x5
 11981 0010 15       		.uleb128 0x15
 11982 0011 5C290000 		.4byte	.LASF1177
 11983 0015 00       		.byte	0
 11984              		.section	.debug_macro,"G",%progbits,wm4.stdio.h.81.7843243071f707d19c5a8a8919585115,comdat
 11985              	.Ldebug_macro43:
 11986 0000 0400     		.2byte	0x4
 11987 0002 00       		.byte	0
 11988 0003 05       		.byte	0x5
 11989 0004 51       		.uleb128 0x51
 11990 0005 88320000 		.4byte	.LASF1178
 11991 0009 05       		.byte	0x5
 11992 000a 52       		.uleb128 0x52
 11993 000b 0E050000 		.4byte	.LASF1179
 11994 000f 05       		.byte	0x5
 11995 0010 53       		.uleb128 0x53
 11996 0011 256A0000 		.4byte	.LASF1180
 11997 0015 05       		.byte	0x5
 11998 0016 54       		.uleb128 0x54
 11999 0017 2F120000 		.4byte	.LASF1181
 12000 001b 05       		.byte	0x5
 12001 001c 56       		.uleb128 0x56
 12002 001d 52350000 		.4byte	.LASF1182
 12003 0021 05       		.byte	0x5
 12004 0022 57       		.uleb128 0x57
 12005 0023 B4550000 		.4byte	.LASF1183
 12006 0027 05       		.byte	0x5
 12007 0028 58       		.uleb128 0x58
 12008 0029 B7390000 		.4byte	.LASF1184
 12009 002d 05       		.byte	0x5
 12010 002e 59       		.uleb128 0x59
ARM GAS  /var/folders/65/xyhbx3_n6nd_hs7j3p9nfwv80000gn/T//cc2oMwwL.s 			page 219


 12011 002f 76750000 		.4byte	.LASF1185
 12012 0033 05       		.byte	0x5
 12013 0034 5A       		.uleb128 0x5a
 12014 0035 3A5D0000 		.4byte	.LASF1186
 12015 0039 05       		.byte	0x5
 12016 003a 5B       		.uleb128 0x5b
 12017 003b E0120000 		.4byte	.LASF1187
 12018 003f 05       		.byte	0x5
 12019 0040 5C       		.uleb128 0x5c
 12020 0041 C66B0000 		.4byte	.LASF1188
 12021 0045 05       		.byte	0x5
 12022 0046 5D       		.uleb128 0x5d
 12023 0047 6D360000 		.4byte	.LASF1189
 12024 004b 05       		.byte	0x5
 12025 004c 5E       		.uleb128 0x5e
 12026 004d E12D0000 		.4byte	.LASF1190
 12027 0051 05       		.byte	0x5
 12028 0052 5F       		.uleb128 0x5f
 12029 0053 45720000 		.4byte	.LASF1191
 12030 0057 05       		.byte	0x5
 12031 0058 63       		.uleb128 0x63
 12032 0059 E6320000 		.4byte	.LASF1192
 12033 005d 05       		.byte	0x5
 12034 005e 66       		.uleb128 0x66
 12035 005f 7B6A0000 		.4byte	.LASF1193
 12036 0063 05       		.byte	0x5
 12037 0064 67       		.uleb128 0x67
 12038 0065 B5360000 		.4byte	.LASF1194
 12039 0069 05       		.byte	0x5
 12040 006a 72       		.uleb128 0x72
 12041 006b A84E0000 		.4byte	.LASF1195
 12042 006f 05       		.byte	0x5
 12043 0070 73       		.uleb128 0x73
 12044 0071 17810000 		.4byte	.LASF1196
 12045 0075 05       		.byte	0x5
 12046 0076 74       		.uleb128 0x74
 12047 0077 89600000 		.4byte	.LASF1197
 12048 007b 05       		.byte	0x5
 12049 007c 76       		.uleb128 0x76
 12050 007d DF540000 		.4byte	.LASF1198
 12051 0081 05       		.byte	0x5
 12052 0082 7B       		.uleb128 0x7b
 12053 0083 88870000 		.4byte	.LASF1199
 12054 0087 05       		.byte	0x5
 12055 0088 8101     		.uleb128 0x81
 12056 008a B4020000 		.4byte	.LASF1200
 12057 008e 05       		.byte	0x5
 12058 008f 8701     		.uleb128 0x87
 12059 0091 974F0000 		.4byte	.LASF1201
 12060 0095 05       		.byte	0x5
 12061 0096 8D01     		.uleb128 0x8d
 12062 0098 62140000 		.4byte	.LASF1202
 12063 009c 05       		.byte	0x5
 12064 009d 9101     		.uleb128 0x91
 12065 009f 8A720000 		.4byte	.LASF1203
 12066 00a3 05       		.byte	0x5
 12067 00a4 9E01     		.uleb128 0x9e
ARM GAS  /var/folders/65/xyhbx3_n6nd_hs7j3p9nfwv80000gn/T//cc2oMwwL.s 			page 220


 12068 00a6 F7560000 		.4byte	.LASF1204
 12069 00aa 05       		.byte	0x5
 12070 00ab A001     		.uleb128 0xa0
 12071 00ad 93090000 		.4byte	.LASF1205
 12072 00b1 05       		.byte	0x5
 12073 00b2 A101     		.uleb128 0xa1
 12074 00b4 94870000 		.4byte	.LASF1206
 12075 00b8 05       		.byte	0x5
 12076 00b9 A201     		.uleb128 0xa2
 12077 00bb 040E0000 		.4byte	.LASF1207
 12078 00bf 05       		.byte	0x5
 12079 00c0 A401     		.uleb128 0xa4
 12080 00c2 528A0000 		.4byte	.LASF1208
 12081 00c6 05       		.byte	0x5
 12082 00c7 A501     		.uleb128 0xa5
 12083 00c9 21740000 		.4byte	.LASF1209
 12084 00cd 05       		.byte	0x5
 12085 00ce A601     		.uleb128 0xa6
 12086 00d0 504B0000 		.4byte	.LASF1210
 12087 00d4 05       		.byte	0x5
 12088 00d5 AE01     		.uleb128 0xae
 12089 00d7 EF410000 		.4byte	.LASF1211
 12090 00db 05       		.byte	0x5
 12091 00dc E904     		.uleb128 0x269
 12092 00de 0C080000 		.4byte	.LASF1212
 12093 00e2 05       		.byte	0x5
 12094 00e3 EB04     		.uleb128 0x26b
 12095 00e5 483F0000 		.4byte	.LASF1213
 12096 00e9 05       		.byte	0x5
 12097 00ea 8E05     		.uleb128 0x28e
 12098 00ec B0270000 		.4byte	.LASF1214
 12099 00f0 05       		.byte	0x5
 12100 00f1 AB05     		.uleb128 0x2ab
 12101 00f3 6C040000 		.4byte	.LASF1215
 12102 00f7 05       		.byte	0x5
 12103 00f8 CF05     		.uleb128 0x2cf
 12104 00fa 82540000 		.4byte	.LASF1216
 12105 00fe 05       		.byte	0x5
 12106 00ff D005     		.uleb128 0x2d0
 12107 0101 09280000 		.4byte	.LASF1217
 12108 0105 05       		.byte	0x5
 12109 0106 D105     		.uleb128 0x2d1
 12110 0108 72220000 		.4byte	.LASF1218
 12111 010c 05       		.byte	0x5
 12112 010d D205     		.uleb128 0x2d2
 12113 010f 3D890000 		.4byte	.LASF1219
 12114 0113 05       		.byte	0x5
 12115 0114 D605     		.uleb128 0x2d6
 12116 0116 702A0000 		.4byte	.LASF1220
 12117 011a 05       		.byte	0x5
 12118 011b D705     		.uleb128 0x2d7
 12119 011d 193A0000 		.4byte	.LASF1221
 12120 0121 05       		.byte	0x5
 12121 0122 D805     		.uleb128 0x2d8
 12122 0124 13200000 		.4byte	.LASF1222
 12123 0128 05       		.byte	0x5
 12124 0129 DB05     		.uleb128 0x2db
ARM GAS  /var/folders/65/xyhbx3_n6nd_hs7j3p9nfwv80000gn/T//cc2oMwwL.s 			page 221


 12125 012b 7D020000 		.4byte	.LASF1223
 12126 012f 05       		.byte	0x5
 12127 0130 DC05     		.uleb128 0x2dc
 12128 0132 D33A0000 		.4byte	.LASF1224
 12129 0136 05       		.byte	0x5
 12130 0137 DD05     		.uleb128 0x2dd
 12131 0139 7F8F0000 		.4byte	.LASF1225
 12132 013d 05       		.byte	0x5
 12133 013e FF05     		.uleb128 0x2ff
 12134 0140 BD1C0000 		.4byte	.LASF1226
 12135 0144 05       		.byte	0x5
 12136 0145 8006     		.uleb128 0x300
 12137 0147 46320000 		.4byte	.LASF1227
 12138 014b 05       		.byte	0x5
 12139 014c 8606     		.uleb128 0x306
 12140 014e 06410000 		.4byte	.LASF1228
 12141 0152 05       		.byte	0x5
 12142 0153 8E06     		.uleb128 0x30e
 12143 0155 8A4F0000 		.4byte	.LASF1229
 12144 0159 00       		.byte	0
 12145              		.section	.debug_line,"",%progbits
 12146              	.Ldebug_line0:
 12147 0000 770B0000 		.section	.debug_str,"MS",%progbits,1
 12147      0300BC04 
 12147      00000201 
 12147      FB0E0D00 
 12147      01010101 
 12148              	.LASF605:
 12149 0000 5F5F474E 		.ascii	"__GNUCLIKE___SECTION 1\000"
 12149      55434C49 
 12149      4B455F5F 
 12149      5F534543 
 12149      54494F4E 
 12150              	.LASF955:
 12151 0017 57494E54 		.ascii	"WINT_MIN (__WINT_MIN__)\000"
 12151      5F4D494E 
 12151      20285F5F 
 12151      57494E54 
 12151      5F4D494E 
 12152              	.LASF183:
 12153 002f 5F5F4445 		.ascii	"__DECIMAL_DIG__ 17\000"
 12153      43494D41 
 12153      4C5F4449 
 12153      475F5F20 
 12153      313700
 12154              	.LASF216:
 12155 0042 5F5F464C 		.ascii	"__FLT64_EPSILON__ 2.2204460492503131e-16F64\000"
 12155      5436345F 
 12155      45505349 
 12155      4C4F4E5F 
 12155      5F20322E 
 12156              	.LASF498:
 12157 006e 5F5F5356 		.ascii	"__SVID_VISIBLE 1\000"
 12157      49445F56 
 12157      49534942 
 12157      4C452031 
 12157      00
ARM GAS  /var/folders/65/xyhbx3_n6nd_hs7j3p9nfwv80000gn/T//cc2oMwwL.s 			page 222


 12158              	.LASF863:
 12159 007f 5F5F696E 		.ascii	"__int20 +2\000"
 12159      74323020 
 12159      2B3200
 12160              	.LASF1172:
 12161 008a 5F505448 		.ascii	"_PTHREAD_ONCE_INIT { 1, 0 }\000"
 12161      52454144 
 12161      5F4F4E43 
 12161      455F494E 
 12161      4954207B 
 12162              	.LASF254:
 12163 00a6 5F5F4445 		.ascii	"__DEC128_EPSILON__ 1E-33DL\000"
 12163      43313238 
 12163      5F455053 
 12163      494C4F4E 
 12163      5F5F2031 
 12164              	.LASF1369:
 12165 00c1 6368756E 		.ascii	"chunk\000"
 12165      6B00
 12166              	.LASF217:
 12167 00c7 5F5F464C 		.ascii	"__FLT64_DENORM_MIN__ 4.9406564584124654e-324F64\000"
 12167      5436345F 
 12167      44454E4F 
 12167      524D5F4D 
 12167      494E5F5F 
 12168              	.LASF480:
 12169 00f7 5F535953 		.ascii	"_SYS_FEATURES_H \000"
 12169      5F464541 
 12169      54555245 
 12169      535F4820 
 12169      00
 12170              	.LASF383:
 12171 0108 5F5F4743 		.ascii	"__GCC_ATOMIC_WCHAR_T_LOCK_FREE 2\000"
 12171      435F4154 
 12171      4F4D4943 
 12171      5F574348 
 12171      41525F54 
 12172              	.LASF363:
 12173 0129 5F5F5441 		.ascii	"__TA_IBIT__ 64\000"
 12173      5F494249 
 12173      545F5F20 
 12173      363400
 12174              	.LASF1243:
 12175 0138 73697A65 		.ascii	"size_t\000"
 12175      5F7400
 12176              	.LASF1385:
 12177 013f 73747275 		.ascii	"strutil_trim_dup\000"
 12177      74696C5F 
 12177      7472696D 
 12177      5F647570 
 12177      00
 12178              	.LASF1045:
 12179 0150 504C4F53 		.ascii	"PLOSS 6\000"
 12179      53203600 
 12180              	.LASF256:
 12181 0158 5F5F5346 		.ascii	"__SFRACT_FBIT__ 7\000"
 12181      52414354 
ARM GAS  /var/folders/65/xyhbx3_n6nd_hs7j3p9nfwv80000gn/T//cc2oMwwL.s 			page 223


 12181      5F464249 
 12181      545F5F20 
 12181      3700
 12182              	.LASF1232:
 12183 016a 504C5554 		.ascii	"PLUTO_FREE(p) pluto_pd()->system->realloc((p), 0)\000"
 12183      4F5F4652 
 12183      45452870 
 12183      2920706C 
 12183      75746F5F 
 12184              	.LASF1246:
 12185 019c 5F5F6C6F 		.ascii	"__locale_t\000"
 12185      63616C65 
 12185      5F7400
 12186              	.LASF219:
 12187 01a7 5F5F464C 		.ascii	"__FLT64_HAS_INFINITY__ 1\000"
 12187      5436345F 
 12187      4841535F 
 12187      494E4649 
 12187      4E495459 
 12188              	.LASF1254:
 12189 01c0 5F5F7661 		.ascii	"__value\000"
 12189      6C756500 
 12190              	.LASF698:
 12191 01c8 5F5F7265 		.ascii	"__requires_exclusive(...) __lock_annotate(exclusive"
 12191      71756972 
 12191      65735F65 
 12191      78636C75 
 12191      73697665 
 12192 01fb 5F6C6F63 		.ascii	"_locks_required(__VA_ARGS__))\000"
 12192      6B735F72 
 12192      65717569 
 12192      72656428 
 12192      5F5F5641 
 12193              	.LASF579:
 12194 0219 4E554C4C 		.ascii	"NULL ((void *)0)\000"
 12194      20282876 
 12194      6F696420 
 12194      2A293029 
 12194      00
 12195              	.LASF328:
 12196 022a 5F5F4C4C 		.ascii	"__LLACCUM_MIN__ (-0X1P31LLK-0X1P31LLK)\000"
 12196      41434355 
 12196      4D5F4D49 
 12196      4E5F5F20 
 12196      282D3058 
 12197              	.LASF1382:
 12198 0251 73747275 		.ascii	"strutil_starts_with\000"
 12198      74696C5F 
 12198      73746172 
 12198      74735F77 
 12198      69746800 
 12199              	.LASF1139:
 12200 0265 5F434C4F 		.ascii	"_CLOCK_T_DECLARED \000"
 12200      434B5F54 
 12200      5F444543 
 12200      4C415245 
 12200      442000
ARM GAS  /var/folders/65/xyhbx3_n6nd_hs7j3p9nfwv80000gn/T//cc2oMwwL.s 			page 224


 12201              	.LASF1322:
 12202 0278 5F5F7366 		.ascii	"__sf\000"
 12202      00
 12203              	.LASF1223:
 12204 027d 66656F66 		.ascii	"feof_unlocked(p) __sfeof(p)\000"
 12204      5F756E6C 
 12204      6F636B65 
 12204      64287029 
 12204      205F5F73 
 12205              	.LASF80:
 12206 0299 5F5F5054 		.ascii	"__PTRDIFF_MAX__ 0x7fffffff\000"
 12206      52444946 
 12206      465F4D41 
 12206      585F5F20 
 12206      30783766 
 12207              	.LASF1200:
 12208 02b4 464F5045 		.ascii	"FOPEN_MAX 20\000"
 12208      4E5F4D41 
 12208      58203230 
 12208      00
 12209              	.LASF511:
 12210 02c1 5F4C4F4E 		.ascii	"_LONG_DOUBLE long double\000"
 12210      475F444F 
 12210      55424C45 
 12210      206C6F6E 
 12210      6720646F 
 12211              	.LASF1031:
 12212 02da 69736772 		.ascii	"isgreater(__x,__y) (__builtin_isgreater (__x, __y))"
 12212      65617465 
 12212      72285F5F 
 12212      782C5F5F 
 12212      79292028 
 12213 030d 00       		.ascii	"\000"
 12214              	.LASF92:
 12215 030e 5F5F494E 		.ascii	"__INTMAX_C(c) c ## LL\000"
 12215      544D4158 
 12215      5F432863 
 12215      29206320 
 12215      2323204C 
 12216              	.LASF888:
 12217 0324 5F55494E 		.ascii	"_UINT32_T_DECLARED \000"
 12217      5433325F 
 12217      545F4445 
 12217      434C4152 
 12217      45442000 
 12218              	.LASF1289:
 12219 0338 5F726561 		.ascii	"_read\000"
 12219      6400
 12220              	.LASF91:
 12221 033e 5F5F494E 		.ascii	"__INTMAX_MAX__ 0x7fffffffffffffffLL\000"
 12221      544D4158 
 12221      5F4D4158 
 12221      5F5F2030 
 12221      78376666 
 12222              	.LASF1089:
 12223 0362 5F515541 		.ascii	"_QUAD_LOWWORD 0\000"
 12223      445F4C4F 
ARM GAS  /var/folders/65/xyhbx3_n6nd_hs7j3p9nfwv80000gn/T//cc2oMwwL.s 			page 225


 12223      57574F52 
 12223      44203000 
 12224              	.LASF241:
 12225 0372 5F5F4445 		.ascii	"__DEC32_SUBNORMAL_MIN__ 0.000001E-95DF\000"
 12225      4333325F 
 12225      5355424E 
 12225      4F524D41 
 12225      4C5F4D49 
 12226              	.LASF345:
 12227 0399 5F5F5451 		.ascii	"__TQ_IBIT__ 0\000"
 12227      5F494249 
 12227      545F5F20 
 12227      3000
 12228              	.LASF213:
 12229 03a7 5F5F464C 		.ascii	"__FLT64_DECIMAL_DIG__ 17\000"
 12229      5436345F 
 12229      44454349 
 12229      4D414C5F 
 12229      4449475F 
 12230              	.LASF1046:
 12231 03c0 4D415846 		.ascii	"MAXFLOAT 3.40282347e+38F\000"
 12231      4C4F4154 
 12231      20332E34 
 12231      30323832 
 12231      33343765 
 12232              	.LASF796:
 12233 03d9 5F524545 		.ascii	"_REENT_SIGNAL_SIZE 24\000"
 12233      4E545F53 
 12233      49474E41 
 12233      4C5F5349 
 12233      5A452032 
 12234              	.LASF1060:
 12235 03ef 4D5F5457 		.ascii	"M_TWOPI (M_PI * 2.0)\000"
 12235      4F504920 
 12235      284D5F50 
 12235      49202A20 
 12235      322E3029 
 12236              	.LASF833:
 12237 0404 5F4B6D61 		.ascii	"_Kmax (sizeof (size_t) << 3)\000"
 12237      78202873 
 12237      697A656F 
 12237      66202873 
 12237      697A655F 
 12238              	.LASF14:
 12239 0421 5F5F4154 		.ascii	"__ATOMIC_CONSUME 1\000"
 12239      4F4D4943 
 12239      5F434F4E 
 12239      53554D45 
 12239      203100
 12240              	.LASF278:
 12241 0434 5F5F4C46 		.ascii	"__LFRACT_MIN__ (-0.5LR-0.5LR)\000"
 12241      52414354 
 12241      5F4D494E 
 12241      5F5F2028 
 12241      2D302E35 
 12242              	.LASF76:
 12243 0452 5F5F5743 		.ascii	"__WCHAR_MAX__ 0xffffffffU\000"
ARM GAS  /var/folders/65/xyhbx3_n6nd_hs7j3p9nfwv80000gn/T//cc2oMwwL.s 			page 226


 12243      4841525F 
 12243      4D41585F 
 12243      5F203078 
 12243      66666666 
 12244              	.LASF1215:
 12245 046c 5F5F7367 		.ascii	"__sgetc_r(__ptr,__p) __sgetc_raw_r(__ptr, __p)\000"
 12245      6574635F 
 12245      72285F5F 
 12245      7074722C 
 12245      5F5F7029 
 12246              	.LASF308:
 12247 049b 5F5F4143 		.ascii	"__ACCUM_MIN__ (-0X1P15K-0X1P15K)\000"
 12247      43554D5F 
 12247      4D494E5F 
 12247      5F20282D 
 12247      30583150 
 12248              	.LASF1290:
 12249 04bc 5F777269 		.ascii	"_write\000"
 12249      746500
 12250              	.LASF1108:
 12251 04c3 74696D65 		.ascii	"timerclear(tvp) ((tvp)->tv_sec = (tvp)->tv_usec = 0"
 12251      72636C65 
 12251      61722874 
 12251      76702920 
 12251      28287476 
 12252 04f6 2900     		.ascii	")\000"
 12253              	.LASF603:
 12254 04f8 5F5F474E 		.ascii	"__GNUCLIKE___TYPEOF 1\000"
 12254      55434C49 
 12254      4B455F5F 
 12254      5F545950 
 12254      454F4620 
 12255              	.LASF1179:
 12256 050e 5F5F534E 		.ascii	"__SNBF 0x0002\000"
 12256      42462030 
 12256      78303030 
 12256      3200
 12257              	.LASF19:
 12258 051c 5F5F5349 		.ascii	"__SIZEOF_LONG_LONG__ 8\000"
 12258      5A454F46 
 12258      5F4C4F4E 
 12258      475F4C4F 
 12258      4E475F5F 
 12259              	.LASF1333:
 12260 0533 5F617363 		.ascii	"_asctime_buf\000"
 12260      74696D65 
 12260      5F627566 
 12260      00
 12261              	.LASF168:
 12262 0540 5F5F4442 		.ascii	"__DBL_MAX_10_EXP__ 308\000"
 12262      4C5F4D41 
 12262      585F3130 
 12262      5F455850 
 12262      5F5F2033 
 12263              	.LASF1316:
 12264 0557 5F637674 		.ascii	"_cvtlen\000"
 12264      6C656E00 
ARM GAS  /var/folders/65/xyhbx3_n6nd_hs7j3p9nfwv80000gn/T//cc2oMwwL.s 			page 227


 12265              	.LASF676:
 12266 055f 5F5F5243 		.ascii	"__RCSID_SOURCE(s) struct __hack\000"
 12266      5349445F 
 12266      534F5552 
 12266      43452873 
 12266      29207374 
 12267              	.LASF268:
 12268 057f 5F5F4652 		.ascii	"__FRACT_MIN__ (-0.5R-0.5R)\000"
 12268      4143545F 
 12268      4D494E5F 
 12268      5F20282D 
 12268      302E3552 
 12269              	.LASF334:
 12270 059a 5F5F554C 		.ascii	"__ULLACCUM_MAX__ 0XFFFFFFFFFFFFFFFFP-32ULLK\000"
 12270      4C414343 
 12270      554D5F4D 
 12270      41585F5F 
 12270      20305846 
 12271              	.LASF304:
 12272 05c6 5F5F5553 		.ascii	"__USACCUM_MAX__ 0XFFFFP-8UHK\000"
 12272      41434355 
 12272      4D5F4D41 
 12272      585F5F20 
 12272      30584646 
 12273              	.LASF238:
 12274 05e3 5F5F4445 		.ascii	"__DEC32_MIN__ 1E-95DF\000"
 12274      4333325F 
 12274      4D494E5F 
 12274      5F203145 
 12274      2D393544 
 12275              	.LASF89:
 12276 05f9 5F5F5054 		.ascii	"__PTRDIFF_WIDTH__ 32\000"
 12276      52444946 
 12276      465F5749 
 12276      4454485F 
 12276      5F203332 
 12277              	.LASF716:
 12278 060e 5F5F4354 		.ascii	"__CTYPE_PTR (__locale_ctype_ptr ())\000"
 12278      5950455F 
 12278      50545220 
 12278      285F5F6C 
 12278      6F63616C 
 12279              	.LASF341:
 12280 0632 5F5F5351 		.ascii	"__SQ_IBIT__ 0\000"
 12280      5F494249 
 12280      545F5F20 
 12280      3000
 12281              	.LASF29:
 12282 0640 5F5F4F52 		.ascii	"__ORDER_PDP_ENDIAN__ 3412\000"
 12282      4445525F 
 12282      5044505F 
 12282      454E4449 
 12282      414E5F5F 
 12283              	.LASF33:
 12284 065a 5F5F5349 		.ascii	"__SIZE_TYPE__ unsigned int\000"
 12284      5A455F54 
 12284      5950455F 
ARM GAS  /var/folders/65/xyhbx3_n6nd_hs7j3p9nfwv80000gn/T//cc2oMwwL.s 			page 228


 12284      5F20756E 
 12284      7369676E 
 12285              	.LASF244:
 12286 0675 5F5F4445 		.ascii	"__DEC64_MAX_EXP__ 385\000"
 12286      4336345F 
 12286      4D41585F 
 12286      4558505F 
 12286      5F203338 
 12287              	.LASF816:
 12288 068b 5F524545 		.ascii	"_REENT_MP_FREELIST(ptr) ((ptr)->_freelist)\000"
 12288      4E545F4D 
 12288      505F4652 
 12288      45454C49 
 12288      53542870 
 12289              	.LASF159:
 12290 06b6 5F5F464C 		.ascii	"__FLT_HAS_DENORM__ 1\000"
 12290      545F4841 
 12290      535F4445 
 12290      4E4F524D 
 12290      5F5F2031 
 12291              	.LASF42:
 12292 06cb 5F5F494E 		.ascii	"__INT8_TYPE__ signed char\000"
 12292      54385F54 
 12292      5950455F 
 12292      5F207369 
 12292      676E6564 
 12293              	.LASF415:
 12294 06e5 5F5F4152 		.ascii	"__ARM_ARCH_PROFILE 77\000"
 12294      4D5F4152 
 12294      43485F50 
 12294      524F4649 
 12294      4C452037 
 12295              	.LASF1112:
 12296 06fb 74696D65 		.ascii	"timersub(tvp,uvp,vvp) do { (vvp)->tv_sec = (tvp)->t"
 12296      72737562 
 12296      28747670 
 12296      2C757670 
 12296      2C767670 
 12297 072e 765F7365 		.ascii	"v_sec - (uvp)->tv_sec; (vvp)->tv_usec = (tvp)->tv_u"
 12297      63202D20 
 12297      28757670 
 12297      292D3E74 
 12297      765F7365 
 12298 0761 73656320 		.ascii	"sec - (uvp)->tv_usec; if ((vvp)->tv_usec < 0) { (vv"
 12298      2D202875 
 12298      7670292D 
 12298      3E74765F 
 12298      75736563 
 12299 0794 70292D3E 		.ascii	"p)->tv_sec--; (vvp)->tv_usec += 1000000; } } while "
 12299      74765F73 
 12299      65632D2D 
 12299      3B202876 
 12299      7670292D 
 12300 07c7 28302900 		.ascii	"(0)\000"
 12301              	.LASF452:
 12302 07cb 54415247 		.ascii	"TARGET_PLAYDATE 1\000"
 12302      45545F50 
ARM GAS  /var/folders/65/xyhbx3_n6nd_hs7j3p9nfwv80000gn/T//cc2oMwwL.s 			page 229


 12302      4C415944 
 12302      41544520 
 12302      3100
 12303              	.LASF303:
 12304 07dd 5F5F5553 		.ascii	"__USACCUM_MIN__ 0.0UHK\000"
 12304      41434355 
 12304      4D5F4D49 
 12304      4E5F5F20 
 12304      302E3055 
 12305              	.LASF198:
 12306 07f4 5F5F464C 		.ascii	"__FLT32_DECIMAL_DIG__ 9\000"
 12306      5433325F 
 12306      44454349 
 12306      4D414C5F 
 12306      4449475F 
 12307              	.LASF1212:
 12308 080c 66726F70 		.ascii	"fropen(__cookie,__fn) funopen(__cookie, __fn, (int "
 12308      656E285F 
 12308      5F636F6F 
 12308      6B69652C 
 12308      5F5F666E 
 12309 083f 282A2928 		.ascii	"(*)())0, (fpos_t (*)())0, (int (*)())0)\000"
 12309      2929302C 
 12309      20286670 
 12309      6F735F74 
 12309      20282A29 
 12310              	.LASF179:
 12311 0867 5F5F4C44 		.ascii	"__LDBL_MIN_EXP__ (-1021)\000"
 12311      424C5F4D 
 12311      494E5F45 
 12311      58505F5F 
 12311      20282D31 
 12312              	.LASF720:
 12313 0880 69736C6F 		.ascii	"islower(__c) ((__ctype_lookup(__c)&(_U|_L))==_L)\000"
 12313      77657228 
 12313      5F5F6329 
 12313      2028285F 
 12313      5F637479 
 12314              	.LASF1352:
 12315 08b1 5F756E75 		.ascii	"_unused\000"
 12315      73656400 
 12316              	.LASF683:
 12317 08b9 5F4E756C 		.ascii	"_Nullable \000"
 12317      6C61626C 
 12317      652000
 12318              	.LASF1263:
 12319 08c4 5F5F746D 		.ascii	"__tm\000"
 12319      00
 12320              	.LASF1348:
 12321 08c9 5F776373 		.ascii	"_wcsrtombs_state\000"
 12321      72746F6D 
 12321      62735F73 
 12321      74617465 
 12321      00
 12322              	.LASF1294:
 12323 08da 5F6E6275 		.ascii	"_nbuf\000"
 12323      6600
ARM GAS  /var/folders/65/xyhbx3_n6nd_hs7j3p9nfwv80000gn/T//cc2oMwwL.s 			page 230


 12324              	.LASF1264:
 12325 08e0 5F5F746D 		.ascii	"__tm_sec\000"
 12325      5F736563 
 12325      00
 12326              	.LASF120:
 12327 08e9 5F5F5549 		.ascii	"__UINT8_C(c) c\000"
 12327      4E54385F 
 12327      43286329 
 12327      206300
 12328              	.LASF43:
 12329 08f8 5F5F494E 		.ascii	"__INT16_TYPE__ short int\000"
 12329      5431365F 
 12329      54595045 
 12329      5F5F2073 
 12329      686F7274 
 12330              	.LASF637:
 12331 0911 5F5F616C 		.ascii	"__aligned(x) __attribute__((__aligned__(x)))\000"
 12331      69676E65 
 12331      64287829 
 12331      205F5F61 
 12331      74747269 
 12332              	.LASF773:
 12333 093e 756E7369 		.ascii	"unsigned\000"
 12333      676E6564 
 12333      00
 12334              	.LASF1341:
 12335 0947 5F6C3634 		.ascii	"_l64a_buf\000"
 12335      615F6275 
 12335      6600
 12336              	.LASF214:
 12337 0951 5F5F464C 		.ascii	"__FLT64_MAX__ 1.7976931348623157e+308F64\000"
 12337      5436345F 
 12337      4D41585F 
 12337      5F20312E 
 12337      37393736 
 12338              	.LASF204:
 12339 097a 5F5F464C 		.ascii	"__FLT32_HAS_INFINITY__ 1\000"
 12339      5433325F 
 12339      4841535F 
 12339      494E4649 
 12339      4E495459 
 12340              	.LASF1205:
 12341 0993 73746469 		.ascii	"stdin (_REENT->_stdin)\000"
 12341      6E20285F 
 12341      5245454E 
 12341      542D3E5F 
 12341      73746469 
 12342              	.LASF723:
 12343 09aa 69737370 		.ascii	"isspace(__c) (__ctype_lookup(__c)&_S)\000"
 12343      61636528 
 12343      5F5F6329 
 12343      20285F5F 
 12343      63747970 
 12344              	.LASF1062:
 12345 09d0 4D5F5351 		.ascii	"M_SQRTPI 1.77245385090551602792981\000"
 12345      52545049 
 12345      20312E37 
ARM GAS  /var/folders/65/xyhbx3_n6nd_hs7j3p9nfwv80000gn/T//cc2oMwwL.s 			page 231


 12345      37323435 
 12345      33383530 
 12346              	.LASF594:
 12347 09f3 5F5F756E 		.ascii	"__unbounded \000"
 12347      626F756E 
 12347      64656420 
 12347      00
 12348              	.LASF868:
 12349 0a00 5F5F494E 		.ascii	"__INT8 \"hh\"\000"
 12349      54382022 
 12349      68682200 
 12350              	.LASF376:
 12351 0a0c 5F5F4743 		.ascii	"__GCC_HAVE_SYNC_COMPARE_AND_SWAP_1 1\000"
 12351      435F4841 
 12351      56455F53 
 12351      594E435F 
 12351      434F4D50 
 12352              	.LASF918:
 12353 0a31 494E545F 		.ascii	"INT_LEAST16_MAX (__INT_LEAST16_MAX__)\000"
 12353      4C454153 
 12353      5431365F 
 12353      4D415820 
 12353      285F5F49 
 12354              	.LASF640:
 12355 0a57 5F5F616C 		.ascii	"__alloc_size2(n,x) __attribute__((__alloc_size__(n,"
 12355      6C6F635F 
 12355      73697A65 
 12355      32286E2C 
 12355      7829205F 
 12356 0a8a 20782929 		.ascii	" x)))\000"
 12356      2900
 12357              	.LASF4:
 12358 0a90 5F5F5354 		.ascii	"__STDC_HOSTED__ 1\000"
 12358      44435F48 
 12358      4F535445 
 12358      445F5F20 
 12358      3100
 12359              	.LASF291:
 12360 0aa2 5F5F554C 		.ascii	"__ULLFRACT_FBIT__ 64\000"
 12360      4C465241 
 12360      43545F46 
 12360      4249545F 
 12360      5F203634 
 12361              	.LASF1027:
 12362 0ab7 6973696E 		.ascii	"isinf(__x) (__builtin_isinf_sign (__x))\000"
 12362      66285F5F 
 12362      78292028 
 12362      5F5F6275 
 12362      696C7469 
 12363              	.LASF470:
 12364 0adf 5F4C4442 		.ascii	"_LDBL_EQ_DBL 1\000"
 12364      4C5F4551 
 12364      5F44424C 
 12364      203100
 12365              	.LASF1072:
 12366 0aee 5F535649 		.ascii	"_SVID_ __fdlibm_svid\000"
 12366      445F205F 
ARM GAS  /var/folders/65/xyhbx3_n6nd_hs7j3p9nfwv80000gn/T//cc2oMwwL.s 			page 232


 12366      5F66646C 
 12366      69626D5F 
 12366      73766964 
 12367              	.LASF1125:
 12368 0b03 46445F49 		.ascii	"FD_ISSET(n,p) ((p)->fds_bits[(n)/NFDBITS] & (1L << "
 12368      53534554 
 12368      286E2C70 
 12368      29202828 
 12368      70292D3E 
 12369 0b36 28286E29 		.ascii	"((n) % NFDBITS)))\000"
 12369      2025204E 
 12369      46444249 
 12369      54532929 
 12369      2900
 12370              	.LASF705:
 12371 0b48 5F746F6C 		.ascii	"_tolower(__c) ((unsigned char)(__c) - 'A' + 'a')\000"
 12371      6F776572 
 12371      285F5F63 
 12371      29202828 
 12371      756E7369 
 12372              	.LASF1394:
 12373 0b79 474E5520 		.ascii	"GNU C17 9.2.1 20191025 (release) [ARM/arm-9-branch "
 12373      43313720 
 12373      392E322E 
 12373      31203230 
 12373      31393130 
 12374 0bac 72657669 		.ascii	"revision 277599] -mthumb -mcpu=cortex-m7 -mfloat-ab"
 12374      73696F6E 
 12374      20323737 
 12374      3539395D 
 12374      202D6D74 
 12375 0bdf 693D6861 		.ascii	"i=hard -mfpu=fpv5-sp-d16 -mword-relocations -march="
 12375      7264202D 
 12375      6D667075 
 12375      3D667076 
 12375      352D7370 
 12376 0c12 61726D76 		.ascii	"armv7e-m+fpv5 -g3 -gdwarf-2 -O2 -falign-functions=1"
 12376      37652D6D 
 12376      2B667076 
 12376      35202D67 
 12376      33202D67 
 12377 0c45 36202D66 		.ascii	"6 -fomit-frame-pointer -fno-common -ffunction-secti"
 12377      6F6D6974 
 12377      2D667261 
 12377      6D652D70 
 12377      6F696E74 
 12378 0c78 6F6E7320 		.ascii	"ons -fdata-sections -fstack-usage\000"
 12378      2D666461 
 12378      74612D73 
 12378      65637469 
 12378      6F6E7320 
 12379              	.LASF61:
 12380 0c9a 5F5F494E 		.ascii	"__INT_FAST64_TYPE__ long long int\000"
 12380      545F4641 
 12380      53543634 
 12380      5F545950 
 12380      455F5F20 
ARM GAS  /var/folders/65/xyhbx3_n6nd_hs7j3p9nfwv80000gn/T//cc2oMwwL.s 			page 233


 12381              	.LASF447:
 12382 0cbc 5F5F4152 		.ascii	"__ARM_FEATURE_COPROC 15\000"
 12382      4D5F4645 
 12382      41545552 
 12382      455F434F 
 12382      50524F43 
 12383              	.LASF1081:
 12384 0cd4 5F5F4249 		.ascii	"__BIT_TYPES_DEFINED__ 1\000"
 12384      545F5459 
 12384      5045535F 
 12384      44454649 
 12384      4E45445F 
 12385              	.LASF711:
 12386 0cec 5F502030 		.ascii	"_P 020\000"
 12386      323000
 12387              	.LASF1055:
 12388 0cf3 4D5F315F 		.ascii	"M_1_PI 0.31830988618379067154\000"
 12388      50492030 
 12388      2E333138 
 12388      33303938 
 12388      38363138 
 12389              	.LASF1298:
 12390 0d11 5F6C6F63 		.ascii	"_lock\000"
 12390      6B00
 12391              	.LASF544:
 12392 0d17 5F5F5349 		.ascii	"__SIZE_T__ \000"
 12392      5A455F54 
 12392      5F5F2000 
 12393              	.LASF950:
 12394 0d23 50545244 		.ascii	"PTRDIFF_MAX (__PTRDIFF_MAX__)\000"
 12394      4946465F 
 12394      4D415820 
 12394      285F5F50 
 12394      54524449 
 12395              	.LASF197:
 12396 0d41 5F5F464C 		.ascii	"__FLT32_MAX_10_EXP__ 38\000"
 12396      5433325F 
 12396      4D41585F 
 12396      31305F45 
 12396      58505F5F 
 12397              	.LASF47:
 12398 0d59 5F5F5549 		.ascii	"__UINT16_TYPE__ short unsigned int\000"
 12398      4E543136 
 12398      5F545950 
 12398      455F5F20 
 12398      73686F72 
 12399              	.LASF1153:
 12400 0d7c 5F4E4C49 		.ascii	"_NLINK_T_DECLARED \000"
 12400      4E4B5F54 
 12400      5F444543 
 12400      4C415245 
 12400      442000
 12401              	.LASF780:
 12402 0d8f 5F54494D 		.ascii	"_TIMER_T_ unsigned long\000"
 12402      45525F54 
 12402      5F20756E 
 12402      7369676E 
ARM GAS  /var/folders/65/xyhbx3_n6nd_hs7j3p9nfwv80000gn/T//cc2oMwwL.s 			page 234


 12402      6564206C 
 12403              	.LASF1140:
 12404 0da7 5F5F6461 		.ascii	"__daddr_t_defined \000"
 12404      6464725F 
 12404      745F6465 
 12404      66696E65 
 12404      642000
 12405              	.LASF264:
 12406 0dba 5F5F5553 		.ascii	"__USFRACT_MAX__ 0XFFP-8UHR\000"
 12406      46524143 
 12406      545F4D41 
 12406      585F5F20 
 12406      30584646 
 12407              	.LASF609:
 12408 0dd5 5F5F474E 		.ascii	"__GNUCLIKE_BUILTIN_STDARG 1\000"
 12408      55434C49 
 12408      4B455F42 
 12408      55494C54 
 12408      494E5F53 
 12409              	.LASF206:
 12410 0df1 5F5F4650 		.ascii	"__FP_FAST_FMAF32 1\000"
 12410      5F464153 
 12410      545F464D 
 12410      41463332 
 12410      203100
 12411              	.LASF1207:
 12412 0e04 73746465 		.ascii	"stderr (_REENT->_stderr)\000"
 12412      72722028 
 12412      5F524545 
 12412      4E542D3E 
 12412      5F737464 
 12413              	.LASF586:
 12414 0e1d 5F5F4153 		.ascii	"__ASMNAME(cname) __XSTRING (__USER_LABEL_PREFIX__) "
 12414      4D4E414D 
 12414      4528636E 
 12414      616D6529 
 12414      205F5F58 
 12415 0e50 636E616D 		.ascii	"cname\000"
 12415      6500
 12416              	.LASF577:
 12417 0e56 5F5F6E65 		.ascii	"__need_wchar_t\000"
 12417      65645F77 
 12417      63686172 
 12417      5F7400
 12418              	.LASF194:
 12419 0e65 5F5F464C 		.ascii	"__FLT32_MIN_EXP__ (-125)\000"
 12419      5433325F 
 12419      4D494E5F 
 12419      4558505F 
 12419      5F20282D 
 12420              	.LASF1059:
 12421 0e7e 4D5F5351 		.ascii	"M_SQRT1_2 0.70710678118654752440\000"
 12421      5254315F 
 12421      3220302E 
 12421      37303731 
 12421      30363738 
 12422              	.LASF744:
ARM GAS  /var/folders/65/xyhbx3_n6nd_hs7j3p9nfwv80000gn/T//cc2oMwwL.s 			page 235


 12423 0e9f 69736173 		.ascii	"isascii(__c) ((unsigned)(__c)<=0177)\000"
 12423      63696928 
 12423      5F5F6329 
 12423      20282875 
 12423      6E736967 
 12424              	.LASF1329:
 12425 0ec4 5F6D756C 		.ascii	"_mult\000"
 12425      7400
 12426              	.LASF915:
 12427 0eca 494E5431 		.ascii	"INT16_MAX (__INT16_MAX__)\000"
 12427      365F4D41 
 12427      5820285F 
 12427      5F494E54 
 12427      31365F4D 
 12428              	.LASF566:
 12429 0ee4 5F5F5743 		.ascii	"__WCHAR_T \000"
 12429      4841525F 
 12429      542000
 12430              	.LASF361:
 12431 0eef 5F5F4441 		.ascii	"__DA_IBIT__ 32\000"
 12431      5F494249 
 12431      545F5F20 
 12431      333200
 12432              	.LASF281:
 12433 0efe 5F5F554C 		.ascii	"__ULFRACT_FBIT__ 32\000"
 12433      46524143 
 12433      545F4642 
 12433      49545F5F 
 12433      20333200 
 12434              	.LASF210:
 12435 0f12 5F5F464C 		.ascii	"__FLT64_MIN_10_EXP__ (-307)\000"
 12435      5436345F 
 12435      4D494E5F 
 12435      31305F45 
 12435      58505F5F 
 12436              	.LASF941:
 12437 0f2e 494E545F 		.ascii	"INT_FAST64_MIN (-__INT_FAST64_MAX__ - 1)\000"
 12437      46415354 
 12437      36345F4D 
 12437      494E2028 
 12437      2D5F5F49 
 12438              	.LASF559:
 12439 0f57 5F5F7369 		.ascii	"__size_t \000"
 12439      7A655F74 
 12439      2000
 12440              	.LASF593:
 12441 0f61 5F5F626F 		.ascii	"__bounded \000"
 12441      756E6465 
 12441      642000
 12442              	.LASF903:
 12443 0f6c 5F5F696E 		.ascii	"__int_fast32_t_defined 1\000"
 12443      745F6661 
 12443      73743332 
 12443      5F745F64 
 12443      6566696E 
 12444              	.LASF134:
 12445 0f85 5F5F494E 		.ascii	"__INT_FAST64_WIDTH__ 64\000"
ARM GAS  /var/folders/65/xyhbx3_n6nd_hs7j3p9nfwv80000gn/T//cc2oMwwL.s 			page 236


 12445      545F4641 
 12445      53543634 
 12445      5F574944 
 12445      54485F5F 
 12446              	.LASF837:
 12447 0f9d 5F474C4F 		.ascii	"_GLOBAL_ATEXIT (_GLOBAL_REENT->_atexit)\000"
 12447      42414C5F 
 12447      41544558 
 12447      49542028 
 12447      5F474C4F 
 12448              	.LASF572:
 12449 0fc5 5F5F5F69 		.ascii	"___int_wchar_t_h \000"
 12449      6E745F77 
 12449      63686172 
 12449      5F745F68 
 12449      2000
 12450              	.LASF1033:
 12451 0fd7 69736C65 		.ascii	"isless(__x,__y) (__builtin_isless (__x, __y))\000"
 12451      7373285F 
 12451      5F782C5F 
 12451      5F792920 
 12451      285F5F62 
 12452              	.LASF800:
 12453 1005 5F524545 		.ascii	"_REENT_INIT_PTR_ZEROED(var) { (var)->_stdin = _REEN"
 12453      4E545F49 
 12453      4E49545F 
 12453      5054525F 
 12453      5A45524F 
 12454 1038 545F5354 		.ascii	"T_STDIO_STREAM(var, 0); (var)->_stdout = _REENT_STD"
 12454      44494F5F 
 12454      53545245 
 12454      414D2876 
 12454      61722C20 
 12455 106b 494F5F53 		.ascii	"IO_STREAM(var, 1); (var)->_stderr = _REENT_STDIO_ST"
 12455      54524541 
 12455      4D287661 
 12455      722C2031 
 12455      293B2028 
 12456 109e 5245414D 		.ascii	"REAM(var, 2); (var)->_new._reent._rand_next = 1; (v"
 12456      28766172 
 12456      2C203229 
 12456      3B202876 
 12456      6172292D 
 12457 10d1 6172292D 		.ascii	"ar)->_new._reent._r48._seed[0] = _RAND48_SEED_0; (v"
 12457      3E5F6E65 
 12457      772E5F72 
 12457      65656E74 
 12457      2E5F7234 
 12458 1104 6172292D 		.ascii	"ar)->_new._reent._r48._seed[1] = _RAND48_SEED_1; (v"
 12458      3E5F6E65 
 12458      772E5F72 
 12458      65656E74 
 12458      2E5F7234 
 12459 1137 6172292D 		.ascii	"ar)->_new._reent._r48._seed[2] = _RAND48_SEED_2; (v"
 12459      3E5F6E65 
 12459      772E5F72 
 12459      65656E74 
ARM GAS  /var/folders/65/xyhbx3_n6nd_hs7j3p9nfwv80000gn/T//cc2oMwwL.s 			page 237


 12459      2E5F7234 
 12460 116a 6172292D 		.ascii	"ar)->_new._reent._r48._mult[0] = _RAND48_MULT_0; (v"
 12460      3E5F6E65 
 12460      772E5F72 
 12460      65656E74 
 12460      2E5F7234 
 12461 119d 6172292D 		.ascii	"ar)->_new._reent._r48._mult[1] = _RAND48_MULT_1; (v"
 12461      3E5F6E65 
 12461      772E5F72 
 12461      65656E74 
 12461      2E5F7234 
 12462 11d0 6172292D 		.ascii	"ar)->_new._reent._r48._mult[2] = _RAND48_MULT_2; (v"
 12462      3E5F6E65 
 12462      772E5F72 
 12462      65656E74 
 12462      2E5F7234 
 12463 1203 6172292D 		.ascii	"ar)->_new._reent._r48._add = _RAND48_ADD; }\000"
 12463      3E5F6E65 
 12463      772E5F72 
 12463      65656E74 
 12463      2E5F7234 
 12464              	.LASF1181:
 12465 122f 5F5F5357 		.ascii	"__SWR 0x0008\000"
 12465      52203078 
 12465      30303038 
 12465      00
 12466              	.LASF236:
 12467 123c 5F5F4445 		.ascii	"__DEC32_MIN_EXP__ (-94)\000"
 12467      4333325F 
 12467      4D494E5F 
 12467      4558505F 
 12467      5F20282D 
 12468              	.LASF624:
 12469 1254 5F5F434F 		.ascii	"__CONCAT1(x,y) x ## y\000"
 12469      4E434154 
 12469      3128782C 
 12469      79292078 
 12469      20232320 
 12470              	.LASF548:
 12471 126a 5F545F53 		.ascii	"_T_SIZE \000"
 12471      495A4520 
 12471      00
 12472              	.LASF114:
 12473 1273 5F5F494E 		.ascii	"__INT32_C(c) c ## L\000"
 12473      5433325F 
 12473      43286329 
 12473      20632023 
 12473      23204C00 
 12474              	.LASF350:
 12475 1287 5F5F5553 		.ascii	"__USQ_FBIT__ 32\000"
 12475      515F4642 
 12475      49545F5F 
 12475      20333200 
 12476              	.LASF28:
 12477 1297 5F5F4F52 		.ascii	"__ORDER_BIG_ENDIAN__ 4321\000"
 12477      4445525F 
 12477      4249475F 
ARM GAS  /var/folders/65/xyhbx3_n6nd_hs7j3p9nfwv80000gn/T//cc2oMwwL.s 			page 238


 12477      454E4449 
 12477      414E5F5F 
 12478              	.LASF340:
 12479 12b1 5F5F5351 		.ascii	"__SQ_FBIT__ 31\000"
 12479      5F464249 
 12479      545F5F20 
 12479      333100
 12480              	.LASF999:
 12481 12c0 70646578 		.ascii	"pdext_sprite_h \000"
 12481      745F7370 
 12481      72697465 
 12481      5F682000 
 12482              	.LASF370:
 12483 12d0 5F5F5554 		.ascii	"__UTA_FBIT__ 64\000"
 12483      415F4642 
 12483      49545F5F 
 12483      20363400 
 12484              	.LASF1187:
 12485 12e0 5F5F5353 		.ascii	"__SSTR 0x0200\000"
 12485      54522030 
 12485      78303230 
 12485      3000
 12486              	.LASF1014:
 12487 12ee 464C545F 		.ascii	"FLT_EVAL_METHOD\000"
 12487      4556414C 
 12487      5F4D4554 
 12487      484F4400 
 12488              	.LASF885:
 12489 12fe 5F55494E 		.ascii	"_UINT16_T_DECLARED \000"
 12489      5431365F 
 12489      545F4445 
 12489      434C4152 
 12489      45442000 
 12490              	.LASF623:
 12491 1312 5F5F5028 		.ascii	"__P(protos) protos\000"
 12491      70726F74 
 12491      6F732920 
 12491      70726F74 
 12491      6F7300
 12492              	.LASF1099:
 12493 1325 5F5F6E74 		.ascii	"__ntohl(_x) __bswap32(_x)\000"
 12493      6F686C28 
 12493      5F782920 
 12493      5F5F6273 
 12493      77617033 
 12494              	.LASF348:
 12495 133f 5F5F5548 		.ascii	"__UHQ_FBIT__ 16\000"
 12495      515F4642 
 12495      49545F5F 
 12495      20313600 
 12496              	.LASF736:
 12497 134f 69737864 		.ascii	"isxdigit_l(__c,__l) (__ctype_lookup_l(__c,__l)&(_X|"
 12497      69676974 
 12497      5F6C285F 
 12497      5F632C5F 
 12497      5F6C2920 
 12498 1382 5F4E2929 		.ascii	"_N))\000"
ARM GAS  /var/folders/65/xyhbx3_n6nd_hs7j3p9nfwv80000gn/T//cc2oMwwL.s 			page 239


 12498      00
 12499              	.LASF919:
 12500 1387 55494E54 		.ascii	"UINT_LEAST16_MAX (__UINT_LEAST16_MAX__)\000"
 12500      5F4C4541 
 12500      53543136 
 12500      5F4D4158 
 12500      20285F5F 
 12501              	.LASF209:
 12502 13af 5F5F464C 		.ascii	"__FLT64_MIN_EXP__ (-1021)\000"
 12502      5436345F 
 12502      4D494E5F 
 12502      4558505F 
 12502      5F20282D 
 12503              	.LASF1088:
 12504 13c9 5F515541 		.ascii	"_QUAD_HIGHWORD 1\000"
 12504      445F4849 
 12504      4748574F 
 12504      52442031 
 12504      00
 12505              	.LASF947:
 12506 13da 53495A45 		.ascii	"SIZE_MAX (__SIZE_MAX__)\000"
 12506      5F4D4158 
 12506      20285F5F 
 12506      53495A45 
 12506      5F4D4158 
 12507              	.LASF1400:
 12508 13f2 5F5F6275 		.ascii	"__builtin_memcpy\000"
 12508      696C7469 
 12508      6E5F6D65 
 12508      6D637079 
 12508      00
 12509              	.LASF670:
 12510 1403 5F5F7765 		.ascii	"__weak_reference(sym,alias) __asm__(\".weak \" #ali"
 12510      616B5F72 
 12510      65666572 
 12510      656E6365 
 12510      2873796D 
 12511 1434 6173293B 		.ascii	"as); __asm__(\".equ \" #alias \", \" #sym)\000"
 12511      205F5F61 
 12511      736D5F5F 
 12511      28222E65 
 12511      71752022 
 12512              	.LASF1367:
 12513 145b 7265704C 		.ascii	"repLen\000"
 12513      656E00
 12514              	.LASF1202:
 12515 1462 4C5F746D 		.ascii	"L_tmpnam FILENAME_MAX\000"
 12515      706E616D 
 12515      2046494C 
 12515      454E414D 
 12515      455F4D41 
 12516              	.LASF135:
 12517 1478 5F5F5549 		.ascii	"__UINT_FAST8_MAX__ 0xffffffffU\000"
 12517      4E545F46 
 12517      41535438 
 12517      5F4D4158 
 12517      5F5F2030 
ARM GAS  /var/folders/65/xyhbx3_n6nd_hs7j3p9nfwv80000gn/T//cc2oMwwL.s 			page 240


 12518              	.LASF510:
 12519 1497 5F4E4F54 		.ascii	"_NOTHROW \000"
 12519      48524F57 
 12519      2000
 12520              	.LASF240:
 12521 14a1 5F5F4445 		.ascii	"__DEC32_EPSILON__ 1E-6DF\000"
 12521      4333325F 
 12521      45505349 
 12521      4C4F4E5F 
 12521      5F203145 
 12522              	.LASF596:
 12523 14ba 5F5F6861 		.ascii	"__has_extension __has_feature\000"
 12523      735F6578 
 12523      74656E73 
 12523      696F6E20 
 12523      5F5F6861 
 12524              	.LASF1251:
 12525 14d8 5F5F7763 		.ascii	"__wch\000"
 12525      6800
 12526              	.LASF802:
 12527 14de 5F524545 		.ascii	"_REENT_CHECK_MP(ptr) \000"
 12527      4E545F43 
 12527      4845434B 
 12527      5F4D5028 
 12527      70747229 
 12528              	.LASF53:
 12529 14f4 5F5F494E 		.ascii	"__INT_LEAST64_TYPE__ long long int\000"
 12529      545F4C45 
 12529      41535436 
 12529      345F5459 
 12529      50455F5F 
 12530              	.LASF553:
 12531 1517 5F53495A 		.ascii	"_SIZE_T_DEFINED \000"
 12531      455F545F 
 12531      44454649 
 12531      4E454420 
 12531      00
 12532              	.LASF1118:
 12533 1528 5F535953 		.ascii	"_SYS_TYPES_FD_SET \000"
 12533      5F545950 
 12533      45535F46 
 12533      445F5345 
 12533      542000
 12534              	.LASF456:
 12535 153b 5F5F4E45 		.ascii	"__NEWLIB_H__ 1\000"
 12535      574C4942 
 12535      5F485F5F 
 12535      203100
 12536              	.LASF130:
 12537 154a 5F5F494E 		.ascii	"__INT_FAST16_WIDTH__ 32\000"
 12537      545F4641 
 12537      53543136 
 12537      5F574944 
 12537      54485F5F 
 12538              	.LASF713:
 12539 1562 5F582030 		.ascii	"_X 0100\000"
 12539      31303000 
ARM GAS  /var/folders/65/xyhbx3_n6nd_hs7j3p9nfwv80000gn/T//cc2oMwwL.s 			page 241


 12540              	.LASF1064:
 12541 156a 4D5F4C4E 		.ascii	"M_LN2HI 6.9314718036912381649E-1\000"
 12541      32484920 
 12541      362E3933 
 12541      31343731 
 12541      38303336 
 12542              	.LASF426:
 12543 158b 5F5F5646 		.ascii	"__VFP_FP__ 1\000"
 12543      505F4650 
 12543      5F5F2031 
 12543      00
 12544              	.LASF878:
 12545 1598 5F5F4C45 		.ascii	"__LEAST32 \"l\"\000"
 12545      41535433 
 12545      3220226C 
 12545      2200
 12546              	.LASF871:
 12547 15a6 5F5F494E 		.ascii	"__INT64 \"ll\"\000"
 12547      54363420 
 12547      226C6C22 
 12547      00
 12548              	.LASF139:
 12549 15b3 5F5F494E 		.ascii	"__INTPTR_MAX__ 0x7fffffff\000"
 12549      54505452 
 12549      5F4D4158 
 12549      5F5F2030 
 12549      78376666 
 12550              	.LASF1286:
 12551 15cd 5F66696C 		.ascii	"_file\000"
 12551      6500
 12552              	.LASF502:
 12553 15d3 5F5F5241 		.ascii	"__RAND_MAX\000"
 12553      4E445F4D 
 12553      415800
 12554              	.LASF136:
 12555 15de 5F5F5549 		.ascii	"__UINT_FAST16_MAX__ 0xffffffffU\000"
 12555      4E545F46 
 12555      41535431 
 12555      365F4D41 
 12555      585F5F20 
 12556              	.LASF177:
 12557 15fe 5F5F4C44 		.ascii	"__LDBL_MANT_DIG__ 53\000"
 12557      424C5F4D 
 12557      414E545F 
 12557      4449475F 
 12557      5F203533 
 12558              	.LASF1273:
 12559 1613 5F6F6E5F 		.ascii	"_on_exit_args\000"
 12559      65786974 
 12559      5F617267 
 12559      7300
 12560              	.LASF1015:
 12561 1621 46505F4E 		.ascii	"FP_NAN 0\000"
 12561      414E2030 
 12561      00
 12562              	.LASF725:
 12563 162a 6973616C 		.ascii	"isalnum(__c) (__ctype_lookup(__c)&(_U|_L|_N))\000"
ARM GAS  /var/folders/65/xyhbx3_n6nd_hs7j3p9nfwv80000gn/T//cc2oMwwL.s 			page 242


 12563      6E756D28 
 12563      5F5F6329 
 12563      20285F5F 
 12563      63747970 
 12564              	.LASF1049:
 12565 1658 4D5F4C4F 		.ascii	"M_LOG10E 0.43429448190325182765\000"
 12565      47313045 
 12565      20302E34 
 12565      33343239 
 12565      34343831 
 12566              	.LASF590:
 12567 1678 5F5F6174 		.ascii	"__attribute_pure__ \000"
 12567      74726962 
 12567      7574655F 
 12567      70757265 
 12567      5F5F2000 
 12568              	.LASF682:
 12569 168c 5F4E6F6E 		.ascii	"_Nonnull \000"
 12569      6E756C6C 
 12569      2000
 12570              	.LASF239:
 12571 1696 5F5F4445 		.ascii	"__DEC32_MAX__ 9.999999E96DF\000"
 12571      4333325F 
 12571      4D41585F 
 12571      5F20392E 
 12571      39393939 
 12572              	.LASF273:
 12573 16b2 5F5F5546 		.ascii	"__UFRACT_MIN__ 0.0UR\000"
 12573      52414354 
 12573      5F4D494E 
 12573      5F5F2030 
 12573      2E305552 
 12574              	.LASF1073:
 12575 16c7 5F584F50 		.ascii	"_XOPEN_ __fdlibm_xopen\000"
 12575      454E5F20 
 12575      5F5F6664 
 12575      6C69626D 
 12575      5F786F70 
 12576              	.LASF439:
 12577 16de 5F5F5448 		.ascii	"__THUMB_INTERWORK__ 1\000"
 12577      554D425F 
 12577      494E5445 
 12577      52574F52 
 12577      4B5F5F20 
 12578              	.LASF797:
 12579 16f4 5F4E5F4C 		.ascii	"_N_LISTS 30\000"
 12579      49535453 
 12579      20333000 
 12580              	.LASF895:
 12581 1700 5F494E54 		.ascii	"_INTPTR_T_DECLARED \000"
 12581      5054525F 
 12581      545F4445 
 12581      434C4152 
 12581      45442000 
 12582              	.LASF97:
 12583 1714 5F5F5349 		.ascii	"__SIG_ATOMIC_MIN__ (-__SIG_ATOMIC_MAX__ - 1)\000"
 12583      475F4154 
ARM GAS  /var/folders/65/xyhbx3_n6nd_hs7j3p9nfwv80000gn/T//cc2oMwwL.s 			page 243


 12583      4F4D4943 
 12583      5F4D494E 
 12583      5F5F2028 
 12584              	.LASF233:
 12585 1741 5F5F464C 		.ascii	"__FLT32X_HAS_INFINITY__ 1\000"
 12585      54333258 
 12585      5F484153 
 12585      5F494E46 
 12585      494E4954 
 12586              	.LASF938:
 12587 175b 494E545F 		.ascii	"INT_FAST32_MIN (-__INT_FAST32_MAX__ - 1)\000"
 12587      46415354 
 12587      33325F4D 
 12587      494E2028 
 12587      2D5F5F49 
 12588              	.LASF503:
 12589 1784 5F5F5241 		.ascii	"__RAND_MAX 0x7fffffff\000"
 12589      4E445F4D 
 12589      41582030 
 12589      78376666 
 12589      66666666 
 12590              	.LASF810:
 12591 179a 5F524545 		.ascii	"_REENT_RAND48_SEED(ptr) ((ptr)->_new._reent._r48._s"
 12591      4E545F52 
 12591      414E4434 
 12591      385F5345 
 12591      45442870 
 12592 17cd 65656429 		.ascii	"eed)\000"
 12592      00
 12593              	.LASF54:
 12594 17d2 5F5F5549 		.ascii	"__UINT_LEAST8_TYPE__ unsigned char\000"
 12594      4E545F4C 
 12594      45415354 
 12594      385F5459 
 12594      50455F5F 
 12595              	.LASF691:
 12596 17f5 5F5F6C6F 		.ascii	"__locks_exclusive(...) __lock_annotate(exclusive_lo"
 12596      636B735F 
 12596      6578636C 
 12596      75736976 
 12596      65282E2E 
 12597 1828 636B5F66 		.ascii	"ck_function(__VA_ARGS__))\000"
 12597      756E6374 
 12597      696F6E28 
 12597      5F5F5641 
 12597      5F415247 
 12598              	.LASF306:
 12599 1842 5F5F4143 		.ascii	"__ACCUM_FBIT__ 15\000"
 12599      43554D5F 
 12599      46424954 
 12599      5F5F2031 
 12599      3500
 12600              	.LASF481:
 12601 1854 5F5F474E 		.ascii	"__GNUC_PREREQ(maj,min) ((__GNUC__ << 16) + __GNUC_M"
 12601      55435F50 
 12601      52455245 
 12601      51286D61 
ARM GAS  /var/folders/65/xyhbx3_n6nd_hs7j3p9nfwv80000gn/T//cc2oMwwL.s 			page 244


 12601      6A2C6D69 
 12602 1887 494E4F52 		.ascii	"INOR__ >= ((maj) << 16) + (min))\000"
 12602      5F5F203E 
 12602      3D202828 
 12602      6D616A29 
 12602      203C3C20 
 12603              	.LASF769:
 12604 18a8 5F5F6C6F 		.ascii	"__lock_release(lock) __retarget_lock_release(lock)\000"
 12604      636B5F72 
 12604      656C6561 
 12604      7365286C 
 12604      6F636B29 
 12605              	.LASF1344:
 12606 18db 5F6D6272 		.ascii	"_mbrlen_state\000"
 12606      6C656E5F 
 12606      73746174 
 12606      6500
 12607              	.LASF1237:
 12608 18e9 6C6F6E67 		.ascii	"long int\000"
 12608      20696E74 
 12608      00
 12609              	.LASF761:
 12610 18f2 5F5F6C6F 		.ascii	"__lock_init(lock) __retarget_lock_init(&lock)\000"
 12610      636B5F69 
 12610      6E697428 
 12610      6C6F636B 
 12610      29205F5F 
 12611              	.LASF889:
 12612 1920 5F5F696E 		.ascii	"__int32_t_defined 1\000"
 12612      7433325F 
 12612      745F6465 
 12612      66696E65 
 12612      64203100 
 12613              	.LASF1058:
 12614 1934 4D5F5351 		.ascii	"M_SQRT2 1.41421356237309504880\000"
 12614      52543220 
 12614      312E3431 
 12614      34323133 
 12614      35363233 
 12615              	.LASF1354:
 12616 1953 5F696D70 		.ascii	"_impure_ptr\000"
 12616      7572655F 
 12616      70747200 
 12617              	.LASF133:
 12618 195f 5F5F494E 		.ascii	"__INT_FAST64_MAX__ 0x7fffffffffffffffLL\000"
 12618      545F4641 
 12618      53543634 
 12618      5F4D4158 
 12618      5F5F2030 
 12619              	.LASF227:
 12620 1987 5F5F464C 		.ascii	"__FLT32X_DECIMAL_DIG__ 17\000"
 12620      54333258 
 12620      5F444543 
 12620      494D414C 
 12620      5F444947 
 12621              	.LASF1010:
 12622 19a1 494E4649 		.ascii	"INFINITY (__builtin_inff())\000"
ARM GAS  /var/folders/65/xyhbx3_n6nd_hs7j3p9nfwv80000gn/T//cc2oMwwL.s 			page 245


 12622      4E495459 
 12622      20285F5F 
 12622      6275696C 
 12622      74696E5F 
 12623              	.LASF1313:
 12624 19bd 5F726573 		.ascii	"_result_k\000"
 12624      756C745F 
 12624      6B00
 12625              	.LASF234:
 12626 19c7 5F5F464C 		.ascii	"__FLT32X_HAS_QUIET_NAN__ 1\000"
 12626      54333258 
 12626      5F484153 
 12626      5F515549 
 12626      45545F4E 
 12627              	.LASF1113:
 12628 19e2 5F535953 		.ascii	"_SYS_TIMESPEC_H_ \000"
 12628      5F54494D 
 12628      45535045 
 12628      435F485F 
 12628      2000
 12629              	.LASF230:
 12630 19f4 5F5F464C 		.ascii	"__FLT32X_EPSILON__ 2.2204460492503131e-16F32x\000"
 12630      54333258 
 12630      5F455053 
 12630      494C4F4E 
 12630      5F5F2032 
 12631              	.LASF1283:
 12632 1a22 5F73697A 		.ascii	"_size\000"
 12632      6500
 12633              	.LASF1023:
 12634 1a28 4D415448 		.ascii	"MATH_ERREXCEPT 2\000"
 12634      5F455252 
 12634      45584345 
 12634      50542032 
 12634      00
 12635              	.LASF58:
 12636 1a39 5F5F494E 		.ascii	"__INT_FAST8_TYPE__ int\000"
 12636      545F4641 
 12636      5354385F 
 12636      54595045 
 12636      5F5F2069 
 12637              	.LASF514:
 12638 1a50 5F4E4F49 		.ascii	"_NOINLINE __attribute__ ((__noinline__))\000"
 12638      4E4C494E 
 12638      45205F5F 
 12638      61747472 
 12638      69627574 
 12639              	.LASF368:
 12640 1a79 5F5F5544 		.ascii	"__UDA_FBIT__ 32\000"
 12640      415F4642 
 12640      49545F5F 
 12640      20333200 
 12641              	.LASF543:
 12642 1a89 5F5F7369 		.ascii	"__size_t__ \000"
 12642      7A655F74 
 12642      5F5F2000 
 12643              	.LASF305:
ARM GAS  /var/folders/65/xyhbx3_n6nd_hs7j3p9nfwv80000gn/T//cc2oMwwL.s 			page 246


 12644 1a95 5F5F5553 		.ascii	"__USACCUM_EPSILON__ 0x1P-8UHK\000"
 12644      41434355 
 12644      4D5F4550 
 12644      53494C4F 
 12644      4E5F5F20 
 12645              	.LASF94:
 12646 1ab3 5F5F5549 		.ascii	"__UINTMAX_C(c) c ## ULL\000"
 12646      4E544D41 
 12646      585F4328 
 12646      63292063 
 12646      20232320 
 12647              	.LASF466:
 12648 1acb 48415645 		.ascii	"HAVE_INITFINI_ARRAY 1\000"
 12648      5F494E49 
 12648      5446494E 
 12648      495F4152 
 12648      52415920 
 12649              	.LASF32:
 12650 1ae1 5F5F5349 		.ascii	"__SIZEOF_POINTER__ 4\000"
 12650      5A454F46 
 12650      5F504F49 
 12650      4E544552 
 12650      5F5F2034 
 12651              	.LASF50:
 12652 1af6 5F5F494E 		.ascii	"__INT_LEAST8_TYPE__ signed char\000"
 12652      545F4C45 
 12652      41535438 
 12652      5F545950 
 12652      455F5F20 
 12653              	.LASF1334:
 12654 1b16 5F6C6F63 		.ascii	"_localtime_buf\000"
 12654      616C7469 
 12654      6D655F62 
 12654      756600
 12655              	.LASF1025:
 12656 1b25 6670636C 		.ascii	"fpclassify(__x) (__builtin_fpclassify (FP_NAN, FP_I"
 12656      61737369 
 12656      6679285F 
 12656      5F782920 
 12656      285F5F62 
 12657 1b58 4E46494E 		.ascii	"NFINITE, FP_NORMAL, FP_SUBNORMAL, FP_ZERO, __x))\000"
 12657      4954452C 
 12657      2046505F 
 12657      4E4F524D 
 12657      414C2C20 
 12658              	.LASF394:
 12659 1b89 5F5F5349 		.ascii	"__SIZEOF_WINT_T__ 4\000"
 12659      5A454F46 
 12659      5F57494E 
 12659      545F545F 
 12659      5F203400 
 12660              	.LASF379:
 12661 1b9d 5F5F4743 		.ascii	"__GCC_ATOMIC_BOOL_LOCK_FREE 2\000"
 12661      435F4154 
 12661      4F4D4943 
 12661      5F424F4F 
 12661      4C5F4C4F 
ARM GAS  /var/folders/65/xyhbx3_n6nd_hs7j3p9nfwv80000gn/T//cc2oMwwL.s 			page 247


 12662              	.LASF524:
 12663 1bbb 5F5F5F69 		.ascii	"___int64_t_defined 1\000"
 12663      6E743634 
 12663      5F745F64 
 12663      6566696E 
 12663      65642031 
 12664              	.LASF358:
 12665 1bd0 5F5F5341 		.ascii	"__SA_FBIT__ 15\000"
 12665      5F464249 
 12665      545F5F20 
 12665      313500
 12666              	.LASF436:
 12667 1bdf 5F5F4152 		.ascii	"__ARM_NEON__\000"
 12667      4D5F4E45 
 12667      4F4E5F5F 
 12667      00
 12668              	.LASF907:
 12669 1bec 55494E54 		.ascii	"UINTPTR_MAX (__UINTPTR_MAX__)\000"
 12669      5054525F 
 12669      4D415820 
 12669      285F5F55 
 12669      494E5450 
 12670              	.LASF196:
 12671 1c0a 5F5F464C 		.ascii	"__FLT32_MAX_EXP__ 128\000"
 12671      5433325F 
 12671      4D41585F 
 12671      4558505F 
 12671      5F203132 
 12672              	.LASF1091:
 12673 1c20 4249475F 		.ascii	"BIG_ENDIAN _BIG_ENDIAN\000"
 12673      454E4449 
 12673      414E205F 
 12673      4249475F 
 12673      454E4449 
 12674              	.LASF735:
 12675 1c37 69736469 		.ascii	"isdigit_l(__c,__l) (__ctype_lookup_l(__c,__l)&_N)\000"
 12675      6769745F 
 12675      6C285F5F 
 12675      632C5F5F 
 12675      6C292028 
 12676              	.LASF38:
 12677 1c69 5F5F5549 		.ascii	"__UINTMAX_TYPE__ long long unsigned int\000"
 12677      4E544D41 
 12677      585F5459 
 12677      50455F5F 
 12677      206C6F6E 
 12678              	.LASF294:
 12679 1c91 5F5F554C 		.ascii	"__ULLFRACT_MAX__ 0XFFFFFFFFFFFFFFFFP-64ULLR\000"
 12679      4C465241 
 12679      43545F4D 
 12679      41585F5F 
 12679      20305846 
 12680              	.LASF1226:
 12681 1cbd 67657463 		.ascii	"getchar_unlocked() _getchar_unlocked()\000"
 12681      6861725F 
 12681      756E6C6F 
 12681      636B6564 
ARM GAS  /var/folders/65/xyhbx3_n6nd_hs7j3p9nfwv80000gn/T//cc2oMwwL.s 			page 248


 12681      2829205F 
 12682              	.LASF1171:
 12683 1ce4 5F505448 		.ascii	"_PTHREAD_COND_INITIALIZER ((pthread_cond_t) 0xFFFFF"
 12683      52454144 
 12683      5F434F4E 
 12683      445F494E 
 12683      49544941 
 12684 1d17 46464629 		.ascii	"FFF)\000"
 12684      00
 12685              	.LASF1173:
 12686 1d1c 5F5F6E65 		.ascii	"__need_inttypes\000"
 12686      65645F69 
 12686      6E747479 
 12686      70657300 
 12687              	.LASF883:
 12688 1d2c 5F5F696E 		.ascii	"__int8_t_defined 1\000"
 12688      74385F74 
 12688      5F646566 
 12688      696E6564 
 12688      203100
 12689              	.LASF224:
 12690 1d3f 5F5F464C 		.ascii	"__FLT32X_MIN_10_EXP__ (-307)\000"
 12690      54333258 
 12690      5F4D494E 
 12690      5F31305F 
 12690      4558505F 
 12691              	.LASF555:
 12692 1d5c 5F53495A 		.ascii	"_SIZE_T_DECLARED \000"
 12692      455F545F 
 12692      4445434C 
 12692      41524544 
 12692      2000
 12693              	.LASF40:
 12694 1d6e 5F5F4348 		.ascii	"__CHAR32_TYPE__ long unsigned int\000"
 12694      41523332 
 12694      5F545950 
 12694      455F5F20 
 12694      6C6F6E67 
 12695              	.LASF433:
 12696 1d90 5F5F4152 		.ascii	"__ARM_FEATURE_FP16_VECTOR_ARITHMETIC\000"
 12696      4D5F4645 
 12696      41545552 
 12696      455F4650 
 12696      31365F56 
 12697              	.LASF929:
 12698 1db5 494E545F 		.ascii	"INT_LEAST64_MIN (-__INT_LEAST64_MAX__ - 1)\000"
 12698      4C454153 
 12698      5436345F 
 12698      4D494E20 
 12698      282D5F5F 
 12699              	.LASF661:
 12700 1de0 5F5F7261 		.ascii	"__rangeof(type,start,end) (__offsetof(type, end) - "
 12700      6E67656F 
 12700      66287479 
 12700      70652C73 
 12700      74617274 
 12701 1e13 5F5F6F66 		.ascii	"__offsetof(type, start))\000"
ARM GAS  /var/folders/65/xyhbx3_n6nd_hs7j3p9nfwv80000gn/T//cc2oMwwL.s 			page 249


 12701      66736574 
 12701      6F662874 
 12701      7970652C 
 12701      20737461 
 12702              	.LASF488:
 12703 1e2c 5F504F53 		.ascii	"_POSIX_C_SOURCE 200809L\000"
 12703      49585F43 
 12703      5F534F55 
 12703      52434520 
 12703      32303038 
 12704              	.LASF622:
 12705 1e44 5F5F4343 		.ascii	"__CC_SUPPORTS_DYNAMIC_ARRAY_INIT 1\000"
 12705      5F535550 
 12705      504F5254 
 12705      535F4459 
 12705      4E414D49 
 12706              	.LASF634:
 12707 1e67 5F5F756E 		.ascii	"__unused __attribute__((__unused__))\000"
 12707      75736564 
 12707      205F5F61 
 12707      74747269 
 12707      62757465 
 12708              	.LASF137:
 12709 1e8c 5F5F5549 		.ascii	"__UINT_FAST32_MAX__ 0xffffffffU\000"
 12709      4E545F46 
 12709      41535433 
 12709      325F4D41 
 12709      585F5F20 
 12710              	.LASF1268:
 12711 1eac 5F5F746D 		.ascii	"__tm_mon\000"
 12711      5F6D6F6E 
 12711      00
 12712              	.LASF152:
 12713 1eb5 5F5F464C 		.ascii	"__FLT_MAX_EXP__ 128\000"
 12713      545F4D41 
 12713      585F4558 
 12713      505F5F20 
 12713      31323800 
 12714              	.LASF521:
 12715 1ec9 5F5F5F69 		.ascii	"___int8_t_defined 1\000"
 12715      6E74385F 
 12715      745F6465 
 12715      66696E65 
 12715      64203100 
 12716              	.LASF666:
 12717 1edd 5F5F7374 		.ascii	"__strfmonlike(fmtarg,firstvararg) __attribute__((__"
 12717      72666D6F 
 12717      6E6C696B 
 12717      6528666D 
 12717      74617267 
 12718 1f10 666F726D 		.ascii	"format__ (__strfmon__, fmtarg, firstvararg)))\000"
 12718      61745F5F 
 12718      20285F5F 
 12718      73747266 
 12718      6D6F6E5F 
 12719              	.LASF460:
 12720 1f3e 5F5F4E45 		.ascii	"__NEWLIB_MINOR__ 1\000"
ARM GAS  /var/folders/65/xyhbx3_n6nd_hs7j3p9nfwv80000gn/T//cc2oMwwL.s 			page 250


 12720      574C4942 
 12720      5F4D494E 
 12720      4F525F5F 
 12720      203100
 12721              	.LASF1018:
 12722 1f51 46505F53 		.ascii	"FP_SUBNORMAL 3\000"
 12722      55424E4F 
 12722      524D414C 
 12722      203300
 12723              	.LASF980:
 12724 1f60 4C43445F 		.ascii	"LCD_SCREEN_RECT LCDMakeRect(0,0,LCD_COLUMNS,LCD_ROW"
 12724      53435245 
 12724      454E5F52 
 12724      45435420 
 12724      4C43444D 
 12725 1f93 532900   		.ascii	"S)\000"
 12726              	.LASF507:
 12727 1f96 5F524541 		.ascii	"_READ_WRITE_BUFSIZE_TYPE int\000"
 12727      445F5752 
 12727      4954455F 
 12727      42554653 
 12727      495A455F 
 12728              	.LASF22:
 12729 1fb3 5F5F5349 		.ascii	"__SIZEOF_DOUBLE__ 8\000"
 12729      5A454F46 
 12729      5F444F55 
 12729      424C455F 
 12729      5F203800 
 12730              	.LASF115:
 12731 1fc7 5F5F494E 		.ascii	"__INT_LEAST32_WIDTH__ 32\000"
 12731      545F4C45 
 12731      41535433 
 12731      325F5749 
 12731      4454485F 
 12732              	.LASF777:
 12733 1fe0 5F434C4F 		.ascii	"_CLOCK_T_ unsigned long\000"
 12733      434B5F54 
 12733      5F20756E 
 12733      7369676E 
 12733      6564206C 
 12734              	.LASF223:
 12735 1ff8 5F5F464C 		.ascii	"__FLT32X_MIN_EXP__ (-1021)\000"
 12735      54333258 
 12735      5F4D494E 
 12735      5F455850 
 12735      5F5F2028 
 12736              	.LASF1222:
 12737 2013 636C6561 		.ascii	"clearerr(p) __sclearerr(p)\000"
 12737      72657272 
 12737      28702920 
 12737      5F5F7363 
 12737      6C656172 
 12738              	.LASF914:
 12739 202e 494E5431 		.ascii	"INT16_MIN (-__INT16_MAX__ - 1)\000"
 12739      365F4D49 
 12739      4E20282D 
 12739      5F5F494E 
ARM GAS  /var/folders/65/xyhbx3_n6nd_hs7j3p9nfwv80000gn/T//cc2oMwwL.s 			page 251


 12739      5431365F 
 12740              	.LASF873:
 12741 204d 5F5F4641 		.ascii	"__FAST16 \000"
 12741      53543136 
 12741      2000
 12742              	.LASF1136:
 12743 2057 5F424C4B 		.ascii	"_BLKCNT_T_DECLARED \000"
 12743      434E545F 
 12743      545F4445 
 12743      434C4152 
 12743      45442000 
 12744              	.LASF928:
 12745 206b 55494E54 		.ascii	"UINT64_MAX (__UINT64_MAX__)\000"
 12745      36345F4D 
 12745      41582028 
 12745      5F5F5549 
 12745      4E543634 
 12746              	.LASF495:
 12747 2087 5F5F4C41 		.ascii	"__LARGEFILE_VISIBLE 0\000"
 12747      52474546 
 12747      494C455F 
 12747      56495349 
 12747      424C4520 
 12748              	.LASF246:
 12749 209d 5F5F4445 		.ascii	"__DEC64_MAX__ 9.999999999999999E384DD\000"
 12749      4336345F 
 12749      4D41585F 
 12749      5F20392E 
 12749      39393939 
 12750              	.LASF901:
 12751 20c3 5F5F696E 		.ascii	"__int_fast8_t_defined 1\000"
 12751      745F6661 
 12751      7374385F 
 12751      745F6465 
 12751      66696E65 
 12752              	.LASF459:
 12753 20db 5F5F4E45 		.ascii	"__NEWLIB__ 3\000"
 12753      574C4942 
 12753      5F5F2033 
 12753      00
 12754              	.LASF1071:
 12755 20e8 5F494545 		.ascii	"_IEEE_ __fdlibm_ieee\000"
 12755      455F205F 
 12755      5F66646C 
 12755      69626D5F 
 12755      69656565 
 12756              	.LASF844:
 12757 20fd 45584954 		.ascii	"EXIT_SUCCESS 0\000"
 12757      5F535543 
 12757      43455353 
 12757      203000
 12758              	.LASF151:
 12759 210c 5F5F464C 		.ascii	"__FLT_MIN_10_EXP__ (-37)\000"
 12759      545F4D49 
 12759      4E5F3130 
 12759      5F455850 
 12759      5F5F2028 
ARM GAS  /var/folders/65/xyhbx3_n6nd_hs7j3p9nfwv80000gn/T//cc2oMwwL.s 			page 252


 12760              	.LASF250:
 12761 2125 5F5F4445 		.ascii	"__DEC128_MIN_EXP__ (-6142)\000"
 12761      43313238 
 12761      5F4D494E 
 12761      5F455850 
 12761      5F5F2028 
 12762              	.LASF1024:
 12763 2140 6D617468 		.ascii	"math_errhandling MATH_ERRNO\000"
 12763      5F657272 
 12763      68616E64 
 12763      6C696E67 
 12763      204D4154 
 12764              	.LASF969:
 12765 215c 5345454B 		.ascii	"SEEK_CUR 1\000"
 12765      5F435552 
 12765      203100
 12766              	.LASF154:
 12767 2167 5F5F464C 		.ascii	"__FLT_DECIMAL_DIG__ 9\000"
 12767      545F4445 
 12767      43494D41 
 12767      4C5F4449 
 12767      475F5F20 
 12768              	.LASF849:
 12769 217d 5F535452 		.ascii	"_STRINGS_H_ \000"
 12769      494E4753 
 12769      5F485F20 
 12769      00
 12770              	.LASF1331:
 12771 218a 5F756E75 		.ascii	"_unused_rand\000"
 12771      7365645F 
 12771      72616E64 
 12771      00
 12772              	.LASF113:
 12773 2197 5F5F494E 		.ascii	"__INT_LEAST32_MAX__ 0x7fffffffL\000"
 12773      545F4C45 
 12773      41535433 
 12773      325F4D41 
 12773      585F5F20 
 12774              	.LASF1365:
 12775 21b7 7061744C 		.ascii	"patLen\000"
 12775      656E00
 12776              	.LASF1233:
 12777 21be 7369676E 		.ascii	"signed char\000"
 12777      65642063 
 12777      68617200 
 12778              	.LASF1148:
 12779 21ca 5F474944 		.ascii	"_GID_T_DECLARED \000"
 12779      5F545F44 
 12779      45434C41 
 12779      52454420 
 12779      00
 12780              	.LASF696:
 12781 21db 5F5F6173 		.ascii	"__asserts_exclusive(...) __lock_annotate(assert_exc"
 12781      73657274 
 12781      735F6578 
 12781      636C7573 
 12781      69766528 
ARM GAS  /var/folders/65/xyhbx3_n6nd_hs7j3p9nfwv80000gn/T//cc2oMwwL.s 			page 253


 12782 220e 6C757369 		.ascii	"lusive_lock(__VA_ARGS__))\000"
 12782      76655F6C 
 12782      6F636B28 
 12782      5F5F5641 
 12782      5F415247 
 12783              	.LASF945:
 12784 2228 494E544D 		.ascii	"INTMAX_MIN (-INTMAX_MAX - 1)\000"
 12784      41585F4D 
 12784      494E2028 
 12784      2D494E54 
 12784      4D41585F 
 12785              	.LASF1167:
 12786 2245 50544852 		.ascii	"PTHREAD_EXPLICIT_SCHED 2\000"
 12786      4541445F 
 12786      4558504C 
 12786      49434954 
 12786      5F534348 
 12787              	.LASF435:
 12788 225e 5F5F4152 		.ascii	"__ARM_FEATURE_FMA 1\000"
 12788      4D5F4645 
 12788      41545552 
 12788      455F464D 
 12788      41203100 
 12789              	.LASF1218:
 12790 2272 5F5F7363 		.ascii	"__sclearerr(p) ((void)((p)->_flags &= ~(__SERR|__SE"
 12790      6C656172 
 12790      65727228 
 12790      70292028 
 12790      28766F69 
 12791 22a5 4F462929 		.ascii	"OF)))\000"
 12791      2900
 12792              	.LASF587:
 12793 22ab 5F5F7074 		.ascii	"__ptr_t void *\000"
 12793      725F7420 
 12793      766F6964 
 12793      202A00
 12794              	.LASF374:
 12795 22ba 5F5F474E 		.ascii	"__GNUC_STDC_INLINE__ 1\000"
 12795      55435F53 
 12795      5444435F 
 12795      494E4C49 
 12795      4E455F5F 
 12796              	.LASF812:
 12797 22d1 5F524545 		.ascii	"_REENT_RAND48_ADD(ptr) ((ptr)->_new._reent._r48._ad"
 12797      4E545F52 
 12797      414E4434 
 12797      385F4144 
 12797      44287074 
 12798 2304 642900   		.ascii	"d)\000"
 12799              	.LASF952:
 12800 2307 57434841 		.ascii	"WCHAR_MIN (__WCHAR_MIN__)\000"
 12800      525F4D49 
 12800      4E20285F 
 12800      5F574348 
 12800      41525F4D 
 12801              	.LASF266:
 12802 2321 5F5F4652 		.ascii	"__FRACT_FBIT__ 15\000"
ARM GAS  /var/folders/65/xyhbx3_n6nd_hs7j3p9nfwv80000gn/T//cc2oMwwL.s 			page 254


 12802      4143545F 
 12802      46424954 
 12802      5F5F2031 
 12802      3500
 12803              	.LASF161:
 12804 2333 5F5F464C 		.ascii	"__FLT_HAS_QUIET_NAN__ 1\000"
 12804      545F4841 
 12804      535F5155 
 12804      4945545F 
 12804      4E414E5F 
 12805              	.LASF7:
 12806 234b 5F5F474E 		.ascii	"__GNUC_PATCHLEVEL__ 1\000"
 12806      55435F50 
 12806      41544348 
 12806      4C455645 
 12806      4C5F5F20 
 12807              	.LASF382:
 12808 2361 5F5F4743 		.ascii	"__GCC_ATOMIC_CHAR32_T_LOCK_FREE 2\000"
 12808      435F4154 
 12808      4F4D4943 
 12808      5F434841 
 12808      5233325F 
 12809              	.LASF1176:
 12810 2383 5F666C6F 		.ascii	"_flockfile(fp) (((fp)->_flags & __SSTR) ? 0 : __loc"
 12810      636B6669 
 12810      6C652866 
 12810      70292028 
 12810      28286670 
 12811 23b6 6B5F6163 		.ascii	"k_acquire_recursive((fp)->_lock))\000"
 12811      71756972 
 12811      655F7265 
 12811      63757273 
 12811      69766528 
 12812              	.LASF641:
 12813 23d8 5F5F616C 		.ascii	"__alloc_align(x) __attribute__((__alloc_align__(x))"
 12813      6C6F635F 
 12813      616C6967 
 12813      6E287829 
 12813      205F5F61 
 12814 240b 2900     		.ascii	")\000"
 12815              	.LASF121:
 12816 240d 5F5F5549 		.ascii	"__UINT_LEAST16_MAX__ 0xffff\000"
 12816      4E545F4C 
 12816      45415354 
 12816      31365F4D 
 12816      41585F5F 
 12817              	.LASF1074:
 12818 2429 5F504F53 		.ascii	"_POSIX_ __fdlibm_posix\000"
 12818      49585F20 
 12818      5F5F6664 
 12818      6C69626D 
 12818      5F706F73 
 12819              	.LASF930:
 12820 2440 494E545F 		.ascii	"INT_LEAST64_MAX (__INT_LEAST64_MAX__)\000"
 12820      4C454153 
 12820      5436345F 
 12820      4D415820 
ARM GAS  /var/folders/65/xyhbx3_n6nd_hs7j3p9nfwv80000gn/T//cc2oMwwL.s 			page 255


 12820      285F5F49 
 12821              	.LASF1080:
 12822 2466 5F5F6E65 		.ascii	"__need___va_list \000"
 12822      65645F5F 
 12822      5F76615F 
 12822      6C697374 
 12822      2000
 12823              	.LASF814:
 12824 2478 5F524545 		.ascii	"_REENT_MP_RESULT_K(ptr) ((ptr)->_result_k)\000"
 12824      4E545F4D 
 12824      505F5245 
 12824      53554C54 
 12824      5F4B2870 
 12825              	.LASF1056:
 12826 24a3 4D5F325F 		.ascii	"M_2_PI 0.63661977236758134308\000"
 12826      50492030 
 12826      2E363336 
 12826      36313937 
 12826      37323336 
 12827              	.LASF851:
 12828 24c1 5F535444 		.ascii	"_STDINT_H \000"
 12828      494E545F 
 12828      482000
 12829              	.LASF655:
 12830 24cc 5F5F7072 		.ascii	"__predict_true(exp) __builtin_expect((exp), 1)\000"
 12830      65646963 
 12830      745F7472 
 12830      75652865 
 12830      78702920 
 12831              	.LASF972:
 12832 24fb 5F535444 		.ascii	"_STDBOOL_H \000"
 12832      424F4F4C 
 12832      5F482000 
 12833              	.LASF770:
 12834 2507 5F5F6C6F 		.ascii	"__lock_release_recursive(lock) __retarget_lock_rele"
 12834      636B5F72 
 12834      656C6561 
 12834      73655F72 
 12834      65637572 
 12835 253a 6173655F 		.ascii	"ase_recursive(lock)\000"
 12835      72656375 
 12835      72736976 
 12835      65286C6F 
 12835      636B2900 
 12836              	.LASF1037:
 12837 254e 6C6F6732 		.ascii	"log2(x) (log (x) / _M_LN2)\000"
 12837      28782920 
 12837      286C6F67 
 12837      20287829 
 12837      202F205F 
 12838              	.LASF212:
 12839 2569 5F5F464C 		.ascii	"__FLT64_MAX_10_EXP__ 308\000"
 12839      5436345F 
 12839      4D41585F 
 12839      31305F45 
 12839      58505F5F 
 12840              	.LASF18:
ARM GAS  /var/folders/65/xyhbx3_n6nd_hs7j3p9nfwv80000gn/T//cc2oMwwL.s 			page 256


 12841 2582 5F5F5349 		.ascii	"__SIZEOF_LONG__ 4\000"
 12841      5A454F46 
 12841      5F4C4F4E 
 12841      475F5F20 
 12841      3400
 12842              	.LASF1378:
 12843 2594 73747275 		.ascii	"strutil_ends_with\000"
 12843      74696C5F 
 12843      656E6473 
 12843      5F776974 
 12843      6800
 12844              	.LASF132:
 12845 25a6 5F5F494E 		.ascii	"__INT_FAST32_WIDTH__ 32\000"
 12845      545F4641 
 12845      53543332 
 12845      5F574944 
 12845      54485F5F 
 12846              	.LASF591:
 12847 25be 5F5F6174 		.ascii	"__attribute_format_strfmon__(a,b) \000"
 12847      74726962 
 12847      7574655F 
 12847      666F726D 
 12847      61745F73 
 12848              	.LASF554:
 12849 25e1 5F425344 		.ascii	"_BSD_SIZE_T_DEFINED_ \000"
 12849      5F53495A 
 12849      455F545F 
 12849      44454649 
 12849      4E45445F 
 12850              	.LASF523:
 12851 25f7 5F5F5F69 		.ascii	"___int32_t_defined 1\000"
 12851      6E743332 
 12851      5F745F64 
 12851      6566696E 
 12851      65642031 
 12852              	.LASF64:
 12853 260c 5F5F5549 		.ascii	"__UINT_FAST32_TYPE__ unsigned int\000"
 12853      4E545F46 
 12853      41535433 
 12853      325F5459 
 12853      50455F5F 
 12854              	.LASF1234:
 12855 262e 756E7369 		.ascii	"unsigned char\000"
 12855      676E6564 
 12855      20636861 
 12855      7200
 12856              	.LASF3:
 12857 263c 5F5F5354 		.ascii	"__STDC_UTF_32__ 1\000"
 12857      44435F55 
 12857      54465F33 
 12857      325F5F20 
 12857      3100
 12858              	.LASF21:
 12859 264e 5F5F5349 		.ascii	"__SIZEOF_FLOAT__ 4\000"
 12859      5A454F46 
 12859      5F464C4F 
 12859      41545F5F 
ARM GAS  /var/folders/65/xyhbx3_n6nd_hs7j3p9nfwv80000gn/T//cc2oMwwL.s 			page 257


 12859      203400
 12860              	.LASF231:
 12861 2661 5F5F464C 		.ascii	"__FLT32X_DENORM_MIN__ 4.9406564584124654e-324F32x\000"
 12861      54333258 
 12861      5F44454E 
 12861      4F524D5F 
 12861      4D494E5F 
 12862              	.LASF614:
 12863 2693 5F5F474E 		.ascii	"__GNUCLIKE_MATH_BUILTIN_RELOPS \000"
 12863      55434C49 
 12863      4B455F4D 
 12863      4154485F 
 12863      4255494C 
 12864              	.LASF153:
 12865 26b3 5F5F464C 		.ascii	"__FLT_MAX_10_EXP__ 38\000"
 12865      545F4D41 
 12865      585F3130 
 12865      5F455850 
 12865      5F5F2033 
 12866              	.LASF583:
 12867 26c9 5F5F504D 		.ascii	"__PMT(args) args\000"
 12867      54286172 
 12867      67732920 
 12867      61726773 
 12867      00
 12868              	.LASF253:
 12869 26da 5F5F4445 		.ascii	"__DEC128_MAX__ 9.999999999999999999999999999999999E"
 12869      43313238 
 12869      5F4D4158 
 12869      5F5F2039 
 12869      2E393939 
 12870 270d 36313434 		.ascii	"6144DL\000"
 12870      444C00
 12871              	.LASF251:
 12872 2714 5F5F4445 		.ascii	"__DEC128_MAX_EXP__ 6145\000"
 12872      43313238 
 12872      5F4D4158 
 12872      5F455850 
 12872      5F5F2036 
 12873              	.LASF908:
 12874 272c 494E5438 		.ascii	"INT8_MIN (-__INT8_MAX__ - 1)\000"
 12874      5F4D494E 
 12874      20282D5F 
 12874      5F494E54 
 12874      385F4D41 
 12875              	.LASF1097:
 12876 2749 5F5F6874 		.ascii	"__htonl(_x) __bswap32(_x)\000"
 12876      6F6E6C28 
 12876      5F782920 
 12876      5F5F6273 
 12876      77617033 
 12877              	.LASF131:
 12878 2763 5F5F494E 		.ascii	"__INT_FAST32_MAX__ 0x7fffffff\000"
 12878      545F4641 
 12878      53543332 
 12878      5F4D4158 
 12878      5F5F2030 
ARM GAS  /var/folders/65/xyhbx3_n6nd_hs7j3p9nfwv80000gn/T//cc2oMwwL.s 			page 258


 12879              	.LASF10:
 12880 2781 5F5F4154 		.ascii	"__ATOMIC_SEQ_CST 5\000"
 12880      4F4D4943 
 12880      5F534551 
 12880      5F435354 
 12880      203500
 12881              	.LASF506:
 12882 2794 5F524541 		.ascii	"_READ_WRITE_RETURN_TYPE int\000"
 12882      445F5752 
 12882      4954455F 
 12882      52455455 
 12882      524E5F54 
 12883              	.LASF1214:
 12884 27b0 5F5F7367 		.ascii	"__sgetc_raw_r(__ptr,__f) (--(__f)->_r < 0 ? __srget"
 12884      6574635F 
 12884      7261775F 
 12884      72285F5F 
 12884      7074722C 
 12885 27e3 5F72285F 		.ascii	"_r(__ptr, __f) : (int)(*(__f)->_p++))\000"
 12885      5F707472 
 12885      2C205F5F 
 12885      6629203A 
 12885      2028696E 
 12886              	.LASF1217:
 12887 2809 5F5F7366 		.ascii	"__sferror(p) ((int)(((p)->_flags & __SERR) != 0))\000"
 12887      6572726F 
 12887      72287029 
 12887      20282869 
 12887      6E742928 
 12888              	.LASF1146:
 12889 283b 5F444556 		.ascii	"_DEV_T_DECLARED \000"
 12889      5F545F44 
 12889      45434C41 
 12889      52454420 
 12889      00
 12890              	.LASF733:
 12891 284c 69737570 		.ascii	"isupper_l(__c,__l) ((__ctype_lookup_l(__c,__l)&(_U|"
 12891      7065725F 
 12891      6C285F5F 
 12891      632C5F5F 
 12891      6C292028 
 12892 287f 5F4C2929 		.ascii	"_L))==_U)\000"
 12892      3D3D5F55 
 12892      2900
 12893              	.LASF1308:
 12894 2889 5F756E73 		.ascii	"_unspecified_locale_info\000"
 12894      70656369 
 12894      66696564 
 12894      5F6C6F63 
 12894      616C655F 
 12895              	.LASF758:
 12896 28a2 5F4C4F43 		.ascii	"_LOCK_RECURSIVE_T _LOCK_T\000"
 12896      4B5F5245 
 12896      43555253 
 12896      4956455F 
 12896      54205F4C 
 12897              	.LASF673:
ARM GAS  /var/folders/65/xyhbx3_n6nd_hs7j3p9nfwv80000gn/T//cc2oMwwL.s 			page 259


 12898 28bc 5F5F7379 		.ascii	"__sym_default(sym,impl,verid) __asm__(\".symver \" "
 12898      6D5F6465 
 12898      6661756C 
 12898      74287379 
 12898      6D2C696D 
 12899 28ed 23696D70 		.ascii	"#impl \", \" #sym \"@@\" #verid)\000"
 12899      6C20222C 
 12899      20222023 
 12899      73796D20 
 12899      22404022 
 12900              	.LASF1157:
 12901 290a 5F54494D 		.ascii	"_TIMER_T_DECLARED \000"
 12901      45525F54 
 12901      5F444543 
 12901      4C415245 
 12901      442000
 12902              	.LASF933:
 12903 291d 494E545F 		.ascii	"INT_FAST8_MAX (__INT_FAST8_MAX__)\000"
 12903      46415354 
 12903      385F4D41 
 12903      5820285F 
 12903      5F494E54 
 12904              	.LASF1301:
 12905 293f 5F726565 		.ascii	"_reent\000"
 12905      6E7400
 12906              	.LASF104:
 12907 2946 5F5F5549 		.ascii	"__UINT16_MAX__ 0xffff\000"
 12907      4E543136 
 12907      5F4D4158 
 12907      5F5F2030 
 12907      78666666 
 12908              	.LASF1177:
 12909 295c 5F66756E 		.ascii	"_funlockfile(fp) (((fp)->_flags & __SSTR) ? 0 : __l"
 12909      6C6F636B 
 12909      66696C65 
 12909      28667029 
 12909      20282828 
 12910 298f 6F636B5F 		.ascii	"ock_release_recursive((fp)->_lock))\000"
 12910      72656C65 
 12910      6173655F 
 12910      72656375 
 12910      72736976 
 12911              	.LASF1355:
 12912 29b3 5F676C6F 		.ascii	"_global_impure_ptr\000"
 12912      62616C5F 
 12912      696D7075 
 12912      72655F70 
 12912      747200
 12913              	.LASF1078:
 12914 29c6 5F535444 		.ascii	"_STDIO_H_ \000"
 12914      494F5F48 
 12914      5F2000
 12915              	.LASF255:
 12916 29d1 5F5F4445 		.ascii	"__DEC128_SUBNORMAL_MIN__ 0.000000000000000000000000"
 12916      43313238 
 12916      5F535542 
 12916      4E4F524D 
ARM GAS  /var/folders/65/xyhbx3_n6nd_hs7j3p9nfwv80000gn/T//cc2oMwwL.s 			page 260


 12916      414C5F4D 
 12917 2a04 30303030 		.ascii	"000000001E-6143DL\000"
 12917      30303030 
 12917      31452D36 
 12917      31343344 
 12917      4C00
 12918              	.LASF468:
 12919 2a16 5F484156 		.ascii	"_HAVE_LONG_DOUBLE 1\000"
 12919      455F4C4F 
 12919      4E475F44 
 12919      4F55424C 
 12919      45203100 
 12920              	.LASF904:
 12921 2a2a 5F5F696E 		.ascii	"__int_fast64_t_defined 1\000"
 12921      745F6661 
 12921      73743634 
 12921      5F745F64 
 12921      6566696E 
 12922              	.LASF794:
 12923 2a43 5F524545 		.ascii	"_REENT_EMERGENCY_SIZE 25\000"
 12923      4E545F45 
 12923      4D455247 
 12923      454E4359 
 12923      5F53495A 
 12924              	.LASF450:
 12925 2a5c 5F5F5553 		.ascii	"__USES_INITFINI__ 1\000"
 12925      45535F49 
 12925      4E495446 
 12925      494E495F 
 12925      5F203100 
 12926              	.LASF1220:
 12927 2a70 66656F66 		.ascii	"feof(p) __sfeof(p)\000"
 12927      28702920 
 12927      5F5F7366 
 12927      656F6628 
 12927      702900
 12928              	.LASF607:
 12929 2a83 5F5F474E 		.ascii	"__GNUCLIKE_BUILTIN_CONSTANT_P 1\000"
 12929      55434C49 
 12929      4B455F42 
 12929      55494C54 
 12929      494E5F43 
 12930              	.LASF1174:
 12931 2aa3 5F5F4649 		.ascii	"__FILE_defined \000"
 12931      4C455F64 
 12931      6566696E 
 12931      65642000 
 12932              	.LASF20:
 12933 2ab3 5F5F5349 		.ascii	"__SIZEOF_SHORT__ 2\000"
 12933      5A454F46 
 12933      5F53484F 
 12933      52545F5F 
 12933      203200
 12934              	.LASF331:
 12935 2ac6 5F5F554C 		.ascii	"__ULLACCUM_FBIT__ 32\000"
 12935      4C414343 
 12935      554D5F46 
ARM GAS  /var/folders/65/xyhbx3_n6nd_hs7j3p9nfwv80000gn/T//cc2oMwwL.s 			page 261


 12935      4249545F 
 12935      5F203332 
 12936              	.LASF1011:
 12937 2adb 4E414E20 		.ascii	"NAN (__builtin_nanf(\"\"))\000"
 12937      285F5F62 
 12937      75696C74 
 12937      696E5F6E 
 12937      616E6628 
 12938              	.LASF1152:
 12939 2af4 5F4D4F44 		.ascii	"_MODE_T_DECLARED \000"
 12939      455F545F 
 12939      4445434C 
 12939      41524544 
 12939      2000
 12940              	.LASF1358:
 12941 2b06 5F426F6F 		.ascii	"_Bool\000"
 12941      6C00
 12942              	.LASF1374:
 12943 2b0c 66726F6D 		.ascii	"from\000"
 12943      00
 12944              	.LASF1069:
 12945 2b11 5F4C4942 		.ascii	"_LIB_VERSION_TYPE enum __fdlibm_version\000"
 12945      5F564552 
 12945      53494F4E 
 12945      5F545950 
 12945      4520656E 
 12946              	.LASF679:
 12947 2b39 5F5F4445 		.ascii	"__DECONST(type,var) ((type)(__uintptr_t)(const void"
 12947      434F4E53 
 12947      54287479 
 12947      70652C76 
 12947      61722920 
 12948 2b6c 202A2928 		.ascii	" *)(var))\000"
 12948      76617229 
 12948      2900
 12949              	.LASF156:
 12950 2b76 5F5F464C 		.ascii	"__FLT_MIN__ 1.1754943508222875e-38F\000"
 12950      545F4D49 
 12950      4E5F5F20 
 12950      312E3137 
 12950      35343934 
 12951              	.LASF320:
 12952 2b9a 5F5F4C41 		.ascii	"__LACCUM_EPSILON__ 0x1P-31LK\000"
 12952      4343554D 
 12952      5F455053 
 12952      494C4F4E 
 12952      5F5F2030 
 12953              	.LASF578:
 12954 2bb7 4E554C4C 		.ascii	"NULL\000"
 12954      00
 12955              	.LASF717:
 12956 2bbc 5F5F6374 		.ascii	"__ctype_lookup(__c) ((__CTYPE_PTR+sizeof(\"\"[__c])"
 12956      7970655F 
 12956      6C6F6F6B 
 12956      7570285F 
 12956      5F632920 
 12957 2bed 295B2869 		.ascii	")[(int)(__c)])\000"
ARM GAS  /var/folders/65/xyhbx3_n6nd_hs7j3p9nfwv80000gn/T//cc2oMwwL.s 			page 262


 12957      6E742928 
 12957      5F5F6329 
 12957      5D2900
 12958              	.LASF647:
 12959 2bfc 5F5F6E6F 		.ascii	"__noinline __attribute__ ((__noinline__))\000"
 12959      696E6C69 
 12959      6E65205F 
 12959      5F617474 
 12959      72696275 
 12960              	.LASF838:
 12961 2c26 5F4D4143 		.ascii	"_MACHSTDLIB_H_ \000"
 12961      48535444 
 12961      4C49425F 
 12961      485F2000 
 12962              	.LASF23:
 12963 2c36 5F5F5349 		.ascii	"__SIZEOF_LONG_DOUBLE__ 8\000"
 12963      5A454F46 
 12963      5F4C4F4E 
 12963      475F444F 
 12963      55424C45 
 12964              	.LASF1005:
 12965 2c4f 5F4D4154 		.ascii	"_MATH_H_ \000"
 12965      485F485F 
 12965      2000
 12966              	.LASF1034:
 12967 2c59 69736C65 		.ascii	"islessequal(__x,__y) (__builtin_islessequal (__x, _"
 12967      73736571 
 12967      75616C28 
 12967      5F5F782C 
 12967      5F5F7929 
 12968 2c8c 5F792929 		.ascii	"_y))\000"
 12968      00
 12969              	.LASF392:
 12970 2c91 5F5F5052 		.ascii	"__PRAGMA_REDEFINE_EXTNAME 1\000"
 12970      41474D41 
 12970      5F524544 
 12970      4546494E 
 12970      455F4558 
 12971              	.LASF35:
 12972 2cad 5F5F5743 		.ascii	"__WCHAR_TYPE__ unsigned int\000"
 12972      4841525F 
 12972      54595045 
 12972      5F5F2075 
 12972      6E736967 
 12973              	.LASF1036:
 12974 2cc9 6973756E 		.ascii	"isunordered(__x,__y) (__builtin_isunordered (__x, _"
 12974      6F726465 
 12974      72656428 
 12974      5F5F782C 
 12974      5F5F7929 
 12975 2cfc 5F792929 		.ascii	"_y))\000"
 12975      00
 12976              	.LASF855:
 12977 2d01 63686172 		.ascii	"char\000"
 12977      00
 12978              	.LASF367:
 12979 2d06 5F5F5553 		.ascii	"__USA_IBIT__ 16\000"
ARM GAS  /var/folders/65/xyhbx3_n6nd_hs7j3p9nfwv80000gn/T//cc2oMwwL.s 			page 263


 12979      415F4942 
 12979      49545F5F 
 12979      20313600 
 12980              	.LASF377:
 12981 2d16 5F5F4743 		.ascii	"__GCC_HAVE_SYNC_COMPARE_AND_SWAP_2 1\000"
 12981      435F4841 
 12981      56455F53 
 12981      594E435F 
 12981      434F4D50 
 12982              	.LASF964:
 12983 2d3b 494E544D 		.ascii	"INTMAX_C(x) __INTMAX_C(x)\000"
 12983      41585F43 
 12983      28782920 
 12983      5F5F494E 
 12983      544D4158 
 12984              	.LASF731:
 12985 2d55 5F5F6374 		.ascii	"__ctype_lookup_l(__c,__l) ((__locale_ctype_ptr_l(__"
 12985      7970655F 
 12985      6C6F6F6B 
 12985      75705F6C 
 12985      285F5F63 
 12986 2d88 6C292B73 		.ascii	"l)+sizeof(\"\"[__c]))[(int)(__c)])\000"
 12986      697A656F 
 12986      66282222 
 12986      5B5F5F63 
 12986      5D29295B 
 12987              	.LASF659:
 12988 2da9 5F5F6869 		.ascii	"__hidden __attribute__((__visibility__(\"hidden\"))"
 12988      6464656E 
 12988      205F5F61 
 12988      74747269 
 12988      62757465 
 12989 2dda 2900     		.ascii	")\000"
 12990              	.LASF1280:
 12991 2ddc 5F666E73 		.ascii	"_fns\000"
 12991      00
 12992              	.LASF1190:
 12993 2de1 5F5F534F 		.ascii	"__SOFF 0x1000\000"
 12993      46462030 
 12993      78313030 
 12993      3000
 12994              	.LASF65:
 12995 2def 5F5F5549 		.ascii	"__UINT_FAST64_TYPE__ long long unsigned int\000"
 12995      4E545F46 
 12995      41535436 
 12995      345F5459 
 12995      50455F5F 
 12996              	.LASF1077:
 12997 2e1b 70645F61 		.ascii	"pd_api_http_h \000"
 12997      70695F68 
 12997      7474705F 
 12997      682000
 12998              	.LASF1147:
 12999 2e2a 5F554944 		.ascii	"_UID_T_DECLARED \000"
 12999      5F545F44 
 12999      45434C41 
 12999      52454420 
ARM GAS  /var/folders/65/xyhbx3_n6nd_hs7j3p9nfwv80000gn/T//cc2oMwwL.s 			page 264


 12999      00
 13000              	.LASF825:
 13001 2e3b 5F524545 		.ascii	"_REENT_MBRTOWC_STATE(ptr) ((ptr)->_new._reent._mbrt"
 13001      4E545F4D 
 13001      4252544F 
 13001      57435F53 
 13001      54415445 
 13002 2e6e 6F77635F 		.ascii	"owc_state)\000"
 13002      73746174 
 13002      652900
 13003              	.LASF775:
 13004 2e79 5F57494E 		.ascii	"_WINT_T \000"
 13004      545F5420 
 13004      00
 13005              	.LASF912:
 13006 2e82 494E545F 		.ascii	"INT_LEAST8_MAX (__INT_LEAST8_MAX__)\000"
 13006      4C454153 
 13006      54385F4D 
 13006      41582028 
 13006      5F5F494E 
 13007              	.LASF1292:
 13008 2ea6 5F636C6F 		.ascii	"_close\000"
 13008      736500
 13009              	.LASF751:
 13010 2ead 5F5F6E65 		.ascii	"__need_size_t \000"
 13010      65645F73 
 13010      697A655F 
 13010      742000
 13011              	.LASF356:
 13012 2ebc 5F5F4841 		.ascii	"__HA_FBIT__ 7\000"
 13012      5F464249 
 13012      545F5F20 
 13012      3700
 13013              	.LASF1017:
 13014 2eca 46505F5A 		.ascii	"FP_ZERO 2\000"
 13014      45524F20 
 13014      3200
 13015              	.LASF859:
 13016 2ed4 7369676E 		.ascii	"signed +0\000"
 13016      6564202B 
 13016      3000
 13017              	.LASF387:
 13018 2ede 5F5F4743 		.ascii	"__GCC_ATOMIC_LLONG_LOCK_FREE 1\000"
 13018      435F4154 
 13018      4F4D4943 
 13018      5F4C4C4F 
 13018      4E475F4C 
 13019              	.LASF949:
 13020 2efd 5349475F 		.ascii	"SIG_ATOMIC_MAX (__STDINT_EXP(INT_MAX))\000"
 13020      41544F4D 
 13020      49435F4D 
 13020      41582028 
 13020      5F5F5354 
 13021              	.LASF807:
 13022 2f24 5F524545 		.ascii	"_REENT_CHECK_SIGNAL_BUF(ptr) \000"
 13022      4E545F43 
 13022      4845434B 
ARM GAS  /var/folders/65/xyhbx3_n6nd_hs7j3p9nfwv80000gn/T//cc2oMwwL.s 			page 265


 13022      5F534947 
 13022      4E414C5F 
 13023              	.LASF940:
 13024 2f42 55494E54 		.ascii	"UINT_FAST32_MAX (__UINT_FAST32_MAX__)\000"
 13024      5F464153 
 13024      5433325F 
 13024      4D415820 
 13024      285F5F55 
 13025              	.LASF708:
 13026 2f68 5F4C2030 		.ascii	"_L 02\000"
 13026      3200
 13027              	.LASF1372:
 13028 2f6e 696E5275 		.ascii	"inRun\000"
 13028      6E00
 13029              	.LASF1384:
 13030 2f74 73747275 		.ascii	"strutil_lower_dup\000"
 13030      74696C5F 
 13030      6C6F7765 
 13030      725F6475 
 13030      7000
 13031              	.LASF704:
 13032 2f86 5F584C4F 		.ascii	"_XLOCALE_H \000"
 13032      43414C45 
 13032      5F482000 
 13033              	.LASF262:
 13034 2f92 5F5F5553 		.ascii	"__USFRACT_IBIT__ 0\000"
 13034      46524143 
 13034      545F4942 
 13034      49545F5F 
 13034      203000
 13035              	.LASF1164:
 13036 2fa5 50544852 		.ascii	"PTHREAD_SCOPE_PROCESS 0\000"
 13036      4541445F 
 13036      53434F50 
 13036      455F5052 
 13036      4F434553 
 13037              	.LASF959:
 13038 2fbd 55494E54 		.ascii	"UINT16_C(x) __UINT16_C(x)\000"
 13038      31365F43 
 13038      28782920 
 13038      5F5F5549 
 13038      4E543136 
 13039              	.LASF631:
 13040 2fd7 5F5F7765 		.ascii	"__weak_symbol __attribute__((__weak__))\000"
 13040      616B5F73 
 13040      796D626F 
 13040      6C205F5F 
 13040      61747472 
 13041              	.LASF263:
 13042 2fff 5F5F5553 		.ascii	"__USFRACT_MIN__ 0.0UHR\000"
 13042      46524143 
 13042      545F4D49 
 13042      4E5F5F20 
 13042      302E3055 
 13043              	.LASF635:
 13044 3016 5F5F7573 		.ascii	"__used __attribute__((__used__))\000"
 13044      6564205F 
ARM GAS  /var/folders/65/xyhbx3_n6nd_hs7j3p9nfwv80000gn/T//cc2oMwwL.s 			page 266


 13044      5F617474 
 13044      72696275 
 13044      74655F5F 
 13045              	.LASF642:
 13046 3037 5F5F6765 		.ascii	"__generic(expr,t,yes,no) _Generic(expr, t: yes, def"
 13046      6E657269 
 13046      63286578 
 13046      70722C74 
 13046      2C796573 
 13047 306a 61756C74 		.ascii	"ault: no)\000"
 13047      3A206E6F 
 13047      2900
 13048              	.LASF437:
 13049 3074 5F5F4152 		.ascii	"__ARM_NEON\000"
 13049      4D5F4E45 
 13049      4F4E00
 13050              	.LASF819:
 13051 307f 5F524545 		.ascii	"_REENT_EMERGENCY(ptr) ((ptr)->_emergency)\000"
 13051      4E545F45 
 13051      4D455247 
 13051      454E4359 
 13051      28707472 
 13052              	.LASF606:
 13053 30a9 5F5F474E 		.ascii	"__GNUCLIKE_CTOR_SECTION_HANDLING 1\000"
 13053      55434C49 
 13053      4B455F43 
 13053      544F525F 
 13053      53454354 
 13054              	.LASF103:
 13055 30cc 5F5F5549 		.ascii	"__UINT8_MAX__ 0xff\000"
 13055      4E54385F 
 13055      4D41585F 
 13055      5F203078 
 13055      666600
 13056              	.LASF522:
 13057 30df 5F5F5F69 		.ascii	"___int16_t_defined 1\000"
 13057      6E743136 
 13057      5F745F64 
 13057      6566696E 
 13057      65642031 
 13058              	.LASF835:
 13059 30f4 5F524545 		.ascii	"_REENT _impure_ptr\000"
 13059      4E54205F 
 13059      696D7075 
 13059      72655F70 
 13059      747200
 13060              	.LASF181:
 13061 3107 5F5F4C44 		.ascii	"__LDBL_MAX_EXP__ 1024\000"
 13061      424C5F4D 
 13061      41585F45 
 13061      58505F5F 
 13061      20313032 
 13062              	.LASF709:
 13063 311d 5F4E2030 		.ascii	"_N 04\000"
 13063      3400
 13064              	.LASF1303:
 13065 3123 5F737464 		.ascii	"_stdin\000"
ARM GAS  /var/folders/65/xyhbx3_n6nd_hs7j3p9nfwv80000gn/T//cc2oMwwL.s 			page 267


 13065      696E00
 13066              	.LASF658:
 13067 312a 5F5F6578 		.ascii	"__exported __attribute__((__visibility__(\"default\""
 13067      706F7274 
 13067      6564205F 
 13067      5F617474 
 13067      72696275 
 13068 315c 29292900 		.ascii	")))\000"
 13069              	.LASF545:
 13070 3160 5F53495A 		.ascii	"_SIZE_T \000"
 13070      455F5420 
 13070      00
 13071              	.LASF982:
 13072 3169 70646578 		.ascii	"pdext_sys_h \000"
 13072      745F7379 
 13072      735F6820 
 13072      00
 13073              	.LASF174:
 13074 3176 5F5F4442 		.ascii	"__DBL_HAS_DENORM__ 1\000"
 13074      4C5F4841 
 13074      535F4445 
 13074      4E4F524D 
 13074      5F5F2031 
 13075              	.LASF768:
 13076 318b 5F5F6C6F 		.ascii	"__lock_try_acquire_recursive(lock) __retarget_lock_"
 13076      636B5F74 
 13076      72795F61 
 13076      63717569 
 13076      72655F72 
 13077 31be 7472795F 		.ascii	"try_acquire_recursive(lock)\000"
 13077      61637175 
 13077      6972655F 
 13077      72656375 
 13077      72736976 
 13078              	.LASF1087:
 13079 31da 5F425954 		.ascii	"_BYTE_ORDER _LITTLE_ENDIAN\000"
 13079      455F4F52 
 13079      44455220 
 13079      5F4C4954 
 13079      544C455F 
 13080              	.LASF617:
 13081 31f5 5F5F4343 		.ascii	"__CC_SUPPORTS___INLINE 1\000"
 13081      5F535550 
 13081      504F5254 
 13081      535F5F5F 
 13081      494E4C49 
 13082              	.LASF465:
 13083 320e 5F4D425F 		.ascii	"_MB_LEN_MAX 1\000"
 13083      4C454E5F 
 13083      4D415820 
 13083      3100
 13084              	.LASF783:
 13085 321c 5F415445 		.ascii	"_ATEXIT_SIZE 32\000"
 13085      5849545F 
 13085      53495A45 
 13085      20333200 
 13086              	.LASF921:
ARM GAS  /var/folders/65/xyhbx3_n6nd_hs7j3p9nfwv80000gn/T//cc2oMwwL.s 			page 268


 13087 322c 494E5433 		.ascii	"INT32_MAX (__INT32_MAX__)\000"
 13087      325F4D41 
 13087      5820285F 
 13087      5F494E54 
 13087      33325F4D 
 13088              	.LASF1227:
 13089 3246 70757463 		.ascii	"putchar_unlocked(_c) _putchar_unlocked(_c)\000"
 13089      6861725F 
 13089      756E6C6F 
 13089      636B6564 
 13089      285F6329 
 13090              	.LASF70:
 13091 3271 5F5F4758 		.ascii	"__GXX_ABI_VERSION 1013\000"
 13091      585F4142 
 13091      495F5645 
 13091      5253494F 
 13091      4E203130 
 13092              	.LASF1178:
 13093 3288 5F5F534C 		.ascii	"__SLBF 0x0001\000"
 13093      42462030 
 13093      78303030 
 13093      3100
 13094              	.LASF1035:
 13095 3296 69736C65 		.ascii	"islessgreater(__x,__y) (__builtin_islessgreater (__"
 13095      73736772 
 13095      65617465 
 13095      72285F5F 
 13095      782C5F5F 
 13096 32c9 782C205F 		.ascii	"x, __y))\000"
 13096      5F792929 
 13096      00
 13097              	.LASF375:
 13098 32d2 5F5F4348 		.ascii	"__CHAR_UNSIGNED__ 1\000"
 13098      41525F55 
 13098      4E534947 
 13098      4E45445F 
 13098      5F203100 
 13099              	.LASF1192:
 13100 32e6 5F5F534C 		.ascii	"__SL64 0x8000\000"
 13100      36342030 
 13100      78383030 
 13100      3000
 13101              	.LASF110:
 13102 32f4 5F5F494E 		.ascii	"__INT_LEAST16_MAX__ 0x7fff\000"
 13102      545F4C45 
 13102      41535431 
 13102      365F4D41 
 13102      585F5F20 
 13103              	.LASF526:
 13104 330f 5F5F5F69 		.ascii	"___int_least16_t_defined 1\000"
 13104      6E745F6C 
 13104      65617374 
 13104      31365F74 
 13104      5F646566 
 13105              	.LASF1123:
 13106 332a 46445F53 		.ascii	"FD_SET(n,p) ((p)->fds_bits[(n)/NFDBITS] |= (1L << ("
 13106      4554286E 
ARM GAS  /var/folders/65/xyhbx3_n6nd_hs7j3p9nfwv80000gn/T//cc2oMwwL.s 			page 269


 13106      2C702920 
 13106      28287029 
 13106      2D3E6664 
 13107 335d 286E2920 		.ascii	"(n) % NFDBITS)))\000"
 13107      25204E46 
 13107      44424954 
 13107      53292929 
 13107      00
 13108              	.LASF158:
 13109 336e 5F5F464C 		.ascii	"__FLT_DENORM_MIN__ 1.4012984643248171e-45F\000"
 13109      545F4445 
 13109      4E4F524D 
 13109      5F4D494E 
 13109      5F5F2031 
 13110              	.LASF185:
 13111 3399 5F5F4C44 		.ascii	"__LDBL_MAX__ 1.7976931348623157e+308L\000"
 13111      424C5F4D 
 13111      41585F5F 
 13111      20312E37 
 13111      39373639 
 13112              	.LASF937:
 13113 33bf 55494E54 		.ascii	"UINT_FAST16_MAX (__UINT_FAST16_MAX__)\000"
 13113      5F464153 
 13113      5431365F 
 13113      4D415820 
 13113      285F5F55 
 13114              	.LASF1066:
 13115 33e5 4D5F4956 		.ascii	"M_IVLN10 0.43429448190325182765\000"
 13115      4C4E3130 
 13115      20302E34 
 13115      33343239 
 13115      34343831 
 13116              	.LASF652:
 13117 3405 5F5F7265 		.ascii	"__returns_twice __attribute__((__returns_twice__))\000"
 13117      7475726E 
 13117      735F7477 
 13117      69636520 
 13117      5F5F6174 
 13118              	.LASF335:
 13119 3438 5F5F554C 		.ascii	"__ULLACCUM_EPSILON__ 0x1P-32ULLK\000"
 13119      4C414343 
 13119      554D5F45 
 13119      5053494C 
 13119      4F4E5F5F 
 13120              	.LASF699:
 13121 3459 5F5F7265 		.ascii	"__requires_shared(...) __lock_annotate(shared_locks"
 13121      71756972 
 13121      65735F73 
 13121      68617265 
 13121      64282E2E 
 13122 348c 5F726571 		.ascii	"_required(__VA_ARGS__))\000"
 13122      75697265 
 13122      64285F5F 
 13122      56415F41 
 13122      5247535F 
 13123              	.LASF509:
 13124 34a4 5F454E44 		.ascii	"_END_STD_C \000"
ARM GAS  /var/folders/65/xyhbx3_n6nd_hs7j3p9nfwv80000gn/T//cc2oMwwL.s 			page 270


 13124      5F535444 
 13124      5F432000 
 13125              	.LASF602:
 13126 34b0 5F5F474E 		.ascii	"__GNUCLIKE_MATH_BUILTIN_CONSTANTS \000"
 13126      55434C49 
 13126      4B455F4D 
 13126      4154485F 
 13126      4255494C 
 13127              	.LASF1028:
 13128 34d3 69736E61 		.ascii	"isnan(__x) (__builtin_isnan (__x))\000"
 13128      6E285F5F 
 13128      78292028 
 13128      5F5F6275 
 13128      696C7469 
 13129              	.LASF968:
 13130 34f6 5345454B 		.ascii	"SEEK_SET 0\000"
 13130      5F534554 
 13130      203000
 13131              	.LASF1242:
 13132 3501 70747264 		.ascii	"ptrdiff_t\000"
 13132      6966665F 
 13132      7400
 13133              	.LASF706:
 13134 350b 5F746F75 		.ascii	"_toupper(__c) ((unsigned char)(__c) - 'a' + 'A')\000"
 13134      70706572 
 13134      285F5F63 
 13134      29202828 
 13134      756E7369 
 13135              	.LASF124:
 13136 353c 5F5F5549 		.ascii	"__UINT32_C(c) c ## UL\000"
 13136      4E543332 
 13136      5F432863 
 13136      29206320 
 13136      23232055 
 13137              	.LASF1182:
 13138 3552 5F5F5352 		.ascii	"__SRW 0x0010\000"
 13138      57203078 
 13138      30303130 
 13138      00
 13139              	.LASF1051:
 13140 355f 4D5F4C4E 		.ascii	"M_LN10 2.30258509299404568402\000"
 13140      31302032 
 13140      2E333032 
 13140      35383530 
 13140      39323939 
 13141              	.LASF313:
 13142 357d 5F5F5541 		.ascii	"__UACCUM_MIN__ 0.0UK\000"
 13142      4343554D 
 13142      5F4D494E 
 13142      5F5F2030 
 13142      2E30554B 
 13143              	.LASF1392:
 13144 3592 73747263 		.ascii	"strcmp\000"
 13144      6D7000
 13145              	.LASF684:
 13146 3599 5F4E756C 		.ascii	"_Null_unspecified \000"
 13146      6C5F756E 
ARM GAS  /var/folders/65/xyhbx3_n6nd_hs7j3p9nfwv80000gn/T//cc2oMwwL.s 			page 271


 13146      73706563 
 13146      69666965 
 13146      642000
 13147              	.LASF157:
 13148 35ac 5F5F464C 		.ascii	"__FLT_EPSILON__ 1.1920928955078125e-7F\000"
 13148      545F4550 
 13148      53494C4F 
 13148      4E5F5F20 
 13148      312E3139 
 13149              	.LASF627:
 13150 35d3 5F5F5853 		.ascii	"__XSTRING(x) __STRING(x)\000"
 13150      5452494E 
 13150      47287829 
 13150      205F5F53 
 13150      5452494E 
 13151              	.LASF569:
 13152 35ec 5F574348 		.ascii	"_WCHAR_T_DEFINED_ \000"
 13152      41525F54 
 13152      5F444546 
 13152      494E4544 
 13152      5F2000
 13153              	.LASF384:
 13154 35ff 5F5F4743 		.ascii	"__GCC_ATOMIC_SHORT_LOCK_FREE 2\000"
 13154      435F4154 
 13154      4F4D4943 
 13154      5F53484F 
 13154      52545F4C 
 13155              	.LASF1021:
 13156 361e 46505F49 		.ascii	"FP_ILOGBNAN __INT_MAX__\000"
 13156      4C4F4742 
 13156      4E414E20 
 13156      5F5F494E 
 13156      545F4D41 
 13157              	.LASF1009:
 13158 3636 48554745 		.ascii	"HUGE_VALL (__builtin_huge_vall())\000"
 13158      5F56414C 
 13158      4C20285F 
 13158      5F627569 
 13158      6C74696E 
 13159              	.LASF423:
 13160 3658 5F5F4152 		.ascii	"__ARM_ARCH_ISA_THUMB\000"
 13160      4D5F4152 
 13160      43485F49 
 13160      53415F54 
 13160      48554D42 
 13161              	.LASF1189:
 13162 366d 5F5F534E 		.ascii	"__SNPT 0x0800\000"
 13162      50542030 
 13162      78303830 
 13162      3000
 13163              	.LASF608:
 13164 367b 5F5F474E 		.ascii	"__GNUCLIKE_BUILTIN_VARARGS 1\000"
 13164      55434C49 
 13164      4B455F42 
 13164      55494C54 
 13164      494E5F56 
 13165              	.LASF315:
ARM GAS  /var/folders/65/xyhbx3_n6nd_hs7j3p9nfwv80000gn/T//cc2oMwwL.s 			page 272


 13166 3698 5F5F5541 		.ascii	"__UACCUM_EPSILON__ 0x1P-16UK\000"
 13166      4343554D 
 13166      5F455053 
 13166      494C4F4E 
 13166      5F5F2030 
 13167              	.LASF1194:
 13168 36b5 5F5F5357 		.ascii	"__SWID 0x2000\000"
 13168      49442030 
 13168      78323030 
 13168      3000
 13169              	.LASF924:
 13170 36c3 494E545F 		.ascii	"INT_LEAST32_MAX (__INT_LEAST32_MAX__)\000"
 13170      4C454153 
 13170      5433325F 
 13170      4D415820 
 13170      285F5F49 
 13171              	.LASF808:
 13172 36e9 5F524545 		.ascii	"_REENT_SIGNGAM(ptr) ((ptr)->_new._reent._gamma_sign"
 13172      4E545F53 
 13172      49474E47 
 13172      414D2870 
 13172      74722920 
 13173 371c 67616D29 		.ascii	"gam)\000"
 13173      00
 13174              	.LASF923:
 13175 3721 494E545F 		.ascii	"INT_LEAST32_MIN (-__INT_LEAST32_MAX__ - 1)\000"
 13175      4C454153 
 13175      5433325F 
 13175      4D494E20 
 13175      282D5F5F 
 13176              	.LASF1373:
 13177 374c 73747275 		.ascii	"strutil_find_not_any\000"
 13177      74696C5F 
 13177      66696E64 
 13177      5F6E6F74 
 13177      5F616E79 
 13178              	.LASF1103:
 13179 3761 5F535953 		.ascii	"_SYS__TIMEVAL_H_ \000"
 13179      5F5F5449 
 13179      4D455641 
 13179      4C5F485F 
 13179      2000
 13180              	.LASF339:
 13181 3773 5F5F4851 		.ascii	"__HQ_IBIT__ 0\000"
 13181      5F494249 
 13181      545F5F20 
 13181      3000
 13182              	.LASF917:
 13183 3781 494E545F 		.ascii	"INT_LEAST16_MIN (-__INT_LEAST16_MAX__ - 1)\000"
 13183      4C454153 
 13183      5431365F 
 13183      4D494E20 
 13183      282D5F5F 
 13184              	.LASF301:
 13185 37ac 5F5F5553 		.ascii	"__USACCUM_FBIT__ 8\000"
 13185      41434355 
 13185      4D5F4642 
ARM GAS  /var/folders/65/xyhbx3_n6nd_hs7j3p9nfwv80000gn/T//cc2oMwwL.s 			page 273


 13185      49545F5F 
 13185      203800
 13186              	.LASF1165:
 13187 37bf 50544852 		.ascii	"PTHREAD_SCOPE_SYSTEM 1\000"
 13187      4541445F 
 13187      53434F50 
 13187      455F5359 
 13187      5354454D 
 13188              	.LASF388:
 13189 37d6 5F5F4743 		.ascii	"__GCC_ATOMIC_TEST_AND_SET_TRUEVAL 1\000"
 13189      435F4154 
 13189      4F4D4943 
 13189      5F544553 
 13189      545F414E 
 13190              	.LASF1141:
 13191 37fa 5F5F6361 		.ascii	"__caddr_t_defined \000"
 13191      6464725F 
 13191      745F6465 
 13191      66696E65 
 13191      642000
 13192              	.LASF316:
 13193 380d 5F5F4C41 		.ascii	"__LACCUM_FBIT__ 31\000"
 13193      4343554D 
 13193      5F464249 
 13193      545F5F20 
 13193      333100
 13194              	.LASF994:
 13195 3820 5F56415F 		.ascii	"_VA_LIST_DEFINED \000"
 13195      4C495354 
 13195      5F444546 
 13195      494E4544 
 13195      2000
 13196              	.LASF781:
 13197 3832 5F4E554C 		.ascii	"_NULL 0\000"
 13197      4C203000 
 13198              	.LASF205:
 13199 383a 5F5F464C 		.ascii	"__FLT32_HAS_QUIET_NAN__ 1\000"
 13199      5433325F 
 13199      4841535F 
 13199      51554945 
 13199      545F4E41 
 13200              	.LASF479:
 13201 3854 5F5F4F42 		.ascii	"__OBSOLETE_MATH __OBSOLETE_MATH_DEFAULT\000"
 13201      534F4C45 
 13201      54455F4D 
 13201      41544820 
 13201      5F5F4F42 
 13202              	.LASF558:
 13203 387c 5F53495A 		.ascii	"_SIZET_ \000"
 13203      45545F20 
 13203      00
 13204              	.LASF190:
 13205 3885 5F5F4C44 		.ascii	"__LDBL_HAS_INFINITY__ 1\000"
 13205      424C5F48 
 13205      41535F49 
 13205      4E46494E 
 13205      4954595F 
ARM GAS  /var/folders/65/xyhbx3_n6nd_hs7j3p9nfwv80000gn/T//cc2oMwwL.s 			page 274


 13206              	.LASF745:
 13207 389d 746F6173 		.ascii	"toascii(__c) ((__c)&0177)\000"
 13207      63696928 
 13207      5F5F6329 
 13207      2028285F 
 13207      5F632926 
 13208              	.LASF943:
 13209 38b7 55494E54 		.ascii	"UINT_FAST64_MAX (__UINT_FAST64_MAX__)\000"
 13209      5F464153 
 13209      5436345F 
 13209      4D415820 
 13209      285F5F55 
 13210              	.LASF362:
 13211 38dd 5F5F5441 		.ascii	"__TA_FBIT__ 63\000"
 13211      5F464249 
 13211      545F5F20 
 13211      363300
 13212              	.LASF729:
 13213 38ec 6973626C 		.ascii	"isblank(__c) __extension__ ({ __typeof__ (__c) __x "
 13213      616E6B28 
 13213      5F5F6329 
 13213      205F5F65 
 13213      7874656E 
 13214 391f 3D20285F 		.ascii	"= (__c); (__ctype_lookup(__x)&_B) || (int) (__x) =="
 13214      5F63293B 
 13214      20285F5F 
 13214      63747970 
 13214      655F6C6F 
 13215 3952 20275C74 		.ascii	" '\\t';})\000"
 13215      273B7D29 
 13215      00
 13216              	.LASF977:
 13217 395b 4C43445F 		.ascii	"LCD_COLUMNS 400\000"
 13217      434F4C55 
 13217      4D4E5320 
 13217      34303000 
 13218              	.LASF226:
 13219 396b 5F5F464C 		.ascii	"__FLT32X_MAX_10_EXP__ 308\000"
 13219      54333258 
 13219      5F4D4158 
 13219      5F31305F 
 13219      4558505F 
 13220              	.LASF986:
 13221 3985 5F5F474E 		.ascii	"__GNUC_VA_LIST \000"
 13221      55435F56 
 13221      415F4C49 
 13221      53542000 
 13222              	.LASF443:
 13223 3995 5F5F4152 		.ascii	"__ARM_ARCH_EXT_IDIV__ 1\000"
 13223      4D5F4152 
 13223      43485F45 
 13223      58545F49 
 13223      4449565F 
 13224              	.LASF565:
 13225 39ad 5F545F57 		.ascii	"_T_WCHAR \000"
 13225      43484152 
 13225      2000
ARM GAS  /var/folders/65/xyhbx3_n6nd_hs7j3p9nfwv80000gn/T//cc2oMwwL.s 			page 275


 13226              	.LASF1184:
 13227 39b7 5F5F5345 		.ascii	"__SERR 0x0040\000"
 13227      52522030 
 13227      78303034 
 13227      3000
 13228              	.LASF973:
 13229 39c5 626F6F6C 		.ascii	"bool _Bool\000"
 13229      205F426F 
 13229      6F6C00
 13230              	.LASF645:
 13231 39d0 5F5F7075 		.ascii	"__pure __attribute__((__pure__))\000"
 13231      7265205F 
 13231      5F617474 
 13231      72696275 
 13231      74655F5F 
 13232              	.LASF347:
 13233 39f1 5F5F5551 		.ascii	"__UQQ_IBIT__ 0\000"
 13233      515F4942 
 13233      49545F5F 
 13233      203000
 13234              	.LASF1:
 13235 3a00 5F5F5354 		.ascii	"__STDC_VERSION__ 201710L\000"
 13235      44435F56 
 13235      45525349 
 13235      4F4E5F5F 
 13235      20323031 
 13236              	.LASF1221:
 13237 3a19 66657272 		.ascii	"ferror(p) __sferror(p)\000"
 13237      6F722870 
 13237      29205F5F 
 13237      73666572 
 13237      726F7228 
 13238              	.LASF119:
 13239 3a30 5F5F5549 		.ascii	"__UINT_LEAST8_MAX__ 0xff\000"
 13239      4E545F4C 
 13239      45415354 
 13239      385F4D41 
 13239      585F5F20 
 13240              	.LASF568:
 13241 3a49 5F425344 		.ascii	"_BSD_WCHAR_T_ \000"
 13241      5F574348 
 13241      41525F54 
 13241      5F2000
 13242              	.LASF1137:
 13243 3a58 5F424C4B 		.ascii	"_BLKSIZE_T_DECLARED \000"
 13243      53495A45 
 13243      5F545F44 
 13243      45434C41 
 13243      52454420 
 13244              	.LASF818:
 13245 3a6d 5F524545 		.ascii	"_REENT_TM(ptr) (&(ptr)->_new._reent._localtime_buf)"
 13245      4E545F54 
 13245      4D287074 
 13245      72292028 
 13245      26287074 
 13246 3aa0 00       		.ascii	"\000"
 13247              	.LASF742:
ARM GAS  /var/folders/65/xyhbx3_n6nd_hs7j3p9nfwv80000gn/T//cc2oMwwL.s 			page 276


 13248 3aa1 6973636E 		.ascii	"iscntrl_l(__c,__l) (__ctype_lookup_l(__c,__l)&_C)\000"
 13248      74726C5F 
 13248      6C285F5F 
 13248      632C5F5F 
 13248      6C292028 
 13249              	.LASF1224:
 13250 3ad3 66657272 		.ascii	"ferror_unlocked(p) __sferror(p)\000"
 13250      6F725F75 
 13250      6E6C6F63 
 13250      6B656428 
 13250      7029205F 
 13251              	.LASF162:
 13252 3af3 5F5F4650 		.ascii	"__FP_FAST_FMAF 1\000"
 13252      5F464153 
 13252      545F464D 
 13252      41462031 
 13252      00
 13253              	.LASF948:
 13254 3b04 5349475F 		.ascii	"SIG_ATOMIC_MIN (-__STDINT_EXP(INT_MAX) - 1)\000"
 13254      41544F4D 
 13254      49435F4D 
 13254      494E2028 
 13254      2D5F5F53 
 13255              	.LASF1288:
 13256 3b30 5F636F6F 		.ascii	"_cookie\000"
 13256      6B696500 
 13257              	.LASF748:
 13258 3b38 746F7570 		.ascii	"toupper(__c) __extension__ ({ __typeof__ (__c) __x "
 13258      70657228 
 13258      5F5F6329 
 13258      205F5F65 
 13258      7874656E 
 13259 3b6b 3D20285F 		.ascii	"= (__c); islower (__x) ? (int) __x - 'a' + 'A' : (i"
 13259      5F63293B 
 13259      2069736C 
 13259      6F776572 
 13259      20285F5F 
 13260 3b9e 6E742920 		.ascii	"nt) __x;})\000"
 13260      5F5F783B 
 13260      7D2900
 13261              	.LASF884:
 13262 3ba9 5F494E54 		.ascii	"_INT16_T_DECLARED \000"
 13262      31365F54 
 13262      5F444543 
 13262      4C415245 
 13262      442000
 13263              	.LASF1053:
 13264 3bbc 4D5F5049 		.ascii	"M_PI_2 1.57079632679489661923\000"
 13264      5F322031 
 13264      2E353730 
 13264      37393633 
 13264      32363739 
 13265              	.LASF648:
 13266 3bda 5F5F6E6F 		.ascii	"__nonnull(x) __attribute__((__nonnull__ x))\000"
 13266      6E6E756C 
 13266      6C287829 
 13266      205F5F61 
ARM GAS  /var/folders/65/xyhbx3_n6nd_hs7j3p9nfwv80000gn/T//cc2oMwwL.s 			page 277


 13266      74747269 
 13267              	.LASF1142:
 13268 3c06 5F465342 		.ascii	"_FSBLKCNT_T_DECLARED \000"
 13268      4C4B434E 
 13268      545F545F 
 13268      4445434C 
 13268      41524544 
 13269              	.LASF1093:
 13270 3c1c 42595445 		.ascii	"BYTE_ORDER _BYTE_ORDER\000"
 13270      5F4F5244 
 13270      4552205F 
 13270      42595445 
 13270      5F4F5244 
 13271              	.LASF1381:
 13272 3c33 70726566 		.ascii	"prefix\000"
 13272      697800
 13273              	.LASF1261:
 13274 3c3a 5F776473 		.ascii	"_wds\000"
 13274      00
 13275              	.LASF992:
 13276 3c3f 5F56415F 		.ascii	"_VA_LIST_ \000"
 13276      4C495354 
 13276      5F2000
 13277              	.LASF112:
 13278 3c4a 5F5F494E 		.ascii	"__INT_LEAST16_WIDTH__ 16\000"
 13278      545F4C45 
 13278      41535431 
 13278      365F5749 
 13278      4454485F 
 13279              	.LASF900:
 13280 3c63 5F5F696E 		.ascii	"__int_least64_t_defined 1\000"
 13280      745F6C65 
 13280      61737436 
 13280      345F745F 
 13280      64656669 
 13281              	.LASF1070:
 13282 3c7d 5F4C4942 		.ascii	"_LIB_VERSION __fdlib_version\000"
 13282      5F564552 
 13282      53494F4E 
 13282      205F5F66 
 13282      646C6962 
 13283              	.LASF434:
 13284 3c9a 5F5F4152 		.ascii	"__ARM_FEATURE_FP16_FML\000"
 13284      4D5F4645 
 13284      41545552 
 13284      455F4650 
 13284      31365F46 
 13285              	.LASF784:
 13286 3cb1 5F415445 		.ascii	"_ATEXIT_INIT {_NULL, 0, {_NULL}, {{_NULL}, {_NULL},"
 13286      5849545F 
 13286      494E4954 
 13286      207B5F4E 
 13286      554C4C2C 
 13287 3ce4 20302C20 		.ascii	" 0, 0}}\000"
 13287      307D7D00 
 13288              	.LASF1247:
 13289 3cec 5F5F6C6F 		.ascii	"__lock\000"
ARM GAS  /var/folders/65/xyhbx3_n6nd_hs7j3p9nfwv80000gn/T//cc2oMwwL.s 			page 278


 13289      636B00
 13290              	.LASF1320:
 13291 3cf3 5F736967 		.ascii	"_sig_func\000"
 13291      5F66756E 
 13291      6300
 13292              	.LASF248:
 13293 3cfd 5F5F4445 		.ascii	"__DEC64_SUBNORMAL_MIN__ 0.000000000000001E-383DD\000"
 13293      4336345F 
 13293      5355424E 
 13293      4F524D41 
 13293      4C5F4D49 
 13294              	.LASF265:
 13295 3d2e 5F5F5553 		.ascii	"__USFRACT_EPSILON__ 0x1P-8UHR\000"
 13295      46524143 
 13295      545F4550 
 13295      53494C4F 
 13295      4E5F5F20 
 13296              	.LASF491:
 13297 3d4c 5F5F4154 		.ascii	"__ATFILE_VISIBLE 1\000"
 13297      46494C45 
 13297      5F564953 
 13297      49424C45 
 13297      203100
 13298              	.LASF721:
 13299 3d5f 69736469 		.ascii	"isdigit(__c) (__ctype_lookup(__c)&_N)\000"
 13299      67697428 
 13299      5F5F6329 
 13299      20285F5F 
 13299      63747970 
 13300              	.LASF1145:
 13301 3d85 5F4F4646 		.ascii	"_OFF_T_DECLARED \000"
 13301      5F545F44 
 13301      45434C41 
 13301      52454420 
 13301      00
 13302              	.LASF261:
 13303 3d96 5F5F5553 		.ascii	"__USFRACT_FBIT__ 8\000"
 13303      46524143 
 13303      545F4642 
 13303      49545F5F 
 13303      203800
 13304              	.LASF971:
 13305 3da9 70646578 		.ascii	"pdext_gfx_h \000"
 13305      745F6766 
 13305      785F6820 
 13305      00
 13306              	.LASF329:
 13307 3db6 5F5F4C4C 		.ascii	"__LLACCUM_MAX__ 0X7FFFFFFFFFFFFFFFP-31LLK\000"
 13307      41434355 
 13307      4D5F4D41 
 13307      585F5F20 
 13307      30583746 
 13308              	.LASF743:
 13309 3de0 6973626C 		.ascii	"isblank_l(__c,__l) __extension__ ({ __typeof__ (__c"
 13309      616E6B5F 
 13309      6C285F5F 
 13309      632C5F5F 
ARM GAS  /var/folders/65/xyhbx3_n6nd_hs7j3p9nfwv80000gn/T//cc2oMwwL.s 			page 279


 13309      6C29205F 
 13310 3e13 29205F5F 		.ascii	") __x = (__c); (__ctype_lookup_l(__x,__l)&_B) || (i"
 13310      78203D20 
 13310      285F5F63 
 13310      293B2028 
 13310      5F5F6374 
 13311 3e46 6E742920 		.ascii	"nt) (__x) == '\\t';})\000"
 13311      285F5F78 
 13311      29203D3D 
 13311      20275C74 
 13311      273B7D29 
 13312              	.LASF1296:
 13313 3e5b 5F6F6666 		.ascii	"_offset\000"
 13313      73657400 
 13314              	.LASF538:
 13315 3e63 5F425344 		.ascii	"_BSD_PTRDIFF_T_ \000"
 13315      5F505452 
 13315      44494646 
 13315      5F545F20 
 13315      00
 13316              	.LASF1317:
 13317 3e74 5F637674 		.ascii	"_cvtbuf\000"
 13317      62756600 
 13318              	.LASF373:
 13319 3e7c 5F5F5553 		.ascii	"__USER_LABEL_PREFIX__ \000"
 13319      45525F4C 
 13319      4142454C 
 13319      5F505245 
 13319      4649585F 
 13320              	.LASF106:
 13321 3e93 5F5F5549 		.ascii	"__UINT64_MAX__ 0xffffffffffffffffULL\000"
 13321      4E543634 
 13321      5F4D4158 
 13321      5F5F2030 
 13321      78666666 
 13322              	.LASF1086:
 13323 3eb8 5F504450 		.ascii	"_PDP_ENDIAN 3412\000"
 13323      5F454E44 
 13323      49414E20 
 13323      33343132 
 13323      00
 13324              	.LASF105:
 13325 3ec9 5F5F5549 		.ascii	"__UINT32_MAX__ 0xffffffffUL\000"
 13325      4E543332 
 13325      5F4D4158 
 13325      5F5F2030 
 13325      78666666 
 13326              	.LASF962:
 13327 3ee5 494E5436 		.ascii	"INT64_C(x) __INT64_C(x)\000"
 13327      345F4328 
 13327      7829205F 
 13327      5F494E54 
 13327      36345F43 
 13328              	.LASF489:
 13329 3efd 5F415446 		.ascii	"_ATFILE_SOURCE\000"
 13329      494C455F 
 13329      534F5552 
ARM GAS  /var/folders/65/xyhbx3_n6nd_hs7j3p9nfwv80000gn/T//cc2oMwwL.s 			page 280


 13329      434500
 13330              	.LASF822:
 13331 3f0c 5F524545 		.ascii	"_REENT_MBTOWC_STATE(ptr) ((ptr)->_new._reent._mbtow"
 13331      4E545F4D 
 13331      42544F57 
 13331      435F5354 
 13331      41544528 
 13332 3f3f 635F7374 		.ascii	"c_state)\000"
 13332      61746529 
 13332      00
 13333              	.LASF1213:
 13334 3f48 66776F70 		.ascii	"fwopen(__cookie,__fn) funopen(__cookie, (int (*)())"
 13334      656E285F 
 13334      5F636F6F 
 13334      6B69652C 
 13334      5F5F666E 
 13335 3f7b 302C205F 		.ascii	"0, __fn, (fpos_t (*)())0, (int (*)())0)\000"
 13335      5F666E2C 
 13335      20286670 
 13335      6F735F74 
 13335      20282A29 
 13336              	.LASF821:
 13337 3fa3 5F524545 		.ascii	"_REENT_MBLEN_STATE(ptr) ((ptr)->_new._reent._mblen_"
 13337      4E545F4D 
 13337      424C454E 
 13337      5F535441 
 13337      54452870 
 13338 3fd6 73746174 		.ascii	"state)\000"
 13338      652900
 13339              	.LASF694:
 13340 3fdd 5F5F7472 		.ascii	"__trylocks_shared(...) __lock_annotate(shared_trylo"
 13340      796C6F63 
 13340      6B735F73 
 13340      68617265 
 13340      64282E2E 
 13341 4010 636B5F66 		.ascii	"ck_function(__VA_ARGS__))\000"
 13341      756E6374 
 13341      696F6E28 
 13341      5F5F5641 
 13341      5F415247 
 13342              	.LASF107:
 13343 402a 5F5F494E 		.ascii	"__INT_LEAST8_MAX__ 0x7f\000"
 13343      545F4C45 
 13343      41535438 
 13343      5F4D4158 
 13343      5F5F2030 
 13344              	.LASF389:
 13345 4042 5F5F4743 		.ascii	"__GCC_ATOMIC_POINTER_LOCK_FREE 2\000"
 13345      435F4154 
 13345      4F4D4943 
 13345      5F504F49 
 13345      4E544552 
 13346              	.LASF397:
 13347 4063 5F5F4152 		.ascii	"__ARM_FEATURE_QBIT 1\000"
 13347      4D5F4645 
 13347      41545552 
 13347      455F5142 
ARM GAS  /var/folders/65/xyhbx3_n6nd_hs7j3p9nfwv80000gn/T//cc2oMwwL.s 			page 281


 13347      49542031 
 13348              	.LASF409:
 13349 4078 5F5F4152 		.ascii	"__ARM_FEATURE_CLZ 1\000"
 13349      4D5F4645 
 13349      41545552 
 13349      455F434C 
 13349      5A203100 
 13350              	.LASF11:
 13351 408c 5F5F4154 		.ascii	"__ATOMIC_ACQUIRE 2\000"
 13351      4F4D4943 
 13351      5F414351 
 13351      55495245 
 13351      203200
 13352              	.LASF404:
 13353 409f 5F5F4152 		.ascii	"__ARM_FEATURE_COMPLEX\000"
 13353      4D5F4645 
 13353      41545552 
 13353      455F434F 
 13353      4D504C45 
 13354              	.LASF1117:
 13355 40b5 5F534947 		.ascii	"_SIGSET_T_DECLARED \000"
 13355      5345545F 
 13355      545F4445 
 13355      434C4152 
 13355      45442000 
 13356              	.LASF869:
 13357 40c9 5F5F494E 		.ascii	"__INT16 \"h\"\000"
 13357      54313620 
 13357      22682200 
 13358              	.LASF772:
 13359 40d5 756E7369 		.ascii	"unsigned signed\000"
 13359      676E6564 
 13359      20736967 
 13359      6E656400 
 13360              	.LASF1068:
 13361 40e5 4D5F494E 		.ascii	"M_INVLN2 1.4426950408889633870E0\000"
 13361      564C4E32 
 13361      20312E34 
 13361      34323639 
 13361      35303430 
 13362              	.LASF1228:
 13363 4106 66617374 		.ascii	"fast_putc(x,p) (--(p)->_w < 0 ? __swbuf_r(_REENT, ("
 13363      5F707574 
 13363      6328782C 
 13363      70292028 
 13363      2D2D2870 
 13364 4139 696E7429 		.ascii	"int)(x), p) == EOF : (*(p)->_p = (x), (p)->_p++, 0)"
 13364      2878292C 
 13364      20702920 
 13364      3D3D2045 
 13364      4F46203A 
 13365 416c 2900     		.ascii	")\000"
 13366              	.LASF866:
 13367 416e 5F494E54 		.ascii	"_INTPTR_EQ_INT \000"
 13367      5054525F 
 13367      45515F49 
 13367      4E542000 
ARM GAS  /var/folders/65/xyhbx3_n6nd_hs7j3p9nfwv80000gn/T//cc2oMwwL.s 			page 282


 13368              	.LASF413:
 13369 417e 5F5F4152 		.ascii	"__ARM_SIZEOF_WCHAR_T 4\000"
 13369      4D5F5349 
 13369      5A454F46 
 13369      5F574348 
 13369      41525F54 
 13370              	.LASF225:
 13371 4195 5F5F464C 		.ascii	"__FLT32X_MAX_EXP__ 1024\000"
 13371      54333258 
 13371      5F4D4158 
 13371      5F455850 
 13371      5F5F2031 
 13372              	.LASF68:
 13373 41ad 5F5F6861 		.ascii	"__has_include(STR) __has_include__(STR)\000"
 13373      735F696E 
 13373      636C7564 
 13373      65285354 
 13373      5229205F 
 13374              	.LASF979:
 13375 41d5 4C43445F 		.ascii	"LCD_ROWSIZE 52\000"
 13375      524F5753 
 13375      495A4520 
 13375      353200
 13376              	.LASF454:
 13377 41e4 5F435459 		.ascii	"_CTYPE_H_ \000"
 13377      50455F48 
 13377      5F2000
 13378              	.LASF1211:
 13379 41ef 5F5F5641 		.ascii	"__VALIST __gnuc_va_list\000"
 13379      4C495354 
 13379      205F5F67 
 13379      6E75635F 
 13379      76615F6C 
 13380              	.LASF123:
 13381 4207 5F5F5549 		.ascii	"__UINT_LEAST32_MAX__ 0xffffffffUL\000"
 13381      4E545F4C 
 13381      45415354 
 13381      33325F4D 
 13381      41585F5F 
 13382              	.LASF1095:
 13383 4229 5F5F6273 		.ascii	"__bswap32(_x) __builtin_bswap32(_x)\000"
 13383      77617033 
 13383      32285F78 
 13383      29205F5F 
 13383      6275696C 
 13384              	.LASF172:
 13385 424d 5F5F4442 		.ascii	"__DBL_EPSILON__ ((double)2.2204460492503131e-16L)\000"
 13385      4C5F4550 
 13385      53494C4F 
 13385      4E5F5F20 
 13385      2828646F 
 13386              	.LASF638:
 13387 427f 5F5F7365 		.ascii	"__section(x) __attribute__((__section__(x)))\000"
 13387      6374696F 
 13387      6E287829 
 13387      205F5F61 
 13387      74747269 
ARM GAS  /var/folders/65/xyhbx3_n6nd_hs7j3p9nfwv80000gn/T//cc2oMwwL.s 			page 283


 13388              	.LASF597:
 13389 42ac 5F5F6861 		.ascii	"__has_feature(x) 0\000"
 13389      735F6665 
 13389      61747572 
 13389      65287829 
 13389      203000
 13390              	.LASF118:
 13391 42bf 5F5F494E 		.ascii	"__INT_LEAST64_WIDTH__ 64\000"
 13391      545F4C45 
 13391      41535436 
 13391      345F5749 
 13391      4454485F 
 13392              	.LASF160:
 13393 42d8 5F5F464C 		.ascii	"__FLT_HAS_INFINITY__ 1\000"
 13393      545F4841 
 13393      535F494E 
 13393      46494E49 
 13393      54595F5F 
 13394              	.LASF714:
 13395 42ef 5F422030 		.ascii	"_B 0200\000"
 13395      32303000 
 13396              	.LASF1364:
 13397 42f7 5F5F6664 		.ascii	"__fdlib_version\000"
 13397      6C69625F 
 13397      76657273 
 13397      696F6E00 
 13398              	.LASF99:
 13399 4307 5F5F494E 		.ascii	"__INT8_MAX__ 0x7f\000"
 13399      54385F4D 
 13399      41585F5F 
 13399      20307837 
 13399      6600
 13400              	.LASF759:
 13401 4319 5F5F4C4F 		.ascii	"__LOCK_INIT(class,lock) extern struct __lock __lock"
 13401      434B5F49 
 13401      4E495428 
 13401      636C6173 
 13401      732C6C6F 
 13402 434c 5F202323 		.ascii	"_ ## lock; class _LOCK_T lock = &__lock_ ## lock\000"
 13402      206C6F63 
 13402      6B3B2063 
 13402      6C617373 
 13402      205F4C4F 
 13403              	.LASF1050:
 13404 437d 4D5F4C4E 		.ascii	"M_LN2 _M_LN2\000"
 13404      32205F4D 
 13404      5F4C4E32 
 13404      00
 13405              	.LASF749:
 13406 438a 746F6C6F 		.ascii	"tolower(__c) __extension__ ({ __typeof__ (__c) __x "
 13406      77657228 
 13406      5F5F6329 
 13406      205F5F65 
 13406      7874656E 
 13407 43bd 3D20285F 		.ascii	"= (__c); isupper (__x) ? (int) __x - 'A' + 'a' : (i"
 13407      5F63293B 
 13407      20697375 
ARM GAS  /var/folders/65/xyhbx3_n6nd_hs7j3p9nfwv80000gn/T//cc2oMwwL.s 			page 284


 13407      70706572 
 13407      20285F5F 
 13408 43f0 6E742920 		.ascii	"nt) __x;})\000"
 13408      5F5F783B 
 13408      7D2900
 13409              	.LASF391:
 13410 43fb 5F5F4743 		.ascii	"__GCC_HAVE_DWARF2_CFI_ASM 1\000"
 13410      435F4841 
 13410      56455F44 
 13410      57415246 
 13410      325F4346 
 13411              	.LASF402:
 13412 4417 5F5F4152 		.ascii	"__ARM_FEATURE_CRC32\000"
 13412      4D5F4645 
 13412      41545552 
 13412      455F4352 
 13412      43333200 
 13413              	.LASF1314:
 13414 442b 5F703573 		.ascii	"_p5s\000"
 13414      00
 13415              	.LASF1238:
 13416 4430 6C6F6E67 		.ascii	"long unsigned int\000"
 13416      20756E73 
 13416      69676E65 
 13416      6420696E 
 13416      7400
 13417              	.LASF359:
 13418 4442 5F5F5341 		.ascii	"__SA_IBIT__ 16\000"
 13418      5F494249 
 13418      545F5F20 
 13418      313600
 13419              	.LASF660:
 13420 4451 5F5F6F66 		.ascii	"__offsetof(type,field) offsetof(type, field)\000"
 13420      66736574 
 13420      6F662874 
 13420      7970652C 
 13420      6669656C 
 13421              	.LASF143:
 13422 447e 5F5F4743 		.ascii	"__GCC_IEC_559_COMPLEX 0\000"
 13422      435F4945 
 13422      435F3535 
 13422      395F434F 
 13422      4D504C45 
 13423              	.LASF649:
 13424 4496 5F5F6E6F 		.ascii	"__nonnull_all __attribute__((__nonnull__))\000"
 13424      6E6E756C 
 13424      6C5F616C 
 13424      6C205F5F 
 13424      61747472 
 13425              	.LASF429:
 13426 44c1 5F5F4152 		.ascii	"__ARM_FP16_FORMAT_IEEE\000"
 13426      4D5F4650 
 13426      31365F46 
 13426      4F524D41 
 13426      545F4945 
 13427              	.LASF5:
 13428 44d8 5F5F474E 		.ascii	"__GNUC__ 9\000"
ARM GAS  /var/folders/65/xyhbx3_n6nd_hs7j3p9nfwv80000gn/T//cc2oMwwL.s 			page 285


 13428      55435F5F 
 13428      203900
 13429              	.LASF485:
 13430 44e3 5F504F53 		.ascii	"_POSIX_SOURCE\000"
 13430      49585F53 
 13430      4F555243 
 13430      4500
 13431              	.LASF845:
 13432 44f1 52414E44 		.ascii	"RAND_MAX __RAND_MAX\000"
 13432      5F4D4158 
 13432      205F5F52 
 13432      414E445F 
 13432      4D415800 
 13433              	.LASF1390:
 13434 4505 73747263 		.ascii	"strcpy\000"
 13434      707900
 13435              	.LASF1284:
 13436 450c 5F5F7346 		.ascii	"__sFILE\000"
 13436      494C4500 
 13437              	.LASF1310:
 13438 4514 5F5F7364 		.ascii	"__sdidinit\000"
 13438      6964696E 
 13438      697400
 13439              	.LASF1300:
 13440 451f 5F666C61 		.ascii	"_flags2\000"
 13440      67733200 
 13441              	.LASF547:
 13442 4527 5F545F53 		.ascii	"_T_SIZE_ \000"
 13442      495A455F 
 13442      2000
 13443              	.LASF145:
 13444 4531 5F5F464C 		.ascii	"__FLT_EVAL_METHOD_TS_18661_3__ 0\000"
 13444      545F4556 
 13444      414C5F4D 
 13444      4554484F 
 13444      445F5453 
 13445              	.LASF589:
 13446 4552 5F5F6174 		.ascii	"__attribute_malloc__ \000"
 13446      74726962 
 13446      7574655F 
 13446      6D616C6C 
 13446      6F635F5F 
 13447              	.LASF82:
 13448 4568 5F5F5343 		.ascii	"__SCHAR_WIDTH__ 8\000"
 13448      4841525F 
 13448      57494454 
 13448      485F5F20 
 13448      3800
 13449              	.LASF956:
 13450 457a 494E5438 		.ascii	"INT8_C(x) __INT8_C(x)\000"
 13450      5F432878 
 13450      29205F5F 
 13450      494E5438 
 13450      5F432878 
 13451              	.LASF62:
 13452 4590 5F5F5549 		.ascii	"__UINT_FAST8_TYPE__ unsigned int\000"
 13452      4E545F46 
ARM GAS  /var/folders/65/xyhbx3_n6nd_hs7j3p9nfwv80000gn/T//cc2oMwwL.s 			page 286


 13452      41535438 
 13452      5F545950 
 13452      455F5F20 
 13453              	.LASF327:
 13454 45b1 5F5F4C4C 		.ascii	"__LLACCUM_IBIT__ 32\000"
 13454      41434355 
 13454      4D5F4942 
 13454      49545F5F 
 13454      20333200 
 13455              	.LASF396:
 13456 45c5 5F5F4152 		.ascii	"__ARM_FEATURE_DSP 1\000"
 13456      4D5F4645 
 13456      41545552 
 13456      455F4453 
 13456      50203100 
 13457              	.LASF270:
 13458 45d9 5F5F4652 		.ascii	"__FRACT_EPSILON__ 0x1P-15R\000"
 13458      4143545F 
 13458      45505349 
 13458      4C4F4E5F 
 13458      5F203078 
 13459              	.LASF700:
 13460 45f4 5F5F7265 		.ascii	"__requires_unlocked(...) __lock_annotate(locks_excl"
 13460      71756972 
 13460      65735F75 
 13460      6E6C6F63 
 13460      6B656428 
 13461 4627 75646564 		.ascii	"uded(__VA_ARGS__))\000"
 13461      285F5F56 
 13461      415F4152 
 13461      47535F5F 
 13461      292900
 13462              	.LASF101:
 13463 463a 5F5F494E 		.ascii	"__INT32_MAX__ 0x7fffffffL\000"
 13463      5433325F 
 13463      4D41585F 
 13463      5F203078 
 13463      37666666 
 13464              	.LASF1101:
 13465 4654 5F535953 		.ascii	"_SYS_SELECT_H \000"
 13465      5F53454C 
 13465      4543545F 
 13465      482000
 13466              	.LASF643:
 13467 4663 5F5F6D69 		.ascii	"__min_size(x) static (x)\000"
 13467      6E5F7369 
 13467      7A652878 
 13467      29207374 
 13467      61746963 
 13468              	.LASF448:
 13469 467c 5F5F4758 		.ascii	"__GXX_TYPEINFO_EQUALITY_INLINE 0\000"
 13469      585F5459 
 13469      5045494E 
 13469      464F5F45 
 13469      5155414C 
 13470              	.LASF1389:
 13471 469d 706C7574 		.ascii	"pluto_pd\000"
ARM GAS  /var/folders/65/xyhbx3_n6nd_hs7j3p9nfwv80000gn/T//cc2oMwwL.s 			page 287


 13471      6F5F7064 
 13471      00
 13472              	.LASF41:
 13473 46a6 5F5F5349 		.ascii	"__SIG_ATOMIC_TYPE__ int\000"
 13473      475F4154 
 13473      4F4D4943 
 13473      5F545950 
 13473      455F5F20 
 13474              	.LASF657:
 13475 46be 5F5F6E75 		.ascii	"__null_sentinel __attribute__((__sentinel__))\000"
 13475      6C6C5F73 
 13475      656E7469 
 13475      6E656C20 
 13475      5F5F6174 
 13476              	.LASF944:
 13477 46ec 494E544D 		.ascii	"INTMAX_MAX (__INTMAX_MAX__)\000"
 13477      41585F4D 
 13477      41582028 
 13477      5F5F494E 
 13477      544D4158 
 13478              	.LASF880:
 13479 4708 5F535953 		.ascii	"_SYS__STDINT_H \000"
 13479      5F5F5354 
 13479      44494E54 
 13479      5F482000 
 13480              	.LASF753:
 13481 4718 5F5F6E65 		.ascii	"__need_NULL \000"
 13481      65645F4E 
 13481      554C4C20 
 13481      00
 13482              	.LASF484:
 13483 4725 5F444546 		.ascii	"_DEFAULT_SOURCE 1\000"
 13483      41554C54 
 13483      5F534F55 
 13483      52434520 
 13483      3100
 13484              	.LASF141:
 13485 4737 5F5F5549 		.ascii	"__UINTPTR_MAX__ 0xffffffffU\000"
 13485      4E545054 
 13485      525F4D41 
 13485      585F5F20 
 13485      30786666 
 13486              	.LASF1302:
 13487 4753 5F657272 		.ascii	"_errno\000"
 13487      6E6F00
 13488              	.LASF715:
 13489 475a 5F5F6C6F 		.ascii	"__locale_ctype_ptr() _ctype_\000"
 13489      63616C65 
 13489      5F637479 
 13489      70655F70 
 13489      74722829 
 13490              	.LASF202:
 13491 4777 5F5F464C 		.ascii	"__FLT32_DENORM_MIN__ 1.4012984643248171e-45F32\000"
 13491      5433325F 
 13491      44454E4F 
 13491      524D5F4D 
 13491      494E5F5F 
ARM GAS  /var/folders/65/xyhbx3_n6nd_hs7j3p9nfwv80000gn/T//cc2oMwwL.s 			page 288


 13492              	.LASF581:
 13493 47a6 6F666673 		.ascii	"offsetof(TYPE,MEMBER) __builtin_offsetof (TYPE, MEM"
 13493      65746F66 
 13493      28545950 
 13493      452C4D45 
 13493      4D424552 
 13494 47d9 42455229 		.ascii	"BER)\000"
 13494      00
 13495              	.LASF57:
 13496 47de 5F5F5549 		.ascii	"__UINT_LEAST64_TYPE__ long long unsigned int\000"
 13496      4E545F4C 
 13496      45415354 
 13496      36345F54 
 13496      5950455F 
 13497              	.LASF187:
 13498 480b 5F5F4C44 		.ascii	"__LDBL_EPSILON__ 2.2204460492503131e-16L\000"
 13498      424C5F45 
 13498      5053494C 
 13498      4F4E5F5F 
 13498      20322E32 
 13499              	.LASF633:
 13500 4834 5F5F7075 		.ascii	"__pure2 __attribute__((__const__))\000"
 13500      72653220 
 13500      5F5F6174 
 13500      74726962 
 13500      7574655F 
 13501              	.LASF381:
 13502 4857 5F5F4743 		.ascii	"__GCC_ATOMIC_CHAR16_T_LOCK_FREE 2\000"
 13502      435F4154 
 13502      4F4D4943 
 13502      5F434841 
 13502      5231365F 
 13503              	.LASF685:
 13504 4879 5F5F4E55 		.ascii	"__NULLABILITY_PRAGMA_PUSH \000"
 13504      4C4C4142 
 13504      494C4954 
 13504      595F5052 
 13504      41474D41 
 13505              	.LASF1342:
 13506 4894 5F736967 		.ascii	"_signal_buf\000"
 13506      6E616C5F 
 13506      62756600 
 13507              	.LASF167:
 13508 48a0 5F5F4442 		.ascii	"__DBL_MAX_EXP__ 1024\000"
 13508      4C5F4D41 
 13508      585F4558 
 13508      505F5F20 
 13508      31303234 
 13509              	.LASF875:
 13510 48b5 5F5F4641 		.ascii	"__FAST64 \"ll\"\000"
 13510      53543634 
 13510      20226C6C 
 13510      2200
 13511              	.LASF12:
 13512 48c3 5F5F4154 		.ascii	"__ATOMIC_RELEASE 3\000"
 13512      4F4D4943 
 13512      5F52454C 
ARM GAS  /var/folders/65/xyhbx3_n6nd_hs7j3p9nfwv80000gn/T//cc2oMwwL.s 			page 289


 13512      45415345 
 13512      203300
 13513              	.LASF860:
 13514 48d6 756E7369 		.ascii	"unsigned +0\000"
 13514      676E6564 
 13514      202B3000 
 13515              	.LASF232:
 13516 48e2 5F5F464C 		.ascii	"__FLT32X_HAS_DENORM__ 1\000"
 13516      54333258 
 13516      5F484153 
 13516      5F44454E 
 13516      4F524D5F 
 13517              	.LASF148:
 13518 48fa 5F5F464C 		.ascii	"__FLT_MANT_DIG__ 24\000"
 13518      545F4D41 
 13518      4E545F44 
 13518      49475F5F 
 13518      20323400 
 13519              	.LASF788:
 13520 490e 5F52414E 		.ascii	"_RAND48_SEED_1 (0xabcd)\000"
 13520      4434385F 
 13520      53454544 
 13520      5F312028 
 13520      30786162 
 13521              	.LASF60:
 13522 4926 5F5F494E 		.ascii	"__INT_FAST32_TYPE__ int\000"
 13522      545F4641 
 13522      53543332 
 13522      5F545950 
 13522      455F5F20 
 13523              	.LASF864:
 13524 493e 696E7420 		.ascii	"int +2\000"
 13524      2B3200
 13525              	.LASF52:
 13526 4945 5F5F494E 		.ascii	"__INT_LEAST32_TYPE__ long int\000"
 13526      545F4C45 
 13526      41535433 
 13526      325F5459 
 13526      50455F5F 
 13527              	.LASF946:
 13528 4963 55494E54 		.ascii	"UINTMAX_MAX (__UINTMAX_MAX__)\000"
 13528      4D41585F 
 13528      4D415820 
 13528      285F5F55 
 13528      494E544D 
 13529              	.LASF539:
 13530 4981 5F5F5F69 		.ascii	"___int_ptrdiff_t_h \000"
 13530      6E745F70 
 13530      74726469 
 13530      66665F74 
 13530      5F682000 
 13531              	.LASF15:
 13532 4995 5F5F4F50 		.ascii	"__OPTIMIZE__ 1\000"
 13532      54494D49 
 13532      5A455F5F 
 13532      203100
 13533              	.LASF730:
ARM GAS  /var/folders/65/xyhbx3_n6nd_hs7j3p9nfwv80000gn/T//cc2oMwwL.s 			page 290


 13534 49a4 5F5F6C6F 		.ascii	"__locale_ctype_ptr_l(l) _ctype_\000"
 13534      63616C65 
 13534      5F637479 
 13534      70655F70 
 13534      74725F6C 
 13535              	.LASF314:
 13536 49c4 5F5F5541 		.ascii	"__UACCUM_MAX__ 0XFFFFFFFFP-16UK\000"
 13536      4343554D 
 13536      5F4D4158 
 13536      5F5F2030 
 13536      58464646 
 13537              	.LASF619:
 13538 49e4 5F5F4343 		.ascii	"__CC_SUPPORTS___FUNC__ 1\000"
 13538      5F535550 
 13538      504F5254 
 13538      535F5F5F 
 13538      46554E43 
 13539              	.LASF500:
 13540 49fd 5F5F5353 		.ascii	"__SSP_FORTIFY_LEVEL 0\000"
 13540      505F464F 
 13540      52544946 
 13540      595F4C45 
 13540      56454C20 
 13541              	.LASF1262:
 13542 4a13 5F426967 		.ascii	"_Bigint\000"
 13542      696E7400 
 13543              	.LASF1094:
 13544 4a1b 5F5F6273 		.ascii	"__bswap16(_x) __builtin_bswap16(_x)\000"
 13544      77617031 
 13544      36285F78 
 13544      29205F5F 
 13544      6275696C 
 13545              	.LASF874:
 13546 4a3f 5F5F4641 		.ascii	"__FAST32 \000"
 13546      53543332 
 13546      2000
 13547              	.LASF534:
 13548 4a49 5F545F50 		.ascii	"_T_PTRDIFF_ \000"
 13548      54524449 
 13548      46465F20 
 13548      00
 13549              	.LASF1162:
 13550 4a56 53434845 		.ascii	"SCHED_FIFO 1\000"
 13550      445F4649 
 13550      464F2031 
 13550      00
 13551              	.LASF188:
 13552 4a63 5F5F4C44 		.ascii	"__LDBL_DENORM_MIN__ 4.9406564584124654e-324L\000"
 13552      424C5F44 
 13552      454E4F52 
 13552      4D5F4D49 
 13552      4E5F5F20 
 13553              	.LASF1259:
 13554 4a90 5F6D6178 		.ascii	"_maxwds\000"
 13554      77647300 
 13555              	.LASF398:
 13556 4a98 5F5F4152 		.ascii	"__ARM_FEATURE_SAT 1\000"
ARM GAS  /var/folders/65/xyhbx3_n6nd_hs7j3p9nfwv80000gn/T//cc2oMwwL.s 			page 291


 13556      4D5F4645 
 13556      41545552 
 13556      455F5341 
 13556      54203100 
 13557              	.LASF886:
 13558 4aac 5F5F696E 		.ascii	"__int16_t_defined 1\000"
 13558      7431365F 
 13558      745F6465 
 13558      66696E65 
 13558      64203100 
 13559              	.LASF292:
 13560 4ac0 5F5F554C 		.ascii	"__ULLFRACT_IBIT__ 0\000"
 13560      4C465241 
 13560      43545F49 
 13560      4249545F 
 13560      5F203000 
 13561              	.LASF1029:
 13562 4ad4 69736E6F 		.ascii	"isnormal(__x) (__builtin_isnormal (__x))\000"
 13562      726D616C 
 13562      285F5F78 
 13562      2920285F 
 13562      5F627569 
 13563              	.LASF532:
 13564 4afd 5F414E53 		.ascii	"_ANSI_STDDEF_H \000"
 13564      495F5354 
 13564      44444546 
 13564      5F482000 
 13565              	.LASF537:
 13566 4b0d 5F505452 		.ascii	"_PTRDIFF_T_ \000"
 13566      44494646 
 13566      5F545F20 
 13566      00
 13567              	.LASF95:
 13568 4b1a 5F5F494E 		.ascii	"__INTMAX_WIDTH__ 64\000"
 13568      544D4158 
 13568      5F574944 
 13568      54485F5F 
 13568      20363400 
 13569              	.LASF1371:
 13570 4b2e 73747275 		.ascii	"strutil_collapse_ws_dup\000"
 13570      74696C5F 
 13570      636F6C6C 
 13570      61707365 
 13570      5F77735F 
 13571              	.LASF1311:
 13572 4b46 5F5F636C 		.ascii	"__cleanup\000"
 13572      65616E75 
 13572      7000
 13573              	.LASF1210:
 13574 4b50 5F737464 		.ascii	"_stderr_r(x) ((x)->_stderr)\000"
 13574      6572725F 
 13574      72287829 
 13574      20282878 
 13574      292D3E5F 
 13575              	.LASF1370:
 13576 4b6c 73747275 		.ascii	"strutil_replace_dup\000"
 13576      74696C5F 
ARM GAS  /var/folders/65/xyhbx3_n6nd_hs7j3p9nfwv80000gn/T//cc2oMwwL.s 			page 292


 13576      7265706C 
 13576      6163655F 
 13576      64757000 
 13577              	.LASF1319:
 13578 4b80 5F617465 		.ascii	"_atexit0\000"
 13578      78697430 
 13578      00
 13579              	.LASF786:
 13580 4b89 5F524545 		.ascii	"_REENT_SMALL_CHECK_INIT(ptr) \000"
 13580      4E545F53 
 13580      4D414C4C 
 13580      5F434845 
 13580      434B5F49 
 13581              	.LASF1084:
 13582 4ba7 5F4C4954 		.ascii	"_LITTLE_ENDIAN 1234\000"
 13582      544C455F 
 13582      454E4449 
 13582      414E2031 
 13582      32333400 
 13583              	.LASF724:
 13584 4bbb 69737075 		.ascii	"ispunct(__c) (__ctype_lookup(__c)&_P)\000"
 13584      6E637428 
 13584      5F5F6329 
 13584      20285F5F 
 13584      63747970 
 13585              	.LASF987:
 13586 4be1 76615F73 		.ascii	"va_start(v,l) __builtin_va_start(v,l)\000"
 13586      74617274 
 13586      28762C6C 
 13586      29205F5F 
 13586      6275696C 
 13587              	.LASF628:
 13588 4c07 5F5F636F 		.ascii	"__const const\000"
 13588      6E737420 
 13588      636F6E73 
 13588      7400
 13589              	.LASF741:
 13590 4c15 69736772 		.ascii	"isgraph_l(__c,__l) (__ctype_lookup_l(__c,__l)&(_P|_"
 13590      6170685F 
 13590      6C285F5F 
 13590      632C5F5F 
 13590      6C292028 
 13591 4c48 557C5F4C 		.ascii	"U|_L|_N))\000"
 13591      7C5F4E29 
 13591      2900
 13592              	.LASF85:
 13593 4c52 5F5F4C4F 		.ascii	"__LONG_WIDTH__ 32\000"
 13593      4E475F57 
 13593      49445448 
 13593      5F5F2033 
 13593      3200
 13594              	.LASF1030:
 13595 4c64 7369676E 		.ascii	"signbit(__x) ((sizeof(__x) == sizeof(float)) ? __bu"
 13595      62697428 
 13595      5F5F7829 
 13595      20282873 
 13595      697A656F 
ARM GAS  /var/folders/65/xyhbx3_n6nd_hs7j3p9nfwv80000gn/T//cc2oMwwL.s 			page 293


 13596 4c97 696C7469 		.ascii	"iltin_signbitf(__x) : (sizeof(__x) == sizeof(double"
 13596      6E5F7369 
 13596      676E6269 
 13596      7466285F 
 13596      5F782920 
 13597 4cca 2929203F 		.ascii	")) ? __builtin_signbit (__x) : __builtin_signbitl(_"
 13597      205F5F62 
 13597      75696C74 
 13597      696E5F73 
 13597      69676E62 
 13598 4cfd 5F782929 		.ascii	"_x))\000"
 13598      00
 13599              	.LASF155:
 13600 4d02 5F5F464C 		.ascii	"__FLT_MAX__ 3.4028234663852886e+38F\000"
 13600      545F4D41 
 13600      585F5F20 
 13600      332E3430 
 13600      32383233 
 13601              	.LASF311:
 13602 4d26 5F5F5541 		.ascii	"__UACCUM_FBIT__ 16\000"
 13602      4343554D 
 13602      5F464249 
 13602      545F5F20 
 13602      313600
 13603              	.LASF671:
 13604 4d39 5F5F7761 		.ascii	"__warn_references(sym,msg) __asm__(\".section .gnu."
 13604      726E5F72 
 13604      65666572 
 13604      656E6365 
 13604      73287379 
 13605 4d6b 7761726E 		.ascii	"warning.\" #sym); __asm__(\".asciz \\\"\" msg \"\\\""
 13605      696E672E 
 13605      22202373 
 13605      796D293B 
 13605      205F5F61 
 13606 4d97 22293B20 		.ascii	"\"); __asm__(\".previous\")\000"
 13606      5F5F6173 
 13606      6D5F5F28 
 13606      222E7072 
 13606      6576696F 
 13607              	.LASF985:
 13608 4db0 5F5F6E65 		.ascii	"__need___va_list\000"
 13608      65645F5F 
 13608      5F76615F 
 13608      6C697374 
 13608      00
 13609              	.LASF275:
 13610 4dc1 5F5F5546 		.ascii	"__UFRACT_EPSILON__ 0x1P-16UR\000"
 13610      52414354 
 13610      5F455053 
 13610      494C4F4E 
 13610      5F5F2030 
 13611              	.LASF77:
 13612 4dde 5F5F5743 		.ascii	"__WCHAR_MIN__ 0U\000"
 13612      4841525F 
 13612      4D494E5F 
 13612      5F203055 
ARM GAS  /var/folders/65/xyhbx3_n6nd_hs7j3p9nfwv80000gn/T//cc2oMwwL.s 			page 294


 13612      00
 13613              	.LASF1361:
 13614 4def 5F5F6664 		.ascii	"__fdlibm_svid\000"
 13614      6C69626D 
 13614      5F737669 
 13614      6400
 13615              	.LASF1368:
 13616 4dfd 6F75744C 		.ascii	"outLen\000"
 13616      656E00
 13617              	.LASF457:
 13618 4e04 5F4E4557 		.ascii	"_NEWLIB_VERSION_H__ 1\000"
 13618      4C49425F 
 13618      56455253 
 13618      494F4E5F 
 13618      485F5F20 
 13619              	.LASF386:
 13620 4e1a 5F5F4743 		.ascii	"__GCC_ATOMIC_LONG_LOCK_FREE 2\000"
 13620      435F4154 
 13620      4F4D4943 
 13620      5F4C4F4E 
 13620      475F4C4F 
 13621              	.LASF323:
 13622 4e38 5F5F554C 		.ascii	"__ULACCUM_MIN__ 0.0ULK\000"
 13622      41434355 
 13622      4D5F4D49 
 13622      4E5F5F20 
 13622      302E3055 
 13623              	.LASF467:
 13624 4e4f 5F415445 		.ascii	"_ATEXIT_DYNAMIC_ALLOC 1\000"
 13624      5849545F 
 13624      44594E41 
 13624      4D49435F 
 13624      414C4C4F 
 13625              	.LASF560:
 13626 4e67 5F5F6E65 		.ascii	"__need_size_t\000"
 13626      65645F73 
 13626      697A655F 
 13626      7400
 13627              	.LASF1307:
 13628 4e75 5F656D65 		.ascii	"_emergency\000"
 13628      7267656E 
 13628      637900
 13629              	.LASF418:
 13630 4e80 5F5F4152 		.ascii	"__ARM_ARCH 7\000"
 13630      4D5F4152 
 13630      43482037 
 13630      00
 13631              	.LASF1144:
 13632 4e8d 5F494E4F 		.ascii	"_INO_T_DECLARED \000"
 13632      5F545F44 
 13632      45434C41 
 13632      52454420 
 13632      00
 13633              	.LASF550:
 13634 4e9e 5F53495A 		.ascii	"_SIZE_T_ \000"
 13634      455F545F 
 13634      2000
ARM GAS  /var/folders/65/xyhbx3_n6nd_hs7j3p9nfwv80000gn/T//cc2oMwwL.s 			page 295


 13635              	.LASF1195:
 13636 4ea8 5F494F46 		.ascii	"_IOFBF 0\000"
 13636      42462030 
 13636      00
 13637              	.LASF147:
 13638 4eb1 5F5F464C 		.ascii	"__FLT_RADIX__ 2\000"
 13638      545F5241 
 13638      4449585F 
 13638      5F203200 
 13639              	.LASF229:
 13640 4ec1 5F5F464C 		.ascii	"__FLT32X_MIN__ 2.2250738585072014e-308F32x\000"
 13640      54333258 
 13640      5F4D494E 
 13640      5F5F2032 
 13640      2E323235 
 13641              	.LASF1239:
 13642 4eec 6C6F6E67 		.ascii	"long long int\000"
 13642      206C6F6E 
 13642      6720696E 
 13642      7400
 13643              	.LASF811:
 13644 4efa 5F524545 		.ascii	"_REENT_RAND48_MULT(ptr) ((ptr)->_new._reent._r48._m"
 13644      4E545F52 
 13644      414E4434 
 13644      385F4D55 
 13644      4C542870 
 13645 4f2d 756C7429 		.ascii	"ult)\000"
 13645      00
 13646              	.LASF546:
 13647 4f32 5F535953 		.ascii	"_SYS_SIZE_T_H \000"
 13647      5F53495A 
 13647      455F545F 
 13647      482000
 13648              	.LASF927:
 13649 4f41 494E5436 		.ascii	"INT64_MAX (__INT64_MAX__)\000"
 13649      345F4D41 
 13649      5820285F 
 13649      5F494E54 
 13649      36345F4D 
 13650              	.LASF406:
 13651 4f5b 5F5F4152 		.ascii	"__ARM_FEATURE_CMSE\000"
 13651      4D5F4645 
 13651      41545552 
 13651      455F434D 
 13651      534500
 13652              	.LASF922:
 13653 4f6e 55494E54 		.ascii	"UINT32_MAX (__UINT32_MAX__)\000"
 13653      33325F4D 
 13653      41582028 
 13653      5F5F5549 
 13653      4E543332 
 13654              	.LASF1229:
 13655 4f8a 4C5F6374 		.ascii	"L_ctermid 16\000"
 13655      65726D69 
 13655      64203136 
 13655      00
 13656              	.LASF1201:
ARM GAS  /var/folders/65/xyhbx3_n6nd_hs7j3p9nfwv80000gn/T//cc2oMwwL.s 			page 296


 13657 4f97 46494C45 		.ascii	"FILENAME_MAX 1024\000"
 13657      4E414D45 
 13657      5F4D4158 
 13657      20313032 
 13657      3400
 13658              	.LASF561:
 13659 4fa9 5F5F7763 		.ascii	"__wchar_t__ \000"
 13659      6861725F 
 13659      745F5F20 
 13659      00
 13660              	.LASF191:
 13661 4fb6 5F5F4C44 		.ascii	"__LDBL_HAS_QUIET_NAN__ 1\000"
 13661      424C5F48 
 13661      41535F51 
 13661      55494554 
 13661      5F4E414E 
 13662              	.LASF580:
 13663 4fcf 5F5F6E65 		.ascii	"__need_NULL\000"
 13663      65645F4E 
 13663      554C4C00 
 13664              	.LASF344:
 13665 4fdb 5F5F5451 		.ascii	"__TQ_FBIT__ 127\000"
 13665      5F464249 
 13665      545F5F20 
 13665      31323700 
 13666              	.LASF1067:
 13667 4feb 4D5F4C4F 		.ascii	"M_LOG2_E _M_LN2\000"
 13667      47325F45 
 13667      205F4D5F 
 13667      4C4E3200 
 13668              	.LASF86:
 13669 4ffb 5F5F4C4F 		.ascii	"__LONG_LONG_WIDTH__ 64\000"
 13669      4E475F4C 
 13669      4F4E475F 
 13669      57494454 
 13669      485F5F20 
 13670              	.LASF1325:
 13671 5012 5F6E696F 		.ascii	"_niobs\000"
 13671      627300
 13672              	.LASF954:
 13673 5019 57494E54 		.ascii	"WINT_MAX (__WINT_MAX__)\000"
 13673      5F4D4158 
 13673      20285F5F 
 13673      57494E54 
 13673      5F4D4158 
 13674              	.LASF820:
 13675 5031 5F524545 		.ascii	"_REENT_STRTOK_LAST(ptr) ((ptr)->_new._reent._strtok"
 13675      4E545F53 
 13675      5452544F 
 13675      4B5F4C41 
 13675      53542870 
 13676 5064 5F6C6173 		.ascii	"_last)\000"
 13676      742900
 13677              	.LASF427:
 13678 506b 5F5F4152 		.ascii	"__ARM_FP\000"
 13678      4D5F4650 
 13678      00
ARM GAS  /var/folders/65/xyhbx3_n6nd_hs7j3p9nfwv80000gn/T//cc2oMwwL.s 			page 297


 13679              	.LASF357:
 13680 5074 5F5F4841 		.ascii	"__HA_IBIT__ 8\000"
 13680      5F494249 
 13680      545F5F20 
 13680      3800
 13681              	.LASF140:
 13682 5082 5F5F494E 		.ascii	"__INTPTR_WIDTH__ 32\000"
 13682      54505452 
 13682      5F574944 
 13682      54485F5F 
 13682      20333200 
 13683              	.LASF1321:
 13684 5096 5F5F7367 		.ascii	"__sglue\000"
 13684      6C756500 
 13685              	.LASF1353:
 13686 509e 5F637479 		.ascii	"_ctype_\000"
 13686      70655F00 
 13687              	.LASF974:
 13688 50a6 74727565 		.ascii	"true 1\000"
 13688      203100
 13689              	.LASF1351:
 13690 50ad 5F6E6D61 		.ascii	"_nmalloc\000"
 13690      6C6C6F63 
 13690      00
 13691              	.LASF211:
 13692 50b6 5F5F464C 		.ascii	"__FLT64_MAX_EXP__ 1024\000"
 13692      5436345F 
 13692      4D41585F 
 13692      4558505F 
 13692      5F203130 
 13693              	.LASF738:
 13694 50cd 69737075 		.ascii	"ispunct_l(__c,__l) (__ctype_lookup_l(__c,__l)&_P)\000"
 13694      6E63745F 
 13694      6C285F5F 
 13694      632C5F5F 
 13694      6C292028 
 13695              	.LASF1377:
 13696 50ff 6E656564 		.ascii	"needle\000"
 13696      6C6500
 13697              	.LASF476:
 13698 5106 5F5F5359 		.ascii	"__SYS_CONFIG_H__ \000"
 13698      535F434F 
 13698      4E464947 
 13698      5F485F5F 
 13698      2000
 13699              	.LASF1359:
 13700 5118 646F7562 		.ascii	"double\000"
 13700      6C6500
 13701              	.LASF215:
 13702 511f 5F5F464C 		.ascii	"__FLT64_MIN__ 2.2250738585072014e-308F64\000"
 13702      5436345F 
 13702      4D494E5F 
 13702      5F20322E 
 13702      32323530 
 13703              	.LASF611:
 13704 5148 5F5F474E 		.ascii	"__GNUC_VA_LIST_COMPATIBILITY 1\000"
 13704      55435F56 
ARM GAS  /var/folders/65/xyhbx3_n6nd_hs7j3p9nfwv80000gn/T//cc2oMwwL.s 			page 298


 13704      415F4C49 
 13704      53545F43 
 13704      4F4D5041 
 13705              	.LASF116:
 13706 5167 5F5F494E 		.ascii	"__INT_LEAST64_MAX__ 0x7fffffffffffffffLL\000"
 13706      545F4C45 
 13706      41535436 
 13706      345F4D41 
 13706      585F5F20 
 13707              	.LASF1335:
 13708 5190 5F67616D 		.ascii	"_gamma_signgam\000"
 13708      6D615F73 
 13708      69676E67 
 13708      616D00
 13709              	.LASF469:
 13710 519f 5F484156 		.ascii	"_HAVE_CC_INHIBIT_LOOP_TO_LIBCALL 1\000"
 13710      455F4343 
 13710      5F494E48 
 13710      49424954 
 13710      5F4C4F4F 
 13711              	.LASF1040:
 13712 51c2 444F4D41 		.ascii	"DOMAIN 1\000"
 13712      494E2031 
 13712      00
 13713              	.LASF686:
 13714 51cb 5F5F4E55 		.ascii	"__NULLABILITY_PRAGMA_POP \000"
 13714      4C4C4142 
 13714      494C4954 
 13714      595F5052 
 13714      41474D41 
 13715              	.LASF88:
 13716 51e5 5F5F5749 		.ascii	"__WINT_WIDTH__ 32\000"
 13716      4E545F57 
 13716      49445448 
 13716      5F5F2033 
 13716      3200
 13717              	.LASF45:
 13718 51f7 5F5F494E 		.ascii	"__INT64_TYPE__ long long int\000"
 13718      5436345F 
 13718      54595045 
 13718      5F5F206C 
 13718      6F6E6720 
 13719              	.LASF276:
 13720 5214 5F5F4C46 		.ascii	"__LFRACT_FBIT__ 31\000"
 13720      52414354 
 13720      5F464249 
 13720      545F5F20 
 13720      333100
 13721              	.LASF25:
 13722 5227 5F5F4348 		.ascii	"__CHAR_BIT__ 8\000"
 13722      41525F42 
 13722      49545F5F 
 13722      203800
 13723              	.LASF393:
 13724 5236 5F5F5349 		.ascii	"__SIZEOF_WCHAR_T__ 4\000"
 13724      5A454F46 
 13724      5F574348 
ARM GAS  /var/folders/65/xyhbx3_n6nd_hs7j3p9nfwv80000gn/T//cc2oMwwL.s 			page 299


 13724      41525F54 
 13724      5F5F2034 
 13725              	.LASF533:
 13726 524b 5F505452 		.ascii	"_PTRDIFF_T \000"
 13726      44494646 
 13726      5F542000 
 13727              	.LASF492:
 13728 5257 5F5F4253 		.ascii	"__BSD_VISIBLE 1\000"
 13728      445F5649 
 13728      5349424C 
 13728      45203100 
 13729              	.LASF431:
 13730 5267 5F5F4152 		.ascii	"__ARM_FP16_ARGS\000"
 13730      4D5F4650 
 13730      31365F41 
 13730      52475300 
 13731              	.LASF351:
 13732 5277 5F5F5553 		.ascii	"__USQ_IBIT__ 0\000"
 13732      515F4942 
 13732      49545F5F 
 13732      203000
 13733              	.LASF1007:
 13734 5286 48554745 		.ascii	"HUGE_VAL (__builtin_huge_val())\000"
 13734      5F56414C 
 13734      20285F5F 
 13734      6275696C 
 13734      74696E5F 
 13735              	.LASF826:
 13736 52a6 5F524545 		.ascii	"_REENT_MBSRTOWCS_STATE(ptr) ((ptr)->_new._reent._mb"
 13736      4E545F4D 
 13736      42535254 
 13736      4F574353 
 13736      5F535441 
 13737 52d9 7372746F 		.ascii	"srtowcs_state)\000"
 13737      7763735F 
 13737      73746174 
 13737      652900
 13738              	.LASF995:
 13739 52e8 5F56415F 		.ascii	"_VA_LIST_T_H \000"
 13739      4C495354 
 13739      5F545F48 
 13739      2000
 13740              	.LASF718:
 13741 52f6 6973616C 		.ascii	"isalpha(__c) (__ctype_lookup(__c)&(_U|_L))\000"
 13741      70686128 
 13741      5F5F6329 
 13741      20285F5F 
 13741      63747970 
 13742              	.LASF1315:
 13743 5321 5F667265 		.ascii	"_freelist\000"
 13743      656C6973 
 13743      7400
 13744              	.LASF274:
 13745 532b 5F5F5546 		.ascii	"__UFRACT_MAX__ 0XFFFFP-16UR\000"
 13745      52414354 
 13745      5F4D4158 
 13745      5F5F2030 
ARM GAS  /var/folders/65/xyhbx3_n6nd_hs7j3p9nfwv80000gn/T//cc2oMwwL.s 			page 300


 13745      58464646 
 13746              	.LASF1326:
 13747 5347 5F696F62 		.ascii	"_iobs\000"
 13747      7300
 13748              	.LASF1106:
 13749 534d 5F54494D 		.ascii	"_TIME_T_DECLARED \000"
 13749      455F545F 
 13749      4445434C 
 13749      41524544 
 13749      2000
 13750              	.LASF585:
 13751 535f 5F5F5448 		.ascii	"__THROW \000"
 13751      524F5720 
 13751      00
 13752              	.LASF1324:
 13753 5368 5F676C75 		.ascii	"_glue\000"
 13753      6500
 13754              	.LASF364:
 13755 536e 5F5F5548 		.ascii	"__UHA_FBIT__ 8\000"
 13755      415F4642 
 13755      49545F5F 
 13755      203800
 13756              	.LASF1260:
 13757 537d 5F736967 		.ascii	"_sign\000"
 13757      6E00
 13758              	.LASF257:
 13759 5383 5F5F5346 		.ascii	"__SFRACT_IBIT__ 0\000"
 13759      52414354 
 13759      5F494249 
 13759      545F5F20 
 13759      3000
 13760              	.LASF829:
 13761 5395 5F524545 		.ascii	"_REENT_L64A_BUF(ptr) ((ptr)->_new._reent._l64a_buf)"
 13761      4E545F4C 
 13761      3634415F 
 13761      42554628 
 13761      70747229 
 13762 53c8 00       		.ascii	"\000"
 13763              	.LASF490:
 13764 53c9 5F415446 		.ascii	"_ATFILE_SOURCE 1\000"
 13764      494C455F 
 13764      534F5552 
 13764      43452031 
 13764      00
 13765              	.LASF728:
 13766 53da 6973636E 		.ascii	"iscntrl(__c) (__ctype_lookup(__c)&_C)\000"
 13766      74726C28 
 13766      5F5F6329 
 13766      20285F5F 
 13766      63747970 
 13767              	.LASF518:
 13768 5400 5F5F4558 		.ascii	"__EXP(x) __ ##x ##__\000"
 13768      50287829 
 13768      205F5F20 
 13768      23237820 
 13768      23235F5F 
 13769              	.LASF712:
ARM GAS  /var/folders/65/xyhbx3_n6nd_hs7j3p9nfwv80000gn/T//cc2oMwwL.s 			page 301


 13770 5415 5F432030 		.ascii	"_C 040\000"
 13770      343000
 13771              	.LASF30:
 13772 541c 5F5F4259 		.ascii	"__BYTE_ORDER__ __ORDER_LITTLE_ENDIAN__\000"
 13772      54455F4F 
 13772      52444552 
 13772      5F5F205F 
 13772      5F4F5244 
 13773              	.LASF201:
 13774 5443 5F5F464C 		.ascii	"__FLT32_EPSILON__ 1.1920928955078125e-7F32\000"
 13774      5433325F 
 13774      45505349 
 13774      4C4F4E5F 
 13774      5F20312E 
 13775              	.LASF438:
 13776 546e 5F5F4152 		.ascii	"__ARM_NEON_FP\000"
 13776      4D5F4E45 
 13776      4F4E5F46 
 13776      5000
 13777              	.LASF1357:
 13778 547c 666C6F61 		.ascii	"float\000"
 13778      7400
 13779              	.LASF1216:
 13780 5482 5F5F7366 		.ascii	"__sfeof(p) ((int)(((p)->_flags & __SEOF) != 0))\000"
 13780      656F6628 
 13780      70292028 
 13780      28696E74 
 13780      29282828 
 13781              	.LASF804:
 13782 54b2 5F524545 		.ascii	"_REENT_CHECK_ASCTIME_BUF(ptr) \000"
 13782      4E545F43 
 13782      4845434B 
 13782      5F415343 
 13782      54494D45 
 13783              	.LASF455:
 13784 54d1 5F414E53 		.ascii	"_ANSIDECL_H_ \000"
 13784      49444543 
 13784      4C5F485F 
 13784      2000
 13785              	.LASF1198:
 13786 54df 454F4620 		.ascii	"EOF (-1)\000"
 13786      282D3129 
 13786      00
 13787              	.LASF462:
 13788 54e8 5F57414E 		.ascii	"_WANT_IO_C99_FORMATS 1\000"
 13788      545F494F 
 13788      5F433939 
 13788      5F464F52 
 13788      4D415453 
 13789              	.LASF497:
 13790 54ff 5F5F504F 		.ascii	"__POSIX_VISIBLE 200809\000"
 13790      5349585F 
 13790      56495349 
 13790      424C4520 
 13790      32303038 
 13791              	.LASF1366:
 13792 5516 636F756E 		.ascii	"count\000"
ARM GAS  /var/folders/65/xyhbx3_n6nd_hs7j3p9nfwv80000gn/T//cc2oMwwL.s 			page 302


 13792      7400
 13793              	.LASF1052:
 13794 551c 4D5F5049 		.ascii	"M_PI 3.14159265358979323846\000"
 13794      20332E31 
 13794      34313539 
 13794      32363533 
 13794      35383937 
 13795              	.LASF36:
 13796 5538 5F5F5749 		.ascii	"__WINT_TYPE__ unsigned int\000"
 13796      4E545F54 
 13796      5950455F 
 13796      5F20756E 
 13796      7369676E 
 13797              	.LASF352:
 13798 5553 5F5F5544 		.ascii	"__UDQ_FBIT__ 64\000"
 13798      515F4642 
 13798      49545F5F 
 13798      20363400 
 13799              	.LASF1396:
 13800 5563 2F557365 		.ascii	"/Users/bwandrych/Desktop/PlutoBrowser\000"
 13800      72732F62 
 13800      77616E64 
 13800      72796368 
 13800      2F446573 
 13801              	.LASF615:
 13802 5589 5F5F474E 		.ascii	"__GNUCLIKE_BUILTIN_MEMCPY 1\000"
 13802      55434C49 
 13802      4B455F42 
 13802      55494C54 
 13802      494E5F4D 
 13803              	.LASF1160:
 13804 55a5 5F535953 		.ascii	"_SYS_SCHED_H_ \000"
 13804      5F534348 
 13804      45445F48 
 13804      5F2000
 13805              	.LASF1183:
 13806 55b4 5F5F5345 		.ascii	"__SEOF 0x0020\000"
 13806      4F462030 
 13806      78303032 
 13806      3000
 13807              	.LASF909:
 13808 55c2 494E5438 		.ascii	"INT8_MAX (__INT8_MAX__)\000"
 13808      5F4D4158 
 13808      20285F5F 
 13808      494E5438 
 13808      5F4D4158 
 13809              	.LASF891:
 13810 55da 5F55494E 		.ascii	"_UINT64_T_DECLARED \000"
 13810      5436345F 
 13810      545F4445 
 13810      434C4152 
 13810      45442000 
 13811              	.LASF719:
 13812 55ee 69737570 		.ascii	"isupper(__c) ((__ctype_lookup(__c)&(_U|_L))==_U)\000"
 13812      70657228 
 13812      5F5F6329 
 13812      2028285F 
ARM GAS  /var/folders/65/xyhbx3_n6nd_hs7j3p9nfwv80000gn/T//cc2oMwwL.s 			page 303


 13812      5F637479 
 13813              	.LASF1241:
 13814 561f 756E7369 		.ascii	"unsigned int\000"
 13814      676E6564 
 13814      20696E74 
 13814      00
 13815              	.LASF552:
 13816 562c 5F53495A 		.ascii	"_SIZE_T_DEFINED_ \000"
 13816      455F545F 
 13816      44454649 
 13816      4E45445F 
 13816      2000
 13817              	.LASF1166:
 13818 563e 50544852 		.ascii	"PTHREAD_INHERIT_SCHED 1\000"
 13818      4541445F 
 13818      494E4845 
 13818      5249545F 
 13818      53434845 
 13819              	.LASF269:
 13820 5656 5F5F4652 		.ascii	"__FRACT_MAX__ 0X7FFFP-15R\000"
 13820      4143545F 
 13820      4D41585F 
 13820      5F203058 
 13820      37464646 
 13821              	.LASF876:
 13822 5670 5F5F4C45 		.ascii	"__LEAST8 \"hh\"\000"
 13822      41535438 
 13822      20226868 
 13822      2200
 13823              	.LASF150:
 13824 567e 5F5F464C 		.ascii	"__FLT_MIN_EXP__ (-125)\000"
 13824      545F4D49 
 13824      4E5F4558 
 13824      505F5F20 
 13824      282D3132 
 13825              	.LASF146:
 13826 5695 5F5F4445 		.ascii	"__DEC_EVAL_METHOD__ 2\000"
 13826      435F4556 
 13826      414C5F4D 
 13826      4554484F 
 13826      445F5F20 
 13827              	.LASF961:
 13828 56ab 55494E54 		.ascii	"UINT32_C(x) __UINT32_C(x)\000"
 13828      33325F43 
 13828      28782920 
 13828      5F5F5549 
 13828      4E543332 
 13829              	.LASF1006:
 13830 56c5 5F4D5F4C 		.ascii	"_M_LN2 0.693147180559945309417\000"
 13830      4E322030 
 13830      2E363933 
 13830      31343731 
 13830      38303535 
 13831              	.LASF302:
 13832 56e4 5F5F5553 		.ascii	"__USACCUM_IBIT__ 8\000"
 13832      41434355 
 13832      4D5F4942 
ARM GAS  /var/folders/65/xyhbx3_n6nd_hs7j3p9nfwv80000gn/T//cc2oMwwL.s 			page 304


 13832      49545F5F 
 13832      203800
 13833              	.LASF1204:
 13834 56f7 544D505F 		.ascii	"TMP_MAX 26\000"
 13834      4D415820 
 13834      323600
 13835              	.LASF440:
 13836 5702 5F5F4152 		.ascii	"__ARM_ARCH_7EM__ 1\000"
 13836      4D5F4152 
 13836      43485F37 
 13836      454D5F5F 
 13836      203100
 13837              	.LASF1135:
 13838 5715 5F425344 		.ascii	"_BSDTYPES_DEFINED \000"
 13838      54595045 
 13838      535F4445 
 13838      46494E45 
 13838      442000
 13839              	.LASF656:
 13840 5728 5F5F7072 		.ascii	"__predict_false(exp) __builtin_expect((exp), 0)\000"
 13840      65646963 
 13840      745F6661 
 13840      6C736528 
 13840      65787029 
 13841              	.LASF218:
 13842 5758 5F5F464C 		.ascii	"__FLT64_HAS_DENORM__ 1\000"
 13842      5436345F 
 13842      4841535F 
 13842      44454E4F 
 13842      524D5F5F 
 13843              	.LASF149:
 13844 576f 5F5F464C 		.ascii	"__FLT_DIG__ 6\000"
 13844      545F4449 
 13844      475F5F20 
 13844      3600
 13845              	.LASF1349:
 13846 577d 5F685F65 		.ascii	"_h_errno\000"
 13846      72726E6F 
 13846      00
 13847              	.LASF471:
 13848 5786 5F465657 		.ascii	"_FVWRITE_IN_STREAMIO 1\000"
 13848      52495445 
 13848      5F494E5F 
 13848      53545245 
 13848      414D494F 
 13849              	.LASF575:
 13850 579d 5F574348 		.ascii	"_WCHAR_T_DECLARED \000"
 13850      41525F54 
 13850      5F444543 
 13850      4C415245 
 13850      442000
 13851              	.LASF936:
 13852 57b0 494E545F 		.ascii	"INT_FAST16_MAX (__INT_FAST16_MAX__)\000"
 13852      46415354 
 13852      31365F4D 
 13852      41582028 
 13852      5F5F494E 
ARM GAS  /var/folders/65/xyhbx3_n6nd_hs7j3p9nfwv80000gn/T//cc2oMwwL.s 			page 305


 13853              	.LASF102:
 13854 57d4 5F5F494E 		.ascii	"__INT64_MAX__ 0x7fffffffffffffffLL\000"
 13854      5436345F 
 13854      4D41585F 
 13854      5F203078 
 13854      37666666 
 13855              	.LASF754:
 13856 57f7 5F535953 		.ascii	"_SYS_REENT_H_ \000"
 13856      5F524545 
 13856      4E545F48 
 13856      5F2000
 13857              	.LASF144:
 13858 5806 5F5F464C 		.ascii	"__FLT_EVAL_METHOD__ 0\000"
 13858      545F4556 
 13858      414C5F4D 
 13858      4554484F 
 13858      445F5F20 
 13859              	.LASF902:
 13860 581c 5F5F696E 		.ascii	"__int_fast16_t_defined 1\000"
 13860      745F6661 
 13860      73743136 
 13860      5F745F64 
 13860      6566696E 
 13861              	.LASF998:
 13862 5835 70646578 		.ascii	"pdext_json_h \000"
 13862      745F6A73 
 13862      6F6E5F68 
 13862      2000
 13863              	.LASF71:
 13864 5843 5F5F5343 		.ascii	"__SCHAR_MAX__ 0x7f\000"
 13864      4841525F 
 13864      4D41585F 
 13864      5F203078 
 13864      376600
 13865              	.LASF1230:
 13866 5856 504C5554 		.ascii	"PLUTO_STRUTIL_H \000"
 13866      4F5F5354 
 13866      52555449 
 13866      4C5F4820 
 13866      00
 13867              	.LASF128:
 13868 5867 5F5F494E 		.ascii	"__INT_FAST8_WIDTH__ 32\000"
 13868      545F4641 
 13868      5354385F 
 13868      57494454 
 13868      485F5F20 
 13869              	.LASF2:
 13870 587e 5F5F5354 		.ascii	"__STDC_UTF_16__ 1\000"
 13870      44435F55 
 13870      54465F31 
 13870      365F5F20 
 13870      3100
 13871              	.LASF752:
 13872 5890 5F5F6E65 		.ascii	"__need_wchar_t \000"
 13872      65645F77 
 13872      63686172 
 13872      5F742000 
ARM GAS  /var/folders/65/xyhbx3_n6nd_hs7j3p9nfwv80000gn/T//cc2oMwwL.s 			page 306


 13873              	.LASF1379:
 13874 58a0 73756666 		.ascii	"suffix\000"
 13874      697800
 13875              	.LASF407:
 13876 58a7 5F5F4152 		.ascii	"__ARM_FEATURE_LDREX\000"
 13876      4D5F4645 
 13876      41545552 
 13876      455F4C44 
 13876      52455800 
 13877              	.LASF535:
 13878 58bb 5F545F50 		.ascii	"_T_PTRDIFF \000"
 13878      54524449 
 13878      46462000 
 13879              	.LASF346:
 13880 58c7 5F5F5551 		.ascii	"__UQQ_FBIT__ 8\000"
 13880      515F4642 
 13880      49545F5F 
 13880      203800
 13881              	.LASF1347:
 13882 58d6 5F776372 		.ascii	"_wcrtomb_state\000"
 13882      746F6D62 
 13882      5F737461 
 13882      746500
 13883              	.LASF740:
 13884 58e5 69737072 		.ascii	"isprint_l(__c,__l) (__ctype_lookup_l(__c,__l)&(_P|_"
 13884      696E745F 
 13884      6C285F5F 
 13884      632C5F5F 
 13884      6C292028 
 13885 5918 557C5F4C 		.ascii	"U|_L|_N|_B))\000"
 13885      7C5F4E7C 
 13885      5F422929 
 13885      00
 13886              	.LASF1003:
 13887 5925 536F756E 		.ascii	"SoundFormatIs16bit(f) ((f)>=kSound16bitMono)\000"
 13887      64466F72 
 13887      6D617449 
 13887      73313662 
 13887      69742866 
 13888              	.LASF243:
 13889 5952 5F5F4445 		.ascii	"__DEC64_MIN_EXP__ (-382)\000"
 13889      4336345F 
 13889      4D494E5F 
 13889      4558505F 
 13889      5F20282D 
 13890              	.LASF142:
 13891 596b 5F5F4743 		.ascii	"__GCC_IEC_559 0\000"
 13891      435F4945 
 13891      435F3535 
 13891      39203000 
 13892              	.LASF1267:
 13893 597b 5F5F746D 		.ascii	"__tm_mday\000"
 13893      5F6D6461 
 13893      7900
 13894              	.LASF861:
 13895 5985 63686172 		.ascii	"char +0\000"
 13895      202B3000 
ARM GAS  /var/folders/65/xyhbx3_n6nd_hs7j3p9nfwv80000gn/T//cc2oMwwL.s 			page 307


 13896              	.LASF840:
 13897 598d 616C6C6F 		.ascii	"alloca\000"
 13897      636100
 13898              	.LASF279:
 13899 5994 5F5F4C46 		.ascii	"__LFRACT_MAX__ 0X7FFFFFFFP-31LR\000"
 13899      52414354 
 13899      5F4D4158 
 13899      5F5F2030 
 13899      58374646 
 13900              	.LASF395:
 13901 59b4 5F5F5349 		.ascii	"__SIZEOF_PTRDIFF_T__ 4\000"
 13901      5A454F46 
 13901      5F505452 
 13901      44494646 
 13901      5F545F5F 
 13902              	.LASF0:
 13903 59cb 5F5F5354 		.ascii	"__STDC__ 1\000"
 13903      44435F5F 
 13903      203100
 13904              	.LASF1114:
 13905 59d6 5F535953 		.ascii	"_SYS__TIMESPEC_H_ \000"
 13905      5F5F5449 
 13905      4D455350 
 13905      45435F48 
 13905      5F2000
 13906              	.LASF1318:
 13907 59e9 5F6E6577 		.ascii	"_new\000"
 13907      00
 13908              	.LASF525:
 13909 59ee 5F5F5F69 		.ascii	"___int_least8_t_defined 1\000"
 13909      6E745F6C 
 13909      65617374 
 13909      385F745F 
 13909      64656669 
 13910              	.LASF444:
 13911 5a08 5F5F4152 		.ascii	"__ARM_FEATURE_IDIV 1\000"
 13911      4D5F4645 
 13911      41545552 
 13911      455F4944 
 13911      49562031 
 13912              	.LASF1293:
 13913 5a1d 5F756275 		.ascii	"_ubuf\000"
 13913      6600
 13914              	.LASF31:
 13915 5a23 5F5F464C 		.ascii	"__FLOAT_WORD_ORDER__ __ORDER_LITTLE_ENDIAN__\000"
 13915      4F41545F 
 13915      574F5244 
 13915      5F4F5244 
 13915      45525F5F 
 13916              	.LASF46:
 13917 5a50 5F5F5549 		.ascii	"__UINT8_TYPE__ unsigned char\000"
 13917      4E54385F 
 13917      54595045 
 13917      5F5F2075 
 13917      6E736967 
 13918              	.LASF1305:
 13919 5a6d 5F737464 		.ascii	"_stderr\000"
ARM GAS  /var/folders/65/xyhbx3_n6nd_hs7j3p9nfwv80000gn/T//cc2oMwwL.s 			page 308


 13919      65727200 
 13920              	.LASF806:
 13921 5a75 5F524545 		.ascii	"_REENT_CHECK_MISC(ptr) \000"
 13921      4E545F43 
 13921      4845434B 
 13921      5F4D4953 
 13921      43287074 
 13922              	.LASF695:
 13923 5a8d 5F5F756E 		.ascii	"__unlocks(...) __lock_annotate(unlock_function(__VA"
 13923      6C6F636B 
 13923      73282E2E 
 13923      2E29205F 
 13923      5F6C6F63 
 13924 5ac0 5F415247 		.ascii	"_ARGS__))\000"
 13924      535F5F29 
 13924      2900
 13925              	.LASF504:
 13926 5aca 5F5F4558 		.ascii	"__EXPORT \000"
 13926      504F5254 
 13926      2000
 13927              	.LASF1340:
 13928 5ad4 5F776374 		.ascii	"_wctomb_state\000"
 13928      6F6D625F 
 13928      73746174 
 13928      6500
 13929              	.LASF478:
 13930 5ae2 5F5F4F42 		.ascii	"__OBSOLETE_MATH_DEFAULT 1\000"
 13930      534F4C45 
 13930      54455F4D 
 13930      4154485F 
 13930      44454641 
 13931              	.LASF1299:
 13932 5afc 5F6D6273 		.ascii	"_mbstate\000"
 13932      74617465 
 13932      00
 13933              	.LASF677:
 13934 5b05 5F5F5343 		.ascii	"__SCCSID(s) struct __hack\000"
 13934      43534944 
 13934      28732920 
 13934      73747275 
 13934      6374205F 
 13935              	.LASF975:
 13936 5b1f 66616C73 		.ascii	"false 0\000"
 13936      65203000 
 13937              	.LASF83:
 13938 5b27 5F5F5348 		.ascii	"__SHRT_WIDTH__ 16\000"
 13938      52545F57 
 13938      49445448 
 13938      5F5F2031 
 13938      3600
 13939              	.LASF1115:
 13940 5b39 54494D45 		.ascii	"TIMEVAL_TO_TIMESPEC(tv,ts) do { (ts)->tv_sec = (tv)"
 13940      56414C5F 
 13940      544F5F54 
 13940      494D4553 
 13940      50454328 
 13941 5b6c 2D3E7476 		.ascii	"->tv_sec; (ts)->tv_nsec = (tv)->tv_usec * 1000; } w"
ARM GAS  /var/folders/65/xyhbx3_n6nd_hs7j3p9nfwv80000gn/T//cc2oMwwL.s 			page 309


 13941      5F736563 
 13941      3B202874 
 13941      73292D3E 
 13941      74765F6E 
 13942 5b9f 68696C65 		.ascii	"hile (0)\000"
 13942      20283029 
 13942      00
 13943              	.LASF1336:
 13944 5ba8 5F72616E 		.ascii	"_rand_next\000"
 13944      645F6E65 
 13944      787400
 13945              	.LASF414:
 13946 5bb3 5F5F4152 		.ascii	"__ARM_ARCH_PROFILE\000"
 13946      4D5F4152 
 13946      43485F50 
 13946      524F4649 
 13946      4C4500
 13947              	.LASF249:
 13948 5bc6 5F5F4445 		.ascii	"__DEC128_MANT_DIG__ 34\000"
 13948      43313238 
 13948      5F4D414E 
 13948      545F4449 
 13948      475F5F20 
 13949              	.LASF1285:
 13950 5bdd 5F666C61 		.ascii	"_flags\000"
 13950      677300
 13951              	.LASF505:
 13952 5be4 5F5F494D 		.ascii	"__IMPORT \000"
 13952      504F5254 
 13952      2000
 13953              	.LASF541:
 13954 5bee 5F505452 		.ascii	"_PTRDIFF_T_DECLARED \000"
 13954      44494646 
 13954      5F545F44 
 13954      45434C41 
 13954      52454420 
 13955              	.LASF366:
 13956 5c03 5F5F5553 		.ascii	"__USA_FBIT__ 16\000"
 13956      415F4642 
 13956      49545F5F 
 13956      20313600 
 13957              	.LASF630:
 13958 5c13 5F5F766F 		.ascii	"__volatile volatile\000"
 13958      6C617469 
 13958      6C652076 
 13958      6F6C6174 
 13958      696C6500 
 13959              	.LASF756:
 13960 5c27 5F4D4143 		.ascii	"_MACHINE__TYPES_H \000"
 13960      48494E45 
 13960      5F5F5459 
 13960      5045535F 
 13960      482000
 13961              	.LASF477:
 13962 5c3a 5F5F4945 		.ascii	"__IEEE_LITTLE_ENDIAN \000"
 13962      45455F4C 
 13962      4954544C 
ARM GAS  /var/folders/65/xyhbx3_n6nd_hs7j3p9nfwv80000gn/T//cc2oMwwL.s 			page 310


 13962      455F454E 
 13962      4449414E 
 13963              	.LASF764:
 13964 5c50 5F5F6C6F 		.ascii	"__lock_close_recursive(lock) __retarget_lock_close_"
 13964      636B5F63 
 13964      6C6F7365 
 13964      5F726563 
 13964      75727369 
 13965 5c83 72656375 		.ascii	"recursive(lock)\000"
 13965      72736976 
 13965      65286C6F 
 13965      636B2900 
 13966              	.LASF180:
 13967 5c93 5F5F4C44 		.ascii	"__LDBL_MIN_10_EXP__ (-307)\000"
 13967      424C5F4D 
 13967      494E5F31 
 13967      305F4558 
 13967      505F5F20 
 13968              	.LASF1149:
 13969 5cae 5F504944 		.ascii	"_PID_T_DECLARED \000"
 13969      5F545F44 
 13969      45434C41 
 13969      52454420 
 13969      00
 13970              	.LASF380:
 13971 5cbf 5F5F4743 		.ascii	"__GCC_ATOMIC_CHAR_LOCK_FREE 2\000"
 13971      435F4154 
 13971      4F4D4943 
 13971      5F434841 
 13971      525F4C4F 
 13972              	.LASF1278:
 13973 5cdd 5F617465 		.ascii	"_atexit\000"
 13973      78697400 
 13974              	.LASF280:
 13975 5ce5 5F5F4C46 		.ascii	"__LFRACT_EPSILON__ 0x1P-31LR\000"
 13975      52414354 
 13975      5F455053 
 13975      494C4F4E 
 13975      5F5F2030 
 13976              	.LASF508:
 13977 5d02 5F424547 		.ascii	"_BEGIN_STD_C \000"
 13977      494E5F53 
 13977      54445F43 
 13977      2000
 13978              	.LASF644:
 13979 5d10 5F5F6D61 		.ascii	"__malloc_like __attribute__((__malloc__))\000"
 13979      6C6C6F63 
 13979      5F6C696B 
 13979      65205F5F 
 13979      61747472 
 13980              	.LASF1186:
 13981 5d3a 5F5F5341 		.ascii	"__SAPP 0x0100\000"
 13981      50502030 
 13981      78303130 
 13981      3000
 13982              	.LASF412:
 13983 5d48 5F5F4152 		.ascii	"__ARM_SIZEOF_MINIMAL_ENUM 1\000"
ARM GAS  /var/folders/65/xyhbx3_n6nd_hs7j3p9nfwv80000gn/T//cc2oMwwL.s 			page 311


 13983      4D5F5349 
 13983      5A454F46 
 13983      5F4D494E 
 13983      494D414C 
 13984              	.LASF1395:
 13985 5d64 536F7572 		.ascii	"Source/util/strutil.c\000"
 13985      63652F75 
 13985      74696C2F 
 13985      73747275 
 13985      74696C2E 
 13986              	.LASF501:
 13987 5d7a 5F504F49 		.ascii	"_POINTER_INT long\000"
 13987      4E544552 
 13987      5F494E54 
 13987      206C6F6E 
 13987      6700
 13988              	.LASF1168:
 13989 5d8c 50544852 		.ascii	"PTHREAD_CREATE_DETACHED 0\000"
 13989      4541445F 
 13989      43524541 
 13989      54455F44 
 13989      45544143 
 13990              	.LASF416:
 13991 5da6 5F5F6172 		.ascii	"__arm__ 1\000"
 13991      6D5F5F20 
 13991      3100
 13992              	.LASF1044:
 13993 5db0 544C4F53 		.ascii	"TLOSS 5\000"
 13993      53203500 
 13994              	.LASF1065:
 13995 5db8 4D5F5351 		.ascii	"M_SQRT3 1.73205080756887719000\000"
 13995      52543320 
 13995      312E3733 
 13995      32303530 
 13995      38303735 
 13996              	.LASF1079:
 13997 5dd7 5F465354 		.ascii	"_FSTDIO \000"
 13997      44494F20 
 13997      00
 13998              	.LASF990:
 13999 5de0 76615F63 		.ascii	"va_copy(d,s) __builtin_va_copy(d,s)\000"
 13999      6F707928 
 13999      642C7329 
 13999      205F5F62 
 13999      75696C74 
 14000              	.LASF1156:
 14001 5e04 5F5F7469 		.ascii	"__timer_t_defined \000"
 14001      6D65725F 
 14001      745F6465 
 14001      66696E65 
 14001      642000
 14002              	.LASF195:
 14003 5e17 5F5F464C 		.ascii	"__FLT32_MIN_10_EXP__ (-37)\000"
 14003      5433325F 
 14003      4D494E5F 
 14003      31305F45 
 14003      58505F5F 
ARM GAS  /var/folders/65/xyhbx3_n6nd_hs7j3p9nfwv80000gn/T//cc2oMwwL.s 			page 312


 14004              	.LASF1375:
 14005 5e32 73747275 		.ascii	"strutil_find_any\000"
 14005      74696C5F 
 14005      66696E64 
 14005      5F616E79 
 14005      00
 14006              	.LASF1253:
 14007 5e43 5F5F636F 		.ascii	"__count\000"
 14007      756E7400 
 14008              	.LASF494:
 14009 5e4b 5F5F4953 		.ascii	"__ISO_C_VISIBLE 2011\000"
 14009      4F5F435F 
 14009      56495349 
 14009      424C4520 
 14009      32303131 
 14010              	.LASF563:
 14011 5e60 5F574348 		.ascii	"_WCHAR_T \000"
 14011      41525F54 
 14011      2000
 14012              	.LASF771:
 14013 5e6a 5F5F7369 		.ascii	"__size_t\000"
 14013      7A655F74 
 14013      00
 14014              	.LASF430:
 14015 5e73 5F5F4152 		.ascii	"__ARM_FP16_FORMAT_ALTERNATIVE\000"
 14015      4D5F4650 
 14015      31365F46 
 14015      4F524D41 
 14015      545F414C 
 14016              	.LASF674:
 14017 5e91 5F5F4642 		.ascii	"__FBSDID(s) struct __hack\000"
 14017      53444944 
 14017      28732920 
 14017      73747275 
 14017      6374205F 
 14018              	.LASF235:
 14019 5eab 5F5F4445 		.ascii	"__DEC32_MANT_DIG__ 7\000"
 14019      4333325F 
 14019      4D414E54 
 14019      5F444947 
 14019      5F5F2037 
 14020              	.LASF1100:
 14021 5ec0 5F5F6E74 		.ascii	"__ntohs(_x) __bswap16(_x)\000"
 14021      6F687328 
 14021      5F782920 
 14021      5F5F6273 
 14021      77617031 
 14022              	.LASF360:
 14023 5eda 5F5F4441 		.ascii	"__DA_FBIT__ 31\000"
 14023      5F464249 
 14023      545F5F20 
 14023      333100
 14024              	.LASF1109:
 14025 5ee9 74696D65 		.ascii	"timerisset(tvp) ((tvp)->tv_sec || (tvp)->tv_usec)\000"
 14025      72697373 
 14025      65742874 
 14025      76702920 
ARM GAS  /var/folders/65/xyhbx3_n6nd_hs7j3p9nfwv80000gn/T//cc2oMwwL.s 			page 313


 14025      28287476 
 14026              	.LASF517:
 14027 5f1b 5F4D4143 		.ascii	"_MACHINE__DEFAULT_TYPES_H \000"
 14027      48494E45 
 14027      5F5F4445 
 14027      4641554C 
 14027      545F5459 
 14028              	.LASF26:
 14029 5f36 5F5F4249 		.ascii	"__BIGGEST_ALIGNMENT__ 8\000"
 14029      47474553 
 14029      545F414C 
 14029      49474E4D 
 14029      454E545F 
 14030              	.LASF1090:
 14031 5f4e 4C495454 		.ascii	"LITTLE_ENDIAN _LITTLE_ENDIAN\000"
 14031      4C455F45 
 14031      4E444941 
 14031      4E205F4C 
 14031      4954544C 
 14032              	.LASF540:
 14033 5f6b 5F474343 		.ascii	"_GCC_PTRDIFF_T \000"
 14033      5F505452 
 14033      44494646 
 14033      5F542000 
 14034              	.LASF613:
 14035 5f7b 5F5F474E 		.ascii	"__GNUCLIKE_BUILTIN_NEXT_ARG 1\000"
 14035      55434C49 
 14035      4B455F42 
 14035      55494C54 
 14035      494E5F4E 
 14036              	.LASF692:
 14037 5f99 5F5F6C6F 		.ascii	"__locks_shared(...) __lock_annotate(shared_lock_fun"
 14037      636B735F 
 14037      73686172 
 14037      6564282E 
 14037      2E2E2920 
 14038 5fcc 6374696F 		.ascii	"ction(__VA_ARGS__))\000"
 14038      6E285F5F 
 14038      56415F41 
 14038      5247535F 
 14038      5F292900 
 14039              	.LASF890:
 14040 5fe0 5F494E54 		.ascii	"_INT64_T_DECLARED \000"
 14040      36345F54 
 14040      5F444543 
 14040      4C415245 
 14040      442000
 14041              	.LASF442:
 14042 5ff3 5F5F4152 		.ascii	"__ARM_EABI__ 1\000"
 14042      4D5F4541 
 14042      42495F5F 
 14042      203100
 14043              	.LASF710:
 14044 6002 5F532030 		.ascii	"_S 010\000"
 14044      313000
 14045              	.LASF1270:
 14046 6009 5F5F746D 		.ascii	"__tm_wday\000"
ARM GAS  /var/folders/65/xyhbx3_n6nd_hs7j3p9nfwv80000gn/T//cc2oMwwL.s 			page 314


 14046      5F776461 
 14046      7900
 14047              	.LASF571:
 14048 6013 5F574348 		.ascii	"_WCHAR_T_H \000"
 14048      41525F54 
 14048      5F482000 
 14049              	.LASF237:
 14050 601f 5F5F4445 		.ascii	"__DEC32_MAX_EXP__ 97\000"
 14050      4333325F 
 14050      4D41585F 
 14050      4558505F 
 14050      5F203937 
 14051              	.LASF792:
 14052 6034 5F52414E 		.ascii	"_RAND48_MULT_2 (0x0005)\000"
 14052      4434385F 
 14052      4D554C54 
 14052      5F322028 
 14052      30783030 
 14053              	.LASF401:
 14054 604c 5F5F4152 		.ascii	"__ARM_FEATURE_QRDMX\000"
 14054      4D5F4645 
 14054      41545552 
 14054      455F5152 
 14054      444D5800 
 14055              	.LASF1105:
 14056 6060 5F5F7469 		.ascii	"__time_t_defined \000"
 14056      6D655F74 
 14056      5F646566 
 14056      696E6564 
 14056      2000
 14057              	.LASF424:
 14058 6072 5F5F4152 		.ascii	"__ARM_ARCH_ISA_THUMB 2\000"
 14058      4D5F4152 
 14058      43485F49 
 14058      53415F54 
 14058      48554D42 
 14059              	.LASF1197:
 14060 6089 5F494F4E 		.ascii	"_IONBF 2\000"
 14060      42462032 
 14060      00
 14061              	.LASF75:
 14062 6092 5F5F4C4F 		.ascii	"__LONG_LONG_MAX__ 0x7fffffffffffffffLL\000"
 14062      4E475F4C 
 14062      4F4E475F 
 14062      4D41585F 
 14062      5F203078 
 14063              	.LASF472:
 14064 60b9 5F465345 		.ascii	"_FSEEK_OPTIMIZATION 1\000"
 14064      454B5F4F 
 14064      5054494D 
 14064      495A4154 
 14064      494F4E20 
 14065              	.LASF1244:
 14066 60cf 6C6F6E67 		.ascii	"long double\000"
 14066      20646F75 
 14066      626C6500 
 14067              	.LASF1393:
ARM GAS  /var/folders/65/xyhbx3_n6nd_hs7j3p9nfwv80000gn/T//cc2oMwwL.s 			page 315


 14068 60db 7374726E 		.ascii	"strncmp\000"
 14068      636D7000 
 14069              	.LASF626:
 14070 60e3 5F5F5354 		.ascii	"__STRING(x) #x\000"
 14070      52494E47 
 14070      28782920 
 14070      237800
 14071              	.LASF1271:
 14072 60f2 5F5F746D 		.ascii	"__tm_yday\000"
 14072      5F796461 
 14072      7900
 14073              	.LASF856:
 14074 60fc 73686F72 		.ascii	"short\000"
 14074      7400
 14075              	.LASF832:
 14076 6102 5F524545 		.ascii	"_REENT_INIT_PTR(var) { memset((var), 0, sizeof(*(va"
 14076      4E545F49 
 14076      4E49545F 
 14076      50545228 
 14076      76617229 
 14077 6135 72292929 		.ascii	"r))); _REENT_INIT_PTR_ZEROED(var); }\000"
 14077      3B205F52 
 14077      45454E54 
 14077      5F494E49 
 14077      545F5054 
 14078              	.LASF678:
 14079 615a 5F5F434F 		.ascii	"__COPYRIGHT(s) struct __hack\000"
 14079      50595249 
 14079      47485428 
 14079      73292073 
 14079      74727563 
 14080              	.LASF272:
 14081 6177 5F5F5546 		.ascii	"__UFRACT_IBIT__ 0\000"
 14081      52414354 
 14081      5F494249 
 14081      545F5F20 
 14081      3000
 14082              	.LASF405:
 14083 6189 5F5F4152 		.ascii	"__ARM_32BIT_STATE 1\000"
 14083      4D5F3332 
 14083      4249545F 
 14083      53544154 
 14083      45203100 
 14084              	.LASF824:
 14085 619d 5F524545 		.ascii	"_REENT_MBRLEN_STATE(ptr) ((ptr)->_new._reent._mbrle"
 14085      4E545F4D 
 14085      42524C45 
 14085      4E5F5354 
 14085      41544528 
 14086 61d0 6E5F7374 		.ascii	"n_state)\000"
 14086      61746529 
 14086      00
 14087              	.LASF1380:
 14088 61d9 73747275 		.ascii	"strutil_istarts_with\000"
 14088      74696C5F 
 14088      69737461 
 14088      7274735F 
ARM GAS  /var/folders/65/xyhbx3_n6nd_hs7j3p9nfwv80000gn/T//cc2oMwwL.s 			page 316


 14088      77697468 
 14089              	.LASF108:
 14090 61ee 5F5F494E 		.ascii	"__INT8_C(c) c\000"
 14090      54385F43 
 14090      28632920 
 14090      6300
 14091              	.LASF277:
 14092 61fc 5F5F4C46 		.ascii	"__LFRACT_IBIT__ 0\000"
 14092      52414354 
 14092      5F494249 
 14092      545F5F20 
 14092      3000
 14093              	.LASF1041:
 14094 620e 53494E47 		.ascii	"SING 2\000"
 14094      203200
 14095              	.LASF531:
 14096 6215 5F535444 		.ascii	"_STDDEF_H_ \000"
 14096      4445465F 
 14096      485F2000 
 14097              	.LASF260:
 14098 6221 5F5F5346 		.ascii	"__SFRACT_EPSILON__ 0x1P-7HR\000"
 14098      52414354 
 14098      5F455053 
 14098      494C4F4E 
 14098      5F5F2030 
 14099              	.LASF1008:
 14100 623d 48554745 		.ascii	"HUGE_VALF (__builtin_huge_valf())\000"
 14100      5F56414C 
 14100      4620285F 
 14100      5F627569 
 14100      6C74696E 
 14101              	.LASF165:
 14102 625f 5F5F4442 		.ascii	"__DBL_MIN_EXP__ (-1021)\000"
 14102      4C5F4D49 
 14102      4E5F4558 
 14102      505F5F20 
 14102      282D3130 
 14103              	.LASF549:
 14104 6277 5F5F5349 		.ascii	"__SIZE_T \000"
 14104      5A455F54 
 14104      2000
 14105              	.LASF1161:
 14106 6281 53434845 		.ascii	"SCHED_OTHER 0\000"
 14106      445F4F54 
 14106      48455220 
 14106      3000
 14107              	.LASF841:
 14108 628f 616C6C6F 		.ascii	"alloca(size) __builtin_alloca(size)\000"
 14108      63612873 
 14108      697A6529 
 14108      205F5F62 
 14108      75696C74 
 14109              	.LASF1328:
 14110 62b3 5F736565 		.ascii	"_seed\000"
 14110      6400
 14111              	.LASF668:
 14112 62b9 5F5F7072 		.ascii	"__printf0like(fmtarg,firstvararg) \000"
ARM GAS  /var/folders/65/xyhbx3_n6nd_hs7j3p9nfwv80000gn/T//cc2oMwwL.s 			page 317


 14112      696E7466 
 14112      306C696B 
 14112      6528666D 
 14112      74617267 
 14113              	.LASF1170:
 14114 62dc 5F505448 		.ascii	"_PTHREAD_MUTEX_INITIALIZER ((pthread_mutex_t) 0xFFF"
 14114      52454144 
 14114      5F4D5554 
 14114      45585F49 
 14114      4E495449 
 14115 630f 46464646 		.ascii	"FFFFF)\000"
 14115      462900
 14116              	.LASF193:
 14117 6316 5F5F464C 		.ascii	"__FLT32_DIG__ 6\000"
 14117      5433325F 
 14117      4449475F 
 14117      5F203600 
 14118              	.LASF1291:
 14119 6326 5F736565 		.ascii	"_seek\000"
 14119      6B00
 14120              	.LASF898:
 14121 632c 5F5F696E 		.ascii	"__int_least16_t_defined 1\000"
 14121      745F6C65 
 14121      61737431 
 14121      365F745F 
 14121      64656669 
 14122              	.LASF960:
 14123 6346 494E5433 		.ascii	"INT32_C(x) __INT32_C(x)\000"
 14123      325F4328 
 14123      7829205F 
 14123      5F494E54 
 14123      33325F43 
 14124              	.LASF632:
 14125 635e 5F5F6465 		.ascii	"__dead2 __attribute__((__noreturn__))\000"
 14125      61643220 
 14125      5F5F6174 
 14125      74726962 
 14125      7574655F 
 14126              	.LASF809:
 14127 6384 5F524545 		.ascii	"_REENT_RAND_NEXT(ptr) ((ptr)->_new._reent._rand_nex"
 14127      4E545F52 
 14127      414E445F 
 14127      4E455854 
 14127      28707472 
 14128 63b7 742900   		.ascii	"t)\000"
 14129              	.LASF726:
 14130 63ba 69737072 		.ascii	"isprint(__c) (__ctype_lookup(__c)&(_P|_U|_L|_N|_B))"
 14130      696E7428 
 14130      5F5F6329 
 14130      20285F5F 
 14130      63747970 
 14131 63ed 00       		.ascii	"\000"
 14132              	.LASF842:
 14133 63ee 5F5F636F 		.ascii	"__compar_fn_t_defined \000"
 14133      6D706172 
 14133      5F666E5F 
 14133      745F6465 
ARM GAS  /var/folders/65/xyhbx3_n6nd_hs7j3p9nfwv80000gn/T//cc2oMwwL.s 			page 318


 14133      66696E65 
 14134              	.LASF965:
 14135 6405 55494E54 		.ascii	"UINTMAX_C(x) __UINTMAX_C(x)\000"
 14135      4D41585F 
 14135      43287829 
 14135      205F5F55 
 14135      494E544D 
 14136              	.LASF496:
 14137 6421 5F5F4D49 		.ascii	"__MISC_VISIBLE 1\000"
 14137      53435F56 
 14137      49534942 
 14137      4C452031 
 14137      00
 14138              	.LASF529:
 14139 6432 5F5F4558 		.ascii	"__EXP\000"
 14139      5000
 14140              	.LASF1249:
 14141 6438 5F66706F 		.ascii	"_fpos_t\000"
 14141      735F7400 
 14142              	.LASF189:
 14143 6440 5F5F4C44 		.ascii	"__LDBL_HAS_DENORM__ 1\000"
 14143      424C5F48 
 14143      41535F44 
 14143      454E4F52 
 14143      4D5F5F20 
 14144              	.LASF390:
 14145 6456 5F5F4841 		.ascii	"__HAVE_SPECULATION_SAFE_VALUE 1\000"
 14145      56455F53 
 14145      50454355 
 14145      4C415449 
 14145      4F4E5F53 
 14146              	.LASF1252:
 14147 6476 5F5F7763 		.ascii	"__wchb\000"
 14147      686200
 14148              	.LASF1111:
 14149 647d 74696D65 		.ascii	"timeradd(tvp,uvp,vvp) do { (vvp)->tv_sec = (tvp)->t"
 14149      72616464 
 14149      28747670 
 14149      2C757670 
 14149      2C767670 
 14150 64b0 765F7365 		.ascii	"v_sec + (uvp)->tv_sec; (vvp)->tv_usec = (tvp)->tv_u"
 14150      63202B20 
 14150      28757670 
 14150      292D3E74 
 14150      765F7365 
 14151 64e3 73656320 		.ascii	"sec + (uvp)->tv_usec; if ((vvp)->tv_usec >= 1000000"
 14151      2B202875 
 14151      7670292D 
 14151      3E74765F 
 14151      75736563 
 14152 6516 29207B20 		.ascii	") { (vvp)->tv_sec++; (vvp)->tv_usec -= 1000000; } }"
 14152      28767670 
 14152      292D3E74 
 14152      765F7365 
 14152      632B2B3B 
 14153 6549 20776869 		.ascii	" while (0)\000"
 14153      6C652028 
ARM GAS  /var/folders/65/xyhbx3_n6nd_hs7j3p9nfwv80000gn/T//cc2oMwwL.s 			page 319


 14153      302900
 14154              	.LASF1002:
 14155 6554 536F756E 		.ascii	"SoundFormatIsStereo(f) ((f)&1)\000"
 14155      64466F72 
 14155      6D617449 
 14155      73537465 
 14155      72656F28 
 14156              	.LASF599:
 14157 6573 5F5F4245 		.ascii	"__BEGIN_DECLS \000"
 14157      47494E5F 
 14157      4445434C 
 14157      532000
 14158              	.LASF126:
 14159 6582 5F5F5549 		.ascii	"__UINT64_C(c) c ## ULL\000"
 14159      4E543634 
 14159      5F432863 
 14159      29206320 
 14159      23232055 
 14160              	.LASF574:
 14161 6599 5F474343 		.ascii	"_GCC_WCHAR_T \000"
 14161      5F574348 
 14161      41525F54 
 14161      2000
 14162              	.LASF399:
 14163 65a7 5F5F4152 		.ascii	"__ARM_FEATURE_CRYPTO\000"
 14163      4D5F4645 
 14163      41545552 
 14163      455F4352 
 14163      5950544F 
 14164              	.LASF1339:
 14165 65bc 5F6D6274 		.ascii	"_mbtowc_state\000"
 14165      6F77635F 
 14165      73746174 
 14165      6500
 14166              	.LASF1383:
 14167 65ca 73747275 		.ascii	"strutil_upper_dup\000"
 14167      74696C5F 
 14167      75707065 
 14167      725F6475 
 14167      7000
 14168              	.LASF125:
 14169 65dc 5F5F5549 		.ascii	"__UINT_LEAST64_MAX__ 0xffffffffffffffffULL\000"
 14169      4E545F4C 
 14169      45415354 
 14169      36345F4D 
 14169      41585F5F 
 14170              	.LASF1138:
 14171 6607 5F5F636C 		.ascii	"__clock_t_defined \000"
 14171      6F636B5F 
 14171      745F6465 
 14171      66696E65 
 14171      642000
 14172              	.LASF138:
 14173 661a 5F5F5549 		.ascii	"__UINT_FAST64_MAX__ 0xffffffffffffffffULL\000"
 14173      4E545F46 
 14173      41535436 
 14173      345F4D41 
ARM GAS  /var/folders/65/xyhbx3_n6nd_hs7j3p9nfwv80000gn/T//cc2oMwwL.s 			page 320


 14173      585F5F20 
 14174              	.LASF1150:
 14175 6644 5F4B4559 		.ascii	"_KEY_T_DECLARED \000"
 14175      5F545F44 
 14175      45434C41 
 14175      52454420 
 14175      00
 14176              	.LASF931:
 14177 6655 55494E54 		.ascii	"UINT_LEAST64_MAX (__UINT_LEAST64_MAX__)\000"
 14177      5F4C4541 
 14177      53543634 
 14177      5F4D4158 
 14177      20285F5F 
 14178              	.LASF461:
 14179 667d 5F5F4E45 		.ascii	"__NEWLIB_PATCHLEVEL__ 0\000"
 14179      574C4942 
 14179      5F504154 
 14179      43484C45 
 14179      56454C5F 
 14180              	.LASF765:
 14181 6695 5F5F6C6F 		.ascii	"__lock_acquire(lock) __retarget_lock_acquire(lock)\000"
 14181      636B5F61 
 14181      63717569 
 14181      7265286C 
 14181      6F636B29 
 14182              	.LASF27:
 14183 66c8 5F5F4F52 		.ascii	"__ORDER_LITTLE_ENDIAN__ 1234\000"
 14183      4445525F 
 14183      4C495454 
 14183      4C455F45 
 14183      4E444941 
 14184              	.LASF732:
 14185 66e5 6973616C 		.ascii	"isalpha_l(__c,__l) (__ctype_lookup_l(__c,__l)&(_U|_"
 14185      7068615F 
 14185      6C285F5F 
 14185      632C5F5F 
 14185      6C292028 
 14186 6718 4C292900 		.ascii	"L))\000"
 14187              	.LASF616:
 14188 671c 5F5F4343 		.ascii	"__CC_SUPPORTS_INLINE 1\000"
 14188      5F535550 
 14188      504F5254 
 14188      535F494E 
 14188      4C494E45 
 14189              	.LASF584:
 14190 6733 5F5F444F 		.ascii	"__DOTS , ...\000"
 14190      5453202C 
 14190      202E2E2E 
 14190      00
 14191              	.LASF242:
 14192 6740 5F5F4445 		.ascii	"__DEC64_MANT_DIG__ 16\000"
 14192      4336345F 
 14192      4D414E54 
 14192      5F444947 
 14192      5F5F2031 
 14193              	.LASF1240:
 14194 6756 6C6F6E67 		.ascii	"long long unsigned int\000"
ARM GAS  /var/folders/65/xyhbx3_n6nd_hs7j3p9nfwv80000gn/T//cc2oMwwL.s 			page 321


 14194      206C6F6E 
 14194      6720756E 
 14194      7369676E 
 14194      65642069 
 14195              	.LASF687:
 14196 676d 5F5F6172 		.ascii	"__arg_type_tag(arg_kind,arg_idx,type_tag_idx) \000"
 14196      675F7479 
 14196      70655F74 
 14196      61672861 
 14196      72675F6B 
 14197              	.LASF639:
 14198 679c 5F5F616C 		.ascii	"__alloc_size(x) __attribute__((__alloc_size__(x)))\000"
 14198      6C6F635F 
 14198      73697A65 
 14198      28782920 
 14198      5F5F6174 
 14199              	.LASF322:
 14200 67cf 5F5F554C 		.ascii	"__ULACCUM_IBIT__ 32\000"
 14200      41434355 
 14200      4D5F4942 
 14200      49545F5F 
 14200      20333200 
 14201              	.LASF72:
 14202 67e3 5F5F5348 		.ascii	"__SHRT_MAX__ 0x7fff\000"
 14202      52545F4D 
 14202      41585F5F 
 14202      20307837 
 14202      66666600 
 14203              	.LASF879:
 14204 67f7 5F5F4C45 		.ascii	"__LEAST64 \"ll\"\000"
 14204      41535436 
 14204      3420226C 
 14204      6C2200
 14205              	.LASF828:
 14206 6806 5F524545 		.ascii	"_REENT_WCSRTOMBS_STATE(ptr) ((ptr)->_new._reent._wc"
 14206      4E545F57 
 14206      43535254 
 14206      4F4D4253 
 14206      5F535441 
 14207 6839 7372746F 		.ascii	"srtombs_state)\000"
 14207      6D62735F 
 14207      73746174 
 14207      652900
 14208              	.LASF34:
 14209 6848 5F5F5054 		.ascii	"__PTRDIFF_TYPE__ int\000"
 14209      52444946 
 14209      465F5459 
 14209      50455F5F 
 14209      20696E74 
 14210              	.LASF419:
 14211 685d 5F5F4150 		.ascii	"__APCS_32__ 1\000"
 14211      43535F33 
 14211      325F5F20 
 14211      3100
 14212              	.LASF78:
 14213 686b 5F5F5749 		.ascii	"__WINT_MAX__ 0xffffffffU\000"
 14213      4E545F4D 
ARM GAS  /var/folders/65/xyhbx3_n6nd_hs7j3p9nfwv80000gn/T//cc2oMwwL.s 			page 322


 14213      41585F5F 
 14213      20307866 
 14213      66666666 
 14214              	.LASF493:
 14215 6884 5F5F474E 		.ascii	"__GNU_VISIBLE 0\000"
 14215      555F5649 
 14215      5349424C 
 14215      45203000 
 14216              	.LASF297:
 14217 6894 5F5F5341 		.ascii	"__SACCUM_IBIT__ 8\000"
 14217      4343554D 
 14217      5F494249 
 14217      545F5F20 
 14217      3800
 14218              	.LASF342:
 14219 68a6 5F5F4451 		.ascii	"__DQ_FBIT__ 63\000"
 14219      5F464249 
 14219      545F5F20 
 14219      363300
 14220              	.LASF536:
 14221 68b5 5F5F5054 		.ascii	"__PTRDIFF_T \000"
 14221      52444946 
 14221      465F5420 
 14221      00
 14222              	.LASF349:
 14223 68c2 5F5F5548 		.ascii	"__UHQ_IBIT__ 0\000"
 14223      515F4942 
 14223      49545F5F 
 14223      203000
 14224              	.LASF823:
 14225 68d1 5F524545 		.ascii	"_REENT_WCTOMB_STATE(ptr) ((ptr)->_new._reent._wctom"
 14225      4E545F57 
 14225      43544F4D 
 14225      425F5354 
 14225      41544528 
 14226 6904 625F7374 		.ascii	"b_state)\000"
 14226      61746529 
 14226      00
 14227              	.LASF1275:
 14228 690d 5F64736F 		.ascii	"_dso_handle\000"
 14228      5F68616E 
 14228      646C6500 
 14229              	.LASF378:
 14230 6919 5F5F4743 		.ascii	"__GCC_HAVE_SYNC_COMPARE_AND_SWAP_4 1\000"
 14230      435F4841 
 14230      56455F53 
 14230      594E435F 
 14230      434F4D50 
 14231              	.LASF59:
 14232 693e 5F5F494E 		.ascii	"__INT_FAST16_TYPE__ int\000"
 14232      545F4641 
 14232      53543136 
 14232      5F545950 
 14232      455F5F20 
 14233              	.LASF894:
 14234 6956 5F55494E 		.ascii	"_UINTMAX_T_DECLARED \000"
 14234      544D4158 
ARM GAS  /var/folders/65/xyhbx3_n6nd_hs7j3p9nfwv80000gn/T//cc2oMwwL.s 			page 323


 14234      5F545F44 
 14234      45434C41 
 14234      52454420 
 14235              	.LASF298:
 14236 696b 5F5F5341 		.ascii	"__SACCUM_MIN__ (-0X1P7HK-0X1P7HK)\000"
 14236      4343554D 
 14236      5F4D494E 
 14236      5F5F2028 
 14236      2D305831 
 14237              	.LASF1327:
 14238 698d 5F72616E 		.ascii	"_rand48\000"
 14238      64343800 
 14239              	.LASF55:
 14240 6995 5F5F5549 		.ascii	"__UINT_LEAST16_TYPE__ short unsigned int\000"
 14240      4E545F4C 
 14240      45415354 
 14240      31365F54 
 14240      5950455F 
 14241              	.LASF776:
 14242 69be 5F5F6E65 		.ascii	"__need_wint_t\000"
 14242      65645F77 
 14242      696E745F 
 14242      7400
 14243              	.LASF893:
 14244 69cc 5F494E54 		.ascii	"_INTMAX_T_DECLARED \000"
 14244      4D41585F 
 14244      545F4445 
 14244      434C4152 
 14244      45442000 
 14245              	.LASF319:
 14246 69e0 5F5F4C41 		.ascii	"__LACCUM_MAX__ 0X7FFFFFFFFFFFFFFFP-31LK\000"
 14246      4343554D 
 14246      5F4D4158 
 14246      5F5F2030 
 14246      58374646 
 14247              	.LASF1304:
 14248 6a08 5F737464 		.ascii	"_stdout\000"
 14248      6F757400 
 14249              	.LASF1154:
 14250 6a10 5F5F636C 		.ascii	"__clockid_t_defined \000"
 14250      6F636B69 
 14250      645F745F 
 14250      64656669 
 14250      6E656420 
 14251              	.LASF1180:
 14252 6a25 5F5F5352 		.ascii	"__SRD 0x0004\000"
 14252      44203078 
 14252      30303034 
 14252      00
 14253              	.LASF222:
 14254 6a32 5F5F464C 		.ascii	"__FLT32X_DIG__ 15\000"
 14254      54333258 
 14254      5F444947 
 14254      5F5F2031 
 14254      3500
 14255              	.LASF629:
 14256 6a44 5F5F7369 		.ascii	"__signed signed\000"
ARM GAS  /var/folders/65/xyhbx3_n6nd_hs7j3p9nfwv80000gn/T//cc2oMwwL.s 			page 324


 14256      676E6564 
 14256      20736967 
 14256      6E656400 
 14257              	.LASF858:
 14258 6a54 6C6F6E67 		.ascii	"long\000"
 14258      00
 14259              	.LASF1398:
 14260 6a59 73747275 		.ascii	"strutil_is_space\000"
 14260      74696C5F 
 14260      69735F73 
 14260      70616365 
 14260      00
 14261              	.LASF354:
 14262 6a6a 5F5F5554 		.ascii	"__UTQ_FBIT__ 128\000"
 14262      515F4642 
 14262      49545F5F 
 14262      20313238 
 14262      00
 14263              	.LASF1193:
 14264 6a7b 5F5F534E 		.ascii	"__SNLK 0x0001\000"
 14264      4C4B2030 
 14264      78303030 
 14264      3100
 14265              	.LASF817:
 14266 6a89 5F524545 		.ascii	"_REENT_ASCTIME_BUF(ptr) ((ptr)->_new._reent._asctim"
 14266      4E545F41 
 14266      53435449 
 14266      4D455F42 
 14266      55462870 
 14267 6abc 655F6275 		.ascii	"e_buf)\000"
 14267      662900
 14268              	.LASF1397:
 14269 6ac3 5F5F6664 		.ascii	"__fdlibm_version\000"
 14269      6C69626D 
 14269      5F766572 
 14269      73696F6E 
 14269      00
 14270              	.LASF330:
 14271 6ad4 5F5F4C4C 		.ascii	"__LLACCUM_EPSILON__ 0x1P-31LLK\000"
 14271      41434355 
 14271      4D5F4550 
 14271      53494C4F 
 14271      4E5F5F20 
 14272              	.LASF16:
 14273 6af3 5F5F4649 		.ascii	"__FINITE_MATH_ONLY__ 0\000"
 14273      4E495445 
 14273      5F4D4154 
 14273      485F4F4E 
 14273      4C595F5F 
 14274              	.LASF1082:
 14275 6b0a 5F535953 		.ascii	"_SYS_TYPES_H \000"
 14275      5F545950 
 14275      45535F48 
 14275      2000
 14276              	.LASF129:
 14277 6b18 5F5F494E 		.ascii	"__INT_FAST16_MAX__ 0x7fffffff\000"
 14277      545F4641 
ARM GAS  /var/folders/65/xyhbx3_n6nd_hs7j3p9nfwv80000gn/T//cc2oMwwL.s 			page 325


 14277      53543136 
 14277      5F4D4158 
 14277      5F5F2030 
 14278              	.LASF519:
 14279 6b36 5F5F6861 		.ascii	"__have_longlong64 1\000"
 14279      76655F6C 
 14279      6F6E676C 
 14279      6F6E6736 
 14279      34203100 
 14280              	.LASF981:
 14281 6b4a 4C43444F 		.ascii	"LCDOpaquePattern(r0,r1,r2,r3,r4,r5,r6,r7) {(r0),(r1"
 14281      70617175 
 14281      65506174 
 14281      7465726E 
 14281      2872302C 
 14282 6b7d 292C2872 		.ascii	"),(r2),(r3),(r4),(r5),(r6),(r7),0xff,0xff,0xff,0xff"
 14282      32292C28 
 14282      7233292C 
 14282      28723429 
 14282      2C287235 
 14283 6bb0 2C307866 		.ascii	",0xff,0xff,0xff,0xff}\000"
 14283      662C3078 
 14283      66662C30 
 14283      7866662C 
 14283      30786666 
 14284              	.LASF1188:
 14285 6bc6 5F5F534F 		.ascii	"__SOPT 0x0400\000"
 14285      50542030 
 14285      78303430 
 14285      3000
 14286              	.LASF1295:
 14287 6bd4 5F626C6B 		.ascii	"_blksize\000"
 14287      73697A65 
 14287      00
 14288              	.LASF970:
 14289 6bdd 5345454B 		.ascii	"SEEK_END 2\000"
 14289      5F454E44 
 14289      203200
 14290              	.LASF882:
 14291 6be8 5F55494E 		.ascii	"_UINT8_T_DECLARED \000"
 14291      54385F54 
 14291      5F444543 
 14291      4C415245 
 14291      442000
 14292              	.LASF1000:
 14293 6bfb 70646578 		.ascii	"pdext_sound_h \000"
 14293      745F736F 
 14293      756E645F 
 14293      682000
 14294              	.LASF815:
 14295 6c0a 5F524545 		.ascii	"_REENT_MP_P5S(ptr) ((ptr)->_p5s)\000"
 14295      4E545F4D 
 14295      505F5035 
 14295      53287074 
 14295      72292028 
 14296              	.LASF767:
 14297 6c2b 5F5F6C6F 		.ascii	"__lock_try_acquire(lock) __retarget_lock_try_acquir"
ARM GAS  /var/folders/65/xyhbx3_n6nd_hs7j3p9nfwv80000gn/T//cc2oMwwL.s 			page 326


 14297      636B5F74 
 14297      72795F61 
 14297      63717569 
 14297      7265286C 
 14298 6c5e 65286C6F 		.ascii	"e(lock)\000"
 14298      636B2900 
 14299              	.LASF896:
 14300 6c66 5F55494E 		.ascii	"_UINTPTR_T_DECLARED \000"
 14300      54505452 
 14300      5F545F44 
 14300      45434C41 
 14300      52454420 
 14301              	.LASF1057:
 14302 6c7b 4D5F325F 		.ascii	"M_2_SQRTPI 1.12837916709551257390\000"
 14302      53515254 
 14302      50492031 
 14302      2E313238 
 14302      33373931 
 14303              	.LASF570:
 14304 6c9d 5F574348 		.ascii	"_WCHAR_T_DEFINED \000"
 14304      41525F54 
 14304      5F444546 
 14304      494E4544 
 14304      2000
 14305              	.LASF1282:
 14306 6caf 5F626173 		.ascii	"_base\000"
 14306      6500
 14307              	.LASF324:
 14308 6cb5 5F5F554C 		.ascii	"__ULACCUM_MAX__ 0XFFFFFFFFFFFFFFFFP-32ULK\000"
 14308      41434355 
 14308      4D5F4D41 
 14308      585F5F20 
 14308      30584646 
 14309              	.LASF693:
 14310 6cdf 5F5F7472 		.ascii	"__trylocks_exclusive(...) __lock_annotate(exclusive"
 14310      796C6F63 
 14310      6B735F65 
 14310      78636C75 
 14310      73697665 
 14311 6d12 5F747279 		.ascii	"_trylock_function(__VA_ARGS__))\000"
 14311      6C6F636B 
 14311      5F66756E 
 14311      6374696F 
 14311      6E285F5F 
 14312              	.LASF734:
 14313 6d32 69736C6F 		.ascii	"islower_l(__c,__l) ((__ctype_lookup_l(__c,__l)&(_U|"
 14313      7765725F 
 14313      6C285F5F 
 14313      632C5F5F 
 14313      6C292028 
 14314 6d65 5F4C2929 		.ascii	"_L))==_L)\000"
 14314      3D3D5F4C 
 14314      2900
 14315              	.LASF1098:
 14316 6d6f 5F5F6874 		.ascii	"__htons(_x) __bswap16(_x)\000"
 14316      6F6E7328 
 14316      5F782920 
ARM GAS  /var/folders/65/xyhbx3_n6nd_hs7j3p9nfwv80000gn/T//cc2oMwwL.s 			page 327


 14316      5F5F6273 
 14316      77617031 
 14317              	.LASF1061:
 14318 6d89 4D5F3350 		.ascii	"M_3PI_4 2.3561944901923448370E0\000"
 14318      495F3420 
 14318      322E3335 
 14318      36313934 
 14318      34393031 
 14319              	.LASF283:
 14320 6da9 5F5F554C 		.ascii	"__ULFRACT_MIN__ 0.0ULR\000"
 14320      46524143 
 14320      545F4D49 
 14320      4E5F5F20 
 14320      302E3055 
 14321              	.LASF1332:
 14322 6dc0 5F737472 		.ascii	"_strtok_last\000"
 14322      746F6B5F 
 14322      6C617374 
 14322      00
 14323              	.LASF343:
 14324 6dcd 5F5F4451 		.ascii	"__DQ_IBIT__ 0\000"
 14324      5F494249 
 14324      545F5F20 
 14324      3000
 14325              	.LASF813:
 14326 6ddb 5F524545 		.ascii	"_REENT_MP_RESULT(ptr) ((ptr)->_result)\000"
 14326      4E545F4D 
 14326      505F5245 
 14326      53554C54 
 14326      28707472 
 14327              	.LASF827:
 14328 6e02 5F524545 		.ascii	"_REENT_WCRTOMB_STATE(ptr) ((ptr)->_new._reent._wcrt"
 14328      4E545F57 
 14328      4352544F 
 14328      4D425F53 
 14328      54415445 
 14329 6e35 6F6D625F 		.ascii	"omb_state)\000"
 14329      73746174 
 14329      652900
 14330              	.LASF646:
 14331 6e40 5F5F616C 		.ascii	"__always_inline __inline__ __attribute__((__always_"
 14331      77617973 
 14331      5F696E6C 
 14331      696E6520 
 14331      5F5F696E 
 14332 6e73 696E6C69 		.ascii	"inline__))\000"
 14332      6E655F5F 
 14332      292900
 14333              	.LASF1038:
 14334 6e7e 7369676E 		.ascii	"signgam (*__signgam())\000"
 14334      67616D20 
 14334      282A5F5F 
 14334      7369676E 
 14334      67616D28 
 14335              	.LASF1345:
 14336 6e95 5F6D6272 		.ascii	"_mbrtowc_state\000"
 14336      746F7763 
ARM GAS  /var/folders/65/xyhbx3_n6nd_hs7j3p9nfwv80000gn/T//cc2oMwwL.s 			page 328


 14336      5F737461 
 14336      746500
 14337              	.LASF662:
 14338 6ea4 5F5F636F 		.ascii	"__containerof(x,s,m) ({ const volatile __typeof(((s"
 14338      6E746169 
 14338      6E65726F 
 14338      6628782C 
 14338      732C6D29 
 14339 6ed7 202A2930 		.ascii	" *)0)->m) *__x = (x); __DEQUALIFY(s *, (const volat"
 14339      292D3E6D 
 14339      29202A5F 
 14339      5F78203D 
 14339      20287829 
 14340 6f0a 696C6520 		.ascii	"ile char *)__x - __offsetof(s, m));})\000"
 14340      63686172 
 14340      202A295F 
 14340      5F78202D 
 14340      205F5F6F 
 14341              	.LASF1120:
 14342 6f30 4E464442 		.ascii	"NFDBITS (sizeof (fd_mask) * 8)\000"
 14342      49545320 
 14342      2873697A 
 14342      656F6620 
 14342      2866645F 
 14343              	.LASF551:
 14344 6f4f 5F425344 		.ascii	"_BSD_SIZE_T_ \000"
 14344      5F53495A 
 14344      455F545F 
 14344      2000
 14345              	.LASF701:
 14346 6f5d 5F5F6E6F 		.ascii	"__no_lock_analysis __lock_annotate(no_thread_safety"
 14346      5F6C6F63 
 14346      6B5F616E 
 14346      616C7973 
 14346      6973205F 
 14347 6f90 5F616E61 		.ascii	"_analysis)\000"
 14347      6C797369 
 14347      732900
 14348              	.LASF567:
 14349 6f9b 5F574348 		.ascii	"_WCHAR_T_ \000"
 14349      41525F54 
 14349      5F2000
 14350              	.LASF1256:
 14351 6fa6 5F666C6F 		.ascii	"_flock_t\000"
 14351      636B5F74 
 14351      00
 14352              	.LASF798:
 14353 6faf 5F524545 		.ascii	"_REENT_STDIO_STREAM(var,index) &(var)->__sf[index]\000"
 14353      4E545F53 
 14353      5444494F 
 14353      5F535452 
 14353      45414D28 
 14354              	.LASF1323:
 14355 6fe2 5F5F4649 		.ascii	"__FILE\000"
 14355      4C4500
 14356              	.LASF1110:
 14357 6fe9 74696D65 		.ascii	"timercmp(tvp,uvp,cmp) (((tvp)->tv_sec == (uvp)->tv_"
ARM GAS  /var/folders/65/xyhbx3_n6nd_hs7j3p9nfwv80000gn/T//cc2oMwwL.s 			page 329


 14357      72636D70 
 14357      28747670 
 14357      2C757670 
 14357      2C636D70 
 14358 701c 73656329 		.ascii	"sec) ? ((tvp)->tv_usec cmp (uvp)->tv_usec) : ((tvp)"
 14358      203F2028 
 14358      28747670 
 14358      292D3E74 
 14358      765F7573 
 14359 704f 2D3E7476 		.ascii	"->tv_sec cmp (uvp)->tv_sec))\000"
 14359      5F736563 
 14359      20636D70 
 14359      20287576 
 14359      70292D3E 
 14360              	.LASF991:
 14361 706c 5F5F7661 		.ascii	"__va_copy(d,s) __builtin_va_copy(d,s)\000"
 14361      5F636F70 
 14361      7928642C 
 14361      7329205F 
 14361      5F627569 
 14362              	.LASF778:
 14363 7092 5F54494D 		.ascii	"_TIME_T_ __int_least64_t\000"
 14363      455F545F 
 14363      205F5F69 
 14363      6E745F6C 
 14363      65617374 
 14364              	.LASF779:
 14365 70ab 5F434C4F 		.ascii	"_CLOCKID_T_ unsigned long\000"
 14365      434B4944 
 14365      5F545F20 
 14365      756E7369 
 14365      676E6564 
 14366              	.LASF803:
 14367 70c5 5F524545 		.ascii	"_REENT_CHECK_TM(ptr) \000"
 14367      4E545F43 
 14367      4845434B 
 14367      5F544D28 
 14367      70747229 
 14368              	.LASF1128:
 14369 70db 71756164 		.ascii	"quad quad_t\000"
 14369      20717561 
 14369      645F7400 
 14370              	.LASF846:
 14371 70e7 4D425F43 		.ascii	"MB_CUR_MAX __locale_mb_cur_max()\000"
 14371      55525F4D 
 14371      4158205F 
 14371      5F6C6F63 
 14371      616C655F 
 14372              	.LASF355:
 14373 7108 5F5F5554 		.ascii	"__UTQ_IBIT__ 0\000"
 14373      515F4942 
 14373      49545F5F 
 14373      203000
 14374              	.LASF1255:
 14375 7117 5F6D6273 		.ascii	"_mbstate_t\000"
 14375      74617465 
 14375      5F7400
ARM GAS  /var/folders/65/xyhbx3_n6nd_hs7j3p9nfwv80000gn/T//cc2oMwwL.s 			page 330


 14376              	.LASF573:
 14377 7122 5F5F494E 		.ascii	"__INT_WCHAR_T_H \000"
 14377      545F5743 
 14377      4841525F 
 14377      545F4820 
 14377      00
 14378              	.LASF228:
 14379 7133 5F5F464C 		.ascii	"__FLT32X_MAX__ 1.7976931348623157e+308F32x\000"
 14379      54333258 
 14379      5F4D4158 
 14379      5F5F2031 
 14379      2E373937 
 14380              	.LASF1231:
 14381 715e 504C5554 		.ascii	"PLUTO_MALLOC(n) pluto_pd()->system->realloc(NULL, ("
 14381      4F5F4D41 
 14381      4C4C4F43 
 14381      286E2920 
 14381      706C7574 
 14382 7191 6E292900 		.ascii	"n))\000"
 14383              	.LASF953:
 14384 7195 57434841 		.ascii	"WCHAR_MAX (__WCHAR_MAX__)\000"
 14384      525F4D41 
 14384      5820285F 
 14384      5F574348 
 14384      41525F4D 
 14385              	.LASF200:
 14386 71af 5F5F464C 		.ascii	"__FLT32_MIN__ 1.1754943508222875e-38F32\000"
 14386      5433325F 
 14386      4D494E5F 
 14386      5F20312E 
 14386      31373534 
 14387              	.LASF1337:
 14388 71d7 5F723438 		.ascii	"_r48\000"
 14388      00
 14389              	.LASF312:
 14390 71dc 5F5F5541 		.ascii	"__UACCUM_IBIT__ 16\000"
 14390      4343554D 
 14390      5F494249 
 14390      545F5F20 
 14390      313600
 14391              	.LASF449:
 14392 71ef 5F5F454C 		.ascii	"__ELF__ 1\000"
 14392      465F5F20 
 14392      3100
 14393              	.LASF920:
 14394 71f9 494E5433 		.ascii	"INT32_MIN (-__INT32_MAX__ - 1)\000"
 14394      325F4D49 
 14394      4E20282D 
 14394      5F5F494E 
 14394      5433325F 
 14395              	.LASF422:
 14396 7218 5F5F5448 		.ascii	"__THUMBEL__ 1\000"
 14396      554D4245 
 14396      4C5F5F20 
 14396      3100
 14397              	.LASF1250:
 14398 7226 77696E74 		.ascii	"wint_t\000"
ARM GAS  /var/folders/65/xyhbx3_n6nd_hs7j3p9nfwv80000gn/T//cc2oMwwL.s 			page 331


 14398      5F7400
 14399              	.LASF993:
 14400 722d 5F56415F 		.ascii	"_VA_LIST \000"
 14400      4C495354 
 14400      2000
 14401              	.LASF337:
 14402 7237 5F5F5151 		.ascii	"__QQ_IBIT__ 0\000"
 14402      5F494249 
 14402      545F5F20 
 14402      3000
 14403              	.LASF1191:
 14404 7245 5F5F534F 		.ascii	"__SORD 0x2000\000"
 14404      52442030 
 14404      78323030 
 14404      3000
 14405              	.LASF747:
 14406 7253 746F6173 		.ascii	"toascii_l(__c,__l) ((__l),(__c)&0177)\000"
 14406      6369695F 
 14406      6C285F5F 
 14406      632C5F5F 
 14406      6C292028 
 14407              	.LASF984:
 14408 7279 5F414E53 		.ascii	"_ANSI_STDARG_H_ \000"
 14408      495F5354 
 14408      44415247 
 14408      5F485F20 
 14408      00
 14409              	.LASF1203:
 14410 728a 505F746D 		.ascii	"P_tmpdir \"/tmp\"\000"
 14410      70646972 
 14410      20222F74 
 14410      6D702200 
 14411              	.LASF1258:
 14412 729a 5F6E6578 		.ascii	"_next\000"
 14412      7400
 14413              	.LASF760:
 14414 72a0 5F5F4C4F 		.ascii	"__LOCK_INIT_RECURSIVE(class,lock) __LOCK_INIT(class"
 14414      434B5F49 
 14414      4E49545F 
 14414      52454355 
 14414      52534956 
 14415 72d3 2C6C6F63 		.ascii	",lock)\000"
 14415      6B2900
 14416              	.LASF326:
 14417 72da 5F5F4C4C 		.ascii	"__LLACCUM_FBIT__ 31\000"
 14417      41434355 
 14417      4D5F4642 
 14417      49545F5F 
 14417      20333100 
 14418              	.LASF1297:
 14419 72ee 5F646174 		.ascii	"_data\000"
 14419      6100
 14420              	.LASF916:
 14421 72f4 55494E54 		.ascii	"UINT16_MAX (__UINT16_MAX__)\000"
 14421      31365F4D 
 14421      41582028 
 14421      5F5F5549 
ARM GAS  /var/folders/65/xyhbx3_n6nd_hs7j3p9nfwv80000gn/T//cc2oMwwL.s 			page 332


 14421      4E543136 
 14422              	.LASF473:
 14423 7310 5F574944 		.ascii	"_WIDE_ORIENT 1\000"
 14423      455F4F52 
 14423      49454E54 
 14423      203100
 14424              	.LASF6:
 14425 731f 5F5F474E 		.ascii	"__GNUC_MINOR__ 2\000"
 14425      55435F4D 
 14425      494E4F52 
 14425      5F5F2032 
 14425      00
 14426              	.LASF69:
 14427 7330 5F5F6861 		.ascii	"__has_include_next(STR) __has_include_next__(STR)\000"
 14427      735F696E 
 14427      636C7564 
 14427      655F6E65 
 14427      78742853 
 14428              	.LASF56:
 14429 7362 5F5F5549 		.ascii	"__UINT_LEAST32_TYPE__ long unsigned int\000"
 14429      4E545F4C 
 14429      45415354 
 14429      33325F54 
 14429      5950455F 
 14430              	.LASF1121:
 14431 738a 5F686F77 		.ascii	"_howmany(x,y) (((x)+((y)-1))/(y))\000"
 14431      6D616E79 
 14431      28782C79 
 14431      29202828 
 14431      2878292B 
 14432              	.LASF1063:
 14433 73ac 4D5F4C4E 		.ascii	"M_LN2LO 1.9082149292705877000E-10\000"
 14433      324C4F20 
 14433      312E3930 
 14433      38323134 
 14433      39323932 
 14434              	.LASF410:
 14435 73ce 5F5F4152 		.ascii	"__ARM_FEATURE_NUMERIC_MAXMIN\000"
 14435      4D5F4645 
 14435      41545552 
 14435      455F4E55 
 14435      4D455249 
 14436              	.LASF791:
 14437 73eb 5F52414E 		.ascii	"_RAND48_MULT_1 (0xdeec)\000"
 14437      4434385F 
 14437      4D554C54 
 14437      5F312028 
 14437      30786465 
 14438              	.LASF37:
 14439 7403 5F5F494E 		.ascii	"__INTMAX_TYPE__ long long int\000"
 14439      544D4158 
 14439      5F545950 
 14439      455F5F20 
 14439      6C6F6E67 
 14440              	.LASF1209:
 14441 7421 5F737464 		.ascii	"_stdout_r(x) ((x)->_stdout)\000"
 14441      6F75745F 
ARM GAS  /var/folders/65/xyhbx3_n6nd_hs7j3p9nfwv80000gn/T//cc2oMwwL.s 			page 333


 14441      72287829 
 14441      20282878 
 14441      292D3E5F 
 14442              	.LASF385:
 14443 743d 5F5F4743 		.ascii	"__GCC_ATOMIC_INT_LOCK_FREE 2\000"
 14443      435F4154 
 14443      4F4D4943 
 14443      5F494E54 
 14443      5F4C4F43 
 14444              	.LASF1388:
 14445 745a 73747273 		.ascii	"strstr\000"
 14445      747200
 14446              	.LASF787:
 14447 7461 5F52414E 		.ascii	"_RAND48_SEED_0 (0x330e)\000"
 14447      4434385F 
 14447      53454544 
 14447      5F302028 
 14447      30783333 
 14448              	.LASF1143:
 14449 7479 5F49445F 		.ascii	"_ID_T_DECLARED \000"
 14449      545F4445 
 14449      434C4152 
 14449      45442000 
 14450              	.LASF258:
 14451 7489 5F5F5346 		.ascii	"__SFRACT_MIN__ (-0.5HR-0.5HR)\000"
 14451      52414354 
 14451      5F4D494E 
 14451      5F5F2028 
 14451      2D302E35 
 14452              	.LASF1151:
 14453 74a7 5F535349 		.ascii	"_SSIZE_T_DECLARED \000"
 14453      5A455F54 
 14453      5F444543 
 14453      4C415245 
 14453      442000
 14454              	.LASF831:
 14455 74ba 5F524545 		.ascii	"_REENT_GETDATE_ERR_P(ptr) (&((ptr)->_new._reent._ge"
 14455      4E545F47 
 14455      45544441 
 14455      54455F45 
 14455      52525F50 
 14456 74ed 74646174 		.ascii	"tdate_err))\000"
 14456      655F6572 
 14456      72292900 
 14457              	.LASF582:
 14458 74f9 5F474343 		.ascii	"_GCC_MAX_ALIGN_T \000"
 14458      5F4D4158 
 14458      5F414C49 
 14458      474E5F54 
 14458      2000
 14459              	.LASF782:
 14460 750b 5F5F4C6F 		.ascii	"__Long long\000"
 14460      6E67206C 
 14460      6F6E6700 
 14461              	.LASF527:
 14462 7517 5F5F5F69 		.ascii	"___int_least32_t_defined 1\000"
 14462      6E745F6C 
ARM GAS  /var/folders/65/xyhbx3_n6nd_hs7j3p9nfwv80000gn/T//cc2oMwwL.s 			page 334


 14462      65617374 
 14462      33325F74 
 14462      5F646566 
 14463              	.LASF432:
 14464 7532 5F5F4152 		.ascii	"__ARM_FEATURE_FP16_SCALAR_ARITHMETIC\000"
 14464      4D5F4645 
 14464      41545552 
 14464      455F4650 
 14464      31365F53 
 14465              	.LASF1391:
 14466 7557 73747263 		.ascii	"strchr\000"
 14466      687200
 14467              	.LASF176:
 14468 755e 5F5F4442 		.ascii	"__DBL_HAS_QUIET_NAN__ 1\000"
 14468      4C5F4841 
 14468      535F5155 
 14468      4945545F 
 14468      4E414E5F 
 14469              	.LASF1185:
 14470 7576 5F5F534D 		.ascii	"__SMBF 0x0080\000"
 14470      42462030 
 14470      78303038 
 14470      3000
 14471              	.LASF220:
 14472 7584 5F5F464C 		.ascii	"__FLT64_HAS_QUIET_NAN__ 1\000"
 14472      5436345F 
 14472      4841535F 
 14472      51554945 
 14472      545F4E41 
 14473              	.LASF595:
 14474 759e 5F5F7074 		.ascii	"__ptrvalue \000"
 14474      7276616C 
 14474      75652000 
 14475              	.LASF515:
 14476 75aa 5F4E4F49 		.ascii	"_NOINLINE_STATIC _NOINLINE static\000"
 14476      4E4C494E 
 14476      455F5354 
 14476      41544943 
 14476      205F4E4F 
 14477              	.LASF1019:
 14478 75cc 46505F4E 		.ascii	"FP_NORMAL 4\000"
 14478      4F524D41 
 14478      4C203400 
 14479              	.LASF289:
 14480 75d8 5F5F4C4C 		.ascii	"__LLFRACT_MAX__ 0X7FFFFFFFFFFFFFFFP-63LLR\000"
 14480      46524143 
 14480      545F4D41 
 14480      585F5F20 
 14480      30583746 
 14481              	.LASF203:
 14482 7602 5F5F464C 		.ascii	"__FLT32_HAS_DENORM__ 1\000"
 14482      5433325F 
 14482      4841535F 
 14482      44454E4F 
 14482      524D5F5F 
 14483              	.LASF400:
 14484 7619 5F5F4152 		.ascii	"__ARM_FEATURE_UNALIGNED 1\000"
ARM GAS  /var/folders/65/xyhbx3_n6nd_hs7j3p9nfwv80000gn/T//cc2oMwwL.s 			page 335


 14484      4D5F4645 
 14484      41545552 
 14484      455F554E 
 14484      414C4947 
 14485              	.LASF925:
 14486 7633 55494E54 		.ascii	"UINT_LEAST32_MAX (__UINT_LEAST32_MAX__)\000"
 14486      5F4C4541 
 14486      53543332 
 14486      5F4D4158 
 14486      20285F5F 
 14487              	.LASF1175:
 14488 765b 5F4E4557 		.ascii	"_NEWLIB_STDIO_H \000"
 14488      4C49425F 
 14488      53544449 
 14488      4F5F4820 
 14488      00
 14489              	.LASF8:
 14490 766c 5F5F5645 		.ascii	"__VERSION__ \"9.2.1 20191025 (release) [ARM/arm-9-b"
 14490      5253494F 
 14490      4E5F5F20 
 14490      22392E32 
 14490      2E312032 
 14491 769e 72616E63 		.ascii	"ranch revision 277599]\"\000"
 14491      68207265 
 14491      76697369 
 14491      6F6E2032 
 14491      37373539 
 14492              	.LASF1075:
 14493 76b6 70646578 		.ascii	"pdext_display_h \000"
 14493      745F6469 
 14493      73706C61 
 14493      795F6820 
 14493      00
 14494              	.LASF805:
 14495 76c7 5F524545 		.ascii	"_REENT_CHECK_EMERGENCY(ptr) \000"
 14495      4E545F43 
 14495      4845434B 
 14495      5F454D45 
 14495      5247454E 
 14496              	.LASF739:
 14497 76e4 6973616C 		.ascii	"isalnum_l(__c,__l) (__ctype_lookup_l(__c,__l)&(_U|_"
 14497      6E756D5F 
 14497      6C285F5F 
 14497      632C5F5F 
 14497      6C292028 
 14498 7717 4C7C5F4E 		.ascii	"L|_N))\000"
 14498      292900
 14499              	.LASF299:
 14500 771e 5F5F5341 		.ascii	"__SACCUM_MAX__ 0X7FFFP-7HK\000"
 14500      4343554D 
 14500      5F4D4158 
 14500      5F5F2030 
 14500      58374646 
 14501              	.LASF66:
 14502 7739 5F5F494E 		.ascii	"__INTPTR_TYPE__ int\000"
 14502      54505452 
 14502      5F545950 
ARM GAS  /var/folders/65/xyhbx3_n6nd_hs7j3p9nfwv80000gn/T//cc2oMwwL.s 			page 336


 14502      455F5F20 
 14502      696E7400 
 14503              	.LASF39:
 14504 774d 5F5F4348 		.ascii	"__CHAR16_TYPE__ short unsigned int\000"
 14504      41523136 
 14504      5F545950 
 14504      455F5F20 
 14504      73686F72 
 14505              	.LASF67:
 14506 7770 5F5F5549 		.ascii	"__UINTPTR_TYPE__ unsigned int\000"
 14506      4E545054 
 14506      525F5459 
 14506      50455F5F 
 14506      20756E73 
 14507              	.LASF372:
 14508 778e 5F5F5245 		.ascii	"__REGISTER_PREFIX__ \000"
 14508      47495354 
 14508      45525F50 
 14508      52454649 
 14508      585F5F20 
 14509              	.LASF199:
 14510 77a3 5F5F464C 		.ascii	"__FLT32_MAX__ 3.4028234663852886e+38F32\000"
 14510      5433325F 
 14510      4D41585F 
 14510      5F20332E 
 14510      34303238 
 14511              	.LASF164:
 14512 77cb 5F5F4442 		.ascii	"__DBL_DIG__ 15\000"
 14512      4C5F4449 
 14512      475F5F20 
 14512      313500
 14513              	.LASF285:
 14514 77da 5F5F554C 		.ascii	"__ULFRACT_EPSILON__ 0x1P-32ULR\000"
 14514      46524143 
 14514      545F4550 
 14514      53494C4F 
 14514      4E5F5F20 
 14515              	.LASF675:
 14516 77f9 5F5F5243 		.ascii	"__RCSID(s) struct __hack\000"
 14516      53494428 
 14516      73292073 
 14516      74727563 
 14516      74205F5F 
 14517              	.LASF1116:
 14518 7812 54494D45 		.ascii	"TIMESPEC_TO_TIMEVAL(tv,ts) do { (tv)->tv_sec = (ts)"
 14518      53504543 
 14518      5F544F5F 
 14518      54494D45 
 14518      56414C28 
 14519 7845 2D3E7476 		.ascii	"->tv_sec; (tv)->tv_usec = (ts)->tv_nsec / 1000; } w"
 14519      5F736563 
 14519      3B202874 
 14519      76292D3E 
 14519      74765F75 
 14520 7878 68696C65 		.ascii	"hile (0)\000"
 14520      20283029 
 14520      00
ARM GAS  /var/folders/65/xyhbx3_n6nd_hs7j3p9nfwv80000gn/T//cc2oMwwL.s 			page 337


 14521              	.LASF1102:
 14522 7881 5F535953 		.ascii	"_SYS__SIGSET_H_ \000"
 14522      5F5F5349 
 14522      47534554 
 14522      5F485F20 
 14522      00
 14523              	.LASF957:
 14524 7892 55494E54 		.ascii	"UINT8_C(x) __UINT8_C(x)\000"
 14524      385F4328 
 14524      7829205F 
 14524      5F55494E 
 14524      54385F43 
 14525              	.LASF24:
 14526 78aa 5F5F5349 		.ascii	"__SIZEOF_SIZE_T__ 4\000"
 14526      5A454F46 
 14526      5F53495A 
 14526      455F545F 
 14526      5F203400 
 14527              	.LASF49:
 14528 78be 5F5F5549 		.ascii	"__UINT64_TYPE__ long long unsigned int\000"
 14528      4E543634 
 14528      5F545950 
 14528      455F5F20 
 14528      6C6F6E67 
 14529              	.LASF252:
 14530 78e5 5F5F4445 		.ascii	"__DEC128_MIN__ 1E-6143DL\000"
 14530      43313238 
 14530      5F4D494E 
 14530      5F5F2031 
 14530      452D3631 
 14531              	.LASF117:
 14532 78fe 5F5F494E 		.ascii	"__INT64_C(c) c ## LL\000"
 14532      5436345F 
 14532      43286329 
 14532      20632023 
 14532      23204C4C 
 14533              	.LASF317:
 14534 7913 5F5F4C41 		.ascii	"__LACCUM_IBIT__ 32\000"
 14534      4343554D 
 14534      5F494249 
 14534      545F5F20 
 14534      333200
 14535              	.LASF1363:
 14536 7926 5F5F6664 		.ascii	"__fdlibm_posix\000"
 14536      6C69626D 
 14536      5F706F73 
 14536      697800
 14537              	.LASF690:
 14538 7935 5F5F6C6F 		.ascii	"__lockable __lock_annotate(lockable)\000"
 14538      636B6162 
 14538      6C65205F 
 14538      5F6C6F63 
 14538      6B5F616E 
 14539              	.LASF1126:
 14540 795a 46445F5A 		.ascii	"FD_ZERO(p) (__extension__ (void)({ size_t __i; char"
 14540      45524F28 
 14540      70292028 
ARM GAS  /var/folders/65/xyhbx3_n6nd_hs7j3p9nfwv80000gn/T//cc2oMwwL.s 			page 338


 14540      5F5F6578 
 14540      74656E73 
 14541 798d 202A5F5F 		.ascii	" *__tmp = (char *)p; for (__i = 0; __i < sizeof (*("
 14541      746D7020 
 14541      3D202863 
 14541      68617220 
 14541      2A29703B 
 14542 79c0 7029293B 		.ascii	"p)); ++__i) *__tmp++ = 0; }))\000"
 14542      202B2B5F 
 14542      5F692920 
 14542      2A5F5F74 
 14542      6D702B2B 
 14543              	.LASF600:
 14544 79de 5F5F454E 		.ascii	"__END_DECLS \000"
 14544      445F4445 
 14544      434C5320 
 14544      00
 14545              	.LASF966:
 14546 79eb 5F474343 		.ascii	"_GCC_WRAP_STDINT_H \000"
 14546      5F575241 
 14546      505F5354 
 14546      44494E54 
 14546      5F482000 
 14547              	.LASF1083:
 14548 79ff 5F5F4D41 		.ascii	"__MACHINE_ENDIAN_H__ \000"
 14548      4348494E 
 14548      455F454E 
 14548      4449414E 
 14548      5F485F5F 
 14549              	.LASF186:
 14550 7a15 5F5F4C44 		.ascii	"__LDBL_MIN__ 2.2250738585072014e-308L\000"
 14550      424C5F4D 
 14550      494E5F5F 
 14550      20322E32 
 14550      32353037 
 14551              	.LASF1376:
 14552 7a3b 73747275 		.ascii	"strutil_find\000"
 14552      74696C5F 
 14552      66696E64 
 14552      00
 14553              	.LASF1107:
 14554 7a48 5F54494D 		.ascii	"_TIMEVAL_DEFINED \000"
 14554      4556414C 
 14554      5F444546 
 14554      494E4544 
 14554      2000
 14555              	.LASF307:
 14556 7a5a 5F5F4143 		.ascii	"__ACCUM_IBIT__ 16\000"
 14556      43554D5F 
 14556      49424954 
 14556      5F5F2031 
 14556      3600
 14557              	.LASF663:
 14558 7a6c 5F5F7072 		.ascii	"__printflike(fmtarg,firstvararg) __attribute__((__f"
 14558      696E7466 
 14558      6C696B65 
 14558      28666D74 
ARM GAS  /var/folders/65/xyhbx3_n6nd_hs7j3p9nfwv80000gn/T//cc2oMwwL.s 			page 339


 14558      6172672C 
 14559 7a9f 6F726D61 		.ascii	"ormat__ (__printf__, fmtarg, firstvararg)))\000"
 14559      745F5F20 
 14559      285F5F70 
 14559      72696E74 
 14559      665F5F2C 
 14560              	.LASF267:
 14561 7acb 5F5F4652 		.ascii	"__FRACT_IBIT__ 0\000"
 14561      4143545F 
 14561      49424954 
 14561      5F5F2030 
 14561      00
 14562              	.LASF1096:
 14563 7adc 5F5F6273 		.ascii	"__bswap64(_x) __builtin_bswap64(_x)\000"
 14563      77617036 
 14563      34285F78 
 14563      29205F5F 
 14563      6275696C 
 14564              	.LASF1338:
 14565 7b00 5F6D626C 		.ascii	"_mblen_state\000"
 14565      656E5F73 
 14565      74617465 
 14565      00
 14566              	.LASF598:
 14567 7b0d 5F5F6861 		.ascii	"__has_builtin(x) 0\000"
 14567      735F6275 
 14567      696C7469 
 14567      6E287829 
 14567      203000
 14568              	.LASF1076:
 14569 7b20 70646578 		.ascii	"pdext_scoreboards_h \000"
 14569      745F7363 
 14569      6F726562 
 14569      6F617264 
 14569      735F6820 
 14570              	.LASF848:
 14571 7b35 5F535452 		.ascii	"_STRING_H_ \000"
 14571      494E475F 
 14571      485F2000 
 14572              	.LASF1235:
 14573 7b41 73686F72 		.ascii	"short int\000"
 14573      7420696E 
 14573      7400
 14574              	.LASF530:
 14575 7b4b 5F535444 		.ascii	"_STDDEF_H \000"
 14575      4445465F 
 14575      482000
 14576              	.LASF703:
 14577 7b56 5F5F7074 		.ascii	"__pt_guarded_by(x) __lock_annotate(pt_guarded_by(x)"
 14577      5F677561 
 14577      72646564 
 14577      5F627928 
 14577      7829205F 
 14578 7b89 2900     		.ascii	")\000"
 14579              	.LASF702:
 14580 7b8b 5F5F6775 		.ascii	"__guarded_by(x) __lock_annotate(guarded_by(x))\000"
 14580      61726465 
ARM GAS  /var/folders/65/xyhbx3_n6nd_hs7j3p9nfwv80000gn/T//cc2oMwwL.s 			page 340


 14580      645F6279 
 14580      28782920 
 14580      5F5F6C6F 
 14581              	.LASF989:
 14582 7bba 76615F61 		.ascii	"va_arg(v,l) __builtin_va_arg(v,l)\000"
 14582      72672876 
 14582      2C6C2920 
 14582      5F5F6275 
 14582      696C7469 
 14583              	.LASF271:
 14584 7bdc 5F5F5546 		.ascii	"__UFRACT_FBIT__ 16\000"
 14584      52414354 
 14584      5F464249 
 14584      545F5F20 
 14584      313600
 14585              	.LASF122:
 14586 7bef 5F5F5549 		.ascii	"__UINT16_C(c) c\000"
 14586      4E543136 
 14586      5F432863 
 14586      29206300 
 14587              	.LASF556:
 14588 7bff 5F5F5F69 		.ascii	"___int_size_t_h \000"
 14588      6E745F73 
 14588      697A655F 
 14588      745F6820 
 14588      00
 14589              	.LASF672:
 14590 7c10 5F5F7379 		.ascii	"__sym_compat(sym,impl,verid) __asm__(\".symver \" #"
 14590      6D5F636F 
 14590      6D706174 
 14590      2873796D 
 14590      2C696D70 
 14591 7c41 696D706C 		.ascii	"impl \", \" #sym \"@\" #verid)\000"
 14591      20222C20 
 14591      22202373 
 14591      796D2022 
 14591      40222023 
 14592              	.LASF618:
 14593 7c5c 5F5F4343 		.ascii	"__CC_SUPPORTS___INLINE__ 1\000"
 14593      5F535550 
 14593      504F5254 
 14593      535F5F5F 
 14593      494E4C49 
 14594              	.LASF369:
 14595 7c77 5F5F5544 		.ascii	"__UDA_IBIT__ 32\000"
 14595      415F4942 
 14595      49545F5F 
 14595      20333200 
 14596              	.LASF877:
 14597 7c87 5F5F4C45 		.ascii	"__LEAST16 \"h\"\000"
 14597      41535431 
 14597      36202268 
 14597      2200
 14598              	.LASF1362:
 14599 7c95 5F5F6664 		.ascii	"__fdlibm_xopen\000"
 14599      6C69626D 
 14599      5F786F70 
ARM GAS  /var/folders/65/xyhbx3_n6nd_hs7j3p9nfwv80000gn/T//cc2oMwwL.s 			page 341


 14599      656E00
 14600              	.LASF906:
 14601 7ca4 494E5450 		.ascii	"INTPTR_MAX (__INTPTR_MAX__)\000"
 14601      54525F4D 
 14601      41582028 
 14601      5F5F494E 
 14601      54505452 
 14602              	.LASF650:
 14603 7cc0 5F5F6661 		.ascii	"__fastcall __attribute__((__fastcall__))\000"
 14603      73746361 
 14603      6C6C205F 
 14603      5F617474 
 14603      72696275 
 14604              	.LASF1119:
 14605 7ce9 46445F53 		.ascii	"FD_SETSIZE 64\000"
 14605      45545349 
 14605      5A452036 
 14605      3400
 14606              	.LASF926:
 14607 7cf7 494E5436 		.ascii	"INT64_MIN (-__INT64_MAX__ - 1)\000"
 14607      345F4D49 
 14607      4E20282D 
 14607      5F5F494E 
 14607      5436345F 
 14608              	.LASF689:
 14609 7d16 5F5F6C6F 		.ascii	"__lock_annotate(x) \000"
 14609      636B5F61 
 14609      6E6E6F74 
 14609      61746528 
 14609      78292000 
 14610              	.LASF9:
 14611 7d2a 5F5F4154 		.ascii	"__ATOMIC_RELAXED 0\000"
 14611      4F4D4943 
 14611      5F52454C 
 14611      41584544 
 14611      203000
 14612              	.LASF512:
 14613 7d3d 5F415454 		.ascii	"_ATTRIBUTE(attrs) __attribute__ (attrs)\000"
 14613      52494255 
 14613      54452861 
 14613      74747273 
 14613      29205F5F 
 14614              	.LASF446:
 14615 7d65 5F5F4152 		.ascii	"__ARM_FEATURE_COPROC\000"
 14615      4D5F4645 
 14615      41545552 
 14615      455F434F 
 14615      50524F43 
 14616              	.LASF872:
 14617 7d7a 5F5F4641 		.ascii	"__FAST8 \000"
 14617      53543820 
 14617      00
 14618              	.LASF834:
 14619 7d83 5F5F4154 		.ascii	"__ATTRIBUTE_IMPURE_PTR__ \000"
 14619      54524942 
 14619      5554455F 
 14619      494D5055 
ARM GAS  /var/folders/65/xyhbx3_n6nd_hs7j3p9nfwv80000gn/T//cc2oMwwL.s 			page 342


 14619      52455F50 
 14620              	.LASF175:
 14621 7d9d 5F5F4442 		.ascii	"__DBL_HAS_INFINITY__ 1\000"
 14621      4C5F4841 
 14621      535F494E 
 14621      46494E49 
 14621      54595F5F 
 14622              	.LASF96:
 14623 7db4 5F5F5349 		.ascii	"__SIG_ATOMIC_MAX__ 0x7fffffff\000"
 14623      475F4154 
 14623      4F4D4943 
 14623      5F4D4158 
 14623      5F5F2030 
 14624              	.LASF207:
 14625 7dd2 5F5F464C 		.ascii	"__FLT64_MANT_DIG__ 53\000"
 14625      5436345F 
 14625      4D414E54 
 14625      5F444947 
 14625      5F5F2035 
 14626              	.LASF913:
 14627 7de8 55494E54 		.ascii	"UINT_LEAST8_MAX (__UINT_LEAST8_MAX__)\000"
 14627      5F4C4541 
 14627      5354385F 
 14627      4D415820 
 14627      285F5F55 
 14628              	.LASF475:
 14629 7e0e 5F524554 		.ascii	"_RETARGETABLE_LOCKING 1\000"
 14629      41524745 
 14629      5441424C 
 14629      455F4C4F 
 14629      434B494E 
 14630              	.LASF1054:
 14631 7e26 4D5F5049 		.ascii	"M_PI_4 0.78539816339744830962\000"
 14631      5F342030 
 14631      2E373835 
 14631      33393831 
 14631      36333339 
 14632              	.LASF1386:
 14633 7e44 73746172 		.ascii	"start\000"
 14633      7400
 14634              	.LASF1356:
 14635 7e4a 7375626F 		.ascii	"suboptarg\000"
 14635      70746172 
 14635      6700
 14636              	.LASF604:
 14637 7e54 5F5F474E 		.ascii	"__GNUCLIKE___OFFSETOF 1\000"
 14637      55434C49 
 14637      4B455F5F 
 14637      5F4F4646 
 14637      5345544F 
 14638              	.LASF1127:
 14639 7e6c 70687973 		.ascii	"physadr physadr_t\000"
 14639      61647220 
 14639      70687973 
 14639      6164725F 
 14639      7400
 14640              	.LASF1032:
ARM GAS  /var/folders/65/xyhbx3_n6nd_hs7j3p9nfwv80000gn/T//cc2oMwwL.s 			page 343


 14641 7e7e 69736772 		.ascii	"isgreaterequal(__x,__y) (__builtin_isgreaterequal ("
 14641      65617465 
 14641      72657175 
 14641      616C285F 
 14641      5F782C5F 
 14642 7eb1 5F5F782C 		.ascii	"__x, __y))\000"
 14642      205F5F79 
 14642      292900
 14643              	.LASF1276:
 14644 7ebc 5F666E74 		.ascii	"_fntypes\000"
 14644      79706573 
 14644      00
 14645              	.LASF881:
 14646 7ec5 5F494E54 		.ascii	"_INT8_T_DECLARED \000"
 14646      385F545F 
 14646      4445434C 
 14646      41524544 
 14646      2000
 14647              	.LASF245:
 14648 7ed7 5F5F4445 		.ascii	"__DEC64_MIN__ 1E-383DD\000"
 14648      4336345F 
 14648      4D494E5F 
 14648      5F203145 
 14648      2D333833 
 14649              	.LASF542:
 14650 7eee 5F5F6E65 		.ascii	"__need_ptrdiff_t\000"
 14650      65645F70 
 14650      74726469 
 14650      66665F74 
 14650      00
 14651              	.LASF284:
 14652 7eff 5F5F554C 		.ascii	"__ULFRACT_MAX__ 0XFFFFFFFFP-32ULR\000"
 14652      46524143 
 14652      545F4D41 
 14652      585F5F20 
 14652      30584646 
 14653              	.LASF169:
 14654 7f21 5F5F4442 		.ascii	"__DBL_DECIMAL_DIG__ 17\000"
 14654      4C5F4445 
 14654      43494D41 
 14654      4C5F4449 
 14654      475F5F20 
 14655              	.LASF520:
 14656 7f38 5F5F6861 		.ascii	"__have_long32 1\000"
 14656      76655F6C 
 14656      6F6E6733 
 14656      32203100 
 14657              	.LASF911:
 14658 7f48 494E545F 		.ascii	"INT_LEAST8_MIN (-__INT_LEAST8_MAX__ - 1)\000"
 14658      4C454153 
 14658      54385F4D 
 14658      494E2028 
 14658      2D5F5F49 
 14659              	.LASF836:
 14660 7f71 5F474C4F 		.ascii	"_GLOBAL_REENT _global_impure_ptr\000"
 14660      42414C5F 
 14660      5245454E 
ARM GAS  /var/folders/65/xyhbx3_n6nd_hs7j3p9nfwv80000gn/T//cc2oMwwL.s 			page 344


 14660      54205F67 
 14660      6C6F6261 
 14661              	.LASF321:
 14662 7f92 5F5F554C 		.ascii	"__ULACCUM_FBIT__ 32\000"
 14662      41434355 
 14662      4D5F4642 
 14662      49545F5F 
 14662      20333200 
 14663              	.LASF592:
 14664 7fa6 5F5F666C 		.ascii	"__flexarr [0]\000"
 14664      65786172 
 14664      72205B30 
 14664      5D00
 14665              	.LASF967:
 14666 7fb4 70646578 		.ascii	"pdext_file_h \000"
 14666      745F6669 
 14666      6C655F68 
 14666      2000
 14667              	.LASF1269:
 14668 7fc2 5F5F746D 		.ascii	"__tm_year\000"
 14668      5F796561 
 14668      7200
 14669              	.LASF1004:
 14670 7fcc 4E4F5445 		.ascii	"NOTE_C4 60\000"
 14670      5F433420 
 14670      363000
 14671              	.LASF737:
 14672 7fd7 69737370 		.ascii	"isspace_l(__c,__l) (__ctype_lookup_l(__c,__l)&_S)\000"
 14672      6163655F 
 14672      6C285F5F 
 14672      632C5F5F 
 14672      6C292028 
 14673              	.LASF892:
 14674 8009 5F5F696E 		.ascii	"__int64_t_defined 1\000"
 14674      7436345F 
 14674      745F6465 
 14674      66696E65 
 14674      64203100 
 14675              	.LASF100:
 14676 801d 5F5F494E 		.ascii	"__INT16_MAX__ 0x7fff\000"
 14676      5431365F 
 14676      4D41585F 
 14676      5F203078 
 14676      37666666 
 14677              	.LASF464:
 14678 8032 5F57414E 		.ascii	"_WANT_REGISTER_FINI 1\000"
 14678      545F5245 
 14678      47495354 
 14678      45525F46 
 14678      494E4920 
 14679              	.LASF680:
 14680 8048 5F5F4445 		.ascii	"__DEVOLATILE(type,var) ((type)(__uintptr_t)(volatil"
 14680      564F4C41 
 14680      54494C45 
 14680      28747970 
 14680      652C7661 
 14681 807b 6520766F 		.ascii	"e void *)(var))\000"
ARM GAS  /var/folders/65/xyhbx3_n6nd_hs7j3p9nfwv80000gn/T//cc2oMwwL.s 			page 345


 14681      6964202A 
 14681      29287661 
 14681      72292900 
 14682              	.LASF562:
 14683 808b 5F5F5743 		.ascii	"__WCHAR_T__ \000"
 14683      4841525F 
 14683      545F5F20 
 14683      00
 14684              	.LASF84:
 14685 8098 5F5F494E 		.ascii	"__INT_WIDTH__ 32\000"
 14685      545F5749 
 14685      4454485F 
 14685      5F203332 
 14685      00
 14686              	.LASF411:
 14687 80a9 5F5F4152 		.ascii	"__ARM_FEATURE_SIMD32 1\000"
 14687      4D5F4645 
 14687      41545552 
 14687      455F5349 
 14687      4D443332 
 14688              	.LASF651:
 14689 80c0 5F5F7265 		.ascii	"__result_use_check __attribute__((__warn_unused_res"
 14689      73756C74 
 14689      5F757365 
 14689      5F636865 
 14689      636B205F 
 14690 80f3 756C745F 		.ascii	"ult__))\000"
 14690      5F292900 
 14691              	.LASF499:
 14692 80fb 5F5F5853 		.ascii	"__XSI_VISIBLE 0\000"
 14692      495F5649 
 14692      5349424C 
 14692      45203000 
 14693              	.LASF750:
 14694 810b 5F535444 		.ascii	"_STDLIB_H_ \000"
 14694      4C49425F 
 14694      485F2000 
 14695              	.LASF1196:
 14696 8117 5F494F4C 		.ascii	"_IOLBF 1\000"
 14696      42462031 
 14696      00
 14697              	.LASF336:
 14698 8120 5F5F5151 		.ascii	"__QQ_FBIT__ 7\000"
 14698      5F464249 
 14698      545F5F20 
 14698      3700
 14699              	.LASF1039:
 14700 812e 5F5F7369 		.ascii	"__signgam_r(ptr) _REENT_SIGNGAM(ptr)\000"
 14700      676E6761 
 14700      6D5F7228 
 14700      70747229 
 14700      205F5245 
 14701              	.LASF727:
 14702 8153 69736772 		.ascii	"isgraph(__c) (__ctype_lookup(__c)&(_P|_U|_L|_N))\000"
 14702      61706828 
 14702      5F5F6329 
 14702      20285F5F 
ARM GAS  /var/folders/65/xyhbx3_n6nd_hs7j3p9nfwv80000gn/T//cc2oMwwL.s 			page 346


 14702      63747970 
 14703              	.LASF850:
 14704 8184 504C4159 		.ascii	"PLAYDATEAPI_H \000"
 14704      44415445 
 14704      4150495F 
 14704      482000
 14705              	.LASF1130:
 14706 8193 5F494E5F 		.ascii	"_IN_PORT_T_DECLARED \000"
 14706      504F5254 
 14706      5F545F44 
 14706      45434C41 
 14706      52454420 
 14707              	.LASF98:
 14708 81a8 5F5F5349 		.ascii	"__SIG_ATOMIC_WIDTH__ 32\000"
 14708      475F4154 
 14708      4F4D4943 
 14708      5F574944 
 14708      54485F5F 
 14709              	.LASF1104:
 14710 81c0 5F535553 		.ascii	"_SUSECONDS_T_DECLARED \000"
 14710      45434F4E 
 14710      44535F54 
 14710      5F444543 
 14710      4C415245 
 14711              	.LASF482:
 14712 81d7 5F5F474E 		.ascii	"__GNUC_PREREQ__(ma,mi) __GNUC_PREREQ(ma, mi)\000"
 14712      55435F50 
 14712      52455245 
 14712      515F5F28 
 14712      6D612C6D 
 14713              	.LASF1048:
 14714 8204 4D5F4C4F 		.ascii	"M_LOG2E 1.4426950408889634074\000"
 14714      47324520 
 14714      312E3434 
 14714      32363935 
 14714      30343038 
 14715              	.LASF371:
 14716 8222 5F5F5554 		.ascii	"__UTA_IBIT__ 64\000"
 14716      415F4942 
 14716      49545F5F 
 14716      20363400 
 14717              	.LASF332:
 14718 8232 5F5F554C 		.ascii	"__ULLACCUM_IBIT__ 32\000"
 14718      4C414343 
 14718      554D5F49 
 14718      4249545F 
 14718      5F203332 
 14719              	.LASF451:
 14720 8247 5F5F4650 		.ascii	"__FPU_USED 1\000"
 14720      555F5553 
 14720      45442031 
 14720      00
 14721              	.LASF669:
 14722 8254 5F5F7374 		.ascii	"__strong_reference(sym,aliassym) extern __typeof (s"
 14722      726F6E67 
 14722      5F726566 
 14722      6572656E 
ARM GAS  /var/folders/65/xyhbx3_n6nd_hs7j3p9nfwv80000gn/T//cc2oMwwL.s 			page 347


 14722      63652873 
 14723 8287 796D2920 		.ascii	"ym) aliassym __attribute__ ((__alias__ (#sym)))\000"
 14723      616C6961 
 14723      7373796D 
 14723      205F5F61 
 14723      74747269 
 14724              	.LASF295:
 14725 82b7 5F5F554C 		.ascii	"__ULLFRACT_EPSILON__ 0x1P-64ULLR\000"
 14725      4C465241 
 14725      43545F45 
 14725      5053494C 
 14725      4F4E5F5F 
 14726              	.LASF653:
 14727 82d8 5F5F756E 		.ascii	"__unreachable() __builtin_unreachable()\000"
 14727      72656163 
 14727      6861626C 
 14727      65282920 
 14727      5F5F6275 
 14728              	.LASF1287:
 14729 8300 5F6C6266 		.ascii	"_lbfsize\000"
 14729      73697A65 
 14729      00
 14730              	.LASF1306:
 14731 8309 5F696E63 		.ascii	"_inc\000"
 14731      00
 14732              	.LASF1279:
 14733 830e 5F696E64 		.ascii	"_ind\000"
 14733      00
 14734              	.LASF474:
 14735 8313 5F554E42 		.ascii	"_UNBUF_STREAM_OPT 1\000"
 14735      55465F53 
 14735      54524541 
 14735      4D5F4F50 
 14735      54203100 
 14736              	.LASF1387:
 14737 8327 7374726C 		.ascii	"strlen\000"
 14737      656E00
 14738              	.LASF288:
 14739 832e 5F5F4C4C 		.ascii	"__LLFRACT_MIN__ (-0.5LLR-0.5LLR)\000"
 14739      46524143 
 14739      545F4D49 
 14739      4E5F5F20 
 14739      282D302E 
 14740              	.LASF184:
 14741 834f 5F5F4C44 		.ascii	"__LDBL_DECIMAL_DIG__ 17\000"
 14741      424C5F44 
 14741      4543494D 
 14741      414C5F44 
 14741      49475F5F 
 14742              	.LASF997:
 14743 8367 70646578 		.ascii	"pdext_lua_h \000"
 14743      745F6C75 
 14743      615F6820 
 14743      00
 14744              	.LASF1158:
 14745 8374 5F555345 		.ascii	"_USECONDS_T_DECLARED \000"
 14745      434F4E44 
ARM GAS  /var/folders/65/xyhbx3_n6nd_hs7j3p9nfwv80000gn/T//cc2oMwwL.s 			page 348


 14745      535F545F 
 14745      4445434C 
 14745      41524544 
 14746              	.LASF1047:
 14747 838a 4D5F4520 		.ascii	"M_E 2.7182818284590452354\000"
 14747      322E3731 
 14747      38323831 
 14747      38323834 
 14747      35393034 
 14748              	.LASF601:
 14749 83a4 5F5F474E 		.ascii	"__GNUCLIKE_ASM 3\000"
 14749      55434C49 
 14749      4B455F41 
 14749      534D2033 
 14749      00
 14750              	.LASF318:
 14751 83b5 5F5F4C41 		.ascii	"__LACCUM_MIN__ (-0X1P31LK-0X1P31LK)\000"
 14751      4343554D 
 14751      5F4D494E 
 14751      5F5F2028 
 14751      2D305831 
 14752              	.LASF1013:
 14753 83d9 5F5F544D 		.ascii	"__TMP_FLT_EVAL_METHOD \000"
 14753      505F464C 
 14753      545F4556 
 14753      414C5F4D 
 14753      4554484F 
 14754              	.LASF127:
 14755 83f0 5F5F494E 		.ascii	"__INT_FAST8_MAX__ 0x7fffffff\000"
 14755      545F4641 
 14755      5354385F 
 14755      4D41585F 
 14755      5F203078 
 14756              	.LASF192:
 14757 840d 5F5F464C 		.ascii	"__FLT32_MANT_DIG__ 24\000"
 14757      5433325F 
 14757      4D414E54 
 14757      5F444947 
 14757      5F5F2032 
 14758              	.LASF664:
 14759 8423 5F5F7363 		.ascii	"__scanflike(fmtarg,firstvararg) __attribute__((__fo"
 14759      616E666C 
 14759      696B6528 
 14759      666D7461 
 14759      72672C66 
 14760 8456 726D6174 		.ascii	"rmat__ (__scanf__, fmtarg, firstvararg)))\000"
 14760      5F5F2028 
 14760      5F5F7363 
 14760      616E665F 
 14760      5F2C2066 
 14761              	.LASF1020:
 14762 8480 46505F49 		.ascii	"FP_ILOGB0 (-__INT_MAX__)\000"
 14762      4C4F4742 
 14762      3020282D 
 14762      5F5F494E 
 14762      545F4D41 
 14763              	.LASF173:
ARM GAS  /var/folders/65/xyhbx3_n6nd_hs7j3p9nfwv80000gn/T//cc2oMwwL.s 			page 349


 14764 8499 5F5F4442 		.ascii	"__DBL_DENORM_MIN__ ((double)4.9406564584124654e-324"
 14764      4C5F4445 
 14764      4E4F524D 
 14764      5F4D494E 
 14764      5F5F2028 
 14765 84cc 4C2900   		.ascii	"L)\000"
 14766              	.LASF333:
 14767 84cf 5F5F554C 		.ascii	"__ULLACCUM_MIN__ 0.0ULLK\000"
 14767      4C414343 
 14767      554D5F4D 
 14767      494E5F5F 
 14767      20302E30 
 14768              	.LASF1360:
 14769 84e8 5F5F6664 		.ascii	"__fdlibm_ieee\000"
 14769      6C69626D 
 14769      5F696565 
 14769      6500
 14770              	.LASF1281:
 14771 84f6 5F5F7362 		.ascii	"__sbuf\000"
 14771      756600
 14772              	.LASF458:
 14773 84fd 5F4E4557 		.ascii	"_NEWLIB_VERSION \"3.1.0\"\000"
 14773      4C49425F 
 14773      56455253 
 14773      494F4E20 
 14773      22332E31 
 14774              	.LASF1399:
 14775 8515 6D656D63 		.ascii	"memcpy\000"
 14775      707900
 14776              	.LASF1277:
 14777 851c 5F69735F 		.ascii	"_is_cxa\000"
 14777      63786100 
 14778              	.LASF1245:
 14779 8524 5F4C4F43 		.ascii	"_LOCK_T\000"
 14779      4B5F5400 
 14780              	.LASF610:
 14781 852c 5F5F474E 		.ascii	"__GNUCLIKE_BUILTIN_VAALIST 1\000"
 14781      55434C49 
 14781      4B455F42 
 14781      55494C54 
 14781      494E5F56 
 14782              	.LASF513:
 14783 8549 5F454C49 		.ascii	"_ELIDABLE_INLINE static __inline__\000"
 14783      4441424C 
 14783      455F494E 
 14783      4C494E45 
 14783      20737461 
 14784              	.LASF988:
 14785 856c 76615F65 		.ascii	"va_end(v) __builtin_va_end(v)\000"
 14785      6E642876 
 14785      29205F5F 
 14785      6275696C 
 14785      74696E5F 
 14786              	.LASF1350:
 14787 858a 5F6E6578 		.ascii	"_nextf\000"
 14787      746600
 14788              	.LASF870:
ARM GAS  /var/folders/65/xyhbx3_n6nd_hs7j3p9nfwv80000gn/T//cc2oMwwL.s 			page 350


 14789 8591 5F5F494E 		.ascii	"__INT32 \"l\"\000"
 14789      54333220 
 14789      226C2200 
 14790              	.LASF445:
 14791 859d 5F5F4152 		.ascii	"__ARM_ASM_SYNTAX_UNIFIED__ 1\000"
 14791      4D5F4153 
 14791      4D5F5359 
 14791      4E544158 
 14791      5F554E49 
 14792              	.LASF1132:
 14793 85ba 5F5F755F 		.ascii	"__u_short_defined \000"
 14793      73686F72 
 14793      745F6465 
 14793      66696E65 
 14793      642000
 14794              	.LASF453:
 14795 85cd 54415247 		.ascii	"TARGET_EXTENSION 1\000"
 14795      45545F45 
 14795      5854454E 
 14795      53494F4E 
 14795      203100
 14796              	.LASF847:
 14797 85e0 73747274 		.ascii	"strtodf strtof\000"
 14797      6F646620 
 14797      73747274 
 14797      6F6600
 14798              	.LASF935:
 14799 85ef 494E545F 		.ascii	"INT_FAST16_MIN (-__INT_FAST16_MAX__ - 1)\000"
 14799      46415354 
 14799      31365F4D 
 14799      494E2028 
 14799      2D5F5F49 
 14800              	.LASF48:
 14801 8618 5F5F5549 		.ascii	"__UINT32_TYPE__ long unsigned int\000"
 14801      4E543332 
 14801      5F545950 
 14801      455F5F20 
 14801      6C6F6E67 
 14802              	.LASF403:
 14803 863a 5F5F4152 		.ascii	"__ARM_FEATURE_DOTPROD\000"
 14803      4D5F4645 
 14803      41545552 
 14803      455F444F 
 14803      5450524F 
 14804              	.LASF421:
 14805 8650 5F5F7468 		.ascii	"__thumb2__ 1\000"
 14805      756D6232 
 14805      5F5F2031 
 14805      00
 14806              	.LASF983:
 14807 865d 5F535444 		.ascii	"_STDARG_H \000"
 14807      4152475F 
 14807      482000
 14808              	.LASF483:
 14809 8668 5F444546 		.ascii	"_DEFAULT_SOURCE\000"
 14809      41554C54 
 14809      5F534F55 
ARM GAS  /var/folders/65/xyhbx3_n6nd_hs7j3p9nfwv80000gn/T//cc2oMwwL.s 			page 351


 14809      52434500 
 14810              	.LASF441:
 14811 8678 5F5F4152 		.ascii	"__ARM_PCS_VFP 1\000"
 14811      4D5F5043 
 14811      535F5646 
 14811      50203100 
 14812              	.LASF862:
 14813 8688 73686F72 		.ascii	"short +1\000"
 14813      74202B31 
 14813      00
 14814              	.LASF557:
 14815 8691 5F474343 		.ascii	"_GCC_SIZE_T \000"
 14815      5F53495A 
 14815      455F5420 
 14815      00
 14816              	.LASF620:
 14817 869e 5F5F4343 		.ascii	"__CC_SUPPORTS_WARNING 1\000"
 14817      5F535550 
 14817      504F5254 
 14817      535F5741 
 14817      524E494E 
 14818              	.LASF293:
 14819 86b6 5F5F554C 		.ascii	"__ULLFRACT_MIN__ 0.0ULLR\000"
 14819      4C465241 
 14819      43545F4D 
 14819      494E5F5F 
 14819      20302E30 
 14820              	.LASF564:
 14821 86cf 5F545F57 		.ascii	"_T_WCHAR_ \000"
 14821      43484152 
 14821      5F2000
 14822              	.LASF1309:
 14823 86da 5F6C6F63 		.ascii	"_locale\000"
 14823      616C6500 
 14824              	.LASF1257:
 14825 86e2 5F5F554C 		.ascii	"__ULong\000"
 14825      6F6E6700 
 14826              	.LASF801:
 14827 86ea 5F524545 		.ascii	"_REENT_CHECK_RAND48(ptr) \000"
 14827      4E545F43 
 14827      4845434B 
 14827      5F52414E 
 14827      44343828 
 14828              	.LASF353:
 14829 8704 5F5F5544 		.ascii	"__UDQ_IBIT__ 0\000"
 14829      515F4942 
 14829      49545F5F 
 14829      203000
 14830              	.LASF887:
 14831 8713 5F494E54 		.ascii	"_INT32_T_DECLARED \000"
 14831      33325F54 
 14831      5F444543 
 14831      4C415245 
 14831      442000
 14832              	.LASF17:
 14833 8726 5F5F5349 		.ascii	"__SIZEOF_INT__ 4\000"
 14833      5A454F46 
ARM GAS  /var/folders/65/xyhbx3_n6nd_hs7j3p9nfwv80000gn/T//cc2oMwwL.s 			page 352


 14833      5F494E54 
 14833      5F5F2034 
 14833      00
 14834              	.LASF576:
 14835 8737 5F425344 		.ascii	"_BSD_WCHAR_T_\000"
 14835      5F574348 
 14835      41525F54 
 14835      5F00
 14836              	.LASF287:
 14837 8745 5F5F4C4C 		.ascii	"__LLFRACT_IBIT__ 0\000"
 14837      46524143 
 14837      545F4942 
 14837      49545F5F 
 14837      203000
 14838              	.LASF621:
 14839 8758 5F5F4343 		.ascii	"__CC_SUPPORTS_VARADIC_XXX 1\000"
 14839      5F535550 
 14839      504F5254 
 14839      535F5641 
 14839      52414449 
 14840              	.LASF654:
 14841 8774 5F5F7265 		.ascii	"__restrict restrict\000"
 14841      73747269 
 14841      63742072 
 14841      65737472 
 14841      69637400 
 14842              	.LASF1199:
 14843 8788 42554653 		.ascii	"BUFSIZ 1024\000"
 14843      495A2031 
 14843      30323400 
 14844              	.LASF1206:
 14845 8794 7374646F 		.ascii	"stdout (_REENT->_stdout)\000"
 14845      75742028 
 14845      5F524545 
 14845      4E542D3E 
 14845      5F737464 
 14846              	.LASF852:
 14847 87ad 5F535953 		.ascii	"_SYS__INTSUP_H \000"
 14847      5F5F494E 
 14847      54535550 
 14847      5F482000 
 14848              	.LASF300:
 14849 87bd 5F5F5341 		.ascii	"__SACCUM_EPSILON__ 0x1P-7HK\000"
 14849      4343554D 
 14849      5F455053 
 14849      494C4F4E 
 14849      5F5F2030 
 14850              	.LASF528:
 14851 87d9 5F5F5F69 		.ascii	"___int_least64_t_defined 1\000"
 14851      6E745F6C 
 14851      65617374 
 14851      36345F74 
 14851      5F646566 
 14852              	.LASF1312:
 14853 87f4 5F726573 		.ascii	"_result\000"
 14853      756C7400 
 14854              	.LASF942:
ARM GAS  /var/folders/65/xyhbx3_n6nd_hs7j3p9nfwv80000gn/T//cc2oMwwL.s 			page 353


 14855 87fc 494E545F 		.ascii	"INT_FAST64_MAX (__INT_FAST64_MAX__)\000"
 14855      46415354 
 14855      36345F4D 
 14855      41582028 
 14855      5F5F494E 
 14856              	.LASF428:
 14857 8820 5F5F4152 		.ascii	"__ARM_FP 4\000"
 14857      4D5F4650 
 14857      203400
 14858              	.LASF486:
 14859 882b 5F504F53 		.ascii	"_POSIX_SOURCE 1\000"
 14859      49585F53 
 14859      4F555243 
 14859      45203100 
 14860              	.LASF1122:
 14861 883b 66645F73 		.ascii	"fd_set _types_fd_set\000"
 14861      6574205F 
 14861      74797065 
 14861      735F6664 
 14861      5F736574 
 14862              	.LASF63:
 14863 8850 5F5F5549 		.ascii	"__UINT_FAST16_TYPE__ unsigned int\000"
 14863      4E545F46 
 14863      41535431 
 14863      365F5459 
 14863      50455F5F 
 14864              	.LASF853:
 14865 8872 5F5F5354 		.ascii	"__STDINT_EXP(x) __ ##x ##__\000"
 14865      44494E54 
 14865      5F455850 
 14865      28782920 
 14865      5F5F2023 
 14866              	.LASF365:
 14867 888e 5F5F5548 		.ascii	"__UHA_IBIT__ 8\000"
 14867      415F4942 
 14867      49545F5F 
 14867      203800
 14868              	.LASF774:
 14869 889d 5F5F6E65 		.ascii	"__need_wint_t \000"
 14869      65645F77 
 14869      696E745F 
 14869      742000
 14870              	.LASF310:
 14871 88ac 5F5F4143 		.ascii	"__ACCUM_EPSILON__ 0x1P-15K\000"
 14871      43554D5F 
 14871      45505349 
 14871      4C4F4E5F 
 14871      5F203078 
 14872              	.LASF325:
 14873 88c7 5F5F554C 		.ascii	"__ULACCUM_EPSILON__ 0x1P-32ULK\000"
 14873      41434355 
 14873      4D5F4550 
 14873      53494C4F 
 14873      4E5F5F20 
 14874              	.LASF707:
 14875 88e6 5F552030 		.ascii	"_U 01\000"
 14875      3100
ARM GAS  /var/folders/65/xyhbx3_n6nd_hs7j3p9nfwv80000gn/T//cc2oMwwL.s 			page 354


 14876              	.LASF178:
 14877 88ec 5F5F4C44 		.ascii	"__LDBL_DIG__ 15\000"
 14877      424C5F44 
 14877      49475F5F 
 14877      20313500 
 14878              	.LASF171:
 14879 88fc 5F5F4442 		.ascii	"__DBL_MIN__ ((double)2.2250738585072014e-308L)\000"
 14879      4C5F4D49 
 14879      4E5F5F20 
 14879      2828646F 
 14879      75626C65 
 14880              	.LASF90:
 14881 892b 5F5F5349 		.ascii	"__SIZE_WIDTH__ 32\000"
 14881      5A455F57 
 14881      49445448 
 14881      5F5F2033 
 14881      3200
 14882              	.LASF1219:
 14883 893d 5F5F7366 		.ascii	"__sfileno(p) ((p)->_file)\000"
 14883      696C656E 
 14883      6F287029 
 14883      20282870 
 14883      292D3E5F 
 14884              	.LASF1012:
 14885 8957 464C545F 		.ascii	"FLT_EVAL_METHOD __FLT_EVAL_METHOD__\000"
 14885      4556414C 
 14885      5F4D4554 
 14885      484F4420 
 14885      5F5F464C 
 14886              	.LASF79:
 14887 897b 5F5F5749 		.ascii	"__WINT_MIN__ 0U\000"
 14887      4E545F4D 
 14887      494E5F5F 
 14887      20305500 
 14888              	.LASF1248:
 14889 898b 5F6F6666 		.ascii	"_off_t\000"
 14889      5F7400
 14890              	.LASF208:
 14891 8992 5F5F464C 		.ascii	"__FLT64_DIG__ 15\000"
 14891      5436345F 
 14891      4449475F 
 14891      5F203135 
 14891      00
 14892              	.LASF247:
 14893 89a3 5F5F4445 		.ascii	"__DEC64_EPSILON__ 1E-15DD\000"
 14893      4336345F 
 14893      45505349 
 14893      4C4F4E5F 
 14893      5F203145 
 14894              	.LASF1155:
 14895 89bd 5F434C4F 		.ascii	"_CLOCKID_T_DECLARED \000"
 14895      434B4944 
 14895      5F545F44 
 14895      45434C41 
 14895      52454420 
 14896              	.LASF109:
 14897 89d2 5F5F494E 		.ascii	"__INT_LEAST8_WIDTH__ 8\000"
ARM GAS  /var/folders/65/xyhbx3_n6nd_hs7j3p9nfwv80000gn/T//cc2oMwwL.s 			page 355


 14897      545F4C45 
 14897      41535438 
 14897      5F574944 
 14897      54485F5F 
 14898              	.LASF1133:
 14899 89e9 5F5F755F 		.ascii	"__u_int_defined \000"
 14899      696E745F 
 14899      64656669 
 14899      6E656420 
 14899      00
 14900              	.LASF588:
 14901 89fa 5F5F6C6F 		.ascii	"__long_double_t long double\000"
 14901      6E675F64 
 14901      6F75626C 
 14901      655F7420 
 14901      6C6F6E67 
 14902              	.LASF51:
 14903 8a16 5F5F494E 		.ascii	"__INT_LEAST16_TYPE__ short int\000"
 14903      545F4C45 
 14903      41535431 
 14903      365F5459 
 14903      50455F5F 
 14904              	.LASF1330:
 14905 8a35 5F616464 		.ascii	"_add\000"
 14905      00
 14906              	.LASF790:
 14907 8a3a 5F52414E 		.ascii	"_RAND48_MULT_0 (0xe66d)\000"
 14907      4434385F 
 14907      4D554C54 
 14907      5F302028 
 14907      30786536 
 14908              	.LASF1208:
 14909 8a52 5F737464 		.ascii	"_stdin_r(x) ((x)->_stdin)\000"
 14909      696E5F72 
 14909      28782920 
 14909      28287829 
 14909      2D3E5F73 
 14910              	.LASF963:
 14911 8a6c 55494E54 		.ascii	"UINT64_C(x) __UINT64_C(x)\000"
 14911      36345F43 
 14911      28782920 
 14911      5F5F5549 
 14911      4E543634 
 14912              	.LASF170:
 14913 8a86 5F5F4442 		.ascii	"__DBL_MAX__ ((double)1.7976931348623157e+308L)\000"
 14913      4C5F4D41 
 14913      585F5F20 
 14913      2828646F 
 14913      75626C65 
 14914              	.LASF722:
 14915 8ab5 69737864 		.ascii	"isxdigit(__c) (__ctype_lookup(__c)&(_X|_N))\000"
 14915      69676974 
 14915      285F5F63 
 14915      2920285F 
 14915      5F637479 
 14916              	.LASF1236:
 14917 8ae1 73686F72 		.ascii	"short unsigned int\000"
ARM GAS  /var/folders/65/xyhbx3_n6nd_hs7j3p9nfwv80000gn/T//cc2oMwwL.s 			page 356


 14917      7420756E 
 14917      7369676E 
 14917      65642069 
 14917      6E7400
 14918              	.LASF286:
 14919 8af4 5F5F4C4C 		.ascii	"__LLFRACT_FBIT__ 63\000"
 14919      46524143 
 14919      545F4642 
 14919      49545F5F 
 14919      20363300 
 14920              	.LASF1266:
 14921 8b08 5F5F746D 		.ascii	"__tm_hour\000"
 14921      5F686F75 
 14921      7200
 14922              	.LASF420:
 14923 8b12 5F5F7468 		.ascii	"__thumb__ 1\000"
 14923      756D625F 
 14923      5F203100 
 14924              	.LASF182:
 14925 8b1e 5F5F4C44 		.ascii	"__LDBL_MAX_10_EXP__ 308\000"
 14925      424C5F4D 
 14925      41585F31 
 14925      305F4558 
 14925      505F5F20 
 14926              	.LASF1085:
 14927 8b36 5F424947 		.ascii	"_BIG_ENDIAN 4321\000"
 14927      5F454E44 
 14927      49414E20 
 14927      34333231 
 14927      00
 14928              	.LASF425:
 14929 8b47 5F5F4152 		.ascii	"__ARMEL__ 1\000"
 14929      4D454C5F 
 14929      5F203100 
 14930              	.LASF665:
 14931 8b53 5F5F666F 		.ascii	"__format_arg(fmtarg) __attribute__((__format_arg__ "
 14931      726D6174 
 14931      5F617267 
 14931      28666D74 
 14931      61726729 
 14932 8b86 28666D74 		.ascii	"(fmtarg)))\000"
 14932      61726729 
 14932      292900
 14933              	.LASF612:
 14934 8b91 5F5F636F 		.ascii	"__compiler_membar() __asm __volatile(\" \" : : : \""
 14934      6D70696C 
 14934      65725F6D 
 14934      656D6261 
 14934      72282920 
 14935 8bc1 6D656D6F 		.ascii	"memory\")\000"
 14935      72792229 
 14935      00
 14936              	.LASF763:
 14937 8bca 5F5F6C6F 		.ascii	"__lock_close(lock) __retarget_lock_close(lock)\000"
 14937      636B5F63 
 14937      6C6F7365 
 14937      286C6F63 
ARM GAS  /var/folders/65/xyhbx3_n6nd_hs7j3p9nfwv80000gn/T//cc2oMwwL.s 			page 357


 14937      6B29205F 
 14938              	.LASF338:
 14939 8bf9 5F5F4851 		.ascii	"__HQ_FBIT__ 15\000"
 14939      5F464249 
 14939      545F5F20 
 14939      313500
 14940              	.LASF976:
 14941 8c08 5F5F626F 		.ascii	"__bool_true_false_are_defined 1\000"
 14941      6F6C5F74 
 14941      7275655F 
 14941      66616C73 
 14941      655F6172 
 14942              	.LASF1042:
 14943 8c28 4F564552 		.ascii	"OVERFLOW 3\000"
 14943      464C4F57 
 14943      203300
 14944              	.LASF309:
 14945 8c33 5F5F4143 		.ascii	"__ACCUM_MAX__ 0X7FFFFFFFP-15K\000"
 14945      43554D5F 
 14945      4D41585F 
 14945      5F203058 
 14945      37464646 
 14946              	.LASF688:
 14947 8c51 5F5F6461 		.ascii	"__datatype_type_tag(kind,type) \000"
 14947      74617479 
 14947      70655F74 
 14947      7970655F 
 14947      74616728 
 14948              	.LASF978:
 14949 8c71 4C43445F 		.ascii	"LCD_ROWS 240\000"
 14949      524F5753 
 14949      20323430 
 14949      00
 14950              	.LASF830:
 14951 8c7e 5F524545 		.ascii	"_REENT_SIGNAL_BUF(ptr) ((ptr)->_new._reent._signal_"
 14951      4E545F53 
 14951      49474E41 
 14951      4C5F4255 
 14951      46287074 
 14952 8cb1 62756629 		.ascii	"buf)\000"
 14952      00
 14953              	.LASF746:
 14954 8cb6 69736173 		.ascii	"isascii_l(__c,__l) ((__l),(unsigned)(__c)<=0177)\000"
 14954      6369695F 
 14954      6C285F5F 
 14954      632C5F5F 
 14954      6C292028 
 14955              	.LASF81:
 14956 8ce7 5F5F5349 		.ascii	"__SIZE_MAX__ 0xffffffffU\000"
 14956      5A455F4D 
 14956      41585F5F 
 14956      20307866 
 14956      66666666 
 14957              	.LASF1001:
 14958 8d00 41554449 		.ascii	"AUDIO_FRAMES_PER_CYCLE 512\000"
 14958      4F5F4652 
 14958      414D4553 
ARM GAS  /var/folders/65/xyhbx3_n6nd_hs7j3p9nfwv80000gn/T//cc2oMwwL.s 			page 358


 14958      5F504552 
 14958      5F435943 
 14959              	.LASF1346:
 14960 8d1b 5F6D6273 		.ascii	"_mbsrtowcs_state\000"
 14960      72746F77 
 14960      63735F73 
 14960      74617465 
 14960      00
 14961              	.LASF1043:
 14962 8d2c 554E4445 		.ascii	"UNDERFLOW 4\000"
 14962      52464C4F 
 14962      57203400 
 14963              	.LASF1129:
 14964 8d38 5F494E5F 		.ascii	"_IN_ADDR_T_DECLARED \000"
 14964      41444452 
 14964      5F545F44 
 14964      45434C41 
 14964      52454420 
 14965              	.LASF417:
 14966 8d4d 5F5F4152 		.ascii	"__ARM_ARCH\000"
 14966      4D5F4152 
 14966      434800
 14967              	.LASF1124:
 14968 8d58 46445F43 		.ascii	"FD_CLR(n,p) ((p)->fds_bits[(n)/NFDBITS] &= ~(1L << "
 14968      4C52286E 
 14968      2C702920 
 14968      28287029 
 14968      2D3E6664 
 14969 8d8b 28286E29 		.ascii	"((n) % NFDBITS)))\000"
 14969      2025204E 
 14969      46444249 
 14969      54532929 
 14969      2900
 14970              	.LASF910:
 14971 8d9d 55494E54 		.ascii	"UINT8_MAX (__UINT8_MAX__)\000"
 14971      385F4D41 
 14971      5820285F 
 14971      5F55494E 
 14971      54385F4D 
 14972              	.LASF74:
 14973 8db7 5F5F4C4F 		.ascii	"__LONG_MAX__ 0x7fffffffL\000"
 14973      4E475F4D 
 14973      41585F5F 
 14973      20307837 
 14973      66666666 
 14974              	.LASF516:
 14975 8dd0 5F535953 		.ascii	"_SYS_CDEFS_H_ \000"
 14975      5F434445 
 14975      46535F48 
 14975      5F2000
 14976              	.LASF934:
 14977 8ddf 55494E54 		.ascii	"UINT_FAST8_MAX (__UINT_FAST8_MAX__)\000"
 14977      5F464153 
 14977      54385F4D 
 14977      41582028 
 14977      5F5F5549 
 14978              	.LASF897:
ARM GAS  /var/folders/65/xyhbx3_n6nd_hs7j3p9nfwv80000gn/T//cc2oMwwL.s 			page 359


 14979 8e03 5F5F696E 		.ascii	"__int_least8_t_defined 1\000"
 14979      745F6C65 
 14979      61737438 
 14979      5F745F64 
 14979      6566696E 
 14980              	.LASF865:
 14981 8e1c 6C6F6E67 		.ascii	"long +4\000"
 14981      202B3400 
 14982              	.LASF1022:
 14983 8e24 4D415448 		.ascii	"MATH_ERRNO 1\000"
 14983      5F455252 
 14983      4E4F2031 
 14983      00
 14984              	.LASF793:
 14985 8e31 5F52414E 		.ascii	"_RAND48_ADD (0x000b)\000"
 14985      4434385F 
 14985      41444420 
 14985      28307830 
 14985      30306229 
 14986              	.LASF843:
 14987 8e46 45584954 		.ascii	"EXIT_FAILURE 1\000"
 14987      5F464149 
 14987      4C555245 
 14987      203100
 14988              	.LASF408:
 14989 8e55 5F5F4152 		.ascii	"__ARM_FEATURE_LDREX 7\000"
 14989      4D5F4645 
 14989      41545552 
 14989      455F4C44 
 14989      52455820 
 14990              	.LASF766:
 14991 8e6b 5F5F6C6F 		.ascii	"__lock_acquire_recursive(lock) __retarget_lock_acqu"
 14991      636B5F61 
 14991      63717569 
 14991      72655F72 
 14991      65637572 
 14992 8e9e 6972655F 		.ascii	"ire_recursive(lock)\000"
 14992      72656375 
 14992      72736976 
 14992      65286C6F 
 14992      636B2900 
 14993              	.LASF755:
 14994 8eb2 5F535953 		.ascii	"_SYS__TYPES_H \000"
 14994      5F5F5459 
 14994      5045535F 
 14994      482000
 14995              	.LASF867:
 14996 8ec1 5F494E54 		.ascii	"_INT32_EQ_LONG \000"
 14996      33325F45 
 14996      515F4C4F 
 14996      4E472000 
 14997              	.LASF958:
 14998 8ed1 494E5431 		.ascii	"INT16_C(x) __INT16_C(x)\000"
 14998      365F4328 
 14998      7829205F 
 14998      5F494E54 
 14998      31365F43 
ARM GAS  /var/folders/65/xyhbx3_n6nd_hs7j3p9nfwv80000gn/T//cc2oMwwL.s 			page 360


 14999              	.LASF1092:
 15000 8ee9 5044505F 		.ascii	"PDP_ENDIAN _PDP_ENDIAN\000"
 15000      454E4449 
 15000      414E205F 
 15000      5044505F 
 15000      454E4449 
 15001              	.LASF290:
 15002 8f00 5F5F4C4C 		.ascii	"__LLFRACT_EPSILON__ 0x1P-63LLR\000"
 15002      46524143 
 15002      545F4550 
 15002      53494C4F 
 15002      4E5F5F20 
 15003              	.LASF1163:
 15004 8f1f 53434845 		.ascii	"SCHED_RR 2\000"
 15004      445F5252 
 15004      203200
 15005              	.LASF259:
 15006 8f2a 5F5F5346 		.ascii	"__SFRACT_MAX__ 0X7FP-7HR\000"
 15006      52414354 
 15006      5F4D4158 
 15006      5F5F2030 
 15006      58374650 
 15007              	.LASF221:
 15008 8f43 5F5F464C 		.ascii	"__FLT32X_MANT_DIG__ 53\000"
 15008      54333258 
 15008      5F4D414E 
 15008      545F4449 
 15008      475F5F20 
 15009              	.LASF87:
 15010 8f5a 5F5F5743 		.ascii	"__WCHAR_WIDTH__ 32\000"
 15010      4841525F 
 15010      57494454 
 15010      485F5F20 
 15010      333200
 15011              	.LASF839:
 15012 8f6d 5F4E4557 		.ascii	"_NEWLIB_ALLOCA_H \000"
 15012      4C49425F 
 15012      414C4C4F 
 15012      43415F48 
 15012      2000
 15013              	.LASF1225:
 15014 8f7f 636C6561 		.ascii	"clearerr_unlocked(p) __sclearerr(p)\000"
 15014      72657272 
 15014      5F756E6C 
 15014      6F636B65 
 15014      64287029 
 15015              	.LASF625:
 15016 8fa3 5F5F434F 		.ascii	"__CONCAT(x,y) __CONCAT1(x,y)\000"
 15016      4E434154 
 15016      28782C79 
 15016      29205F5F 
 15016      434F4E43 
 15017              	.LASF1159:
 15018 8fc0 5F535953 		.ascii	"_SYS__PTHREADTYPES_H_ \000"
 15018      5F5F5054 
 15018      48524541 
 15018      44545950 
ARM GAS  /var/folders/65/xyhbx3_n6nd_hs7j3p9nfwv80000gn/T//cc2oMwwL.s 			page 361


 15018      45535F48 
 15019              	.LASF111:
 15020 8fd7 5F5F494E 		.ascii	"__INT16_C(c) c\000"
 15020      5431365F 
 15020      43286329 
 15020      206300
 15021              	.LASF899:
 15022 8fe6 5F5F696E 		.ascii	"__int_least32_t_defined 1\000"
 15022      745F6C65 
 15022      61737433 
 15022      325F745F 
 15022      64656669 
 15023              	.LASF996:
 15024 9000 5F5F7661 		.ascii	"__va_list__ \000"
 15024      5F6C6973 
 15024      745F5F20 
 15024      00
 15025              	.LASF1274:
 15026 900d 5F666E61 		.ascii	"_fnargs\000"
 15026      72677300 
 15027              	.LASF667:
 15028 9015 5F5F7374 		.ascii	"__strftimelike(fmtarg,firstvararg) __attribute__((_"
 15028      72667469 
 15028      6D656C69 
 15028      6B652866 
 15028      6D746172 
 15029 9048 5F666F72 		.ascii	"_format__ (__strftime__, fmtarg, firstvararg)))\000"
 15029      6D61745F 
 15029      5F20285F 
 15029      5F737472 
 15029      6674696D 
 15030              	.LASF1272:
 15031 9078 5F5F746D 		.ascii	"__tm_isdst\000"
 15031      5F697364 
 15031      737400
 15032              	.LASF681:
 15033 9083 5F5F4445 		.ascii	"__DEQUALIFY(type,var) ((type)(__uintptr_t)(const vo"
 15033      5155414C 
 15033      49465928 
 15033      74797065 
 15033      2C766172 
 15034 90b6 6C617469 		.ascii	"latile void *)(var))\000"
 15034      6C652076 
 15034      6F696420 
 15034      2A292876 
 15034      61722929 
 15035              	.LASF1131:
 15036 90cb 5F5F755F 		.ascii	"__u_char_defined \000"
 15036      63686172 
 15036      5F646566 
 15036      696E6564 
 15036      2000
 15037              	.LASF762:
 15038 90dd 5F5F6C6F 		.ascii	"__lock_init_recursive(lock) __retarget_lock_init_re"
 15038      636B5F69 
 15038      6E69745F 
 15038      72656375 
ARM GAS  /var/folders/65/xyhbx3_n6nd_hs7j3p9nfwv80000gn/T//cc2oMwwL.s 			page 362


 15038      72736976 
 15039 9110 63757273 		.ascii	"cursive(&lock)\000"
 15039      69766528 
 15039      266C6F63 
 15039      6B2900
 15040              	.LASF13:
 15041 911f 5F5F4154 		.ascii	"__ATOMIC_ACQ_REL 4\000"
 15041      4F4D4943 
 15041      5F414351 
 15041      5F52454C 
 15041      203400
 15042              	.LASF44:
 15043 9132 5F5F494E 		.ascii	"__INT32_TYPE__ long int\000"
 15043      5433325F 
 15043      54595045 
 15043      5F5F206C 
 15043      6F6E6720 
 15044              	.LASF636:
 15045 914a 5F5F7061 		.ascii	"__packed __attribute__((__packed__))\000"
 15045      636B6564 
 15045      205F5F61 
 15045      74747269 
 15045      62757465 
 15046              	.LASF166:
 15047 916f 5F5F4442 		.ascii	"__DBL_MIN_10_EXP__ (-307)\000"
 15047      4C5F4D49 
 15047      4E5F3130 
 15047      5F455850 
 15047      5F5F2028 
 15048              	.LASF463:
 15049 9189 5F57414E 		.ascii	"_WANT_IO_LONG_LONG 1\000"
 15049      545F494F 
 15049      5F4C4F4E 
 15049      475F4C4F 
 15049      4E472031 
 15050              	.LASF1016:
 15051 919e 46505F49 		.ascii	"FP_INFINITE 1\000"
 15051      4E46494E 
 15051      49544520 
 15051      3100
 15052              	.LASF932:
 15053 91ac 494E545F 		.ascii	"INT_FAST8_MIN (-__INT_FAST8_MAX__ - 1)\000"
 15053      46415354 
 15053      385F4D49 
 15053      4E20282D 
 15053      5F5F494E 
 15054              	.LASF697:
 15055 91d3 5F5F6173 		.ascii	"__asserts_shared(...) __lock_annotate(assert_shared"
 15055      73657274 
 15055      735F7368 
 15055      61726564 
 15055      282E2E2E 
 15056 9206 5F6C6F63 		.ascii	"_lock(__VA_ARGS__))\000"
 15056      6B285F5F 
 15056      56415F41 
 15056      5247535F 
 15056      5F292900 
ARM GAS  /var/folders/65/xyhbx3_n6nd_hs7j3p9nfwv80000gn/T//cc2oMwwL.s 			page 363


 15057              	.LASF757:
 15058 921a 5F5F5359 		.ascii	"__SYS_LOCK_H__ \000"
 15058      535F4C4F 
 15058      434B5F48 
 15058      5F5F2000 
 15059              	.LASF857:
 15060 922a 5F5F696E 		.ascii	"__int20\000"
 15060      74323000 
 15061              	.LASF939:
 15062 9232 494E545F 		.ascii	"INT_FAST32_MAX (__INT_FAST32_MAX__)\000"
 15062      46415354 
 15062      33325F4D 
 15062      41582028 
 15062      5F5F494E 
 15063              	.LASF1265:
 15064 9256 5F5F746D 		.ascii	"__tm_min\000"
 15064      5F6D696E 
 15064      00
 15065              	.LASF795:
 15066 925f 5F524545 		.ascii	"_REENT_ASCTIME_SIZE 26\000"
 15066      4E545F41 
 15066      53435449 
 15066      4D455F53 
 15066      495A4520 
 15067              	.LASF905:
 15068 9276 494E5450 		.ascii	"INTPTR_MIN (-__INTPTR_MAX__ - 1)\000"
 15068      54525F4D 
 15068      494E2028 
 15068      2D5F5F49 
 15068      4E545054 
 15069              	.LASF1343:
 15070 9297 5F676574 		.ascii	"_getdate_err\000"
 15070      64617465 
 15070      5F657272 
 15070      00
 15071              	.LASF951:
 15072 92a4 50545244 		.ascii	"PTRDIFF_MIN (-PTRDIFF_MAX - 1)\000"
 15072      4946465F 
 15072      4D494E20 
 15072      282D5054 
 15072      52444946 
 15073              	.LASF487:
 15074 92c3 5F504F53 		.ascii	"_POSIX_C_SOURCE\000"
 15074      49585F43 
 15074      5F534F55 
 15074      52434500 
 15075              	.LASF93:
 15076 92d3 5F5F5549 		.ascii	"__UINTMAX_MAX__ 0xffffffffffffffffULL\000"
 15076      4E544D41 
 15076      585F4D41 
 15076      585F5F20 
 15076      30786666 
 15077              	.LASF163:
 15078 92f9 5F5F4442 		.ascii	"__DBL_MANT_DIG__ 53\000"
 15078      4C5F4D41 
 15078      4E545F44 
 15078      49475F5F 
ARM GAS  /var/folders/65/xyhbx3_n6nd_hs7j3p9nfwv80000gn/T//cc2oMwwL.s 			page 364


 15078      20353300 
 15079              	.LASF282:
 15080 930d 5F5F554C 		.ascii	"__ULFRACT_IBIT__ 0\000"
 15080      46524143 
 15080      545F4942 
 15080      49545F5F 
 15080      203000
 15081              	.LASF789:
 15082 9320 5F52414E 		.ascii	"_RAND48_SEED_2 (0x1234)\000"
 15082      4434385F 
 15082      53454544 
 15082      5F322028 
 15082      30783132 
 15083              	.LASF1169:
 15084 9338 50544852 		.ascii	"PTHREAD_CREATE_JOINABLE 1\000"
 15084      4541445F 
 15084      43524541 
 15084      54455F4A 
 15084      4F494E41 
 15085              	.LASF785:
 15086 9352 5F524545 		.ascii	"_REENT_INIT_ATEXIT _NULL, _ATEXIT_INIT,\000"
 15086      4E545F49 
 15086      4E49545F 
 15086      41544558 
 15086      4954205F 
 15087              	.LASF1134:
 15088 937a 5F5F755F 		.ascii	"__u_long_defined \000"
 15088      6C6F6E67 
 15088      5F646566 
 15088      696E6564 
 15088      2000
 15089              	.LASF73:
 15090 938c 5F5F494E 		.ascii	"__INT_MAX__ 0x7fffffff\000"
 15090      545F4D41 
 15090      585F5F20 
 15090      30783766 
 15090      66666666 
 15091              	.LASF799:
 15092 93a3 5F524545 		.ascii	"_REENT_INIT(var) { 0, _REENT_STDIO_STREAM(&(var), 0"
 15092      4E545F49 
 15092      4E495428 
 15092      76617229 
 15092      207B2030 
 15093 93d6 292C205F 		.ascii	"), _REENT_STDIO_STREAM(&(var), 1), _REENT_STDIO_STR"
 15093      5245454E 
 15093      545F5354 
 15093      44494F5F 
 15093      53545245 
 15094 9409 45414D28 		.ascii	"EAM(&(var), 2), 0, \"\", 0, _NULL, 0, _NULL, _NULL,"
 15094      26287661 
 15094      72292C20 
 15094      32292C20 
 15094      302C2022 
 15095 943a 20302C20 		.ascii	" 0, _NULL, _NULL, 0, _NULL, { { 0, _NULL, \"\", {0,"
 15095      5F4E554C 
 15095      4C2C205F 
 15095      4E554C4C 
ARM GAS  /var/folders/65/xyhbx3_n6nd_hs7j3p9nfwv80000gn/T//cc2oMwwL.s 			page 365


 15095      2C20302C 
 15096 946b 20302C20 		.ascii	" 0, 0, 0, 0, 0, 0, 0, 0}, 0, 1, { {_RAND48_SEED_0, "
 15096      302C2030 
 15096      2C20302C 
 15096      20302C20 
 15096      302C2030 
 15097 949e 5F52414E 		.ascii	"_RAND48_SEED_1, _RAND48_SEED_2}, {_RAND48_MULT_0, _"
 15097      4434385F 
 15097      53454544 
 15097      5F312C20 
 15097      5F52414E 
 15098 94d1 52414E44 		.ascii	"RAND48_MULT_1, _RAND48_MULT_2}, _RAND48_ADD }, {0, "
 15098      34385F4D 
 15098      554C545F 
 15098      312C205F 
 15098      52414E44 
 15099 9504 7B307D7D 		.ascii	"{0}}, {0, {0}}, {0, {0}}, \"\", \"\", 0, {0, {0}}, "
 15099      2C207B30 
 15099      2C207B30 
 15099      7D7D2C20 
 15099      7B302C20 
 15100 9533 7B302C20 		.ascii	"{0, {0}}, {0, {0}}, {0, {0}}, {0, {0}} } }, _REENT_"
 15100      7B307D7D 
 15100      2C207B30 
 15100      2C207B30 
 15100      7D7D2C20 
 15101 9566 494E4954 		.ascii	"INIT_ATEXIT _NULL, {_NULL, 0, _NULL} }\000"
 15101      5F415445 
 15101      58495420 
 15101      5F4E554C 
 15101      4C2C207B 
 15102              	.LASF854:
 15103 958d 7369676E 		.ascii	"signed\000"
 15103      656400
 15104              	.LASF296:
 15105 9594 5F5F5341 		.ascii	"__SACCUM_FBIT__ 7\000"
 15105      4343554D 
 15105      5F464249 
 15105      545F5F20 
 15105      3700
 15106              	.LASF1026:
 15107 95a6 69736669 		.ascii	"isfinite(__x) (__builtin_isfinite (__x))\000"
 15107      6E697465 
 15107      285F5F78 
 15107      2920285F 
 15107      5F627569 
 15108              		.ident	"GCC: (GNU Tools for Arm Embedded Processors 9-2019-q4-major) 9.2.1 20191025 (release) [ARM
ARM GAS  /var/folders/65/xyhbx3_n6nd_hs7j3p9nfwv80000gn/T//cc2oMwwL.s 			page 366


DEFINED SYMBOLS
                            *ABS*:0000000000000000 strutil.c
/var/folders/65/xyhbx3_n6nd_hs7j3p9nfwv80000gn/T//cc2oMwwL.s:81     .text.strutil_is_space.part.0:0000000000000000 $t
/var/folders/65/xyhbx3_n6nd_hs7j3p9nfwv80000gn/T//cc2oMwwL.s:89     .text.strutil_is_space.part.0:0000000000000000 strutil_is_space.part.0
/var/folders/65/xyhbx3_n6nd_hs7j3p9nfwv80000gn/T//cc2oMwwL.s:113    .text.strutil_is_space:0000000000000000 $t
/var/folders/65/xyhbx3_n6nd_hs7j3p9nfwv80000gn/T//cc2oMwwL.s:121    .text.strutil_is_space:0000000000000000 strutil_is_space
/var/folders/65/xyhbx3_n6nd_hs7j3p9nfwv80000gn/T//cc2oMwwL.s:149    .rodata.strutil_trim_dup.str1.4:0000000000000000 $d
/var/folders/65/xyhbx3_n6nd_hs7j3p9nfwv80000gn/T//cc2oMwwL.s:153    .text.strutil_trim_dup:0000000000000000 $t
/var/folders/65/xyhbx3_n6nd_hs7j3p9nfwv80000gn/T//cc2oMwwL.s:161    .text.strutil_trim_dup:0000000000000000 strutil_trim_dup
/var/folders/65/xyhbx3_n6nd_hs7j3p9nfwv80000gn/T//cc2oMwwL.s:356    .text.strutil_trim_dup:000000000000009c $d
/var/folders/65/xyhbx3_n6nd_hs7j3p9nfwv80000gn/T//cc2oMwwL.s:361    .text.strutil_lower_dup:0000000000000000 $t
/var/folders/65/xyhbx3_n6nd_hs7j3p9nfwv80000gn/T//cc2oMwwL.s:369    .text.strutil_lower_dup:0000000000000000 strutil_lower_dup
/var/folders/65/xyhbx3_n6nd_hs7j3p9nfwv80000gn/T//cc2oMwwL.s:513    .text.strutil_lower_dup:0000000000000064 $d
/var/folders/65/xyhbx3_n6nd_hs7j3p9nfwv80000gn/T//cc2oMwwL.s:519    .text.strutil_upper_dup:0000000000000000 $t
/var/folders/65/xyhbx3_n6nd_hs7j3p9nfwv80000gn/T//cc2oMwwL.s:527    .text.strutil_upper_dup:0000000000000000 strutil_upper_dup
/var/folders/65/xyhbx3_n6nd_hs7j3p9nfwv80000gn/T//cc2oMwwL.s:671    .text.strutil_upper_dup:0000000000000064 $d
/var/folders/65/xyhbx3_n6nd_hs7j3p9nfwv80000gn/T//cc2oMwwL.s:677    .text.strutil_starts_with:0000000000000000 $t
/var/folders/65/xyhbx3_n6nd_hs7j3p9nfwv80000gn/T//cc2oMwwL.s:685    .text.strutil_starts_with:0000000000000000 strutil_starts_with
/var/folders/65/xyhbx3_n6nd_hs7j3p9nfwv80000gn/T//cc2oMwwL.s:768    .text.strutil_istarts_with:0000000000000000 $t
/var/folders/65/xyhbx3_n6nd_hs7j3p9nfwv80000gn/T//cc2oMwwL.s:776    .text.strutil_istarts_with:0000000000000000 strutil_istarts_with
/var/folders/65/xyhbx3_n6nd_hs7j3p9nfwv80000gn/T//cc2oMwwL.s:922    .text.strutil_istarts_with:0000000000000054 $d
/var/folders/65/xyhbx3_n6nd_hs7j3p9nfwv80000gn/T//cc2oMwwL.s:927    .text.strutil_ends_with:0000000000000000 $t
/var/folders/65/xyhbx3_n6nd_hs7j3p9nfwv80000gn/T//cc2oMwwL.s:935    .text.strutil_ends_with:0000000000000000 strutil_ends_with
/var/folders/65/xyhbx3_n6nd_hs7j3p9nfwv80000gn/T//cc2oMwwL.s:1042   .text.strutil_find:0000000000000000 $t
/var/folders/65/xyhbx3_n6nd_hs7j3p9nfwv80000gn/T//cc2oMwwL.s:1050   .text.strutil_find:0000000000000000 strutil_find
/var/folders/65/xyhbx3_n6nd_hs7j3p9nfwv80000gn/T//cc2oMwwL.s:1134   .text.strutil_find_any:0000000000000000 $t
/var/folders/65/xyhbx3_n6nd_hs7j3p9nfwv80000gn/T//cc2oMwwL.s:1142   .text.strutil_find_any:0000000000000000 strutil_find_any
/var/folders/65/xyhbx3_n6nd_hs7j3p9nfwv80000gn/T//cc2oMwwL.s:1254   .text.strutil_find_not_any:0000000000000000 $t
/var/folders/65/xyhbx3_n6nd_hs7j3p9nfwv80000gn/T//cc2oMwwL.s:1262   .text.strutil_find_not_any:0000000000000000 strutil_find_not_any
/var/folders/65/xyhbx3_n6nd_hs7j3p9nfwv80000gn/T//cc2oMwwL.s:1376   .text.strutil_collapse_ws_dup:0000000000000000 $t
/var/folders/65/xyhbx3_n6nd_hs7j3p9nfwv80000gn/T//cc2oMwwL.s:1384   .text.strutil_collapse_ws_dup:0000000000000000 strutil_collapse_ws_dup
/var/folders/65/xyhbx3_n6nd_hs7j3p9nfwv80000gn/T//cc2oMwwL.s:1594   .text.strutil_replace_dup:0000000000000000 $t
/var/folders/65/xyhbx3_n6nd_hs7j3p9nfwv80000gn/T//cc2oMwwL.s:1602   .text.strutil_replace_dup:0000000000000000 strutil_replace_dup
/var/folders/65/xyhbx3_n6nd_hs7j3p9nfwv80000gn/T//cc2oMwwL.s:1876   .text.strutil_replace_dup:00000000000000cc $d
                           .group:0000000000000000 wm4.0.5597035cabc44eed625cd1ebc7e67b87
                           .group:0000000000000000 wm4._newlib_version.h.4.9ba035841e762c3308916a0ce96032e7
                           .group:0000000000000000 wm4.newlib.h.18.5e5ca3429233af402d406a202f1fc1ac
                           .group:0000000000000000 wm4.ieeefp.h.77.d5685ba212d3ed6e914898d045f873e3
                           .group:0000000000000000 wm4.features.h.22.fad1cec3bc7ff06488171438dbdcfd02
                           .group:0000000000000000 wm4.config.h.220.6cac6a9685cfce5e83c17784171638d9
                           .group:0000000000000000 wm4._ansi.h.31.de524f58584151836e90d8620a16f8e8
                           .group:0000000000000000 wm4._default_types.h.6.959254cf5f09734ea7516c89e8bb21bd
                           .group:0000000000000000 wm4.stddef.h.39.144cf5ddcd53cbfdac30259dc1a6c87f
                           .group:0000000000000000 wm4.cdefs.h.49.6260d97adb8d27534cbdc0f868b8ea87
                           .group:0000000000000000 wm4.ctype.h.34.8c51a90c640f4389443c00803a985e40
                           .group:0000000000000000 wm4.stdlib.h.13.4ed386f5c1a80d71e72172885d946ef2
                           .group:0000000000000000 wm4.stddef.h.155.ba788add86a0e365f264484f110c3c29
                           .group:0000000000000000 wm4.lock.h.2.1461d1fff82dffe8bfddc23307f6484f
                           .group:0000000000000000 wm4._types.h.125.5cf8a495f1f7ef36777ad868a1e32068
                           .group:0000000000000000 wm4.stddef.h.155.3588ebfdd1e8c7ede80509bb9c3b8009
                           .group:0000000000000000 wm4._types.h.184.03611d4f6b5bec9997bcf4279eceba07
                           .group:0000000000000000 wm4.reent.h.17.90c2574d4acdcfce933db5cb09ff35fe
                           .group:0000000000000000 wm4.alloca.h.8.dfc0c703c47ec3e69746825b17d9e66d
                           .group:0000000000000000 wm4.stdlib.h.56.d4493cd3736e51e9d56335045f26df45
                           .group:0000000000000000 wm4.string.h.8.c4b8571ce60dff2817f43fec8b86aecd
                           .group:0000000000000000 wm4._intsup.h.10.cce27fed8484c08a33f522034c30d2b5
                           .group:0000000000000000 wm4._stdint.h.10.c24fa3af3bc1706662bb5593a907e841
ARM GAS  /var/folders/65/xyhbx3_n6nd_hs7j3p9nfwv80000gn/T//cc2oMwwL.s 			page 367


                           .group:0000000000000000 wm4.stdint.h.23.d53047a68f4a85177f80b422d52785ed
                           .group:0000000000000000 wm4.pd_api_file.h.10.e4dc3ef60d9af818b8082ea71b3505c7
                           .group:0000000000000000 wm4.stdbool.h.29.07dce69c3b78884144b7f7bd19483461
                           .group:0000000000000000 wm4.pd_api_gfx.h.37.b35db881c8a4a4f1997a27bebaf37925
                           .group:0000000000000000 wm4.stdarg.h.31.b55da1089056868966f25de5dbfc7d3c
                           .group:0000000000000000 wm4.pd_api_sound.h.10.ed55dbbdec2845a7dda57f639513c716
                           .group:0000000000000000 wm4.math.h.13.adb102f7bd7860b1f241e149d6914a1e
                           .group:0000000000000000 wm4.stdio.h.27.3fc80220048df77954e38daec3bb9670
                           .group:0000000000000000 wm4.types.h.40.e8c16e7ec36ba55f133d0616070e25fc
                           .group:0000000000000000 wm4._endian.h.31.65a10590763c3dde1ac4a7f66d7d4891
                           .group:0000000000000000 wm4.endian.h.9.49f3a4695c1b61e8a0808de3c4a106cb
                           .group:0000000000000000 wm4._timeval.h.30.0e8bfd94e85db17dda3286ee81496fe6
                           .group:0000000000000000 wm4.timespec.h.41.d855182eb0e690443ab8651bcedca6e1
                           .group:0000000000000000 wm4.select.h.19.97ca6fd0c752a0f3b6719fd314d361e6
                           .group:0000000000000000 wm4.types.h.69.ed3eae3cf73030a737515151ebcab7a1
                           .group:0000000000000000 wm4.sched.h.22.c60982713a5c428609783c78f9c78d95
                           .group:0000000000000000 wm4._pthreadtypes.h.36.fcee9961c35163dde6267ef772ad1972
                           .group:0000000000000000 wm4.stdio.h.2.4aa87247282eca6c8f36f9de33d8df1a
                           .group:0000000000000000 wm4.stdio.h.81.7843243071f707d19c5a8a8919585115

UNDEFINED SYMBOLS
strlen
pluto_pd
memcpy
_ctype_
strncmp
strcmp
strstr
strchr
strcpy
